{"loc": [0, -7, 3], "rotate": [-3.0588556532682567, 0.2242468408177546, -1.0842493727584672], "SNR": 500000, "name": "3gl1"}