{"loc": [-2, -4, 7], "rotate": [2.841273085266359, 0.5125677048772986, -0.3694378691424366], "SNR": 500000, "name": "3gl1"}