{"loc": [6, 3, -1], "rotate": [-2.775411558672373, 0.6063290628421993, -0.9372209733151438], "SNR": 500000, "name": "3gl1"}