{"loc": [5, -3, -5], "rotate": [3.0734902105306237, 0.7865876788471682, -0.7005277875614618], "SNR": 500000, "name": "3gl1"}