{"loc": [-7, 4, 3], "rotate": [-2.3478109648057197, 2.720989342949265, -2.8869895299719115], "SNR": 500000, "name": "3gl1"}