{"loc": [-6, 0, -1], "rotate": [3.0657205953181057, 2.586586944045144, 2.2295027007447694], "SNR": 500000, "name": "3gl1"}