{"loc": [5, 6, 0], "rotate": [2.029259994983444, 1.2059260291797724, 0.7083412189914527], "SNR": 500000, "name": "3gl1"}