{"loc": [1, 6, 0], "rotate": [-2.3940387965095367, 1.5096118242362657, -1.7038649953148497], "SNR": 500000, "name": "3gl1"}