{"loc": [1, 4, 0], "rotate": [2.591142472839049, 0.5911971267857017, -0.21280160681699853], "SNR": 500000, "name": "3gl1"}