{"loc": [2, 4, -7], "rotate": [2.352966674603027, 1.1711574095718031, 0.6227509970875075], "SNR": 500000, "name": "3gl1"}