{"loc": [2, 0, 3], "rotate": [2.522785741166958, 0.6132009089517271, 0.4262300349871631], "SNR": 500000, "name": "3gl1"}