{"loc": [4, -5, 7], "rotate": [2.9042206008481743, 0.9107137866935245, -0.10165269742024959], "SNR": 500000, "name": "3gl1"}