{"loc": [0, -7, 0], "rotate": [2.6647091272308963, 1.6851765728327768, 1.4003039855578876], "SNR": 500000, "name": "3gl1"}