{"loc": [2, 4, -5], "rotate": [2.033133165787813, 1.3436266407578594, 0.7319873244243281], "SNR": 500000, "name": "3gl1"}