{"loc": [0, 5, -6], "rotate": [-2.3384666572374466, 1.8726416931599044, -2.2328359630451686], "SNR": 500000, "name": "3gl1"}