{"loc": [-6, 6, 0], "rotate": [1.7203708668589623, 1.741861884352585, 0.7961888259917959], "SNR": 500000, "name": "3gl1"}