{"loc": [5, 6, -1], "rotate": [1.976043818633747, 0.2823762237152258, 0.5760090318700569], "SNR": 500000, "name": "3gl1"}