{"loc": [-6, -3, -3], "rotate": [2.1629346432401966, 0.8538402339477535, 0.5535272442364882], "SNR": 500000, "name": "3gl1"}