{"loc": [0, 1, -6], "rotate": [-2.4074973605223886, 0.9801821285793852, -1.6158333296175058], "SNR": 500000, "name": "3gl1"}