{"loc": [5, 3, -3], "rotate": [-3.0630468156959307, 0.7698009913259253, -1.157432796472548], "SNR": 500000, "name": "3gl1"}