{"loc": [0, -3, 6], "rotate": [2.45714091833794, 0.9882456171258072, 0.07146790795497207], "SNR": 500000, "name": "3gl1"}