{"loc": [6, 7, 7], "rotate": [-2.271282530670961, 0.8808231802975223, -2.392357597751847], "SNR": 500000, "name": "3gl1"}