{"loc": [1, 4, -2], "rotate": [-2.489368096877795, 0.8094218160857826, -1.4479525446094046], "SNR": 500000, "name": "3gl1"}