{"loc": [-1, 1, 3], "rotate": [2.972126440574364, 0.3756728464214817, -0.8266918371981041], "SNR": 500000, "name": "3gl1"}