{"loc": [3, 0, -4], "rotate": [2.5122488765450113, 1.2924146031851944, 0.451396463697139], "SNR": 500000, "name": "3gl1"}