{"loc": [0, 0, 0], "rotate": [2.319803352929798, 1.5742069441978526, 0.4914982077997854], "SNR": 500000, "name": "3gl1"}