{"loc": [4, -7, -6], "rotate": [2.2345530351681675, 1.451167239341213, 0.9947543960451749], "SNR": 500000, "name": "3gl1"}