{"loc": [-2, -3, -7], "rotate": [2.41759859245076, 1.5334324462492805, 0.7520048239451512], "SNR": 500000, "name": "3gl1"}