{"loc": [-6, 5, -6], "rotate": [-2.3139983631938708, 1.2282299360534803, -1.873588061504755], "SNR": 500000, "name": "3gl1"}