{"loc": [6, -7, 3], "rotate": [-2.4043608783464547, 1.8086481144031263, -3.080811054248175], "SNR": 500000, "name": "3gl1"}