{"loc": [1, 0, 2], "rotate": [2.299599580281729, 1.6474444745059558, 0.919051187253558], "SNR": 500000, "name": "3gl1"}