{"loc": [-4, -5, 4], "rotate": [3.0184653420979464, 0.4478149721677921, -0.7292982762233446], "SNR": 500000, "name": "3gl1"}