{"loc": [4, 0, 1], "rotate": [2.813507654494976, 2.5262327075132753, 1.6548497378805012], "SNR": 500000, "name": "3gl1"}