{"loc": [7, 0, 3], "rotate": [-2.3617910964604065, 1.2955410421873543, -2.1644067147395427], "SNR": 500000, "name": "3gl1"}