{"loc": [3, 5, 3], "rotate": [3.002830453702096, 0.48888651210803863, -0.5339647388369037], "SNR": 500000, "name": "3gl1"}