{"loc": [4, 3, 0], "rotate": [-2.534999679316502, 0.18476337632344356, -1.1320406216526961], "SNR": 500000, "name": "3gl1"}