{"loc": [4, -6, 2], "rotate": [-2.4215627967994497, 0.33216717978469007, -1.8153940053488877], "SNR": 500000, "name": "3gl1"}