{"loc": [6, -3, -5], "rotate": [2.065438986460312, 0.967107195457433, 0.6107302970812585], "SNR": 500000, "name": "3gl1"}