{"loc": [7, 2, -3], "rotate": [2.334722887557513, 0.8097753373900489, 0.15149489632012145], "SNR": 500000, "name": "3gl1"}