{"loc": [0, -3, -5], "rotate": [-2.182496731679009, 0.7247028011462803, -1.6404776747571428], "SNR": 500000, "name": "3gl1"}