{"loc": [7, -1, -2], "rotate": [-3.043898166097946, 2.366578489485867, 2.44009531723813], "SNR": 500000, "name": "3gl1"}