{"loc": [-5, -2, 4], "rotate": [-2.8099431923008042, 0.9597735908671257, -0.8104470400871469], "SNR": 500000, "name": "3gl1"}