{"loc": [-2, -3, 3], "rotate": [-2.4154415871019927, 0.9231732234932774, -1.5675765570593319], "SNR": 500000, "name": "3gl1"}