{"loc": [-5, -3, 4], "rotate": [-2.2234262033350154, 1.0759755829735254, -1.988437078154075], "SNR": 500000, "name": "3gl1"}