{"loc": [5, -3, -3], "rotate": [-2.4788415493896045, 1.1461139461911876, -2.069531238822324], "SNR": 500000, "name": "3gl1"}