{"loc": [7, 4, -5], "rotate": [-2.322186263953015, 0.9379227600631237, -1.69590530175996], "SNR": 500000, "name": "3gl1"}