{"loc": [4, -7, 5], "rotate": [1.932786216142559, 0.9076371282545481, 0.29390359707118424], "SNR": 500000, "name": "3gl1"}