{"loc": [1, -1, -6], "rotate": [-2.940209778759958, 0.584822291092884, -1.1501669780962258], "SNR": 500000, "name": "3gl1"}