{"loc": [6, 0, -5], "rotate": [2.904330557295417, 0.8937642312539896, -0.7032988092217786], "SNR": 500000, "name": "3gl1"}