{"loc": [0, -6, 4], "rotate": [2.4558269351132305, 0.9344447379398071, 0.4420651359472842], "SNR": 500000, "name": "3gl1"}