{"loc": [7, 0, -4], "rotate": [-2.3237239387704287, 1.9109493383868272, -3.057744228941209], "SNR": 500000, "name": "3gl1"}