{"loc": [-6, -7, 1], "rotate": [0.33579951185253387, 0.9194336702051085, -1.1363436344961277], "SNR": 500000, "name": "3gl1"}