{"loc": [6, -6, 6], "rotate": [-2.503945453684085, 0.37052877329595457, -1.5308898079726874], "SNR": 500000, "name": "3gl1"}