{"loc": [-7, -2, 6], "rotate": [2.2163719650759024, 1.7037608671560303, 1.0778221807496902], "SNR": 500000, "name": "3gl1"}