{"loc": [4, 7, -3], "rotate": [-2.6193328959870605, 1.4053281756765053, -1.7192421786097658], "SNR": 500000, "name": "3gl1"}