{"loc": [5, -6, 7], "rotate": [2.4009852645802154, 0.9326535790826123, 0.27149404979506664], "SNR": 500000, "name": "3gl1"}