{"loc": [-4, -2, -2], "rotate": [2.636612705145212, 1.155789957409656, 0.3077355011227338], "SNR": 500000, "name": "3gl1"}