{"loc": [6, 2, -5], "rotate": [-2.366240539635778, 1.3234953096235216, -2.3107545317936045], "SNR": 500000, "name": "3gl1"}