{"loc": [-2, -5, -5], "rotate": [2.1872202103855516, 0.6126504036703164, 0.2660894950881904], "SNR": 500000, "name": "3gl1"}