{"loc": [-3, 0, -6], "rotate": [2.5096678961326693, 0.7794379308476727, 0.017956223655029403], "SNR": 500000, "name": "3gl1"}