{"loc": [-1, 3, 2], "rotate": [-2.5095953074734925, 0.5208274712778024, -1.5521228194065273], "SNR": 500000, "name": "3gl1"}