{"loc": [0, 7, -3], "rotate": [-2.4345517954842433, 2.2955413381898278, -3.0356492566043283], "SNR": 500000, "name": "3gl1"}