{"loc": [-2, -5, 0], "rotate": [2.6240070613383244, 0.5692683411053104, -0.18401972777683026], "SNR": 500000, "name": "3gl1"}