{"loc": [0, 0, 1], "rotate": [2.3550550871055904, 2.263703938125427, 1.4973062366907113], "SNR": 500000, "name": "3gl1"}