{"loc": [1, 4, 3], "rotate": [-2.658446366484609, 0.6684625845918056, -1.5684375948326263], "SNR": 500000, "name": "3gl1"}