{"loc": [1, -5, -6], "rotate": [2.299538608730583, 1.591222300157166, 0.5925268855398702], "SNR": 500000, "name": "3gl1"}