{"loc": [4, -6, -7], "rotate": [-1.7243015912440811, 2.297808339923149, -2.353621169607979], "SNR": 500000, "name": "3gl1"}