{"loc": [2, -2, 0], "rotate": [1.9812586469737712, 0.7140019447662196, 0.24140940627110957], "SNR": 500000, "name": "3gl1"}