{"loc": [-5, -5, 0], "rotate": [2.4142235215342844, 0.6095947317780113, 0.4793485269208953], "SNR": 500000, "name": "3gl1"}