{"loc": [2, -5, 7], "rotate": [2.9173832043935546, 0.722755502403767, 0.02462844922879461], "SNR": 500000, "name": "3gl1"}