{"loc": [0, 6, 3], "rotate": [-2.6440904545957973, 0.41124171830611567, -0.8520743691651017], "SNR": 500000, "name": "3gl1"}