{"loc": [-3, 5, 7], "rotate": [1.9929813366796578, 1.4460707254366394, 0.7156746756809025], "SNR": 500000, "name": "3gl1"}