{"loc": [-3, 6, 2], "rotate": [2.562956163425213, 1.0763723036928872, 0.36813935043451235], "SNR": 500000, "name": "3gl1"}