{"loc": [-1, 6, 2], "rotate": [2.4685432932361926, 1.0039965541617504, 0.32420031700193647], "SNR": 500000, "name": "3gl1"}