{"loc": [-2, -5, -1], "rotate": [2.782709315706601, 2.8147255623347833, 1.7901923196288185], "SNR": 500000, "name": "3gl1"}