{"loc": [-1, 6, 0], "rotate": [2.411359436767777, 0.8220168185670836, 0.13606682230332476], "SNR": 500000, "name": "3gl1"}