{"loc": [-5, 0, 0], "rotate": [-2.4880763090905726, 1.1203979565843267, -1.6986054520792908], "SNR": 500000, "name": "3gl1"}