{"loc": [0, -3, -4], "rotate": [-2.111270975478473, 1.1484721351201428, -2.242687103626777], "SNR": 500000, "name": "3gl1"}