{"loc": [2, 7, 6], "rotate": [-2.6087485021325834, 1.1173634855901184, -1.8681990633452132], "SNR": 500000, "name": "3gl1"}