{"loc": [-5, -5, 5], "rotate": [3.116122749550583, 2.4769220319235257, 2.3565702473838583], "SNR": 500000, "name": "3gl1"}