{"loc": [-4, -7, -7], "rotate": [-2.6546987880789312, 1.158908873480161, -1.628516013019498], "SNR": 500000, "name": "3gl1"}