{"loc": [-5, 1, -2], "rotate": [1.9427012680016331, 1.3907318946974716, 0.5779850313457349], "SNR": 500000, "name": "3gl1"}