{"loc": [-2, 6, -2], "rotate": [2.4852176445841048, 1.4088091353161425, 0.08070520527788015], "SNR": 500000, "name": "3gl1"}