{"loc": [1, 6, 3], "rotate": [-2.344188857347619, 2.4458011051271655, -2.955130772196418], "SNR": 500000, "name": "3gl1"}