{"loc": [0, 7, -4], "rotate": [-2.702980871280226, 0.7094393043523681, -1.629992942050698], "SNR": 500000, "name": "3gl1"}