{"loc": [5, -4, 5], "rotate": [-1.9162169061507675, 1.2862927609240686, -2.265816057833956], "SNR": 500000, "name": "3gl1"}