{"loc": [6, -1, -2], "rotate": [2.3334705670818616, 1.6242375363408563, 0.7532245518456256], "SNR": 500000, "name": "3gl1"}