{"loc": [7, 6, -3], "rotate": [-2.276689563607231, 1.3414600701683026, -2.2326467217119683], "SNR": 500000, "name": "3gl1"}