{"loc": [1, 7, 1], "rotate": [2.1599101258654585, 1.6334409132142527, 0.917590713737359], "SNR": 500000, "name": "3gl1"}