{"loc": [-3, 0, -3], "rotate": [2.113577851134937, 1.5504220207388288, 0.6683855476474899], "SNR": 500000, "name": "3gl1"}