{"loc": [-2, -3, 1], "rotate": [2.478131564165408, 0.5381445846500981, 0.15576748699178558], "SNR": 500000, "name": "3gl1"}