{"loc": [-1, -7, 0], "rotate": [2.1021037093649713, 2.1305096994445583, 0.8111983093044599], "SNR": 500000, "name": "3gl1"}