{"loc": [-4, 5, -5], "rotate": [2.6875569750433717, 0.7690133038058975, -0.12328635023678484], "SNR": 500000, "name": "3gl1"}