{"loc": [-2, -4, 0], "rotate": [2.418268914859176, 1.699812470685516, 0.4329360406389525], "SNR": 500000, "name": "3gl1"}