{"loc": [-1, 0, -4], "rotate": [-1.9503240253070715, 1.0740852444720759, -1.889578796726814], "SNR": 500000, "name": "3gl1"}