{"loc": [-7, 0, -6], "rotate": [-2.585066344118803, 1.5081107373424187, -1.9467862979569877], "SNR": 500000, "name": "3gl1"}