{"loc": [4, -5, -3], "rotate": [-2.0574573202451134, 1.3938762578796517, -2.372116053329456], "SNR": 500000, "name": "3gl1"}