{"loc": [-6, 1, -7], "rotate": [-2.085434641923868, 1.2027802625099016, -1.936403810175717], "SNR": 500000, "name": "3gl1"}