{"loc": [-2, -4, -3], "rotate": [-2.4054793532295196, 0.8228303938283692, -1.8476879457592343], "SNR": 500000, "name": "3gl1"}