{"loc": [6, -3, -4], "rotate": [2.147975374416219, 1.2483181573403466, 0.8303192387423208], "SNR": 500000, "name": "3gl1"}