{"loc": [-6, -1, -4], "rotate": [2.1860631441036222, 0.793859489264222, 0.534283977471117], "SNR": 500000, "name": "3gl1"}