{"loc": [2, 0, 1], "rotate": [-2.4375930396446748, 2.1000394673822798, -2.668423993384259], "SNR": 500000, "name": "3gl1"}