{"loc": [-7, -7, 5], "rotate": [-2.9298054173660093, 0.8111450482649283, -1.067453542524567], "SNR": 500000, "name": "3gl1"}