{"loc": [7, -7, 0], "rotate": [-2.8150209047741295, 0.9732225072867488, -1.2288733292444234], "SNR": 500000, "name": "3gl1"}