{"loc": [4, 6, 4], "rotate": [2.940046296374603, 2.4690312244309998, 1.9444904920886001], "SNR": 500000, "name": "3gl1"}