{"loc": [-7, -2, -3], "rotate": [2.256124526968937, 1.3847884058136424, 1.071459541203084], "SNR": 500000, "name": "3gl1"}