{"loc": [-3, 6, -1], "rotate": [2.3772084435651673, 1.0589597260816008, 0.5911071440526414], "SNR": 500000, "name": "3gl1"}