{"loc": [-3, -7, -3], "rotate": [2.408357082021101, 1.7600780993202207, 1.1909051314449353], "SNR": 500000, "name": "3gl1"}