{"loc": [-6, -7, 4], "rotate": [2.46318358879244, 2.0651955668691455, 1.074775901173512], "SNR": 500000, "name": "3gl1"}