{"loc": [4, -7, -1], "rotate": [1.965866965561539, 1.8131810625614753, 0.9756663889452825], "SNR": 500000, "name": "3gl1"}