{"loc": [1, 7, -2], "rotate": [-2.3613200465643995, 1.081723121481216, -1.5271674383865916], "SNR": 500000, "name": "3gl1"}