{"loc": [2, 3, -2], "rotate": [-2.087510932766511, 1.667157620482855, -2.4673047930142875], "SNR": 500000, "name": "3gl1"}