{"loc": [6, -5, 1], "rotate": [-2.0896728257357595, 0.5792290704381493, -1.5154735601199592], "SNR": 500000, "name": "3gl1"}