{"loc": [3, 0, 5], "rotate": [-2.0096735984746963, 1.355290042225603, -2.226045975668339], "SNR": 500000, "name": "3gl1"}