{"loc": [-7, 0, -7], "rotate": [-1.921691991570511, 2.2986554302422437, -2.536825448694729], "SNR": 500000, "name": "3gl1"}