{"loc": [-2, -5, 7], "rotate": [2.606873091247342, 0.8003014218516087, 0.06292048429721848], "SNR": 500000, "name": "3gl1"}