{"loc": [1, -4, 2], "rotate": [2.9076078805308727, 0.551120168957709, -0.622104685356161], "SNR": 500000, "name": "3gl1"}