{"loc": [2, 1, -2], "rotate": [-2.7725197521302176, 0.6299175814377858, -1.6165743742502412], "SNR": 500000, "name": "3gl1"}