{"loc": [0, 6, 0], "rotate": [-2.370794312785953, 1.3795082246683261, -1.7445712559017044], "SNR": 500000, "name": "3gl1"}