{"loc": [3, 0, -1], "rotate": [2.715684390697679, 1.1320862155956288, -0.30458704577301016], "SNR": 500000, "name": "3gl1"}