{"loc": [4, -7, -6], "rotate": [-2.6487427147724003, 0.7286869532080781, -1.081719232600504], "SNR": 500000, "name": "3gl1"}