{"loc": [0, -4, 1], "rotate": [1.9236831182421639, 0.8478132522731984, 0.44787717000378274], "SNR": 500000, "name": "3gl1"}