{"loc": [7, 0, -1], "rotate": [2.308055358390572, 1.2755212986122393, 0.40076663680634717], "SNR": 500000, "name": "3gl1"}