{"loc": [-2, 0, -7], "rotate": [2.8501694214245012, 1.7335473835763322, 1.5155425930817366], "SNR": 500000, "name": "3gl1"}