{"loc": [0, 5, 1], "rotate": [-2.5382341893943337, 2.2054975841224342, -2.9647555842013262], "SNR": 500000, "name": "3gl1"}