{"loc": [4, -3, 0], "rotate": [-2.9420533989834885, 0.791465247376753, -1.0270189049724785], "SNR": 500000, "name": "3gl1"}