{"loc": [-2, 5, -4], "rotate": [-2.4521917569808274, 0.6509822045484969, -1.8179130913892112], "SNR": 500000, "name": "3gl1"}