{"loc": [0, -2, -4], "rotate": [-1.9726927248714887, 1.6003857815153193, -2.621498371662164], "SNR": 500000, "name": "3gl1"}