{"loc": [0, 1, 1], "rotate": [2.843015289641672, 0.7513697496226153, -0.08344494739447546], "SNR": 500000, "name": "3gl1"}