{"loc": [-4, -3, 5], "rotate": [2.467483988486569, 1.0469477032057175, 0.26723323362094425], "SNR": 500000, "name": "3gl1"}