{"loc": [3, -5, 2], "rotate": [-2.467619919536881, 1.2694351694583788, -1.3494007929313114], "SNR": 500000, "name": "3gl1"}