{"loc": [1, -4, 5], "rotate": [2.337996153257977, 0.8829675185063223, 0.5202060945162975], "SNR": 500000, "name": "3gl1"}