{"loc": [7, 4, -7], "rotate": [2.2411270738821103, 0.8245777066665599, 0.5788787839671083], "SNR": 500000, "name": "3gl1"}