{"loc": [-7, -2, 5], "rotate": [2.268588208072369, 1.9642657391762075, 0.6612305275956198], "SNR": 500000, "name": "3gl1"}