{"loc": [7, 2, -6], "rotate": [2.7989091290255033, 0.6949176524789381, -0.36041918299028414], "SNR": 500000, "name": "3gl1"}