{"loc": [-5, 6, 2], "rotate": [1.8085521781400618, 1.271060503026108, 0.6210646229618382], "SNR": 500000, "name": "3gl1"}