{"loc": [5, 5, 0], "rotate": [-2.8708022967692255, 0.19782100836558844, -0.9190407267540286], "SNR": 500000, "name": "3gl1"}