{"loc": [-2, -2, -2], "rotate": [2.201087528108502, 1.747716758414097, 0.587171114018791], "SNR": 500000, "name": "3gl1"}