{"loc": [0, -4, -7], "rotate": [-2.255392869783713, 1.1562858087160586, -2.0607783736496708], "SNR": 500000, "name": "3gl1"}