{"loc": [1, -4, -7], "rotate": [2.5431546661078386, 0.3078655727695378, -0.6289698232168136], "SNR": 500000, "name": "3gl1"}