{"loc": [7, -5, -6], "rotate": [3.1077433119866456, 0.7523907269612647, -1.1064690975387055], "SNR": 500000, "name": "3gl1"}