{"loc": [0, 1, 2], "rotate": [2.0205842727720147, 1.57770094854073, 0.869974402139462], "SNR": 500000, "name": "3gl1"}