{"loc": [7, 7, -6], "rotate": [2.5244768936596054, 1.417239167429742, 0.20678894784005114], "SNR": 500000, "name": "3gl1"}