{"loc": [0, 5, 3], "rotate": [-2.8466429804116826, 0.5528301548852945, -1.212854977618788], "SNR": 500000, "name": "3gl1"}