{"loc": [7, -5, 6], "rotate": [2.4026686441050877, 1.6445797045100012, 1.3323300787892438], "SNR": 500000, "name": "3gl1"}