{"loc": [0, -6, 0], "rotate": [2.8960593151881038, 0.7318920749644988, -0.47324263341510014], "SNR": 500000, "name": "3gl1"}