{"loc": [7, 0, -1], "rotate": [-2.657923748506714, 0.6949076766769369, -1.725505139543665], "SNR": 500000, "name": "3gl1"}