{"loc": [-1, 1, 0], "rotate": [-2.2970953454822687, 0.8506546613593844, -1.8731838122248463], "SNR": 500000, "name": "3gl1"}