{"loc": [3, -5, 1], "rotate": [2.1806362033977305, 1.0802022969176928, 0.5210761958900632], "SNR": 500000, "name": "3gl1"}