{"loc": [7, 0, 3], "rotate": [-3.0352437170308595, 0.8024404192195675, -0.6276346417383182], "SNR": 500000, "name": "3gl1"}