{"loc": [-7, 6, 7], "rotate": [2.0014761675422674, 1.8188188993348038, 0.42652295648557514], "SNR": 500000, "name": "3gl1"}