{"loc": [-3, 0, 7], "rotate": [-2.088563963725926, 1.2285687785174344, -2.427504084938987], "SNR": 500000, "name": "3gl1"}