{"loc": [6, 0, -2], "rotate": [-2.9449289133127903, 0.5618073497440215, -0.7067527667821181], "SNR": 500000, "name": "3gl1"}