{"loc": [-2, 6, 1], "rotate": [-2.369598250588442, 1.0629067359519913, -1.911875245906357], "SNR": 500000, "name": "3gl1"}