{"loc": [-2, -2, 3], "rotate": [2.2514643856158107, 1.3913770112112502, 0.8917605245953276], "SNR": 500000, "name": "3gl1"}