{"loc": [0, 2, 0], "rotate": [2.0090683077748115, 1.2192507150125755, 0.5932256266344282], "SNR": 500000, "name": "3gl1"}