{"loc": [6, 0, 1], "rotate": [2.642049412238562, 0.7816869636620156, 0.2781559881908046], "SNR": 500000, "name": "3gl1"}