{"loc": [2, 0, -5], "rotate": [-2.039592047397495, 1.0680332468815545, -2.247942824244447], "SNR": 500000, "name": "3gl1"}