{"loc": [4, -5, -7], "rotate": [2.291153814238387, 1.9170321281114624, 1.493400788241192], "SNR": 500000, "name": "3gl1"}