{"loc": [3, -4, -3], "rotate": [2.1345343881146555, 1.5263558743673922, 0.3366998345829713], "SNR": 500000, "name": "3gl1"}