{"loc": [-7, -3, 7], "rotate": [2.2352610387932326, 1.017309596428829, 0.10746282039985575], "SNR": 500000, "name": "3gl1"}