{"loc": [-4, 1, -2], "rotate": [-1.9472662824466407, 1.796584426384303, -2.2814323465752184], "SNR": 500000, "name": "3gl1"}