{"loc": [7, -6, -4], "rotate": [2.302188178066279, 2.1328751408829127, 0.9795571382379044], "SNR": 500000, "name": "3gl1"}