{"loc": [-3, 4, -6], "rotate": [2.8151373820031234, 2.1931598131036014, 1.7712930951124228], "SNR": 500000, "name": "3gl1"}