{"loc": [-7, -7, 6], "rotate": [2.28086376320882, 1.5776346685659002, 0.9305818407265549], "SNR": 500000, "name": "3gl1"}