{"loc": [2, -4, 6], "rotate": [2.3254493583016655, 1.2050052943596665, 0.7495499528044355], "SNR": 500000, "name": "3gl1"}