{"loc": [3, -7, 4], "rotate": [2.5533822113479574, 1.7101513151875536, 1.1110893267406423], "SNR": 500000, "name": "3gl1"}