{"loc": [-6, 2, -7], "rotate": [-2.379331349105058, 0.9002154258852835, -1.8182193570976497], "SNR": 500000, "name": "3gl1"}