{"loc": [0, -2, 7], "rotate": [2.5050183125382857, 0.9705623796305072, -0.028827972197187378], "SNR": 500000, "name": "3gl1"}