{"loc": [5, 5, -3], "rotate": [-2.6199331324127786, 0.6360010060165632, -1.5152023065101325], "SNR": 500000, "name": "3gl1"}