{"loc": [0, 2, -2], "rotate": [-2.40061368678492, 0.8666990589808249, -1.5142249746564513], "SNR": 500000, "name": "3gl1"}