{"loc": [5, -1, -7], "rotate": [1.8227625699434478, 1.6301122089635518, 1.106327455349187], "SNR": 500000, "name": "3gl1"}