{"loc": [2, -5, 2], "rotate": [-2.5692608080537536, 0.5108213603485203, -1.256347985546301], "SNR": 500000, "name": "3gl1"}