{"loc": [-1, 6, -2], "rotate": [2.10055901485505, 1.3789659535113565, 0.4638086471099894], "SNR": 500000, "name": "3gl1"}