{"loc": [4, 0, -1], "rotate": [2.122978220122847, 1.5523566483927411, 1.0963083241574887], "SNR": 500000, "name": "3gl1"}