{"loc": [-7, 3, 7], "rotate": [2.4772430415456377, 1.0022484085696939, 0.10041352864080991], "SNR": 500000, "name": "3gl1"}