{"loc": [2, -5, -1], "rotate": [-2.9550608891777252, 0.7617082943927492, -1.2822778918331066], "SNR": 500000, "name": "3gl1"}