{"loc": [6, 0, -5], "rotate": [2.625787751789864, 0.781718881484275, -0.4265860023680477], "SNR": 500000, "name": "3gl1"}