{"loc": [2, -7, -6], "rotate": [2.553863872680138, 0.7471299100803361, -0.16331770867108455], "SNR": 500000, "name": "3gl1"}