{"loc": [6, 6, -3], "rotate": [2.4293488267058945, 1.7239313318739995, 1.3328523902028546], "SNR": 500000, "name": "3gl1"}