{"loc": [0, -2, 6], "rotate": [2.755617329874273, 2.564831646751969, 1.5290167444611056], "SNR": 500000, "name": "3gl1"}