{"loc": [-7, 0, 0], "rotate": [-2.0008538594836405, 0.7976035106705925, -1.9868531284020738], "SNR": 500000, "name": "3gl1"}