{"loc": [-3, -6, 0], "rotate": [2.201236815788893, 1.395966469272521, 0.4643738438346319], "SNR": 500000, "name": "3gl1"}