{"loc": [5, -4, 7], "rotate": [3.1257865034104797, 0.927648888991479, -0.6726836658400557], "SNR": 500000, "name": "3gl1"}