{"loc": [-2, -6, 1], "rotate": [1.8410248796499544, 1.0340140362836552, 0.7265883514200613], "SNR": 500000, "name": "3gl1"}