{"loc": [-1, -7, 7], "rotate": [2.2707858875807356, 0.45933699881230106, 0.004445458853783903], "SNR": 500000, "name": "3gl1"}