{"loc": [-3, -2, -6], "rotate": [-0.41193410962589444, 2.0194200698222384, 1.7090441937027345], "SNR": 500000, "name": "3gl1"}