{"loc": [4, -5, 7], "rotate": [-2.0714022811053723, 1.2334002349520918, -2.2422042947642713], "SNR": 500000, "name": "3gl1"}