{"loc": [3, -4, 0], "rotate": [2.600748189464584, 1.0859473647485551, -0.016812902061257757], "SNR": 500000, "name": "3gl1"}