{"loc": [2, -6, 3], "rotate": [2.306072002219853, 1.1620889959747822, 0.5066235071308046], "SNR": 500000, "name": "3gl1"}