{"loc": [4, -6, -5], "rotate": [2.912432773206984, 1.5711120763260389, 0.22214722398080616], "SNR": 500000, "name": "3gl1"}