{"loc": [5, 2, 4], "rotate": [-2.394967934734228, 0.9302163607355013, -1.6534326702985718], "SNR": 500000, "name": "3gl1"}