{"loc": [-1, -4, -1], "rotate": [2.1838923088202846, 0.9419920460869733, 0.4818668622474796], "SNR": 500000, "name": "3gl1"}