{"loc": [3, -3, -1], "rotate": [-2.0146508940358783, 1.4168514220372899, -2.163815976528807], "SNR": 500000, "name": "3gl1"}