{"loc": [-7, -6, -2], "rotate": [-2.465056177806902, 0.9233479158933843, -1.5327243981970171], "SNR": 500000, "name": "3gl1"}