{"loc": [3, 3, 1], "rotate": [2.6889751034986666, 0.708541664018278, 0.08642290062422187], "SNR": 500000, "name": "3gl1"}