{"loc": [3, -5, -3], "rotate": [2.2452977889432075, 0.915383945932965, 0.47804059739091986], "SNR": 500000, "name": "3gl1"}