{"loc": [0, 6, -6], "rotate": [-2.1612895587952066, 1.2494360420612525, -1.945518373171801], "SNR": 500000, "name": "3gl1"}