{"loc": [3, 0, -5], "rotate": [-2.767893233269555, 0.7083104336472421, -1.493341356926088], "SNR": 500000, "name": "3gl1"}