{"loc": [-6, 6, -5], "rotate": [-1.8514697018634747, 1.400842631396723, -1.6705493675896963], "SNR": 500000, "name": "3gl1"}