{"loc": [-7, 3, 7], "rotate": [2.6349228178289583, 2.2345747091968935, 2.159980218860756], "SNR": 500000, "name": "3gl1"}