{"loc": [-4, 7, 5], "rotate": [2.37801819687386, 1.0900211651556397, 0.5455379137501957], "SNR": 500000, "name": "3gl1"}