{"loc": [-5, 2, 2], "rotate": [2.179807338756975, 0.8982786816675179, 0.18630636088123392], "SNR": 500000, "name": "3gl1"}