{"loc": [-5, -6, 0], "rotate": [2.197492233256733, 1.5644916770709911, 0.49047301241548513], "SNR": 500000, "name": "3gl1"}