{"loc": [0, -1, 0], "rotate": [2.729504370250846, 0.49718028091861693, -0.3336541409438565], "SNR": 500000, "name": "3gl1"}