{"loc": [-7, 0, 0], "rotate": [1.9626138420225328, 1.4396044677518944, 0.5169569315700044], "SNR": 500000, "name": "3gl1"}