{"loc": [5, -7, -3], "rotate": [2.870918706289801, 0.6346068359950142, -0.29202305889350216], "SNR": 500000, "name": "3gl1"}