{"loc": [3, -5, -5], "rotate": [-2.5585766919439776, 1.0117704176386544, -1.358288661656426], "SNR": 500000, "name": "3gl1"}