{"loc": [6, 0, 7], "rotate": [2.54140911013718, 1.9434072546755121, 1.2190874969887981], "SNR": 500000, "name": "3gl1"}