{"loc": [4, 1, 4], "rotate": [2.8891263032442205, 0.7201510612640711, -0.016252777583873446], "SNR": 500000, "name": "3gl1"}