{"loc": [-4, 1, 0], "rotate": [2.3938853412943666, 1.5017859396702764, 0.08965743597330275], "SNR": 500000, "name": "3gl1"}