{"loc": [0, 6, -6], "rotate": [2.7029676489404304, 2.0010490623678208, 1.171348687985986], "SNR": 500000, "name": "3gl1"}