{"loc": [2, 0, -4], "rotate": [2.079484507333352, 1.0519294305730122, 0.6832814067109694], "SNR": 500000, "name": "3gl1"}