{"loc": [0, 5, 7], "rotate": [2.188736468442999, 1.6106478389769436, 0.21068646748824038], "SNR": 500000, "name": "3gl1"}