{"loc": [0, -7, 4], "rotate": [-2.1196727009501632, 0.802238039139983, -2.0219216794668164], "SNR": 500000, "name": "3gl1"}