{"loc": [0, -1, 5], "rotate": [-2.7735172999978714, 0.9201382405243815, -1.4919034442480532], "SNR": 500000, "name": "3gl1"}