{"loc": [-3, -4, 7], "rotate": [2.456479322457144, 0.813061239297379, -0.16714361777654307], "SNR": 500000, "name": "3gl1"}