{"loc": [-4, -3, 4], "rotate": [2.5201890743661637, 1.281935639128169, 0.3466746564515404], "SNR": 500000, "name": "3gl1"}