{"loc": [-4, 1, -3], "rotate": [-3.0295924688718263, 0.739739615791153, -0.8392604111933283], "SNR": 500000, "name": "3gl1"}