{"loc": [3, -5, 4], "rotate": [-2.693449464052269, 0.928916428876097, -1.8863887094676624], "SNR": 500000, "name": "3gl1"}