{"loc": [6, 5, -4], "rotate": [-0.5784212843645912, 2.2580554283179475, 1.2019884044854379], "SNR": 500000, "name": "3gl1"}