{"loc": [-4, 6, -4], "rotate": [-2.7799060186951374, 2.7530457251996823, 2.9561249334775623], "SNR": 500000, "name": "3gl1"}