{"loc": [-5, 7, -3], "rotate": [-3.1279323785235733, 0.9807157236148989, -1.0316835258364148], "SNR": 500000, "name": "3gl1"}