{"loc": [4, 6, 0], "rotate": [2.060927222763377, 1.767915043451943, 1.041572081946428], "SNR": 500000, "name": "3gl1"}