{"loc": [-3, 0, 0], "rotate": [2.396075971536337, 0.9157309871345618, 0.20405890665857393], "SNR": 500000, "name": "3gl1"}