{"loc": [2, -5, 7], "rotate": [2.269880605256787, 0.7548563925759978, -0.07260515746967991], "SNR": 500000, "name": "3gl1"}