{"loc": [-5, 2, 0], "rotate": [1.988547794401509, 1.9356495524028248, 0.8410217891397997], "SNR": 500000, "name": "3gl1"}