{"loc": [7, 4, -7], "rotate": [-2.604923630543651, 0.9075510463079597, -1.9066004802884557], "SNR": 500000, "name": "3gl1"}