{"loc": [-7, -7, -7], "rotate": [-2.2788017916004524, 1.5800382951149348, -2.1586544964048713], "SNR": 500000, "name": "3gl1"}