{"loc": [2, 1, 2], "rotate": [3.092315282285265, 1.127219559307198, -1.0186828234571392], "SNR": 500000, "name": "3gl1"}