{"loc": [-3, -6, 6], "rotate": [-3.069123286890678, 2.6746272171851064, 1.9535068928791273], "SNR": 500000, "name": "3gl1"}