{"loc": [-1, 5, 2], "rotate": [2.1763859143608544, 2.2974652573038035, 1.4354835493075488], "SNR": 500000, "name": "3gl1"}