{"loc": [0, -3, 0], "rotate": [1.8622460649467922, 0.7964188806434073, 0.19047052178981946], "SNR": 500000, "name": "3gl1"}