{"loc": [-1, -6, -5], "rotate": [2.4154926211228145, 1.7741687444536045, 1.5809616036918726], "SNR": 500000, "name": "3gl1"}