{"loc": [-3, 2, 5], "rotate": [2.5098361612299023, 0.7269699196320547, 0.07183500667707775], "SNR": 500000, "name": "3gl1"}