{"loc": [-4, -5, -5], "rotate": [-2.3101368086852645, 0.7940183029510937, -1.7417018794339785], "SNR": 500000, "name": "3gl1"}