{"loc": [-2, 6, 1], "rotate": [-2.4448653233391773, 0.8145463691857338, -1.4069994211279913], "SNR": 500000, "name": "3gl1"}