{"loc": [-7, -4, -6], "rotate": [-2.271852833897769, 1.541655877278873, -1.8249856144871197], "SNR": 500000, "name": "3gl1"}