{"loc": [6, 4, -1], "rotate": [2.1641831016673594, 0.8861698503760369, 0.30826611135931775], "SNR": 500000, "name": "3gl1"}