{"loc": [-2, 5, -1], "rotate": [-2.8051245658913597, 0.5516412963930314, -1.2891156464163391], "SNR": 500000, "name": "3gl1"}