{"loc": [0, 6, 0], "rotate": [-2.430760702987718, 0.6359347378826022, -1.644079533538127], "SNR": 500000, "name": "3gl1"}