{"loc": [-2, -1, -4], "rotate": [2.8241335467970297, 0.71804644351873, -0.7304718510693355], "SNR": 500000, "name": "3gl1"}