{"loc": [-7, -1, 3], "rotate": [2.191283048437929, 0.8698527226364492, 0.4921266347092773], "SNR": 500000, "name": "3gl1"}