{"loc": [-2, 7, -3], "rotate": [2.280000005246634, 1.390899019937548, 0.5056253682888995], "SNR": 500000, "name": "3gl1"}