{"loc": [-7, 4, 1], "rotate": [-2.6365531743482484, 0.3169559824914307, -1.2523563996229303], "SNR": 500000, "name": "3gl1"}