{"loc": [5, 5, 7], "rotate": [3.097128331253762, 2.053008516390899, 2.206637502477604], "SNR": 500000, "name": "3gl1"}