{"loc": [0, -2, -4], "rotate": [0.5456630594258864, 1.278329266121921, -1.7492029389310622], "SNR": 500000, "name": "3gl1"}