{"loc": [4, 0, -5], "rotate": [2.097440140566602, 1.4070377140431767, 0.5289012157490834], "SNR": 500000, "name": "3gl1"}