{"loc": [-6, -2, 2], "rotate": [2.446921991729695, 1.2285998062557213, 0.7883668367413177], "SNR": 500000, "name": "3gl1"}