{"loc": [0, 6, 0], "rotate": [2.4444626404952103, 0.9960522235996433, 0.42201191165102864], "SNR": 500000, "name": "3gl1"}