{"loc": [-5, 3, 5], "rotate": [2.2895902902918865, 1.2719029760705045, 0.04712257380490261], "SNR": 500000, "name": "3gl1"}