{"loc": [7, -3, -6], "rotate": [2.5565805767568226, 1.0974074194495906, -0.06048256177750974], "SNR": 500000, "name": "3gl1"}