{"loc": [0, 5, -3], "rotate": [3.0186804824600335, 2.554719613362406, 2.1684660172674395], "SNR": 500000, "name": "3gl1"}