{"loc": [5, -3, 7], "rotate": [-2.2388927121814683, 1.2188021609754283, -1.6866683075981024], "SNR": 500000, "name": "3gl1"}