{"loc": [0, 5, -7], "rotate": [2.231181022088181, 1.377821939906639, 0.6295229149369747], "SNR": 500000, "name": "3gl1"}