{"loc": [7, 3, 0], "rotate": [2.7491519144843446, 0.6001481578533154, 0.06799387434219599], "SNR": 500000, "name": "3gl1"}