{"loc": [0, 6, 2], "rotate": [2.3426626003795348, 1.3899164001444198, 0.10116768256013539], "SNR": 500000, "name": "3gl1"}