{"loc": [4, 6, 3], "rotate": [-2.1549511142010944, 1.1259282373033679, -1.9586580229633392], "SNR": 500000, "name": "3gl1"}