{"loc": [-2, -1, -2], "rotate": [-2.319747241970505, 1.3225940294394705, -1.9914655071441512], "SNR": 500000, "name": "3gl1"}