{"loc": [5, -2, -4], "rotate": [2.159130077799098, 1.696784720495777, 1.0818642121122513], "SNR": 500000, "name": "3gl1"}