{"loc": [-7, 1, -2], "rotate": [1.9377315142526799, 0.9666872476214029, 0.5531345448542107], "SNR": 500000, "name": "3gl1"}