{"loc": [-7, 1, 7], "rotate": [2.352833823920191, 2.0146390295764953, 1.0417946014961468], "SNR": 500000, "name": "3gl1"}