{"loc": [1, -2, 0], "rotate": [2.1613185108777517, 1.8093906982192098, 0.74246321214039], "SNR": 500000, "name": "3gl1"}