{"loc": [-1, 0, -1], "rotate": [-1.9744543383392323, 0.5969034498117098, -1.882415330966901], "SNR": 500000, "name": "3gl1"}