{"loc": [1, -3, 1], "rotate": [2.1995384999235457, 1.4875483253745558, 0.7143081278369564], "SNR": 500000, "name": "3gl1"}