{"loc": [6, 0, 0], "rotate": [2.061824953672248, 1.7122658988967303, 0.6716874374501614], "SNR": 500000, "name": "3gl1"}