{"loc": [-7, -3, -1], "rotate": [2.1171637144344295, 2.1943192990262834, 1.1029314156800785], "SNR": 500000, "name": "3gl1"}