{"loc": [-7, -5, -3], "rotate": [2.0250854964572578, 1.7828384969811346, 0.8044727334420732], "SNR": 500000, "name": "3gl1"}