{"loc": [0, 6, 4], "rotate": [2.495819122859725, 2.9133554353297257, 1.7093670445436875], "SNR": 500000, "name": "3gl1"}