{"loc": [0, -4, 0], "rotate": [2.1885761735396225, 1.419208520066177, 0.7462859809670963], "SNR": 500000, "name": "3gl1"}