{"loc": [2, -7, 5], "rotate": [-2.6877726030562727, 0.7141209882102263, -1.2965306063440916], "SNR": 500000, "name": "3gl1"}