{"loc": [3, 5, 4], "rotate": [2.2207829068002525, 0.1769247495969033, 0.5578866169107076], "SNR": 500000, "name": "3gl1"}