{"loc": [0, 3, 0], "rotate": [-2.0481059628102787, 1.1279033415874968, -1.5950836480749409], "SNR": 500000, "name": "3gl1"}