{"loc": [0, 3, -6], "rotate": [-2.2910177281406154, 1.5321893674682456, -2.2799314863168587], "SNR": 500000, "name": "3gl1"}