{"loc": [-5, 6, 6], "rotate": [3.1113687628041267, 0.6966984622840589, -0.24673150333107127], "SNR": 500000, "name": "3gl1"}