{"loc": [3, -6, 5], "rotate": [2.547103218507484, 0.2954702057778471, -0.6089592438215626], "SNR": 500000, "name": "3gl1"}