{"loc": [-3, -3, -1], "rotate": [2.3840739326385583, 0.5410887851425683, -0.06471142411277823], "SNR": 500000, "name": "3gl1"}