{"loc": [0, 4, 6], "rotate": [-2.4280268079351597, 0.8923596938646325, -1.5025621826065578], "SNR": 500000, "name": "3gl1"}