{"loc": [1, 2, -4], "rotate": [-2.848690359820937, 0.8938210069910968, -1.0276267083406616], "SNR": 500000, "name": "3gl1"}