{"loc": [7, 7, 1], "rotate": [2.1202842729120217, 1.8735104589080305, 0.6015669866060318], "SNR": 500000, "name": "3gl1"}