{"loc": [1, -3, 7], "rotate": [2.4762110300977382, 0.7987105780632412, -0.08481176359862694], "SNR": 500000, "name": "3gl1"}