{"loc": [-4, 0, -5], "rotate": [2.3830919041900733, 1.1231834159071201, 0.49364771627671616], "SNR": 500000, "name": "3gl1"}