{"loc": [-2, 2, -1], "rotate": [-2.5916316121594907, 1.0291067970324783, -1.3605153616564591], "SNR": 500000, "name": "3gl1"}