{"loc": [5, 2, 0], "rotate": [-2.0743377258984665, 0.835450080938772, -2.147725076929448], "SNR": 500000, "name": "3gl1"}