{"loc": [1, -7, -2], "rotate": [2.332916632029491, 1.1137078076154334, 0.6569899794652874], "SNR": 500000, "name": "3gl1"}