{"loc": [6, -7, -5], "rotate": [-2.1243042334007165, 0.6492042912743191, -1.6634612873401693], "SNR": 500000, "name": "3gl1"}