{"loc": [-7, -2, -6], "rotate": [-2.1239982049915165, 1.0613065116245546, -2.100619932960152], "SNR": 500000, "name": "3gl1"}