{"loc": [-7, 3, -2], "rotate": [2.559977273794557, 1.0700445882075864, 0.06546783454878626], "SNR": 500000, "name": "3gl1"}