{"loc": [4, -7, 7], "rotate": [-2.8839531939659593, 0.7490823488528706, -1.0619580334644043], "SNR": 500000, "name": "3gl1"}