{"loc": [-6, 5, 1], "rotate": [-2.797119067061029, 0.7331221096038686, -1.339303385108024], "SNR": 500000, "name": "3gl1"}