{"loc": [3, 6, -7], "rotate": [2.4498169737827635, 0.7281699792171826, 0.031367428289126684], "SNR": 500000, "name": "3gl1"}