{"loc": [7, 1, 0], "rotate": [-2.9710113887569674, 0.3087973148887023, -1.2748665247213233], "SNR": 500000, "name": "3gl1"}