{"loc": [-6, 7, -5], "rotate": [2.2669040089014536, 1.2056887467154012, 0.5962062209748883], "SNR": 500000, "name": "3gl1"}