{"loc": [3, 6, -7], "rotate": [2.027333388877443, 1.6007839700122712, 1.0388717640542657], "SNR": 500000, "name": "3gl1"}