{"loc": [-7, 2, -5], "rotate": [1.9331020896537505, 1.335599567235951, 0.434358089860191], "SNR": 500000, "name": "3gl1"}