{"loc": [-5, -7, 4], "rotate": [2.5685024266260474, 2.0383742276203796, 1.0838841900054539], "SNR": 500000, "name": "3gl1"}