{"loc": [-5, -1, 4], "rotate": [-3.1024395859683596, 0.7579924395667842, -1.0636520099778224], "SNR": 500000, "name": "3gl1"}