{"loc": [-2, -1, -7], "rotate": [-2.5584631632580614, 1.3511606009116126, -2.184512585858339], "SNR": 500000, "name": "3gl1"}