{"loc": [5, -5, -5], "rotate": [-2.0032436027810063, 0.58807975272822, -2.2373486263002405], "SNR": 500000, "name": "3gl1"}