{"loc": [0, -2, -4], "rotate": [2.4199089115349275, 1.0054967684182863, 0.6235858139762147], "SNR": 500000, "name": "3gl1"}