{"loc": [-2, 7, 2], "rotate": [-1.8121386469374738, 1.5381065684527655, -2.553656587924841], "SNR": 500000, "name": "3gl1"}