{"loc": [-2, 0, -4], "rotate": [-2.2403387158441883, 0.8992696669858476, -2.2430797455514], "SNR": 500000, "name": "3gl1"}