{"loc": [0, -6, 2], "rotate": [-2.5614010311578395, 0.8776840344046936, -1.5036475496626787], "SNR": 500000, "name": "3gl1"}