{"loc": [-3, 5, -2], "rotate": [-2.486069435111023, 0.6286041909159715, -1.5896994107155846], "SNR": 500000, "name": "3gl1"}