{"loc": [2, 1, 4], "rotate": [-2.103517879614998, 1.3824983228180554, -2.1153283238136518], "SNR": 500000, "name": "3gl1"}