{"loc": [-2, 1, -2], "rotate": [-2.9637777477939613, 0.8348135584247968, -1.365659777178002], "SNR": 500000, "name": "3gl1"}