{"loc": [0, -5, -5], "rotate": [2.5925736280849954, 0.6795930353985705, 0.17598985351681792], "SNR": 500000, "name": "3gl1"}