{"loc": [5, 1, 1], "rotate": [2.2693945994189986, 2.0280273781343974, 0.9365512431284342], "SNR": 500000, "name": "3gl1"}