{"loc": [-2, -4, 0], "rotate": [-3.1369173393777525, 0.8694029998897382, -1.0525687210698143], "SNR": 500000, "name": "3gl1"}