{"loc": [-7, 6, -6], "rotate": [-2.1093834527131263, 2.120457038310807, -2.7614193554575888], "SNR": 500000, "name": "3gl1"}