{"loc": [-3, 6, 1], "rotate": [2.3974131540604295, 1.7872414596175468, 0.8842045333343622], "SNR": 500000, "name": "3gl1"}