{"loc": [0, 0, -2], "rotate": [2.20940794629469, 1.728458983408493, 1.5556192194179814], "SNR": 500000, "name": "3gl1"}