{"loc": [4, -6, -1], "rotate": [2.964872511564698, 0.8069411470636496, -0.5614185606606328], "SNR": 500000, "name": "3gl1"}