{"loc": [1, -3, 5], "rotate": [-2.776640250954204, 0.7783988582497272, -0.8618097810793224], "SNR": 500000, "name": "3gl1"}