{"loc": [0, 0, -6], "rotate": [2.5663974026650767, 2.2171208902790207, 1.8652348346057086], "SNR": 500000, "name": "3gl1"}