{"loc": [0, 7, 6], "rotate": [-2.163101736997532, 1.2425180657978576, -2.018489403375041], "SNR": 500000, "name": "3gl1"}