{"loc": [-3, 5, 3], "rotate": [-3.1197331340047025, 0.5098182769647137, -0.6816904169443305], "SNR": 500000, "name": "3gl1"}