{"loc": [-5, -4, -5], "rotate": [2.3029998142160943, 1.6666267065310272, 1.1643994780636684], "SNR": 500000, "name": "3gl1"}