{"loc": [7, 1, -6], "rotate": [3.002936605439087, 0.857812684172106, -0.11949553796562828], "SNR": 500000, "name": "3gl1"}