{"loc": [3, -1, 7], "rotate": [-2.202551845991849, 1.0672465834364253, -1.9816739606044937], "SNR": 500000, "name": "3gl1"}