{"loc": [6, 3, -6], "rotate": [3.0024160086115796, 2.270836615005296, 2.2261309075893623], "SNR": 500000, "name": "3gl1"}