{"loc": [-7, 1, -3], "rotate": [2.34541623520549, 1.0111998849621826, 0.5483735402385425], "SNR": 500000, "name": "3gl1"}