{"loc": [-5, 4, 5], "rotate": [-2.3267978799955986, 1.1103610018729662, -1.6047235801051318], "SNR": 500000, "name": "3gl1"}