{"loc": [0, 3, -4], "rotate": [-2.264755744959041, 1.249638400026154, -1.9841138112054506], "SNR": 500000, "name": "3gl1"}