{"loc": [-5, -7, 0], "rotate": [-1.9056183510535303, 2.162058325078778, -2.451987232568753], "SNR": 500000, "name": "3gl1"}