{"loc": [-6, 1, -7], "rotate": [2.348144304986215, 1.1953697342183616, 0.6473456480224312], "SNR": 500000, "name": "3gl1"}