{"loc": [3, 1, 3], "rotate": [2.5811710071276597, 1.9406825974920467, 1.6517906264357434], "SNR": 500000, "name": "3gl1"}