{"loc": [7, 2, -2], "rotate": [2.5384995371726644, 0.9545903799968609, -0.47110934304797797], "SNR": 500000, "name": "3gl1"}