{"loc": [6, 0, -5], "rotate": [-2.883635136335941, 0.6748403854543332, -1.574943592489016], "SNR": 500000, "name": "3gl1"}