{"loc": [4, 6, 5], "rotate": [-2.872896156087184, 0.7876045505866731, -1.399949794826235], "SNR": 500000, "name": "3gl1"}