{"loc": [0, 2, -2], "rotate": [1.9612444062365424, 1.4160910161428673, 0.20785311330780337], "SNR": 500000, "name": "3gl1"}