{"loc": [-7, 7, 5], "rotate": [-2.769067431277871, 0.6798473168067298, -1.0644789714264684], "SNR": 500000, "name": "3gl1"}