{"loc": [-7, 6, -3], "rotate": [2.187111190195985, 1.1216344018794546, 0.10100984603595349], "SNR": 500000, "name": "3gl1"}