{"loc": [-7, -4, -4], "rotate": [2.7223671194631534, 0.44050249101330136, -0.39414279357434456], "SNR": 500000, "name": "3gl1"}