{"loc": [2, -4, -7], "rotate": [2.058917604881839, 1.8724996340825224, 0.8311013533625767], "SNR": 500000, "name": "3gl1"}