{"loc": [2, -1, 7], "rotate": [-2.123369588961829, 1.6917580713853986, -2.3127603110641486], "SNR": 500000, "name": "3gl1"}