{"loc": [6, -3, -7], "rotate": [2.8430074030864927, 0.8430607835763854, -0.2749918174754102], "SNR": 500000, "name": "3gl1"}