{"loc": [0, -7, -3], "rotate": [-2.890854587340154, 0.7529271045270604, -1.3490492098787998], "SNR": 500000, "name": "3gl1"}