{"loc": [-7, 2, 5], "rotate": [-2.7551936316589423, 0.8391340217845458, -1.4875483648204508], "SNR": 500000, "name": "3gl1"}