{"loc": [-3, 4, 7], "rotate": [-2.2648189670046923, 1.9598205459782965, -2.5295580033414455], "SNR": 500000, "name": "3gl1"}