{"loc": [-6, -5, 0], "rotate": [3.07583375053297, 0.4991053491473604, -0.8604592044503105], "SNR": 500000, "name": "3gl1"}