{"loc": [1, -1, 7], "rotate": [2.314341124416128, 1.334027382358787, 0.9323497271782367], "SNR": 500000, "name": "3gl1"}