{"loc": [3, 3, 7], "rotate": [2.4110456766295676, 0.8376101967751277, -0.01201414215342815], "SNR": 500000, "name": "3gl1"}