{"loc": [7, -6, 0], "rotate": [2.7022521258149568, 0.6719180516390992, -0.22130356357926442], "SNR": 500000, "name": "3gl1"}