{"loc": [5, -5, -2], "rotate": [2.1672467204770025, 0.7869453949764883, 0.3684052947138264], "SNR": 500000, "name": "3gl1"}