{"loc": [-1, 2, -7], "rotate": [-2.376074778095657, 1.3899729036834836, -1.8909322155196286], "SNR": 500000, "name": "3gl1"}