{"loc": [-6, 0, -5], "rotate": [-2.2527070212927236, 1.7089826610082828, -2.2506229371192608], "SNR": 500000, "name": "3gl1"}