{"loc": [-4, 4, 4], "rotate": [-3.1335629322101823, 0.5357784225448831, -0.9122114617069941], "SNR": 500000, "name": "3gl1"}