{"loc": [-3, 0, -5], "rotate": [2.638327761292259, 1.1394390732004307, 0.6348267813179731], "SNR": 500000, "name": "3gl1"}