{"loc": [-2, 0, 4], "rotate": [2.268550596205515, 1.4807588510212601, 1.0335580511788172], "SNR": 500000, "name": "3gl1"}