{"loc": [5, 3, 0], "rotate": [-1.727855498341565, 1.2264899638446283, -2.6983662977158227], "SNR": 500000, "name": "3gl1"}