{"loc": [-5, -7, -6], "rotate": [2.19884675102068, 1.6850372633170554, 0.3863658245264968], "SNR": 500000, "name": "3gl1"}