{"loc": [-1, 2, -4], "rotate": [-2.0618637044828008, 0.9345550327850934, -1.6799260582707574], "SNR": 500000, "name": "3gl1"}