{"loc": [3, -3, 3], "rotate": [-2.338943277184042, 1.135655425628879, -1.6361886962511996], "SNR": 500000, "name": "3gl1"}