{"loc": [6, -1, 2], "rotate": [-2.7537156155310196, 0.8316135309213868, -1.2910834500554291], "SNR": 500000, "name": "3gl1"}