{"loc": [2, 5, 2], "rotate": [2.6278441903913747, 0.6611075463280661, -0.032301986719362186], "SNR": 500000, "name": "3gl1"}