{"loc": [0, 2, 6], "rotate": [-2.6335879196500227, 0.6401909838582885, -1.0173420981356693], "SNR": 500000, "name": "3gl1"}