{"loc": [2, 1, 2], "rotate": [-2.2825245921532433, 1.1339937908292521, -1.4390941677436524], "SNR": 500000, "name": "3gl1"}