{"loc": [-4, 0, 1], "rotate": [-2.947869837962864, 0.8591428247945508, -0.8756465263740499], "SNR": 500000, "name": "3gl1"}