{"loc": [6, -3, -6], "rotate": [-2.6065268837556377, 0.4458051655941631, -1.6856696186647866], "SNR": 500000, "name": "3gl1"}