{"loc": [6, 2, 0], "rotate": [2.3055033930095785, 0.8172436872387228, 0.4069157695164432], "SNR": 500000, "name": "3gl1"}