{"loc": [4, 0, 0], "rotate": [2.3254892633710225, 1.3908972422241885, 0.24065975849413807], "SNR": 500000, "name": "3gl1"}