{"loc": [4, -2, -1], "rotate": [2.8253232447086805, 0.49090556407433017, -0.3158647397826172], "SNR": 500000, "name": "3gl1"}