{"loc": [-1, 6, 1], "rotate": [2.9635734580666955, 0.7367274440511763, 0.0801991629167762], "SNR": 500000, "name": "3gl1"}