{"loc": [-6, 0, 5], "rotate": [-1.8501223247994256, 1.4323946262646818, -2.4224657954539355], "SNR": 500000, "name": "3gl1"}