{"loc": [-3, -1, -3], "rotate": [-2.311917488672585, 0.9674450078812968, -2.2054909703757324], "SNR": 500000, "name": "3gl1"}