{"loc": [0, 5, 5], "rotate": [2.7654210706048437, 0.9579693273794399, -0.6996105794037013], "SNR": 500000, "name": "3gl1"}