{"loc": [0, 2, -6], "rotate": [-2.1821478596835067, 0.481698473170326, -1.638347874358708], "SNR": 500000, "name": "3gl1"}