{"loc": [-3, -3, -3], "rotate": [-2.5462407287143654, 0.7849882958790757, -1.6722687877362306], "SNR": 500000, "name": "3gl1"}