{"loc": [0, -1, -6], "rotate": [2.7448926004913172, 0.6512876430781298, -0.4543154622407244], "SNR": 500000, "name": "3gl1"}