{"loc": [6, -5, -2], "rotate": [-2.354206494179242, 0.7989940708104704, -1.664643137388554], "SNR": 500000, "name": "3gl1"}