{"loc": [1, 0, 3], "rotate": [2.09213136678877, 1.2536811602142781, 0.9908573708433073], "SNR": 500000, "name": "3gl1"}