{"loc": [-1, -4, -5], "rotate": [1.830422614275933, 1.6714715341153292, 0.966046367142972], "SNR": 500000, "name": "3gl1"}