{"loc": [-1, 0, 7], "rotate": [2.9882134056705234, 0.726144067895794, -0.18724467390302038], "SNR": 500000, "name": "3gl1"}