{"loc": [0, 0, 7], "rotate": [1.9091619092680068, 2.4568324808167312, 1.1535639359063492], "SNR": 500000, "name": "3gl1"}