{"loc": [6, 2, 1], "rotate": [2.762473266206226, 0.5961586241540429, -0.39895156031374374], "SNR": 500000, "name": "3gl1"}