{"loc": [-3, 6, -1], "rotate": [-0.16205037745657433, 0.7295370927175496, -0.8086736522678616], "SNR": 500000, "name": "3gl1"}