{"loc": [5, -5, 0], "rotate": [-2.204397850439338, 2.412926589270564, -3.05980115783061], "SNR": 500000, "name": "3gl1"}