{"loc": [-3, 0, -1], "rotate": [-2.163916934723886, 1.111182857459901, -1.9961305450027498], "SNR": 500000, "name": "3gl1"}