{"loc": [3, -1, -1], "rotate": [2.3061911238754513, 0.9815704054508447, 0.49230226737387567], "SNR": 500000, "name": "2h12"}