{"loc": [5, -6, -6], "rotate": [-2.081277764230107, 1.189819581018645, -2.435277474835724], "SNR": 500000, "name": "2h12"}