{"loc": [1, 0, 1], "rotate": [-3.062000569646902, 0.8386113886338329, -0.5863087483635295], "SNR": 500000, "name": "2h12"}