{"loc": [7, 2, -1], "rotate": [2.8475914528535773, 0.41658836722207215, -0.07803137732953593], "SNR": 500000, "name": "2h12"}