{"loc": [-7, 0, 1], "rotate": [2.5974436783357926, 1.6110943791682835, 0.20005288892106038], "SNR": 500000, "name": "2h12"}