{"loc": [1, -5, -2], "rotate": [-1.9216264320641723, 2.471451303566995, -2.7144293962411323], "SNR": 500000, "name": "2h12"}