{"loc": [0, -1, 7], "rotate": [-2.503212824090605, 0.9354262130380302, -1.8680426468892133], "SNR": 500000, "name": "2h12"}