{"loc": [-1, -4, 5], "rotate": [2.3485758790147395, 2.0405946117960596, 1.080733502751685], "SNR": 500000, "name": "2h12"}