{"loc": [-7, 4, 5], "rotate": [2.1834207093625553, 1.467718789076726, 0.8769720242359688], "SNR": 500000, "name": "2h12"}