{"loc": [-7, -2, -5], "rotate": [2.3740153373690513, 1.0740881121684163, 0.3061280407304015], "SNR": 500000, "name": "2h12"}