{"loc": [-5, 3, 6], "rotate": [-2.059268234781335, 1.2595319082157856, -2.1384602739800753], "SNR": 500000, "name": "2h12"}