{"loc": [-4, -7, -1], "rotate": [2.024010514527915, 1.605305711115793, 0.8756713028825304], "SNR": 500000, "name": "2h12"}