{"loc": [4, -5, -5], "rotate": [2.8430426097871684, 1.0095329034306089, -0.14529853287809189], "SNR": 500000, "name": "2h12"}