{"loc": [-5, 6, 1], "rotate": [-2.827083257271534, 1.0155692586041882, -1.5442767580779375], "SNR": 500000, "name": "2h12"}