{"loc": [0, -4, 4], "rotate": [1.9819026222671643, 1.1026355343703658, 0.7119282394823738], "SNR": 500000, "name": "2h12"}