{"loc": [0, -5, -3], "rotate": [-2.061562321542433, 2.075702882458404, -2.7942949258323058], "SNR": 500000, "name": "2h12"}