{"loc": [1, 0, -5], "rotate": [2.626102167938836, 1.1420096443291687, 0.3003345635935453], "SNR": 500000, "name": "2h12"}