{"loc": [0, 7, 2], "rotate": [2.9413173141628985, 0.6982122654604708, -0.5970219252592872], "SNR": 500000, "name": "2h12"}