{"loc": [6, -1, -3], "rotate": [2.3689094383958684, 0.4285646232134723, 0.2808161491707368], "SNR": 500000, "name": "2h12"}