{"loc": [6, 0, 3], "rotate": [2.2951928601740192, 1.45543816373519, 0.8232858886635287], "SNR": 500000, "name": "2h12"}