{"loc": [0, 4, -2], "rotate": [-2.28501988299661, 1.583828488551188, -2.4524072646582007], "SNR": 500000, "name": "2h12"}