{"loc": [-6, 5, -1], "rotate": [-2.218081376801431, 1.4447078468050178, -2.2892617488730806], "SNR": 500000, "name": "2h12"}