{"loc": [-7, 1, 3], "rotate": [3.000665425132629, 2.2999195925023024, 2.2380242101472887], "SNR": 500000, "name": "2h12"}