{"loc": [7, 6, -1], "rotate": [2.9918489903002903, 0.7733300432351369, -0.5694875228139442], "SNR": 500000, "name": "2h12"}