{"loc": [2, 6, -4], "rotate": [2.1306280122183954, 0.8531123530672807, 0.5894664507625017], "SNR": 500000, "name": "2h12"}