{"loc": [-4, -3, 7], "rotate": [2.330598622747255, 1.770793028307052, 0.6921758182436978], "SNR": 500000, "name": "2h12"}