{"loc": [-7, 6, -2], "rotate": [-2.118777174150375, 0.6592834348564505, -1.7079950935565855], "SNR": 500000, "name": "2h12"}