{"loc": [-1, 3, 1], "rotate": [-2.3841911762571266, 1.170028887842681, -1.948844689692133], "SNR": 500000, "name": "2h12"}