{"loc": [-7, 7, -3], "rotate": [-2.5101349800618173, 0.9089411972930416, -1.2010555877896403], "SNR": 500000, "name": "2h12"}