{"loc": [0, 0, 4], "rotate": [-2.742251132017845, 0.7187668096724263, -1.1022127704849185], "SNR": 500000, "name": "2h12"}