{"loc": [-1, -5, -6], "rotate": [2.4210156271019967, 1.6826948822181902, 0.8260278849546404], "SNR": 500000, "name": "2h12"}