{"loc": [6, -5, 2], "rotate": [2.7286828783232697, 1.0184795472829171, -0.22309062024070464], "SNR": 500000, "name": "2h12"}