{"loc": [3, -2, 0], "rotate": [2.441433551289219, 1.436019544862549, 1.2750102140843071], "SNR": 500000, "name": "2h12"}