{"loc": [-5, 2, 7], "rotate": [2.3219782070937383, 0.7136981100356521, 0.6973291482975207], "SNR": 500000, "name": "2h12"}