{"loc": [4, 0, 5], "rotate": [-2.6236783392762515, 0.5610095197609037, -1.5303558867835934], "SNR": 500000, "name": "2h12"}