{"loc": [5, 7, -6], "rotate": [2.9550382442587226, 2.113885347875977, 2.1272653505193655], "SNR": 500000, "name": "2h12"}