{"loc": [-3, 4, 0], "rotate": [-2.646058668477146, 1.198448335278766, -1.62791842245799], "SNR": 500000, "name": "2h12"}