{"loc": [-4, 0, -3], "rotate": [2.1952466502292673, 0.3899315316629987, 0.16429126477824335], "SNR": 500000, "name": "2h12"}