{"loc": [1, -4, 3], "rotate": [2.2390920508714682, 0.7438102754229774, 0.0025420123117098218], "SNR": 500000, "name": "2h12"}