{"loc": [0, -5, -4], "rotate": [-2.3262782592454108, 1.0871721221403992, -2.1334970238855626], "SNR": 500000, "name": "2h12"}