{"loc": [2, 1, 3], "rotate": [-2.7659599382769704, 0.4965954861739871, -1.2313779290644848], "SNR": 500000, "name": "2h12"}