{"loc": [-4, -3, -2], "rotate": [2.077176302206793, 1.916619175389015, 0.9485728717160733], "SNR": 500000, "name": "2h12"}