{"loc": [-6, 4, -7], "rotate": [3.0949846091758673, 0.621622125379023, -0.24468595935571585], "SNR": 500000, "name": "2h12"}