{"loc": [5, -3, 3], "rotate": [-2.2664530901526683, 1.3573315855658772, -1.7935452248325259], "SNR": 500000, "name": "2h12"}