{"loc": [0, 3, -2], "rotate": [2.3076460536639143, 1.2302887217676812, -0.09558855069939311], "SNR": 500000, "name": "2h12"}