{"loc": [-7, -1, 6], "rotate": [2.3670510350314564, 1.3847872118590827, 0.6413243675966865], "SNR": 500000, "name": "2h12"}