{"loc": [-3, -5, 3], "rotate": [2.7309966913813364, 0.757444022043706, -0.5075137945700355], "SNR": 500000, "name": "2h12"}