{"loc": [0, 1, 4], "rotate": [1.9235107633324053, 1.768453235663108, 0.8239806526216145], "SNR": 500000, "name": "2h12"}