{"loc": [-6, -3, -7], "rotate": [2.3309702561080465, 1.2259753897713355, 0.8530660940892609], "SNR": 500000, "name": "2h12"}