{"loc": [-1, 0, 0], "rotate": [-2.7651616465210305, 0.2156098196431893, -1.0235974946793267], "SNR": 500000, "name": "2h12"}