{"loc": [2, -5, -4], "rotate": [-2.5595166952185515, 0.6232132225644462, -1.4862326487352784], "SNR": 500000, "name": "2h12"}