{"loc": [-4, -3, 0], "rotate": [-2.998580088858282, 0.955181601222951, -1.121756494514162], "SNR": 500000, "name": "2h12"}