{"loc": [-1, 3, 5], "rotate": [-2.034656113364667, 0.7850172132499336, -1.9171293718803153], "SNR": 500000, "name": "2h12"}