{"loc": [-3, 1, 1], "rotate": [-2.5749715494299874, 1.3344758806514594, -1.97175549143458], "SNR": 500000, "name": "2h12"}