{"loc": [5, -4, -2], "rotate": [-3.004695542576013, 2.439988150695821, 2.340503373129706], "SNR": 500000, "name": "2h12"}