{"loc": [6, -4, 1], "rotate": [2.2760022923264147, 0.9299250806431056, 0.06424685125045333], "SNR": 500000, "name": "2h12"}