{"loc": [-2, 5, -3], "rotate": [2.3956413389815223, 0.9373140353386407, -0.003146360991645286], "SNR": 500000, "name": "2h12"}