{"loc": [-5, 5, 3], "rotate": [-3.095551802592712, 2.386905423792681, 2.611853347276068], "SNR": 500000, "name": "2h12"}