{"loc": [-4, -4, 7], "rotate": [3.1202075078469083, 0.6780379225465459, -0.356168619759093], "SNR": 500000, "name": "2h12"}