{"loc": [-5, 7, -3], "rotate": [-2.0829664993050208, 2.096644638651081, -2.342657716616612], "SNR": 500000, "name": "2h12"}