{"loc": [0, 0, 7], "rotate": [2.2325032698962914, 1.0829832164192055, 0.3702773175351131], "SNR": 500000, "name": "2h12"}