{"loc": [0, -1, -3], "rotate": [2.3373573028045675, 1.0050708158222739, 0.5698461480681983], "SNR": 500000, "name": "2h12"}