{"loc": [-7, 1, 2], "rotate": [2.5043318103478134, 2.074719198959836, 1.9390544652757855], "SNR": 500000, "name": "2h12"}