{"loc": [-6, -4, -4], "rotate": [3.066170690152957, 0.637694839602098, -0.6962524097179656], "SNR": 500000, "name": "2h12"}