{"loc": [6, -4, -5], "rotate": [-2.314587225009386, 1.200546520715675, -2.553444442898029], "SNR": 500000, "name": "2h12"}