{"loc": [-2, -2, 4], "rotate": [2.694738474339373, 1.2079554632123561, -0.28437408501634265], "SNR": 500000, "name": "2h12"}