{"loc": [-6, 0, -7], "rotate": [2.8474953775705405, 0.829488673764361, -0.3575519597259339], "SNR": 500000, "name": "2h12"}