{"loc": [-4, -1, 1], "rotate": [2.336971382310561, 1.7643266453276338, 0.9174221432813449], "SNR": 500000, "name": "2h12"}