{"loc": [-1, -1, 7], "rotate": [2.790662884927683, 1.2247465652001837, -0.5298005188338774], "SNR": 500000, "name": "2h12"}