{"loc": [1, -7, -1], "rotate": [3.084052577465371, 2.715992500709398, 2.7687712676429888], "SNR": 500000, "name": "2h12"}