{"loc": [-3, 0, -5], "rotate": [-2.7644192140253407, 1.2036563071221833, -1.9118997273323768], "SNR": 500000, "name": "2h12"}