{"loc": [3, -4, 0], "rotate": [2.534429625623014, 2.3596726474262715, 1.1219461060238205], "SNR": 500000, "name": "2h12"}