{"loc": [-5, -3, 3], "rotate": [2.2856424448413466, 0.5026602528123307, 0.015126241714352326], "SNR": 500000, "name": "2h12"}