{"loc": [4, -2, -5], "rotate": [-2.6924792839302105, 1.7242389622197352, -2.979104013890785], "SNR": 500000, "name": "2h12"}