{"loc": [-2, 6, -5], "rotate": [-2.7738074720157324, 0.607352617823919, -0.7794806542731144], "SNR": 500000, "name": "2h12"}