{"loc": [-1, 4, 0], "rotate": [2.5733778571932278, 1.605456001932006, 0.6157501648511846], "SNR": 500000, "name": "2h12"}