{"loc": [-7, -5, 5], "rotate": [2.1979007459014084, 0.43215538425561917, 0.28836329337725525], "SNR": 500000, "name": "2h12"}