{"loc": [-4, -7, 0], "rotate": [-2.230201743664669, 1.7221051043803752, -2.808459697719145], "SNR": 500000, "name": "2h12"}