{"loc": [-5, -7, -6], "rotate": [2.446986806481865, 0.8047158928762008, 0.03587909742768271], "SNR": 500000, "name": "2h12"}