{"loc": [-7, 4, 0], "rotate": [2.5118436009580973, 0.8600775952870565, 0.0204444513082502], "SNR": 500000, "name": "2h12"}