{"loc": [5, -2, 0], "rotate": [2.531764357679165, 0.8675192970676484, 0.2404333069523589], "SNR": 500000, "name": "2h12"}