{"loc": [-1, -1, -1], "rotate": [-2.447813421763692, 0.5019317655934813, -1.5119797370510353], "SNR": 500000, "name": "2h12"}