{"loc": [-1, 6, -4], "rotate": [-2.374758410663439, 0.9855721009937982, -1.6687905122560613], "SNR": 500000, "name": "2h12"}