{"loc": [-5, 1, -6], "rotate": [-2.47782397166062, 1.0034350524242135, -1.5977386212846545], "SNR": 500000, "name": "2h12"}