{"loc": [5, -3, 5], "rotate": [-2.6591433292074234, 1.060287557722966, -1.6225034853128844], "SNR": 500000, "name": "2h12"}