{"loc": [5, 7, -3], "rotate": [-3.126973332230024, 0.9343250820514992, -0.691306282082175], "SNR": 500000, "name": "2h12"}