{"loc": [2, -7, -5], "rotate": [-2.144681740008693, 2.1313145889341083, -2.801113587988461], "SNR": 500000, "name": "2h12"}