{"loc": [-6, 0, 2], "rotate": [-2.70641788314945, 0.7830178911215437, -1.451816894449994], "SNR": 500000, "name": "2h12"}