{"loc": [3, 3, 0], "rotate": [1.9156349726761264, 1.2985530709989968, 0.27973265546358644], "SNR": 500000, "name": "2h12"}