{"loc": [1, 5, 5], "rotate": [2.2826787227263106, 1.3786887092129294, 0.2604871582001776], "SNR": 500000, "name": "2h12"}