{"loc": [-5, 0, -7], "rotate": [3.089749244281812, 0.8639670863878572, -0.25856260362859024], "SNR": 500000, "name": "2h12"}