{"loc": [4, -3, -3], "rotate": [2.2503299558788203, 0.606495889622061, 0.17673829042142292], "SNR": 500000, "name": "2h12"}