{"loc": [0, 5, 0], "rotate": [2.305846095208488, 0.6452324434242434, 0.21951130561720425], "SNR": 500000, "name": "2h12"}