{"loc": [3, 7, 6], "rotate": [2.7583952449199147, 1.0032980931801188, -0.1728225161849673], "SNR": 500000, "name": "2h12"}