{"loc": [-4, 1, 3], "rotate": [2.1996869873872362, 0.6277632156431497, -0.11482133169971008], "SNR": 500000, "name": "2h12"}