{"loc": [-4, -4, -6], "rotate": [-2.4979148867047436, 0.5819804459841239, -1.8093417444007913], "SNR": 500000, "name": "2h12"}