{"loc": [-2, 6, 0], "rotate": [2.046836987465918, 1.0510393039245125, 0.7062808768081695], "SNR": 500000, "name": "2h12"}