{"loc": [-2, 4, 2], "rotate": [3.0663940501322675, 0.6265974620947448, -0.4903690152802612], "SNR": 500000, "name": "2h12"}