{"loc": [-3, 0, 0], "rotate": [2.2817081249889046, 1.8318207762687853, 1.0582445354359458], "SNR": 500000, "name": "2h12"}