{"loc": [5, -7, 7], "rotate": [2.5951353654789098, 0.586232127591243, 0.09219231531344155], "SNR": 500000, "name": "2h12"}