{"loc": [5, 3, 5], "rotate": [-2.400093464251528, 2.2533264826096358, 3.0739423439994327], "SNR": 500000, "name": "2h12"}