{"loc": [2, -3, -1], "rotate": [-2.1238378386665024, 1.5495566687756743, -1.793912639237113], "SNR": 500000, "name": "2h12"}