{"loc": [-1, 7, 0], "rotate": [2.5377394482519535, 1.1238478568200883, 0.27395013846456523], "SNR": 500000, "name": "2h12"}