{"loc": [6, 6, -6], "rotate": [3.008980883583607, 0.7403409722334066, -0.33177196610023824], "SNR": 500000, "name": "2h12"}