{"loc": [6, 5, -5], "rotate": [-2.5025972513667147, 1.0898727647946524, -1.560269438007387], "SNR": 500000, "name": "2h12"}