{"loc": [-2, 0, -2], "rotate": [-2.142646142793528, 1.1198615943287429, -1.9361893870972624], "SNR": 500000, "name": "2h12"}