{"loc": [3, 3, -2], "rotate": [2.7774082029226634, 0.8569639363755995, -0.249821001390293], "SNR": 500000, "name": "2h12"}