{"loc": [-4, 0, 1], "rotate": [-2.7344597722961796, 0.9459336292204823, -1.7085007297494672], "SNR": 500000, "name": "2h12"}