{"loc": [1, 6, -6], "rotate": [3.1182306891099145, 0.6730125584032033, -0.740355093641682], "SNR": 500000, "name": "2h12"}