{"loc": [1, 3, 7], "rotate": [2.6032961281044673, 1.22115448419824, 0.19202216844270079], "SNR": 500000, "name": "2h12"}