{"loc": [3, -6, 0], "rotate": [-2.661463071733815, 0.7289182432670812, -1.5539950102937072], "SNR": 500000, "name": "2h12"}