{"loc": [1, 7, -7], "rotate": [2.0228882818898324, 1.4016022804188095, 0.8633713426213662], "SNR": 500000, "name": "2h12"}