{"loc": [0, 4, -6], "rotate": [-1.9548443398028954, 1.61089736615, -2.198812249189074], "SNR": 500000, "name": "2h12"}