{"loc": [2, 2, 6], "rotate": [1.9303074775444258, 1.5503369073418307, 0.40592787488839394], "SNR": 500000, "name": "2h12"}