{"loc": [5, 5, 5], "rotate": [-2.560768593895902, 0.5781066584268576, -1.0646900353094126], "SNR": 500000, "name": "2h12"}