{"loc": [0, 6, -4], "rotate": [2.4505952859216045, 2.5363400928191284, 1.5667792479544118], "SNR": 500000, "name": "2h12"}