{"loc": [-3, 5, -3], "rotate": [2.4016730099869252, 1.2313820217642146, 0.13641609948723848], "SNR": 500000, "name": "2h12"}