{"loc": [2, 0, -3], "rotate": [2.7648878548202833, 0.3312833470727341, -0.5311823271999093], "SNR": 500000, "name": "2h12"}