{"loc": [1, -2, -7], "rotate": [2.509122577635358, 0.8966833165701179, 0.2737295789903645], "SNR": 500000, "name": "2h12"}