{"loc": [0, 0, -2], "rotate": [-2.850769025094211, 0.8221336358567399, -1.363464335858377], "SNR": 500000, "name": "2h12"}