{"loc": [-7, 5, -1], "rotate": [-2.114081748771334, 1.4407776142130355, -2.3908146466031437], "SNR": 500000, "name": "2h12"}