{"loc": [1, 3, 2], "rotate": [-2.210323234037678, 0.8781476775042033, -2.0981086362682553], "SNR": 500000, "name": "2h12"}