{"loc": [-7, -4, 1], "rotate": [2.6636921862224976, 0.5201212040206835, 0.03149203010173686], "SNR": 500000, "name": "2h12"}