{"loc": [7, 3, -2], "rotate": [2.3531736130226784, 0.990731581104636, 0.3997924629234572], "SNR": 500000, "name": "2h12"}