{"loc": [2, 2, -2], "rotate": [2.682347463647069, 0.8956315662361989, -0.1907906993370233], "SNR": 500000, "name": "2h12"}