{"loc": [1, 6, 4], "rotate": [2.0823679892985023, 1.46911596141638, 0.8551237430189955], "SNR": 500000, "name": "2h12"}