{"loc": [6, 3, 6], "rotate": [3.0834140367928926, 0.797292064748207, -0.6130329007524468], "SNR": 500000, "name": "2h12"}