{"loc": [3, -5, -5], "rotate": [-2.6495131388313675, 0.7257145332560331, -1.356157893047641], "SNR": 500000, "name": "2h12"}