{"loc": [3, 6, 7], "rotate": [2.90433302170616, 0.978569087278594, -0.24138929950897378], "SNR": 500000, "name": "2h12"}