{"loc": [-4, 7, -2], "rotate": [2.0208289714693515, 1.5542804498953016, 0.7890126394395125], "SNR": 500000, "name": "2h12"}