{"loc": [-2, -1, 4], "rotate": [1.8877837762054788, 1.1105982440828537, 0.6092157756208008], "SNR": 500000, "name": "2h12"}