{"loc": [-1, 6, -6], "rotate": [2.4559127782852355, 0.9973322837424172, 0.5823317861459713], "SNR": 500000, "name": "2h12"}