{"loc": [-1, -1, 6], "rotate": [2.527362387990275, 0.951034394229248, 0.18083109252144056], "SNR": 500000, "name": "2h12"}