{"loc": [0, 0, 2], "rotate": [2.717856675001167, 0.62888633058535, -0.527547698004516], "SNR": 500000, "name": "2h12"}