{"loc": [-7, -6, 1], "rotate": [2.5665293721593687, 0.38498812979609087, -0.34412827649643085], "SNR": 500000, "name": "2h12"}