{"loc": [-3, -6, 5], "rotate": [-2.726491871924268, 0.7402874110152262, -1.4148148548530959], "SNR": 500000, "name": "2h12"}