{"loc": [0, -3, 2], "rotate": [2.212647069561526, 1.6684305052231727, 0.8678368970406327], "SNR": 500000, "name": "2h12"}