{"loc": [-3, 2, -2], "rotate": [2.2729906702566534, 1.1645624806261352, 0.4468605237245841], "SNR": 500000, "name": "2h12"}