{"loc": [-4, -5, -7], "rotate": [-3.0046433823446423, 0.683738315675962, -0.5415718760632366], "SNR": 500000, "name": "2h12"}