{"loc": [5, -7, -2], "rotate": [2.3304614522576914, 1.0145708192593876, 0.5228267637772939], "SNR": 500000, "name": "2h12"}