{"loc": [1, -4, 7], "rotate": [-2.8334722208039715, 0.9423828351225351, -1.3568985758753374], "SNR": 500000, "name": "2h12"}