{"loc": [6, 0, 0], "rotate": [2.3463848736666875, 1.5773401759092205, 1.474262917417944], "SNR": 500000, "name": "2h12"}