{"loc": [4, -6, -2], "rotate": [-2.393926622343962, 1.4956483333198118, -2.329084429768914], "SNR": 500000, "name": "2h12"}