{"loc": [3, -3, 2], "rotate": [-2.610852528021743, 0.85373981588792, -1.4316887492218255], "SNR": 500000, "name": "2h12"}