{"loc": [5, -3, 6], "rotate": [1.877754865676675, 1.5246153125765158, 0.38820861645734317], "SNR": 500000, "name": "2h12"}