{"loc": [5, -1, 2], "rotate": [-2.405319839171096, 0.9530384858917516, -2.2132821414624533], "SNR": 500000, "name": "2h12"}