{"loc": [6, -2, 1], "rotate": [2.8159380900313256, 2.14555810457567, 1.5454208030428747], "SNR": 500000, "name": "2h12"}