{"loc": [-4, -4, 1], "rotate": [-2.369962568002975, 0.23448600526716304, -1.555352495212852], "SNR": 500000, "name": "2h12"}