{"loc": [-1, 3, -3], "rotate": [2.5785279482660832, 0.8817821286544287, 0.07867723417147407], "SNR": 500000, "name": "2h12"}