{"loc": [-1, 6, 2], "rotate": [3.029096690283982, 0.5262635917668147, -0.9515830143140838], "SNR": 500000, "name": "2h12"}