{"loc": [2, 2, -7], "rotate": [-2.2512355967818345, 1.2854196011420813, -2.510151388135013], "SNR": 500000, "name": "2h12"}