{"loc": [5, -1, 3], "rotate": [-2.422689528822729, 0.9870982749010551, -2.1023897227071457], "SNR": 500000, "name": "2h12"}