{"loc": [-7, 0, -3], "rotate": [2.4955270003761933, 1.3376470498437434, 1.0735400747436552], "SNR": 500000, "name": "2h12"}