{"loc": [6, 2, 1], "rotate": [-2.429192375043542, 0.7831482517619119, -1.5819067043623665], "SNR": 500000, "name": "2h12"}