{"loc": [6, -6, 5], "rotate": [-2.9651763107380735, 0.6590461678797119, -1.263540571066112], "SNR": 500000, "name": "2h12"}