{"loc": [4, 0, 0], "rotate": [2.419758180520176, 0.9255440801449629, 0.2933496491213422], "SNR": 500000, "name": "2h12"}