{"loc": [-4, 0, -7], "rotate": [-1.9797558235857484, 0.7628088877805261, -1.9217937180341818], "SNR": 500000, "name": "2h12"}