{"loc": [5, -7, 1], "rotate": [-2.2747239250667715, 1.0070600463493362, -2.049701020126509], "SNR": 500000, "name": "2h12"}