{"loc": [0, -2, 0], "rotate": [2.149057789934049, 1.3343851578439472, 0.834303078746192], "SNR": 500000, "name": "2h12"}