{"loc": [6, 0, -2], "rotate": [-2.90382829101792, 0.38715266794197223, -1.1918746360687815], "SNR": 500000, "name": "2h12"}