{"loc": [-1, -5, -6], "rotate": [2.424906965166064, 0.8104664496689269, 0.61178357061196], "SNR": 500000, "name": "2h12"}