{"loc": [0, 4, -4], "rotate": [-2.6613697365743425, 1.0221495563263525, -1.486977974498308], "SNR": 500000, "name": "2h12"}