{"loc": [-5, 5, -1], "rotate": [-2.152202642038788, 0.6578567787352245, -2.1140577096687205], "SNR": 500000, "name": "2h12"}