{"loc": [-4, -5, 0], "rotate": [1.9098210733834555, 1.4235654163371008, 1.0757603216148954], "SNR": 500000, "name": "2h12"}