{"loc": [0, 0, 0], "rotate": [-2.656644939075987, 0.7775553885207123, -1.357520379167824], "SNR": 500000, "name": "2h12"}