{"loc": [6, 3, -6], "rotate": [1.981211437664027, 1.3507247892496348, 0.6733503283567787], "SNR": 500000, "name": "2h12"}