{"loc": [-6, -7, -7], "rotate": [-2.356656717099822, 1.3250985737767933, -2.466883814818208], "SNR": 500000, "name": "2h12"}