{"loc": [5, -7, 3], "rotate": [-2.2560314808039887, 1.619413925107715, -3.1039482747039417], "SNR": 500000, "name": "2h12"}