{"loc": [-5, -1, 3], "rotate": [-2.374355598551865, 1.1262423054133954, -2.030877201305442], "SNR": 500000, "name": "2h12"}