{"loc": [-2, -5, -1], "rotate": [-2.1327918533583796, 1.0697756381674979, -1.7534709954370504], "SNR": 500000, "name": "2h12"}