{"loc": [1, -6, 0], "rotate": [-2.792534947673697, 0.8035354631642299, -1.1128489720148729], "SNR": 500000, "name": "2h12"}