{"loc": [-3, 7, 3], "rotate": [-2.089717981033849, 2.0172122497496567, -2.5454891334020417], "SNR": 500000, "name": "2h12"}