{"loc": [-2, -2, -5], "rotate": [2.2306029488087105, 1.8117045495691635, 0.8872599922589604], "SNR": 500000, "name": "2h12"}