{"loc": [-6, 7, 3], "rotate": [-2.1480722426927183, 1.726852269587774, -1.864251081038866], "SNR": 500000, "name": "2h12"}