{"loc": [3, 2, 6], "rotate": [2.61924407945353, 0.660547856442437, 0.037789074264410194], "SNR": 500000, "name": "2h12"}