{"loc": [-1, 4, 4], "rotate": [2.280959165488831, 1.7628590791417762, 0.9337206034752557], "SNR": 500000, "name": "2h12"}