{"loc": [-3, 0, 6], "rotate": [2.2023942585535936, 1.5880671310890015, 0.9608140425020903], "SNR": 500000, "name": "2h12"}