{"loc": [-2, -5, 4], "rotate": [-2.4667232288790797, 2.0297910489154414, -3.0680997557032326], "SNR": 500000, "name": "2h12"}