{"loc": [-7, -1, 5], "rotate": [2.364702437176598, 0.8428815532013665, 0.03831596702766919], "SNR": 500000, "name": "2h12"}