{"loc": [5, 6, -3], "rotate": [2.5393992783132147, 2.099192531270467, 1.437701046351864], "SNR": 500000, "name": "2h12"}