{"loc": [3, 2, 3], "rotate": [-2.5443397055766135, 1.9569999448128061, -3.048022998535518], "SNR": 500000, "name": "2h12"}