{"loc": [0, 0, -5], "rotate": [-2.396194196089948, 0.9368940347042537, -1.8889713966496458], "SNR": 500000, "name": "2h12"}