{"loc": [2, -1, 4], "rotate": [-2.35988901254791, 1.993294602454624, -2.5004470745175964], "SNR": 500000, "name": "2h12"}