{"loc": [-2, 5, -3], "rotate": [3.055337665161945, 0.9185327895504443, -0.6105745081596581], "SNR": 500000, "name": "2h12"}