{"loc": [-4, -7, 7], "rotate": [-2.919535912364508, 2.85575682679281, 2.5284332109746064], "SNR": 500000, "name": "2h12"}