{"loc": [0, 5, 7], "rotate": [1.8847561949696174, 1.3533895955202886, 0.7520138247661309], "SNR": 500000, "name": "2h12"}