{"loc": [2, 7, -1], "rotate": [2.398888692570279, 2.391854259785005, 1.1863399803775254], "SNR": 500000, "name": "2h12"}