{"loc": [7, -3, 1], "rotate": [2.1313733550263985, 1.022956289913076, 0.5834856259016846], "SNR": 500000, "name": "2h12"}