{"loc": [0, 3, 0], "rotate": [3.097496148710822, 2.30874050662216, 2.493350474185523], "SNR": 500000, "name": "2h12"}