{"loc": [2, 1, -6], "rotate": [2.3905594845905602, 0.7995548720582797, 0.43227321419983333], "SNR": 500000, "name": "2h12"}