{"loc": [-7, 5, 4], "rotate": [2.560040689267786, 0.7413268978399774, 0.12819208750191802], "SNR": 500000, "name": "2h12"}