{"loc": [2, 5, -2], "rotate": [-2.238308905805005, 1.216255457988609, -2.263780579985915], "SNR": 500000, "name": "2h12"}