{"loc": [1, -4, 3], "rotate": [2.085832640272269, 1.924187184295296, 0.9429693608143751], "SNR": 500000, "name": "2h12"}