{"loc": [7, 4, -5], "rotate": [2.073404116433272, 1.744989001197237, 0.9433489357653013], "SNR": 500000, "name": "2h12"}