{"loc": [0, 2, 0], "rotate": [1.9984171552107926, 1.4158976359741378, 0.7548191333851539], "SNR": 500000, "name": "2h12"}