{"loc": [-3, -2, 2], "rotate": [-2.0348782100913367, 1.4337212789299103, -2.291202381725686], "SNR": 500000, "name": "2h12"}