{"loc": [0, 2, -7], "rotate": [-2.016755000712601, 1.2707718873323433, -2.4915600370526834], "SNR": 500000, "name": "2h12"}