{"loc": [2, 4, 2], "rotate": [-2.150288481667677, 0.8804186473166671, -2.207568169443837], "SNR": 500000, "name": "2h12"}