{"loc": [-7, -6, 1], "rotate": [-3.024185810755884, 0.8063344310567392, -0.821647828340358], "SNR": 500000, "name": "2h12"}