{"loc": [-7, -4, 4], "rotate": [-2.2744951298292913, 0.9630393852884958, -1.791140847859455], "SNR": 500000, "name": "2h12"}