{"loc": [7, 4, -6], "rotate": [-2.0768207314012446, 0.9421684778940622, -2.207022792099699], "SNR": 500000, "name": "2h12"}