{"loc": [-7, 0, 7], "rotate": [-1.960187892383512, 0.943502734513526, -2.2797486053265494], "SNR": 500000, "name": "2h12"}