{"loc": [-4, 6, 2], "rotate": [-2.9442917952975836, 0.8337917883087624, -0.8015608192138047], "SNR": 500000, "name": "2h12"}