{"loc": [-1, 3, 2], "rotate": [2.718256736259227, 0.5305068392903934, 0.30090382901595225], "SNR": 500000, "name": "2h12"}