{"loc": [-4, -1, -3], "rotate": [2.6977465188154084, 0.6304524449481527, -0.33609903917445616], "SNR": 500000, "name": "2h12"}