{"loc": [-2, 1, 6], "rotate": [-2.2950355022247644, 1.056977391212029, -1.497210495682938], "SNR": 500000, "name": "2h12"}