{"loc": [0, 1, -2], "rotate": [2.5001265828373787, 0.8970130520237284, -0.1122699568151825], "SNR": 500000, "name": "2h12"}