{"loc": [-4, -5, -6], "rotate": [2.371330191539348, 2.048824246772085, 0.720666127096016], "SNR": 500000, "name": "2h12"}