{"loc": [-1, 6, -3], "rotate": [2.986475850649003, 0.7176208826625008, -0.3892352241774847], "SNR": 500000, "name": "2h12"}