{"loc": [1, 4, 1], "rotate": [2.695063783727985, 0.5481382365601958, -0.7263421812588523], "SNR": 500000, "name": "2h12"}