{"loc": [6, 7, 4], "rotate": [1.9648671587097026, 1.7584348103053327, 0.8469115961035004], "SNR": 500000, "name": "2h12"}