{"loc": [5, -6, 4], "rotate": [-2.6125297209004557, 0.9678306462054058, -1.5720178675683645], "SNR": 500000, "name": "2h12"}