{"loc": [-7, -5, 3], "rotate": [-2.6545011493224737, 1.0819313524599292, -1.4730088757265618], "SNR": 500000, "name": "2h12"}