{"loc": [-7, -4, -2], "rotate": [2.2432293393708207, 1.6722786582299272, 0.8899288900938679], "SNR": 500000, "name": "2h12"}