{"loc": [0, -3, -7], "rotate": [2.566761596478222, 1.0278128850158987, -0.013476649304885846], "SNR": 500000, "name": "2h12"}