{"loc": [-5, 5, 1], "rotate": [-2.9808863617473182, 0.36222910584356377, -1.1952773458446198], "SNR": 500000, "name": "2h12"}