{"loc": [5, 0, -4], "rotate": [2.548913049236578, 1.185546152723971, -0.04034803629025535], "SNR": 500000, "name": "2h12"}