{"loc": [6, 7, -6], "rotate": [-0.6430356523017751, 1.1119163399860452, 0.24350914525195502], "SNR": 500000, "name": "2h12"}