{"loc": [0, 0, -5], "rotate": [-3.0296511780860116, 0.7605564434995126, -1.1806467568955157], "SNR": 500000, "name": "2h12"}