{"loc": [-2, 2, 0], "rotate": [-2.747016014428957, 0.659939071286795, -0.9585955881156311], "SNR": 500000, "name": "2h12"}