{"loc": [-2, -2, 0], "rotate": [-2.8323156192333694, 0.723609402893052, -1.3201669495354615], "SNR": 500000, "name": "2h12"}