{"loc": [0, 0, -7], "rotate": [-2.180615420995961, 1.3106140838160178, -2.2587217966370132], "SNR": 500000, "name": "2h12"}