{"loc": [-2, 6, 0], "rotate": [1.9704954481879742, 0.5252883620025248, 0.5355508144500244], "SNR": 500000, "name": "2h12"}