{"loc": [0, -5, 4], "rotate": [-2.4935432031256037, 1.0323697706810757, -2.0132043374595807], "SNR": 500000, "name": "2h12"}