{"loc": [7, 5, 5], "rotate": [2.0677032021138184, 1.4782986062522072, 0.2988983259458478], "SNR": 500000, "name": "2h12"}