{"loc": [-2, -7, 2], "rotate": [2.467726811484048, 2.052058385781548, 1.3764247262687395], "SNR": 500000, "name": "2h12"}