{"loc": [1, -3, -6], "rotate": [1.941461123457198, 1.148331471348307, 0.39526987615676673], "SNR": 500000, "name": "2h12"}