{"loc": [7, 4, -2], "rotate": [2.0230979519001377, 1.2331570726010463, 0.750853740403855], "SNR": 500000, "name": "2h12"}