{"loc": [4, 0, -3], "rotate": [-2.7794486957732647, 0.7191899929095643, -1.2389292436792052], "SNR": 500000, "name": "2h12"}