{"loc": [0, -1, 3], "rotate": [2.355780263345226, 0.5760584791024084, 0.1429334870124091], "SNR": 500000, "name": "2h12"}