{"loc": [6, -3, -1], "rotate": [-2.3982982454905537, 1.5714211297731615, -1.957585209984188], "SNR": 500000, "name": "2h12"}