{"loc": [-6, 3, -4], "rotate": [-2.844144946858585, 2.3799453704064284, 2.899646116082209], "SNR": 500000, "name": "2h12"}