{"loc": [-4, 1, -7], "rotate": [2.4726628858604087, 1.4916636232206013, 0.5940375364256347], "SNR": 500000, "name": "2h12"}