{"loc": [-7, -4, -1], "rotate": [2.0199415703308867, 0.18028384355154128, 0.6324066638029947], "SNR": 500000, "name": "2h12"}