{"loc": [-7, -5, -3], "rotate": [2.189457560788414, 1.1136871475052936, 0.7641924999718757], "SNR": 500000, "name": "2h12"}