{"loc": [7, 4, -6], "rotate": [2.0351426128293304, 0.586399159407608, 0.06708631081204298], "SNR": 500000, "name": "2h12"}