{"loc": [-5, 2, 3], "rotate": [2.633276132439282, 1.0363107062499295, -0.20493241083245384], "SNR": 500000, "name": "2h12"}