{"loc": [0, -3, 4], "rotate": [-2.0409687579162723, 1.1222813979707804, -2.470240374360668], "SNR": 500000, "name": "2h12"}