{"loc": [3, 7, 6], "rotate": [-2.1730826765206133, 1.1717460919668057, -2.047628159542542], "SNR": 500000, "name": "2h12"}