{"loc": [3, 3, 4], "rotate": [-2.332127983496509, 0.78866789275543, -2.1003409944673015], "SNR": 500000, "name": "2h12"}