{"loc": [0, 0, 3], "rotate": [2.0020553644988612, 0.9112980611170637, 0.48715699930032336], "SNR": 500000, "name": "2h12"}