{"loc": [1, -4, 0], "rotate": [-2.64374203233692, 0.6292770620498113, -1.7330505664171678], "SNR": 500000, "name": "2h12"}