{"loc": [0, 1, -6], "rotate": [2.6208358768013817, 2.4482659745413273, 1.5706793081416262], "SNR": 500000, "name": "2h12"}