{"loc": [0, -7, 0], "rotate": [2.0820989023092378, 1.3796069386806238, 0.8151625456381767], "SNR": 500000, "name": "2h12"}