{"loc": [5, 0, -6], "rotate": [-1.9064527345972968, 1.099698926684119, -2.225704873383347], "SNR": 500000, "name": "2h12"}