{"loc": [5, 5, 0], "rotate": [3.0677856796008736, 0.750224443497191, -0.48081215104544917], "SNR": 500000, "name": "2h12"}