{"loc": [7, -2, 6], "rotate": [-2.2480986890482075, 2.4442055087156085, -2.73636420729736], "SNR": 500000, "name": "2h12"}