{"loc": [3, -1, -2], "rotate": [1.8714392120304542, 1.1051152561801776, 0.6749589371572915], "SNR": 500000, "name": "2h12"}