{"loc": [-4, 0, 3], "rotate": [-3.070009487296597, 0.7861299949471735, -0.5621591944189822], "SNR": 500000, "name": "2h12"}