{"loc": [4, -3, -4], "rotate": [2.0760455800173685, 1.671335191400944, 0.5859227332120244], "SNR": 500000, "name": "2h12"}