{"loc": [-7, 4, 5], "rotate": [2.6323235611549207, 0.8418077031014067, -0.3549298112969485], "SNR": 500000, "name": "2h12"}