{"loc": [-3, -4, 6], "rotate": [2.2299162922441704, 1.5087368323272523, 0.5624385111513341], "SNR": 500000, "name": "2h12"}