{"loc": [-2, 5, -4], "rotate": [2.113584173679779, 1.5096474824149364, 0.729605181953523], "SNR": 500000, "name": "2h12"}