{"loc": [-3, 6, 3], "rotate": [2.271544291432649, 0.6332089145520592, 0.28933751682671144], "SNR": 500000, "name": "2h12"}