{"loc": [4, 0, 0], "rotate": [2.3988876139370436, 1.3684384577743887, 0.3181881034792731], "SNR": 500000, "name": "2h12"}