{"loc": [6, -6, -6], "rotate": [2.6250260420928746, 1.0876466834675067, 0.20729096850961018], "SNR": 500000, "name": "2h12"}