{"loc": [0, -4, -6], "rotate": [2.1823277770106784, 1.051177577383868, 0.8602606703091524], "SNR": 500000, "name": "2h12"}