{"loc": [7, -5, -6], "rotate": [2.7338453058842567, 1.0031389558462687, -0.4816665379562427], "SNR": 500000, "name": "2h12"}