{"loc": [3, 0, 0], "rotate": [-2.1513102719239687, 1.370231152407923, -2.1665554213603313], "SNR": 500000, "name": "2h12"}