{"loc": [-5, -3, -2], "rotate": [2.6275606679634613, 0.5921059306164584, -0.30360326452281655], "SNR": 500000, "name": "2h12"}