{"loc": [0, 6, -2], "rotate": [-1.9252257428569721, 1.13596101991661, -1.83631880568807], "SNR": 500000, "name": "2h12"}