{"loc": [5, 6, 3], "rotate": [-2.5414036191515703, 0.45668639531303956, -1.3737177895108428], "SNR": 500000, "name": "2h12"}