{"loc": [2, -4, 3], "rotate": [-2.5118051533672427, 0.7521375650282859, -1.3816485873387705], "SNR": 500000, "name": "2h12"}