{"loc": [-2, -7, -4], "rotate": [1.8957906672652816, 1.0890778876487177, 0.6705255443841892], "SNR": 500000, "name": "2h12"}