{"loc": [0, 0, 3], "rotate": [2.7675447991516036, 0.48196126710247594, -0.799862502500788], "SNR": 500000, "name": "2h12"}