{"loc": [0, 2, -6], "rotate": [-2.351366977531293, 0.7981268110244264, -1.7718719453563498], "SNR": 500000, "name": "2h12"}