{"loc": [-7, 4, -5], "rotate": [2.1290689202329234, 1.7163060510788444, 1.0647883381118022], "SNR": 500000, "name": "2h12"}