{"loc": [6, 0, -1], "rotate": [1.974195452543369, 1.8165462301963602, 0.700590542317986], "SNR": 500000, "name": "2h12"}