{"loc": [-1, -3, 1], "rotate": [2.1154118114785296, 1.0986289854856472, 0.9216863442590764], "SNR": 500000, "name": "2h12"}