{"loc": [2, 0, 4], "rotate": [-2.4789674516314752, 0.8397127714213886, -1.6550197894703902], "SNR": 500000, "name": "2h12"}