{"loc": [2, -6, 6], "rotate": [2.4420140309461984, 2.456693648280055, 1.108744192038398], "SNR": 500000, "name": "2h12"}