{"loc": [-5, -5, -4], "rotate": [2.0016046729292687, 1.7905053541780123, 0.8170049367780576], "SNR": 500000, "name": "2h12"}