{"loc": [-2, -5, 6], "rotate": [2.015359405284024, 1.3257001686810985, 0.002800202621720933], "SNR": 500000, "name": "2h12"}