{"loc": [0, 6, 0], "rotate": [2.392327398729593, 1.0287637101846951, 0.3609680257909467], "SNR": 500000, "name": "2h12"}