{"loc": [-6, -2, 6], "rotate": [3.0098859002804272, 0.6031066879596721, -1.1338985518421512], "SNR": 500000, "name": "2h12"}