{"loc": [0, 3, -7], "rotate": [2.8123560870861475, 0.23455684392651804, -0.7117669377884671], "SNR": 500000, "name": "2h12"}