{"loc": [-6, 7, -5], "rotate": [2.7685590804901103, 1.230136277059826, -0.23552919570735886], "SNR": 500000, "name": "2h12"}