{"loc": [0, 6, 0], "rotate": [2.7575473804542283, 0.8560862920131044, -0.2921121673503725], "SNR": 500000, "name": "2h12"}