{"loc": [7, -1, -6], "rotate": [2.257679284366609, 1.7754484456075497, 0.5573564809521218], "SNR": 500000, "name": "2h12"}