{"loc": [5, -7, 0], "rotate": [2.5698829807169337, 0.6157367076350668, -0.019807908999791228], "SNR": 500000, "name": "2h12"}