{"loc": [-3, 6, 6], "rotate": [-2.168128680216456, 1.160020776550902, -2.3490517310579744], "SNR": 500000, "name": "2h12"}