{"loc": [-4, -6, 4], "rotate": [-3.137631795912969, 0.7832839396997863, -1.2034178265386182], "SNR": 500000, "name": "2h12"}