{"loc": [1, -3, 2], "rotate": [2.04351351513357, 1.488649724120325, 1.114121777502662], "SNR": 500000, "name": "2h12"}