{"loc": [6, 5, 0], "rotate": [2.625680014693503, 2.5877483312307312, 1.6151912494242504], "SNR": 500000, "name": "2h12"}