{"loc": [-7, -3, 0], "rotate": [2.657826967592349, 0.9483541056522465, 0.05277024211773759], "SNR": 500000, "name": "2h12"}