{"loc": [0, -6, 3], "rotate": [2.4866758104051563, 0.9052225192169082, 0.6646107871551072], "SNR": 500000, "name": "2h12"}