{"loc": [1, -6, -2], "rotate": [-2.440311606266573, 1.2180020041187734, -2.054638528096538], "SNR": 500000, "name": "2h12"}