{"loc": [2, -1, -1], "rotate": [-2.751370255815622, 0.7565108768551126, -1.1746219257233224], "SNR": 500000, "name": "2h12"}