{"loc": [1, -1, -7], "rotate": [3.067625133718929, 0.7562758345866961, -0.6472751817946325], "SNR": 500000, "name": "2h12"}