{"loc": [6, -2, -6], "rotate": [-2.1225620412148567, 1.2725073910347673, -2.02562939160241], "SNR": 500000, "name": "2h12"}