{"loc": [3, -4, 5], "rotate": [1.9405693316964099, 1.4511229843123128, 0.6155503092284721], "SNR": 500000, "name": "2h12"}