{"loc": [-5, -5, 4], "rotate": [-2.4707256135254982, 0.9791466110576004, -1.671110313684464], "SNR": 500000, "name": "2h12"}