{"loc": [-4, 6, 7], "rotate": [-2.785617406515678, 1.553755471577538, -1.5858989700933], "SNR": 500000, "name": "2h12"}