{"loc": [5, -3, -2], "rotate": [2.709342960119438, 2.6439279515931937, 2.1350849487146615], "SNR": 500000, "name": "2h12"}