{"loc": [0, -1, 0], "rotate": [-2.367513137209861, 1.358316890400711, -1.4471044405761428], "SNR": 500000, "name": "2h12"}