{"loc": [6, 6, 1], "rotate": [-2.416180312732213, 1.1759589004779922, -1.908162219755682], "SNR": 500000, "name": "2h12"}