{"loc": [-1, -5, 4], "rotate": [-2.5981631949321464, 0.7739272892561551, -1.6105815483125066], "SNR": 500000, "name": "2h12"}