{"loc": [-4, 0, -1], "rotate": [2.2240662721542552, 1.238425962987364, 0.5474398402811591], "SNR": 500000, "name": "2h12"}