{"loc": [-7, 6, 5], "rotate": [2.0768846662637324, 0.46125958134347006, -0.19221318735879497], "SNR": 500000, "name": "2h12"}