{"loc": [-3, 1, 6], "rotate": [2.0887857522502475, 1.8374761007770675, 0.7949186033692506], "SNR": 500000, "name": "2h12"}