{"loc": [-2, 1, 4], "rotate": [2.805744859855984, 0.24885095342821772, -0.31890371346528956], "SNR": 500000, "name": "2h12"}