{"loc": [5, 1, 3], "rotate": [-2.354272526627579, 0.7819206134661589, -2.1053570105007404], "SNR": 500000, "name": "2h12"}