{"loc": [7, 1, 0], "rotate": [2.3937431870265677, 0.8731748196982452, 0.2056946638451358], "SNR": 500000, "name": "2h12"}