{"loc": [-1, 6, 2], "rotate": [-1.8874155497160243, 1.5465261986925303, -2.264091019931965], "SNR": 500000, "name": "2h12"}