{"loc": [-7, 6, 1], "rotate": [2.069760861777537, 1.7180802862748945, 0.908164226754847], "SNR": 500000, "name": "2h12"}