{"loc": [7, 5, 5], "rotate": [-2.5175777528631453, 0.9474946156063849, -1.73368074057155], "SNR": 500000, "name": "2h12"}