{"loc": [0, 5, 0], "rotate": [0.3198322748992995, 1.1931621764578708, -1.812988314962846], "SNR": 500000, "name": "2h12"}