{"loc": [-6, -5, 7], "rotate": [2.3567597128209186, 1.0090781371913666, -0.01848562939326886], "SNR": 500000, "name": "2h12"}