{"loc": [6, -6, -2], "rotate": [2.745095078986663, 1.1479333830985325, -0.13333605299492277], "SNR": 500000, "name": "2h12"}