{"loc": [-4, -3, 5], "rotate": [2.416474443621938, 1.727245947936113, 0.996464960389557], "SNR": 500000, "name": "2h12"}