{"loc": [-3, 5, 3], "rotate": [-1.8834771249985005, 0.9490356198731327, -2.0525205119191487], "SNR": 500000, "name": "2h12"}