{"loc": [4, 1, -5], "rotate": [2.422950770691955, 0.9368132454998828, 0.3402665795420974], "SNR": 500000, "name": "2h12"}