{"loc": [4, 0, 7], "rotate": [2.3791072708651146, 0.9810771372083597, -0.01704976977016597], "SNR": 500000, "name": "2h12"}