{"loc": [2, 1, -3], "rotate": [-3.0294782999540906, 0.7440072767629855, -1.0263061702867398], "SNR": 500000, "name": "2h12"}