{"loc": [-6, 2, -2], "rotate": [2.159958468374741, 1.629994560497007, 0.36748498248842615], "SNR": 500000, "name": "2h12"}