{"loc": [7, 3, 0], "rotate": [-2.3483231481127698, 1.1974997880724114, -2.2134974633646776], "SNR": 500000, "name": "2h12"}