{"loc": [-6, 0, -5], "rotate": [-2.5118221312101583, 0.9440570598837413, -1.8967862190394758], "SNR": 500000, "name": "2h12"}