{"loc": [-7, -6, -7], "rotate": [2.805342790646346, 0.3139487010780392, -0.5863092488899297], "SNR": 500000, "name": "2h12"}