{"loc": [2, -7, -6], "rotate": [2.307987807314511, 1.1507445989774272, 0.40773923496093967], "SNR": 500000, "name": "2h12"}