{"loc": [-1, 5, 6], "rotate": [2.5147378618254743, 0.7462402011435881, 0.36305671982991694], "SNR": 500000, "name": "2h12"}