{"loc": [4, -3, -7], "rotate": [3.069835450437361, 2.507518295736525, 2.05612809612038], "SNR": 500000, "name": "2h12"}