{"loc": [6, 0, -5], "rotate": [2.8489910561810166, 2.289565091179314, 1.7186801928864626], "SNR": 500000, "name": "2h12"}