{"loc": [-1, 0, -2], "rotate": [2.6537600040610774, 1.0024666196943381, 0.13016343230960106], "SNR": 500000, "name": "2h12"}