{"loc": [6, -7, 7], "rotate": [-2.1647179992887895, 1.6044164152968, -2.0131262362630453], "SNR": 500000, "name": "2h12"}