{"loc": [-2, 0, 4], "rotate": [2.6564068271158954, 0.7151006869825495, -0.09503517984491337], "SNR": 500000, "name": "2h12"}