{"loc": [-7, 6, 3], "rotate": [-2.0396342148756417, 1.745018476379357, -2.624235381635721], "SNR": 500000, "name": "2h12"}