{"loc": [2, 6, 0], "rotate": [2.580877057907535, 1.2348478547080648, 0.18944283817337476], "SNR": 500000, "name": "2h12"}