{"loc": [-7, -2, 5], "rotate": [-2.305635645998953, 1.6329705200308493, -2.4585193392298534], "SNR": 500000, "name": "2h12"}