{"loc": [4, 2, -2], "rotate": [2.3094906531166153, 1.876995610559942, 1.056215661689786], "SNR": 500000, "name": "2h12"}