{"loc": [0, 1, -2], "rotate": [-2.636893552630857, 0.6911126598920606, -1.475584520505278], "SNR": 500000, "name": "2h12"}