{"loc": [5, -4, -1], "rotate": [-2.6243397446782653, 0.5175263749271312, -1.1942806667439965], "SNR": 500000, "name": "2h12"}