{"loc": [0, -7, -1], "rotate": [-2.311349416141785, 2.14820845416046, -2.9687406231457483], "SNR": 500000, "name": "2h12"}