{"loc": [-4, 0, 6], "rotate": [-1.9062517409452506, 1.7651313047568629, -2.140888694150551], "SNR": 500000, "name": "2h12"}