{"loc": [-3, -4, 6], "rotate": [2.503975659455771, 2.1890853828557204, 1.1934040185353945], "SNR": 500000, "name": "2h12"}