{"loc": [3, -3, 7], "rotate": [-3.008691962459644, 0.5612150389244158, -0.6178171910729828], "SNR": 500000, "name": "2h12"}