{"loc": [6, 1, 3], "rotate": [-3.094424627869197, 0.3720249340638772, -0.8234497165415928], "SNR": 500000, "name": "2h12"}