{"loc": [-5, -5, -7], "rotate": [2.8505408198027182, 0.8359083560725767, -0.44124617442771913], "SNR": 500000, "name": "2h12"}