{"loc": [0, -3, 0], "rotate": [2.0264215155654246, 1.1560745845207425, 0.5633846215094855], "SNR": 500000, "name": "2h12"}