{"loc": [-2, 4, -6], "rotate": [-2.130647670004541, 1.1883509132087742, -2.3491469747644858], "SNR": 500000, "name": "2h12"}