{"loc": [6, 1, 0], "rotate": [2.2642792115297943, 0.8790843830551314, 0.20778379208267633], "SNR": 500000, "name": "2h12"}