{"loc": [0, 3, 5], "rotate": [2.4431613493225397, 1.4487136456753016, 0.6194089265528496], "SNR": 500000, "name": "2h12"}