{"loc": [-4, -3, 6], "rotate": [2.349826203119673, 1.4427075633228048, 0.28805319515194844], "SNR": 500000, "name": "2h12"}