{"loc": [1, 0, -7], "rotate": [2.3537456923117897, 1.5274384286508385, 0.6312977417646134], "SNR": 500000, "name": "2h12"}