{"loc": [6, 0, 3], "rotate": [2.5201624464264363, 0.7241272062492465, -0.44612879540140116], "SNR": 500000, "name": "2h12"}