{"loc": [3, 4, 1], "rotate": [-2.7505684830904418, 0.9100873779477434, -1.1417902518470449], "SNR": 500000, "name": "2h12"}