{"loc": [1, 2, 7], "rotate": [-2.404214006784241, 2.1483825033414523, 3.0876507697200912], "SNR": 500000, "name": "2h12"}