{"loc": [4, -6, 0], "rotate": [3.05341176353777, 0.70773072635388, -0.8171805500618632], "SNR": 500000, "name": "2h12"}