{"loc": [-1, 1, 5], "rotate": [-2.2120016729469762, 0.6472019258551062, -1.5264950958982992], "SNR": 500000, "name": "2h12"}