{"loc": [0, 7, -5], "rotate": [2.0612568191120864, 1.7371481203261656, 0.7541228287710864], "SNR": 500000, "name": "2h12"}