{"loc": [2, 0, 5], "rotate": [-1.854518914704875, 1.5967309377065324, -2.521146036232442], "SNR": 500000, "name": "2h12"}