{"loc": [0, -3, -5], "rotate": [2.8156693973654567, 0.7938400715080366, -0.483155608765334], "SNR": 500000, "name": "2h12"}