{"loc": [-6, -5, -6], "rotate": [2.0420638721354845, 1.5821127291846764, 0.6463432359449255], "SNR": 500000, "name": "2h12"}