{"loc": [3, 3, -4], "rotate": [2.841162769397584, 1.201313262864285, -0.20954653565196843], "SNR": 500000, "name": "2h12"}