{"loc": [-1, 0, 5], "rotate": [-2.4545611685993807, 1.0387547514732631, -1.6332095004768001], "SNR": 500000, "name": "2h12"}