{"loc": [7, 2, -4], "rotate": [-2.984045452168586, 0.769730209824044, -0.9937039668558857], "SNR": 500000, "name": "2h12"}