{"loc": [-2, 2, 1], "rotate": [2.34884117110781, 1.6571534099560101, 0.42704934889988105], "SNR": 500000, "name": "2h12"}