{"loc": [7, 1, -4], "rotate": [2.22962070575544, 1.5077127941359028, 0.9673082533803458], "SNR": 500000, "name": "2h12"}