{"loc": [-4, -3, 0], "rotate": [-2.957356217031117, 0.8773674431471631, -1.0089280903260902], "SNR": 500000, "name": "2h12"}