{"loc": [3, -6, 0], "rotate": [2.5138225928042663, 0.7887770491822105, -0.0006026974675050364], "SNR": 500000, "name": "2h12"}