{"loc": [-7, -3, -3], "rotate": [-2.110807995459443, 1.6547373989165017, -2.164950652518106], "SNR": 500000, "name": "2h12"}