{"loc": [4, -6, -6], "rotate": [-2.052007912712125, 1.5253452660427367, -2.2878188961652453], "SNR": 500000, "name": "2h12"}