{"loc": [-1, 1, -2], "rotate": [-2.3536178852321923, 0.9506270666642241, -1.7946819672031453], "SNR": 500000, "name": "2h12"}