{"loc": [2, -2, -1], "rotate": [1.9079760411115743, 1.4840419331550778, 0.9725103093655065], "SNR": 500000, "name": "2h12"}