{"loc": [-7, 7, 3], "rotate": [-1.7875084033153592, 1.847852363540042, -2.4882629625046437], "SNR": 500000, "name": "2h12"}