{"loc": [1, -1, 4], "rotate": [2.6876219719087047, 0.33746901508539623, -0.6867862185635357], "SNR": 500000, "name": "2h12"}