{"loc": [7, -3, 0], "rotate": [-1.9005578804792673, 0.8621604345427905, -2.3844259141074007], "SNR": 500000, "name": "2h12"}