{"loc": [-7, 6, -7], "rotate": [2.340425514753542, 1.2877846025530109, 0.6879155408285591], "SNR": 500000, "name": "2h12"}