{"loc": [2, -7, 7], "rotate": [2.5265587173233333, 1.4501320770370285, 0.5675278183563346], "SNR": 500000, "name": "2h12"}