{"loc": [-5, 0, -4], "rotate": [-2.43099125088464, 0.7344389423013848, -1.3925505412396604], "SNR": 500000, "name": "2h12"}