{"loc": [-4, 7, 0], "rotate": [2.4733495709940634, 1.8286697137485144, 1.0209394822428686], "SNR": 500000, "name": "2h12"}