{"loc": [2, -1, -7], "rotate": [-2.9949101874299444, 0.7416916520455835, -1.3521380039268658], "SNR": 500000, "name": "2h12"}