{"loc": [-4, 0, -7], "rotate": [2.6154380574385088, 0.7514482749656247, 0.059800976796534296], "SNR": 500000, "name": "2h12"}