{"loc": [0, -5, 7], "rotate": [-2.339504592807424, 2.184641655785757, -2.5508284654012274], "SNR": 500000, "name": "2h12"}