{"loc": [-6, -7, -6], "rotate": [2.8240059129933655, 2.793337386148498, 1.8541408555519683], "SNR": 500000, "name": "2h12"}