{"loc": [6, -4, 3], "rotate": [2.531173987373839, 2.6232701958827978, 1.3940194138112458], "SNR": 500000, "name": "2h12"}