{"loc": [7, -4, 3], "rotate": [2.5614476377458057, 0.9446457648172276, 0.26716411288516523], "SNR": 500000, "name": "2h12"}