{"loc": [-5, 0, 5], "rotate": [-2.214674963575808, 2.087910560273819, -2.534424734540844], "SNR": 500000, "name": "2h12"}