{"loc": [-2, -3, -2], "rotate": [-1.9942433304200773, 1.565952453488243, -2.253929813866138], "SNR": 500000, "name": "2h12"}