{"loc": [-4, 1, 7], "rotate": [1.9841539084984903, 1.4814734220423236, 0.782360403917029], "SNR": 500000, "name": "2h12"}