{"loc": [0, -4, 0], "rotate": [3.056758193303178, 0.6674659326669565, -0.6103772374763807], "SNR": 500000, "name": "2h12"}