{"loc": [-3, 2, -2], "rotate": [-2.3075251282487734, 0.7097222900925296, -1.4576461627953143], "SNR": 500000, "name": "2h12"}