{"loc": [-1, 0, 1], "rotate": [2.30974396759085, 1.5103614838254307, 0.6468568283333468], "SNR": 500000, "name": "2h12"}