{"loc": [0, 1, -6], "rotate": [2.0376977759253463, 1.085089887883391, 0.6419221622382982], "SNR": 500000, "name": "2h12"}