{"loc": [-2, -6, 1], "rotate": [2.7688397375567493, 2.430846613258718, 1.7177725757030757], "SNR": 500000, "name": "2h12"}