{"loc": [-7, 7, 2], "rotate": [-2.4644972581777527, 2.2769330643420407, -2.5628051824951767], "SNR": 500000, "name": "2h12"}