{"loc": [3, -5, 0], "rotate": [2.512410107776612, 0.2277037691162253, 0.06204467669894405], "SNR": 500000, "name": "2h12"}