{"loc": [7, -3, 6], "rotate": [2.161851319573703, 1.840526948644614, 0.8668107138329754], "SNR": 500000, "name": "2h12"}