{"loc": [-1, -5, -2], "rotate": [-2.0566228809539067, 0.9254879852427592, -1.9672740561707227], "SNR": 500000, "name": "2h12"}