{"loc": [0, 0, -1], "rotate": [2.162360871149322, 1.062951383854445, 0.3215718395989703], "SNR": 500000, "name": "2h12"}