{"loc": [-1, -7, -5], "rotate": [-2.9907939015110916, 0.4721118122363181, -0.5281225721430013], "SNR": 500000, "name": "2h12"}