{"loc": [-7, 7, 0], "rotate": [2.6243668877990776, 0.9636140932257807, -0.44489668612797884], "SNR": 500000, "name": "2h12"}