{"loc": [-5, 0, 1], "rotate": [2.544652916753181, 0.8225688033318643, -0.3389966594481318], "SNR": 500000, "name": "2h12"}