{"loc": [1, 4, -3], "rotate": [2.39113851835162, 1.2944434780724792, 0.3805694883548717], "SNR": 500000, "name": "2h12"}