{"loc": [-3, 7, -4], "rotate": [-2.6974007727001728, 0.2771714735728357, -1.262083687493407], "SNR": 500000, "name": "2h12"}