{"loc": [-7, -1, -1], "rotate": [2.549577951545431, 0.7961994098995148, -0.22400109752735553], "SNR": 500000, "name": "2h12"}