{"loc": [0, -4, -3], "rotate": [3.0282922737581566, 0.5929108482929635, -0.6129825238501108], "SNR": 500000, "name": "2h12"}