{"loc": [-1, 7, -4], "rotate": [2.630964591729517, 0.670093331233156, -0.2354962501795952], "SNR": 500000, "name": "2h12"}