{"loc": [7, 6, 3], "rotate": [-2.771982176418336, 0.782854539232758, -1.3955189728315274], "SNR": 500000, "name": "2h12"}