{"loc": [-3, -5, -7], "rotate": [3.0657145709663935, 0.7713394351747881, -0.8904289630129765], "SNR": 500000, "name": "2h12"}