{"loc": [3, -4, 4], "rotate": [2.589144421185331, 0.44445565213595406, -0.6930217949151943], "SNR": 500000, "name": "2h12"}