{"loc": [-6, 4, -3], "rotate": [2.4195380199948233, 1.6560061580126646, 0.5286725513819351], "SNR": 500000, "name": "2h12"}