{"loc": [1, 0, 3], "rotate": [-2.3426808022380037, 0.956066587513452, -2.3086226536735572], "SNR": 500000, "name": "2h12"}