{"loc": [0, -2, 0], "rotate": [2.018981806739064, 1.6413910623923424, 0.2779257917650838], "SNR": 500000, "name": "2h12"}