{"loc": [4, -2, -4], "rotate": [-2.2027961213528506, 0.6533586061419029, -1.7028046823454988], "SNR": 500000, "name": "2h12"}