{"loc": [-4, -2, 6], "rotate": [2.2527965144718785, 1.0772463214892878, 0.22718042300192126], "SNR": 500000, "name": "2h12"}