{"loc": [7, 5, -2], "rotate": [-2.4543991520295347, 1.2478570057812113, -1.9442854258645499], "SNR": 500000, "name": "2h12"}