{"loc": [5, 7, 2], "rotate": [2.3943114110142414, 0.8110276550161308, 0.2630207275717088], "SNR": 500000, "name": "2h12"}