{"loc": [3, 5, -3], "rotate": [2.6937075712127574, 1.4198417212378251, 0.10853312666797953], "SNR": 500000, "name": "2h12"}