{"loc": [1, 7, -2], "rotate": [2.6660418144434073, 0.7112017098218705, -0.5187362096845398], "SNR": 500000, "name": "2h12"}