{"loc": [-1, 6, 3], "rotate": [2.4490056958672497, 2.1147121716054245, 1.3384392785922334], "SNR": 500000, "name": "2h12"}