{"loc": [5, 3, 0], "rotate": [-2.101854404575604, 1.3787123332265228, -2.3636987530958535], "SNR": 500000, "name": "2h12"}