{"loc": [3, 6, -3], "rotate": [1.9392711361324855, 1.6425617943481563, 1.3749048066868281], "SNR": 500000, "name": "2h12"}