{"loc": [0, -2, -4], "rotate": [-2.5133673485170487, 0.6025023139903773, -1.2726513780397415], "SNR": 500000, "name": "2h12"}