{"loc": [4, -1, -7], "rotate": [-2.017530042332791, 0.8539880672978025, -2.414492206594559], "SNR": 500000, "name": "2h12"}