{"loc": [6, 4, 0], "rotate": [-2.907815502310896, 0.1965430797563482, -0.7318794083408212], "SNR": 500000, "name": "2h12"}