{"loc": [-5, -1, -7], "rotate": [2.988371161253083, 0.48738601124888625, -0.2651293947295582], "SNR": 500000, "name": "2h12"}