{"loc": [7, 1, 3], "rotate": [2.160914677392752, 1.008384092357488, 0.40734646106754113], "SNR": 500000, "name": "2h12"}