{"loc": [-2, 5, 1], "rotate": [-2.5946245079058396, 0.6060521774390087, -1.567188240446975], "SNR": 500000, "name": "2h12"}