{"loc": [2, 5, 0], "rotate": [2.1624933431729176, 1.0758971941466244, 0.7685258434360999], "SNR": 500000, "name": "2h12"}