{"loc": [-3, 5, -5], "rotate": [-2.772439927410517, 0.23148888792874914, -1.518469273165797], "SNR": 500000, "name": "2h12"}