{"loc": [-4, -2, 7], "rotate": [-2.209897425669056, 1.4474226431823902, -2.3802018311017155], "SNR": 500000, "name": "2h12"}