{"loc": [-7, -6, 6], "rotate": [-2.0114180474050136, 1.0720724004313826, -2.007912459248645], "SNR": 500000, "name": "2h12"}