{"loc": [3, 2, 2], "rotate": [2.6794246478560564, 0.8347542176797078, -0.5520360877722436], "SNR": 500000, "name": "2h12"}