{"loc": [-7, 4, 1], "rotate": [2.5414168822927494, 2.1131172472942645, 1.117645825616475], "SNR": 500000, "name": "2h12"}