{"loc": [-3, -4, -1], "rotate": [2.4476634033275824, 0.9940404245849871, 0.262703562082324], "SNR": 500000, "name": "2h12"}