{"loc": [1, -3, -1], "rotate": [2.242683608688322, 1.0238407613298794, 0.8032074505462693], "SNR": 500000, "name": "2h12"}