{"loc": [-1, 7, 3], "rotate": [2.750958220776228, 0.618458697142958, -0.4867445806377865], "SNR": 500000, "name": "2h12"}