{"loc": [-3, -3, 7], "rotate": [-2.728840181263101, 0.950756586998091, -0.9440142878274288], "SNR": 500000, "name": "2h12"}