{"loc": [3, 1, -2], "rotate": [-3.0788994204898588, 0.7041101001021103, -0.5714905265432594], "SNR": 500000, "name": "2h12"}