{"loc": [-3, 0, 7], "rotate": [-2.6889613470711504, 0.8606074133411796, -1.7143263202074885], "SNR": 500000, "name": "2h12"}