{"loc": [2, 7, 4], "rotate": [2.502099075823446, 0.3372230139523988, 0.09050752106528978], "SNR": 500000, "name": "2h12"}