{"loc": [-3, -2, -2], "rotate": [-2.0784907748668817, 1.4067717313617714, -2.399368666484686], "SNR": 500000, "name": "2h12"}