{"loc": [-6, 3, 5], "rotate": [2.459707852215721, 0.7259843940621423, 0.045687309222726964], "SNR": 500000, "name": "2h12"}