{"loc": [-4, -5, 0], "rotate": [2.3605491954130744, 1.1666644633459704, 0.008463530568369064], "SNR": 500000, "name": "2h12"}