{"loc": [5, -4, 0], "rotate": [2.9350466353609295, 0.7465224010430763, -0.1994483310923181], "SNR": 500000, "name": "2h12"}