{"loc": [3, 2, 2], "rotate": [-3.0654424150085045, 0.8808255476500948, -1.365474082607919], "SNR": 500000, "name": "2h12"}