{"loc": [-6, -3, -2], "rotate": [1.811843793878035, 1.4435972988424897, 0.9851338100489416], "SNR": 500000, "name": "2h12"}