{"loc": [2, 3, -7], "rotate": [2.091634643513136, 1.2883223534269979, 0.8357205677811591], "SNR": 500000, "name": "2h12"}