{"loc": [6, -3, 4], "rotate": [-2.336032147526322, 0.3475943625405254, -1.8900438289362245], "SNR": 500000, "name": "2h12"}