{"loc": [4, -3, 4], "rotate": [-2.3856711450425068, 1.0924493054947266, -2.0077152168685513], "SNR": 500000, "name": "2h12"}