{"loc": [1, 0, -1], "rotate": [-3.051216741462561, 0.8723518851580536, -1.168399366846812], "SNR": 500000, "name": "2h12"}