{"loc": [-6, -4, -4], "rotate": [-2.5211514940013777, 0.7671762618632025, -1.7747253180251839], "SNR": 500000, "name": "2h12"}