{"loc": [-1, 2, -3], "rotate": [2.755727407137128, 0.8671333278655255, -0.301487800004111], "SNR": 500000, "name": "2h12"}