{"loc": [-4, -3, 6], "rotate": [-2.3535149082035898, 0.8959502907485273, -1.7182465092539467], "SNR": 500000, "name": "2h12"}