{"loc": [0, -2, 7], "rotate": [-1.85472870531577, 1.3691262565073639, -2.2797288403760327], "SNR": 500000, "name": "2h12"}