{"loc": [-1, -2, 6], "rotate": [2.759983959500761, 0.7045347878936624, -0.4830566856694775], "SNR": 500000, "name": "2h12"}