{"loc": [6, -6, -2], "rotate": [-2.1960389642502203, 1.2734004937844443, -2.027055624234177], "SNR": 500000, "name": "2h12"}