{"loc": [4, -3, -2], "rotate": [-2.555787321474069, 1.007674665671145, -1.422715563545599], "SNR": 500000, "name": "2h12"}