{"loc": [-1, 7, 2], "rotate": [-2.2238854018117777, 0.9897206770389102, -1.915765169520922], "SNR": 500000, "name": "2h12"}