{"loc": [-6, 0, -2], "rotate": [2.892156157308298, 0.8399613914520747, -0.028278575974926178], "SNR": 500000, "name": "2h12"}