{"loc": [-1, 0, -4], "rotate": [2.473967805977838, 1.038604616322023, -0.07233639424750023], "SNR": 500000, "name": "2h12"}