{"loc": [-6, -1, -2], "rotate": [2.3832673338434334, 1.01941274255148, 0.3986675414534847], "SNR": 500000, "name": "2h12"}