{"loc": [-1, 3, 2], "rotate": [-1.911526923143449, 1.2090300217439554, -2.5302955454205454], "SNR": 500000, "name": "2h12"}