{"loc": [3, -7, 7], "rotate": [-2.4600676442702887, 1.1289104125468858, -2.114688684097532], "SNR": 500000, "name": "2h12"}