{"loc": [-1, 7, 0], "rotate": [2.2068911743527577, 2.0130504158430678, 0.6728449693606595], "SNR": 500000, "name": "2h12"}