{"loc": [-6, -7, 0], "rotate": [2.0259501941018354, 1.1434665658158107, 0.6567680352800832], "SNR": 500000, "name": "2h12"}