{"loc": [-5, -2, -7], "rotate": [-2.0620398531624424, 0.7559425645152195, -1.671145149779577], "SNR": 500000, "name": "2h12"}