{"loc": [0, 7, 0], "rotate": [-1.9511422403011163, 1.0480427505641925, -2.492601464528211], "SNR": 500000, "name": "2h12"}