{"loc": [7, -5, 7], "rotate": [2.977682485905551, 0.3157389438912298, -0.6709927396576704], "SNR": 500000, "name": "2h12"}