{"loc": [-6, -1, 1], "rotate": [-2.3137316514465054, 1.1535176902140967, -2.046795518470638], "SNR": 500000, "name": "2h12"}