{"loc": [-3, 7, -2], "rotate": [-2.692263042761321, 2.4173848024869784, 3.082988304315207], "SNR": 500000, "name": "2h12"}