{"loc": [0, -7, 2], "rotate": [2.682478099925314, 0.9233542830295205, -0.05980440150657172], "SNR": 500000, "name": "2h12"}