{"loc": [3, 0, 0], "rotate": [-2.7323463117472433, 0.8979857596731815, -1.1648747370592767], "SNR": 500000, "name": "2h12"}