{"loc": [0, -1, 5], "rotate": [2.442167686403254, 1.038582690391303, -0.01541789315965473], "SNR": 500000, "name": "2h12"}