{"loc": [-2, 0, 6], "rotate": [-2.6065395459165055, 0.8826716890179334, -1.4145309802678072], "SNR": 500000, "name": "2h12"}