{"loc": [6, 0, 1], "rotate": [1.977547386304217, 1.0618365918586705, 0.5217099700208842], "SNR": 500000, "name": "2h12"}