{"loc": [0, -4, -5], "rotate": [2.237072195370797, 1.975935584335492, 1.081859658821572], "SNR": 500000, "name": "2h12"}