{"loc": [7, -5, -5], "rotate": [2.4200844060884217, 1.0405099348349636, 0.4057504561507061], "SNR": 500000, "name": "2h12"}