{"loc": [7, -6, -3], "rotate": [-2.5335635703493566, 0.9015075324933127, -1.8960329884524363], "SNR": 500000, "name": "2h12"}