{"loc": [3, 6, 5], "rotate": [-2.4853831595836673, 2.6782338187207047, -3.108773905488913], "SNR": 500000, "name": "2h12"}