{"loc": [-5, 4, -6], "rotate": [2.8892159372009405, 0.5505074891637531, -0.7073611322422887], "SNR": 500000, "name": "2h12"}