{"loc": [1, 3, -4], "rotate": [1.9095005498875932, 0.736651614085124, 0.7039035840272605], "SNR": 500000, "name": "2h12"}