{"loc": [6, 6, 1], "rotate": [-2.6246563808017216, 0.7924779914809787, -1.8200328768130218], "SNR": 0.03, "name": "1yg6"}