{"loc": [-3, 4, 1], "rotate": [-1.9715474575066996, 1.1212258922336469, -2.421387290311191], "SNR": 0.03, "name": "1yg6"}