{"loc": [5, 2, -5], "rotate": [-2.7169912694095766, 0.7237155005739072, -1.253392969935043], "SNR": 0.03, "name": "1yg6"}