{"loc": [-3, -7, 2], "rotate": [2.115021296871187, 1.9875980425242457, 1.259146273108079], "SNR": 0.03, "name": "1yg6"}