{"loc": [-6, -5, 3], "rotate": [2.396199157887176, 0.7602268157583469, 0.40194066367515363], "SNR": 0.03, "name": "1yg6"}