{"loc": [2, 0, 5], "rotate": [-3.076420306451275, 0.6594037875119133, -0.5598130474825032], "SNR": 0.03, "name": "1yg6"}