{"loc": [-4, -7, 7], "rotate": [-2.2285398200883213, 0.9785864079853648, -1.6513655457677174], "SNR": 0.03, "name": "1yg6"}