{"loc": [6, -7, -1], "rotate": [-2.30316010876711, 0.9783630778840161, -1.664272960667144], "SNR": 0.03, "name": "1yg6"}