{"loc": [0, 5, -6], "rotate": [-2.008671786970926, 1.208972443343898, -2.0620370910297097], "SNR": 0.03, "name": "1yg6"}