{"loc": [-1, 2, -5], "rotate": [2.3993191667494735, 1.0314471503100682, 0.6354348066567702], "SNR": 0.03, "name": "1yg6"}