{"loc": [7, 6, 0], "rotate": [2.8880401023850886, 2.5051971231752037, 2.234429605581305], "SNR": 0.03, "name": "1yg6"}