{"loc": [0, -4, -7], "rotate": [3.136740408307761, 2.807435540590793, 1.9444711475570071], "SNR": 0.03, "name": "1yg6"}