{"loc": [-5, 7, 4], "rotate": [-2.7568019518162337, 0.7658557585871496, -1.288397910456506], "SNR": 0.03, "name": "1yg6"}