{"loc": [0, 6, -3], "rotate": [2.302961125589292, 1.754438329594349, 0.7566996615748389], "SNR": 0.03, "name": "1yg6"}