{"loc": [-3, 3, 1], "rotate": [-2.4117768544292266, 0.9016210650738158, -1.8684190051471583], "SNR": 0.03, "name": "1yg6"}