{"loc": [0, -7, -5], "rotate": [-3.1345996306455532, 0.8108526717292753, -0.601878549558954], "SNR": 0.03, "name": "1yg6"}