{"loc": [-6, -5, 2], "rotate": [2.2182166478785965, 1.1065335672179666, 0.5049965382932233], "SNR": 0.03, "name": "1yg6"}