{"loc": [0, -7, 3], "rotate": [2.1427930705733145, 1.4896689225477102, 0.47674473994182737], "SNR": 0.03, "name": "1yg6"}