{"loc": [-3, -5, 3], "rotate": [2.6348930502645156, 0.7979468491067068, 0.15718296606366522], "SNR": 0.03, "name": "1yg6"}