{"loc": [-2, 1, 5], "rotate": [-2.4231722126694977, 1.3976130937183715, -1.7149395542062118], "SNR": 0.03, "name": "1yg6"}