{"loc": [7, 3, -7], "rotate": [-2.0529899444822237, 1.6496614913199146, -2.534621693778449], "SNR": 0.03, "name": "1yg6"}