{"loc": [-5, 7, 1], "rotate": [2.322143677061147, 1.1466449519745974, 0.7267237203466944], "SNR": 0.03, "name": "1yg6"}