{"loc": [-6, 6, 7], "rotate": [2.051427172366174, 1.7873440435732686, 1.0051718062430421], "SNR": 0.03, "name": "1yg6"}