{"loc": [1, -7, -5], "rotate": [-2.9953299759612815, 0.5149519776505148, -1.176242532139911], "SNR": 0.03, "name": "1yg6"}