{"loc": [-1, 5, 7], "rotate": [2.2646966537970816, 0.9977239679265761, 0.4798538297097901], "SNR": 0.03, "name": "1yg6"}