{"loc": [0, 7, -4], "rotate": [-1.3688619856891302, 1.6465817553268405, 0.9215846672572982], "SNR": 0.03, "name": "1yg6"}