{"loc": [2, 3, -5], "rotate": [-2.3706406194097798, 0.9002729230471147, -2.0843174496926444], "SNR": 0.03, "name": "1yg6"}