{"loc": [-1, 3, 0], "rotate": [2.189620608107099, 1.5763381574526194, 0.7342336353317017], "SNR": 0.03, "name": "1yg6"}