{"loc": [-5, -7, -7], "rotate": [2.390531663615661, 0.9355259197374025, 0.40340732188941114], "SNR": 0.03, "name": "1yg6"}