{"loc": [1, -7, 7], "rotate": [2.799114809528549, 1.4833036227789145, 0.6579873265553237], "SNR": 0.03, "name": "1yg6"}