{"loc": [-1, 5, 2], "rotate": [2.868648338715367, 0.2787987383905755, -0.8643403743622619], "SNR": 0.03, "name": "1yg6"}