{"loc": [4, 3, -5], "rotate": [-2.338562464886599, 1.3771736843374716, -2.3242496385595537], "SNR": 0.03, "name": "1yg6"}