{"loc": [4, -4, -4], "rotate": [2.8283192056605393, 0.8343544597599765, -0.319505899126459], "SNR": 0.03, "name": "1yg6"}