{"loc": [1, 0, 2], "rotate": [-2.6297637905525244, 0.8227781982468745, -1.4526206646497193], "SNR": 0.03, "name": "1yg6"}