{"loc": [-7, -3, -3], "rotate": [-2.506390125407659, 0.6210770872524342, -1.8099572026287905], "SNR": 0.03, "name": "1yg6"}