{"loc": [-1, 0, -7], "rotate": [-2.011416420318931, 1.1293004765358972, -2.3143934710806975], "SNR": 0.03, "name": "1yg6"}