{"loc": [-5, 6, -2], "rotate": [2.1910083403212206, 1.429592230206672, 0.5607871302917391], "SNR": 0.03, "name": "1yg6"}