{"loc": [7, -1, 7], "rotate": [-2.5539391669007947, 0.48720826300759695, -1.4190445272180154], "SNR": 0.03, "name": "1yg6"}