{"loc": [4, -3, -5], "rotate": [2.256618938409976, 1.5621115993170245, 1.0102621641279714], "SNR": 0.03, "name": "1yg6"}