{"loc": [2, 0, -3], "rotate": [2.1174695666825754, 1.5790766764805946, 1.2465945280419695], "SNR": 0.03, "name": "1yg6"}