{"loc": [-2, -3, -3], "rotate": [2.979380147284313, 2.632294065145854, 1.7443401130515281], "SNR": 0.03, "name": "1yg6"}