{"loc": [-2, 1, -2], "rotate": [-2.4468536517208848, 1.0011521576606044, -1.9586993672781854], "SNR": 0.03, "name": "1yg6"}