{"loc": [7, 5, 4], "rotate": [2.8583201189360046, 0.45499209993849626, -0.2602430850765894], "SNR": 0.03, "name": "1yg6"}