{"loc": [6, -3, -7], "rotate": [2.6445860814632716, 0.7279700589399191, -0.3762760218018267], "SNR": 0.03, "name": "1yg6"}