{"loc": [-5, -4, -1], "rotate": [-3.001992829835276, 0.6204785812762879, -1.2429663557152046], "SNR": 0.03, "name": "1yg6"}