{"loc": [-4, -6, 1], "rotate": [2.945042184541504, 1.1151212379357325, -0.7852509742167765], "SNR": 0.03, "name": "1yg6"}