{"loc": [-1, 2, -2], "rotate": [2.900869815279956, 0.7449320639153701, -0.5908307988836178], "SNR": 0.03, "name": "1yg6"}