{"loc": [0, -2, -5], "rotate": [-2.231948194514191, 0.8464619694934603, -1.8942306271753904], "SNR": 0.03, "name": "1yg6"}