{"loc": [2, -7, 7], "rotate": [-2.5308305161176796, 0.8382907440825361, -1.788179816192358], "SNR": 0.03, "name": "1yg6"}