{"loc": [-5, -2, 3], "rotate": [-2.1720311668386487, 1.0749042601079786, -1.9291353627684622], "SNR": 0.03, "name": "1yg6"}