{"loc": [3, -3, 0], "rotate": [-2.3439516636940847, 1.1708291324863236, -1.7728341619196444], "SNR": 0.03, "name": "1yg6"}