{"loc": [1, -2, 1], "rotate": [-2.2279178623835785, 1.3680321739346777, -2.2753076154153953], "SNR": 0.03, "name": "1yg6"}