{"loc": [-7, -2, 1], "rotate": [2.635023182329047, 1.1532590460812977, -0.20900810236398104], "SNR": 0.03, "name": "1yg6"}