{"loc": [3, -7, -2], "rotate": [2.165117540711224, 1.2636356659218306, 0.5429938641800746], "SNR": 0.03, "name": "1yg6"}