{"loc": [6, 1, -2], "rotate": [2.421984112111347, 0.3611226900443921, 0.29979627844554085], "SNR": 0.03, "name": "1yg6"}