{"loc": [-7, -2, 7], "rotate": [2.149779720732636, 1.368327296470307, 0.6332338555401833], "SNR": 0.03, "name": "1yg6"}