{"loc": [-6, -4, 2], "rotate": [2.7665763973496174, 0.9850761637559375, 0.3446297425652097], "SNR": 0.03, "name": "1yg6"}