{"loc": [-6, 7, -7], "rotate": [2.7134533901939473, 2.1408899487119673, 1.1333400111074317], "SNR": 0.03, "name": "1yg6"}