{"loc": [-7, 7, 5], "rotate": [2.2436772164074674, 1.2174043275345714, 1.1221291688238972], "SNR": 0.03, "name": "1yg6"}