{"loc": [5, 3, 1], "rotate": [2.5961933929269354, 0.5935183304273624, -0.0007645122244000754], "SNR": 0.03, "name": "1yg6"}