{"loc": [4, -2, -4], "rotate": [-2.3513950143720415, 0.9319512350915319, -1.7825519034807746], "SNR": 0.03, "name": "1yg6"}