{"loc": [6, 0, 2], "rotate": [3.11926786318931, 0.8728587346958553, -1.080136981939499], "SNR": 0.03, "name": "1yg6"}