{"loc": [6, 1, 2], "rotate": [2.473908515889003, 1.1673549563568444, 0.47086799381818906], "SNR": 0.03, "name": "1yg6"}