{"loc": [7, 2, 0], "rotate": [2.0785669117623202, 1.5337468286287144, 0.8584341341118407], "SNR": 0.03, "name": "1yg6"}