{"loc": [5, -3, -4], "rotate": [-2.4444140486664563, 0.8192352842364864, -1.693590578804661], "SNR": 0.03, "name": "1yg6"}