{"loc": [7, 4, 6], "rotate": [2.192143020047301, 1.517303787742007, 0.7585247899152237], "SNR": 0.03, "name": "1yg6"}