{"loc": [0, -2, 3], "rotate": [-2.698331832560739, 0.17289461600123426, -1.3012479248754893], "SNR": 0.03, "name": "1yg6"}