{"loc": [5, 0, -7], "rotate": [2.601214358832142, 1.485067590683416, 0.021342489335620912], "SNR": 0.03, "name": "1yg6"}