{"loc": [7, 0, -6], "rotate": [2.692913583115247, 0.179956512809373, -0.18283671342671767], "SNR": 0.03, "name": "1yg6"}