{"loc": [6, 0, 4], "rotate": [2.2815979812432845, 0.7614194269951635, 0.37466852922738964], "SNR": 0.03, "name": "1yg6"}