{"loc": [3, -7, 1], "rotate": [2.28524046975461, 1.4501434795173727, 0.08315762220287408], "SNR": 0.03, "name": "1yg6"}