{"loc": [-2, -2, -5], "rotate": [2.2605112141412107, 1.6047933130968823, 0.4907306493258223], "SNR": 0.03, "name": "1yg6"}