{"loc": [-5, -7, 2], "rotate": [2.2323946976573517, 0.9526940860841518, 0.2473663724156274], "SNR": 0.03, "name": "1yg6"}