{"loc": [-1, -1, -5], "rotate": [-2.607761341998215, 1.0543341448699668, -1.306609813168338], "SNR": 0.03, "name": "1yg6"}