{"loc": [6, 6, 3], "rotate": [-2.580757526442313, 1.3250139309627358, -1.5880377051530472], "SNR": 0.03, "name": "1yg6"}