{"loc": [4, 6, 4], "rotate": [2.7001258085799265, 0.9518127818509878, 0.23371391151559293], "SNR": 0.03, "name": "1yg6"}