{"loc": [-6, 6, 6], "rotate": [1.945981742402051, 1.134394602017646, 0.5216744988081649], "SNR": 0.03, "name": "1yg6"}