{"loc": [6, 2, 5], "rotate": [-2.1981552336085044, 1.5107217573227365, -2.549638093345589], "SNR": 0.03, "name": "1yg6"}