{"loc": [1, -2, -2], "rotate": [2.677464776289019, 0.3664048474359313, -0.46898891817406285], "SNR": 0.03, "name": "1yg6"}