{"loc": [2, 3, 1], "rotate": [2.934051480651182, 0.7878901457286932, -0.3836159893526395], "SNR": 0.03, "name": "1yg6"}