{"loc": [0, 4, 2], "rotate": [2.1402311211912353, 1.5659475282097028, 1.0577580836900145], "SNR": 0.03, "name": "1yg6"}