{"loc": [-6, -7, -7], "rotate": [-2.107554204365174, 1.309729636584575, -1.9934616893384716], "SNR": 0.03, "name": "1yg6"}