{"loc": [-4, -4, 7], "rotate": [2.6237187856920605, 2.2273867465568284, 1.766072536723154], "SNR": 0.03, "name": "1yg6"}