{"loc": [0, -7, 0], "rotate": [-2.266073988984675, 1.0487289162522886, -2.106290411212899], "SNR": 0.03, "name": "1yg6"}