{"loc": [-1, -6, -4], "rotate": [2.6013817205139493, 0.6714922669086426, -0.081789251107018], "SNR": 0.03, "name": "1yg6"}