{"loc": [-7, 2, 1], "rotate": [-2.0057632635347926, 0.8969441304953668, -2.0560078791113394], "SNR": 0.03, "name": "1yg6"}