{"loc": [0, -3, 1], "rotate": [-2.0595501571240185, 1.8226618539543076, -2.5135516666982647], "SNR": 0.03, "name": "1yg6"}