{"loc": [3, 5, 4], "rotate": [2.789407997163407, 0.6105873322637305, -0.11250321932779524], "SNR": 0.03, "name": "1yg6"}