{"loc": [2, -3, 0], "rotate": [2.377145056033779, 1.4978728842650648, 0.6574337589622133], "SNR": 0.03, "name": "1yg6"}