{"loc": [1, 4, 4], "rotate": [2.88156940352733, 2.1786176696557935, 1.993107515807886], "SNR": 0.03, "name": "1yg6"}