{"loc": [7, -7, 5], "rotate": [-2.12700481387694, 0.4671042708292266, -1.5962839441999075], "SNR": 0.03, "name": "1yg6"}