{"loc": [-2, -5, -5], "rotate": [-3.107855579122544, 0.771490936041452, -0.4508438733752306], "SNR": 0.03, "name": "1yg6"}