{"loc": [1, 5, -6], "rotate": [2.429575379308846, 1.7204448372866108, 0.9608725082393751], "SNR": 0.03, "name": "1yg6"}