{"loc": [-3, 5, 7], "rotate": [-2.6109816158334276, 1.1231779934798627, -1.2771423155565746], "SNR": 0.03, "name": "1yg6"}