{"loc": [-4, 0, -5], "rotate": [2.3224345376582898, 1.2499271553564586, 0.21354555800601802], "SNR": 0.03, "name": "1yg6"}