{"loc": [-7, 7, -5], "rotate": [2.359602464876499, 1.383669888121175, 0.5083971663890023], "SNR": 0.03, "name": "1yg6"}