{"loc": [-4, 5, 6], "rotate": [-2.9704801320632708, 0.7557481072143236, -1.1488240000526504], "SNR": 0.03, "name": "1yg6"}