{"loc": [5, 0, -2], "rotate": [2.384757971442706, 1.2123258822663172, 0.6230756677946467], "SNR": 0.03, "name": "1yg6"}