{"loc": [-7, 0, 4], "rotate": [2.4552202282187343, 0.5848434800845774, 0.022417130424327938], "SNR": 0.03, "name": "1yg6"}