{"loc": [-7, -6, 1], "rotate": [-2.1623131034766208, 0.942516236532169, -1.8859789541849088], "SNR": 0.03, "name": "1yg6"}