{"loc": [0, -6, -5], "rotate": [-2.36567118437569, 1.06274001174621, -1.9733209579318762], "SNR": 0.03, "name": "1yg6"}