{"loc": [0, 4, -7], "rotate": [2.346328752556397, 1.1999717196924375, 0.8767212479427524], "SNR": 0.03, "name": "1yg6"}