{"loc": [0, -7, -6], "rotate": [3.0186593511823845, 0.6273999264092764, -0.761677212020506], "SNR": 0.03, "name": "1yg6"}