{"loc": [2, -3, 5], "rotate": [3.109860109821983, 0.5536093092844634, -0.2970821614735798], "SNR": 0.03, "name": "1yg6"}