{"loc": [-3, 4, 0], "rotate": [-2.7131101632982464, 0.8150407836981933, -1.2774717979306145], "SNR": 0.03, "name": "1yg6"}