{"loc": [-2, 1, -4], "rotate": [-2.3831733415706235, 1.3262685910171383, -1.9315146528728888], "SNR": 0.03, "name": "1yg6"}