{"loc": [-3, 5, -4], "rotate": [-1.8954289011305576, 1.1476804506576204, -2.4259018897410596], "SNR": 0.03, "name": "1yg6"}