{"loc": [-5, 2, 4], "rotate": [2.2089385856080037, 0.5285570345547801, 0.4133887144183757], "SNR": 0.03, "name": "1yg6"}