{"loc": [2, -1, 3], "rotate": [2.3994017812396518, 0.9512400567380751, -0.051711432117289964], "SNR": 0.03, "name": "1yg6"}