{"loc": [7, -7, 1], "rotate": [2.4611655924340963, 1.3424309690152911, 0.15288164550775268], "SNR": 0.03, "name": "1yg6"}