{"loc": [3, 0, 1], "rotate": [-2.969514620503957, 0.500213380039322, -0.7714552461225801], "SNR": 0.03, "name": "1yg6"}