{"loc": [5, 2, -7], "rotate": [1.9155092369558107, 1.059430637018585, 0.32070057404897295], "SNR": 0.03, "name": "1yg6"}