{"loc": [-7, 0, 6], "rotate": [2.170011481581141, 1.2886356518916646, 0.6721927494903432], "SNR": 0.03, "name": "1yg6"}