{"loc": [5, 0, 4], "rotate": [2.7572131486079483, 0.9215400489062295, -0.28303753201460563], "SNR": 0.03, "name": "1yg6"}