{"loc": [3, 0, 1], "rotate": [2.6184390437901124, 1.5021789022852696, 0.19999056641836221], "SNR": 0.03, "name": "1yg6"}