{"loc": [-5, 2, 5], "rotate": [-1.8207705140242358, 0.9449053726643425, -1.8784189610989657], "SNR": 0.03, "name": "1yg6"}