{"loc": [0, -1, -7], "rotate": [-2.5546581237797192, 0.7746607129260217, -1.5223939074212343], "SNR": 0.03, "name": "1yg6"}