{"loc": [-1, 2, -7], "rotate": [2.1461668934467584, 1.759310985862272, 0.21681357608731572], "SNR": 0.03, "name": "1yg6"}