{"loc": [1, -4, 1], "rotate": [-2.2056391631271763, 1.5089590396186434, -2.7477159608802832], "SNR": 0.03, "name": "1yg6"}