{"loc": [0, 0, -1], "rotate": [3.139299954361271, 0.7233094977687381, -0.6002502327518893], "SNR": 0.03, "name": "1yg6"}