{"loc": [-1, -4, 4], "rotate": [2.586724728759426, 0.8212968558759706, 0.02900827445831968], "SNR": 0.03, "name": "1yg6"}