{"loc": [0, 3, -4], "rotate": [2.9461180570105068, 0.6433103473156693, -0.37341657147830665], "SNR": 0.03, "name": "1yg6"}