{"loc": [-1, 7, 0], "rotate": [-1.8831261147080425, 0.7815297748404071, -2.3290578935609934], "SNR": 0.03, "name": "1yg6"}