{"loc": [0, 0, 2], "rotate": [2.6154346229367853, 0.745698769140486, -0.08876835562914963], "SNR": 0.03, "name": "1yg6"}