{"loc": [1, 2, 6], "rotate": [2.108433189275863, 1.7981031192648547, 0.8451298358282571], "SNR": 0.03, "name": "1yg6"}