{"loc": [5, 3, -2], "rotate": [-2.2682394291686574, 1.027229202496104, -2.25743285392493], "SNR": 0.03, "name": "1yg6"}