{"loc": [-3, 4, 5], "rotate": [-2.396348511901167, 0.9769107648809311, -1.274335964003372], "SNR": 0.03, "name": "1yg6"}