{"loc": [2, 1, -5], "rotate": [-2.3708114464102477, 1.0163437639360606, -1.4085009645474351], "SNR": 0.03, "name": "1yg6"}