{"loc": [-6, -7, 2], "rotate": [1.9490698921036926, 1.9458590261640578, 0.8079770370006042], "SNR": 0.03, "name": "1yg6"}