{"loc": [-1, 7, -3], "rotate": [2.6666187469274143, 0.4343386064816368, -0.6896340962971391], "SNR": 0.03, "name": "1yg6"}