{"loc": [-1, 0, -4], "rotate": [-2.2344785763398356, 1.7221227145543412, -2.721105259545015], "SNR": 0.03, "name": "1yg6"}