{"loc": [-3, 6, 0], "rotate": [2.954579647784131, 0.4635525906098407, -0.5205061684541924], "SNR": 0.03, "name": "1yg6"}