{"loc": [1, -6, 6], "rotate": [-2.7563178269515527, 1.1094060019558623, -1.4620514578529906], "SNR": 0.03, "name": "1yg6"}