{"loc": [-7, 1, 5], "rotate": [2.2621519631552367, 1.4981032090500817, 0.6613744572013385], "SNR": 0.03, "name": "1yg6"}