{"loc": [-7, 4, 3], "rotate": [-2.107421986542783, 1.0804177111219293, -2.082358816770881], "SNR": 0.03, "name": "1yg6"}