{"loc": [5, 5, -7], "rotate": [2.4440596908063124, 0.44075035146817415, 0.14744163712344321], "SNR": 0.03, "name": "1yg6"}