{"loc": [3, 3, 0], "rotate": [2.497813967758414, 0.6442826407221769, 0.39203751817505605], "SNR": 0.03, "name": "1yg6"}