{"loc": [1, 4, -4], "rotate": [-3.0913919515830184, 2.463067436485445, 2.3081593258091817], "SNR": 0.03, "name": "1yg6"}