{"loc": [5, -4, 5], "rotate": [-2.516089951282879, 1.2352244133139352, -2.2711656963838234], "SNR": 0.03, "name": "1yg6"}