{"loc": [3, 6, -3], "rotate": [2.092812816145791, 1.5937216509871723, 0.6034867908827998], "SNR": 0.03, "name": "1yg6"}