{"loc": [0, 6, -3], "rotate": [-2.715484787127554, 0.6588991189941492, -1.3105142936902396], "SNR": 0.03, "name": "1yg6"}