{"loc": [-3, 7, 1], "rotate": [2.152726953826089, 0.9587457406059188, 0.6870379299920634], "SNR": 0.03, "name": "1yg6"}