{"loc": [-2, -4, -3], "rotate": [2.740714464008129, 0.6541306871703537, -0.05212294100194673], "SNR": 0.03, "name": "1yg6"}