{"loc": [-7, 5, 4], "rotate": [2.0875735249702267, 1.4026120956484172, 0.5661233189390293], "SNR": 0.03, "name": "1yg6"}