{"loc": [7, 5, 3], "rotate": [2.3316051197419982, 1.187324453330786, 0.45849196535034], "SNR": 0.03, "name": "1yg6"}