{"loc": [-2, 0, 3], "rotate": [-2.285433075130518, 1.0908027885293432, -2.179065513946669], "SNR": 0.03, "name": "1yg6"}