{"loc": [-5, -4, -1], "rotate": [2.7882902165045778, 0.4371272113090628, -0.3318699760818134], "SNR": 0.03, "name": "1yg6"}