{"loc": [-4, -1, 1], "rotate": [2.0132617856537807, 1.5108938378945251, 0.8190763978200375], "SNR": 0.03, "name": "1yg6"}