{"loc": [-6, 0, -6], "rotate": [2.422552555181021, 1.5419936873250906, 0.5750176237868428], "SNR": 0.03, "name": "1yg6"}