{"loc": [-1, 1, 5], "rotate": [-2.042795122029804, 1.219459474427826, -2.42436027653745], "SNR": 0.03, "name": "1yg6"}