{"loc": [-1, -3, -3], "rotate": [-2.4065644633463315, 1.1238438924687688, -2.193875590670188], "SNR": 0.03, "name": "1yg6"}