{"loc": [5, -7, -4], "rotate": [2.133613741163269, 1.668681477318693, 0.8959522598099611], "SNR": 0.03, "name": "1yg6"}