{"loc": [6, 4, -2], "rotate": [-2.3196233331417626, 1.9234819287871485, -2.4489508217792153], "SNR": 0.03, "name": "1yg6"}