{"loc": [6, 7, 5], "rotate": [2.361224411229997, 2.1620230390500383, 1.0251688481515377], "SNR": 0.03, "name": "1yg6"}