{"loc": [0, -3, -1], "rotate": [-2.879806544218932, 0.4780956790501907, -0.9490215770720244], "SNR": 0.03, "name": "1yg6"}