{"loc": [0, 3, -3], "rotate": [1.9823871192271767, 2.4294241936268888, 1.1120961779037561], "SNR": 0.03, "name": "1yg6"}