{"loc": [2, 6, 1], "rotate": [-2.6066301383633435, 0.9397659255250835, -1.5991627960381454], "SNR": 0.03, "name": "1yg6"}