{"loc": [-7, 7, 5], "rotate": [-2.669414467494392, 0.5720263776927981, -1.2069261897395462], "SNR": 0.03, "name": "1yg6"}