{"loc": [-5, -7, -2], "rotate": [3.1387420911951707, 0.7739993580170814, -0.9490957779623468], "SNR": 0.03, "name": "1yg6"}