{"loc": [2, -3, 4], "rotate": [0.018073401561147142, 0.6129398171974564, -0.8111460945235685], "SNR": 0.03, "name": "1yg6"}