{"loc": [2, 2, 1], "rotate": [-2.248609649463052, 1.0256677036507538, -1.7135958341727802], "SNR": 0.03, "name": "1yg6"}