{"loc": [-7, 0, 0], "rotate": [3.1048266258696726, 0.8064217060283341, -0.7746049111176287], "SNR": 0.03, "name": "1yg6"}