{"loc": [-3, 0, -7], "rotate": [-2.484827127558379, 1.6093082651143922, -2.430890222135024], "SNR": 0.03, "name": "1yg6"}