{"loc": [2, 5, 0], "rotate": [2.3798503174145886, 0.7341655444795155, -0.0665271969658535], "SNR": 0.03, "name": "1yg6"}