{"loc": [-4, 2, 5], "rotate": [-2.37924204654193, 1.9242255004104138, -3.09044409889322], "SNR": 0.03, "name": "1yg6"}