{"loc": [-3, -5, 4], "rotate": [2.321715431219045, 0.9697404220352274, -0.014491652199710086], "SNR": 0.03, "name": "1yg6"}