{"loc": [4, 5, -7], "rotate": [-2.243137508696594, 0.754954182294922, -2.2480727113246632], "SNR": 0.03, "name": "1yg6"}