{"loc": [-6, 5, 4], "rotate": [2.410545142471252, 2.1877789815274955, 1.2971073504066906], "SNR": 0.03, "name": "1yg6"}