{"loc": [-3, 5, -6], "rotate": [2.21170021729569, 2.160050236633338, 0.7929687537864769], "SNR": 0.03, "name": "1yg6"}