{"loc": [5, 0, 7], "rotate": [3.091845397274917, 0.6544355018935947, -0.8788962771569119], "SNR": 0.03, "name": "1yg6"}