{"loc": [0, 6, -4], "rotate": [-2.467236186069361, 1.2390164569854851, -2.305774829103152], "SNR": 0.03, "name": "1yg6"}