{"loc": [-4, 1, 1], "rotate": [3.1257089955132162, 0.7523519657311227, -1.1375120532461305], "SNR": 0.03, "name": "1yg6"}