{"loc": [-5, -5, -5], "rotate": [-2.883259779336863, 0.574805169028076, -0.4003321368143075], "SNR": 0.03, "name": "1yg6"}