{"loc": [0, 0, 7], "rotate": [2.6851672021637305, 1.250364826287246, -0.0287708143063757], "SNR": 0.03, "name": "1yg6"}