{"loc": [-3, -6, -4], "rotate": [2.744951588155476, 2.220409990685537, 1.6172697017412094], "SNR": 0.03, "name": "1yg6"}