{"loc": [5, 2, 4], "rotate": [1.980067368237435, 1.507991954088837, 0.35548435943729295], "SNR": 0.03, "name": "1yg6"}