{"loc": [3, 7, 1], "rotate": [-1.9228650272517476, 1.3368363333655082, -2.2929946735790296], "SNR": 0.03, "name": "1yg6"}