{"loc": [-7, -1, 0], "rotate": [-2.625470069644813, 0.948098205059804, -1.9020675223515309], "SNR": 0.03, "name": "1yg6"}