{"loc": [1, 6, 7], "rotate": [2.8755661448161973, 0.6834575414646457, -0.5110811359262386], "SNR": 0.03, "name": "1yg6"}