{"loc": [-4, -4, 4], "rotate": [-2.5733924463473845, 0.7038717721678062, -1.6187659571297035], "SNR": 0.03, "name": "1yg6"}