{"loc": [-5, 3, 1], "rotate": [0.23399269392028568, 0.7502060302310227, -1.4337202161310534], "SNR": 0.03, "name": "1yg6"}