{"loc": [6, 0, 7], "rotate": [2.2092027325265438, 1.6949377639981404, 0.8960197933461129], "SNR": 0.03, "name": "1yg6"}