{"loc": [-1, -3, 3], "rotate": [2.086841738208606, 1.5863092197591688, 0.6392984128320348], "SNR": 0.03, "name": "1yg6"}