{"loc": [0, 6, 2], "rotate": [2.743221388906773, 0.6610487006504328, -0.024453731241423117], "SNR": 0.03, "name": "1yg6"}