{"loc": [0, -3, 0], "rotate": [2.222715747442896, 0.7830709437100432, 0.08297400999445842], "SNR": 0.03, "name": "1yg6"}