{"loc": [-5, -5, 6], "rotate": [2.9217429888523023, 2.558867651063802, 2.2785536083625977], "SNR": 0.03, "name": "1yg6"}