{"loc": [5, 0, 3], "rotate": [-2.3944771816643478, 0.7808344353658201, -1.6329097344921706], "SNR": 0.03, "name": "1yg6"}