{"loc": [-2, -6, 3], "rotate": [-2.159888604277877, 1.6664121881432836, -2.036673218113543], "SNR": 0.03, "name": "1yg6"}