{"loc": [5, 4, -5], "rotate": [-2.2439824713371768, 1.351267306251558, -2.076072811002653], "SNR": 0.03, "name": "1yg6"}