{"loc": [-7, -7, -1], "rotate": [-2.245654872958068, 1.6289470523788838, -2.8392542237425964], "SNR": 0.03, "name": "1yg6"}