{"loc": [-1, 0, 2], "rotate": [-2.70573955706318, 0.7876036065850464, -1.4832602565162043], "SNR": 0.03, "name": "1yg6"}