{"loc": [-6, -5, -2], "rotate": [3.1214037249108757, 0.704076686606236, -0.7098693722392292], "SNR": 0.03, "name": "1yg6"}