{"loc": [6, -5, 5], "rotate": [-3.017476957251075, 0.6737169975461175, -0.4739494055551298], "SNR": 0.03, "name": "1yg6"}