{"loc": [6, 2, 2], "rotate": [2.3830658344173017, 1.2415760273053995, 0.31852153282355383], "SNR": 0.03, "name": "1yg6"}