{"loc": [-1, 3, -7], "rotate": [-2.0429465254932873, 1.341766658968472, -2.215964048012291], "SNR": 0.03, "name": "1yg6"}