{"loc": [-7, -3, 3], "rotate": [-3.008694368277112, 0.7041817230975803, -1.0964238546255385], "SNR": 0.03, "name": "1yg6"}