{"loc": [1, 7, 5], "rotate": [2.408255250670749, 1.4706683776494127, 0.5614443644321847], "SNR": 0.03, "name": "1yg6"}