{"loc": [1, 2, 5], "rotate": [-2.335832422373732, 1.6695936431235197, -2.6752796738433693], "SNR": 0.03, "name": "1yg6"}