{"loc": [-1, -7, 5], "rotate": [2.5728310923933195, 0.7907196222768963, -0.17924321001939902], "SNR": 0.03, "name": "1yg6"}