{"loc": [6, -1, -3], "rotate": [2.348138984260028, 0.9350001242688688, 0.16644313274055342], "SNR": 0.03, "name": "1yg6"}