{"loc": [7, -6, 3], "rotate": [2.498889833570337, 0.9988265569654026, 0.405527117712385], "SNR": 0.03, "name": "1yg6"}