{"loc": [2, 6, -1], "rotate": [2.3581557919181284, 1.760587716866208, 1.2493626230435526], "SNR": 0.03, "name": "1yg6"}