{"loc": [-4, -7, -7], "rotate": [-1.8620952200248946, 1.828277534266615, -2.5427800950968855], "SNR": 0.03, "name": "1yg6"}