{"loc": [-4, 4, 0], "rotate": [2.2894514959556833, 1.428709867753866, 0.6244318605717977], "SNR": 0.03, "name": "1yg6"}