{"loc": [7, -4, -4], "rotate": [-2.736547593177539, 0.7958798804964251, -1.6182881797866517], "SNR": 0.03, "name": "1yg6"}