{"loc": [-6, 0, 7], "rotate": [-2.814999284411725, 0.785550594312836, -1.3939992280538853], "SNR": 0.03, "name": "1yg6"}