{"loc": [-1, 0, -5], "rotate": [2.2856883618280186, 1.0123992359728629, 0.003006986035565153], "SNR": 0.03, "name": "1yg6"}