{"loc": [-6, 6, 1], "rotate": [2.009599916290514, 1.4660617617700478, 0.7618644836070366], "SNR": 0.03, "name": "1yg6"}