{"loc": [-2, 4, -1], "rotate": [2.2370729074126094, 2.02792635516699, 0.8930618719936337], "SNR": 0.03, "name": "1yg6"}