{"loc": [-1, 7, 2], "rotate": [1.7466003607503597, 2.1077726628804427, 0.7042292724300007], "SNR": 0.03, "name": "1yg6"}