{"loc": [4, 0, 6], "rotate": [-1.91319608600035, 1.414163200032658, -2.7293924667860288], "SNR": 0.03, "name": "1yg6"}