{"loc": [6, -2, -5], "rotate": [2.2455752264119617, 1.409964388984335, 0.4109983485443435], "SNR": 0.03, "name": "1yg6"}