{"loc": [6, -2, 6], "rotate": [2.300714574378948, 1.2827290855513518, 0.6509105453654137], "SNR": 0.03, "name": "1yg6"}