{"loc": [5, -5, -3], "rotate": [-1.9001407037634472, 0.6845940696765364, -1.5716180752300608], "SNR": 0.03, "name": "1yg6"}