{"loc": [3, -7, 3], "rotate": [2.964106297400348, 0.6066389691462062, -0.527839208830169], "SNR": 0.03, "name": "1yg6"}