{"loc": [-4, -1, -1], "rotate": [2.9958024458558072, 2.2139696905927213, 1.5268246290140326], "SNR": 0.03, "name": "1yg6"}