{"loc": [0, 5, 7], "rotate": [2.297023879102686, 1.4026002025084954, 0.1959878222869594], "SNR": 0.03, "name": "1yg6"}