{"loc": [-3, 5, 1], "rotate": [2.3296164865555458, 0.32998904957535524, -0.10224315927154673], "SNR": 0.03, "name": "1yg6"}