{"loc": [-1, -1, -4], "rotate": [2.5616983657966763, 0.3922318032892997, -0.291338140661494], "SNR": 0.03, "name": "1yg6"}