{"loc": [3, -5, 0], "rotate": [2.115250152191878, 1.897166481940325, 0.7714158984646436], "SNR": 0.03, "name": "1yg6"}