{"loc": [6, -5, 3], "rotate": [1.7489788808479707, 2.062969351519443, 1.024345168166858], "SNR": 0.03, "name": "1yg6"}