{"loc": [-7, -7, -4], "rotate": [-2.199746244020595, 1.1823747898662895, -1.7748135170458366], "SNR": 0.03, "name": "1yg6"}