{"loc": [1, -2, 0], "rotate": [-2.394100421080507, 0.8507914212029168, -2.042664305910642], "SNR": 0.03, "name": "1yg6"}