{"loc": [5, -4, 5], "rotate": [2.4197803112394016, 1.8910861195854565, 0.9598397630472032], "SNR": 0.03, "name": "1yg6"}