{"loc": [-4, -2, -6], "rotate": [2.2489859817430307, 1.2733090270798342, 0.6270221764087374], "SNR": 0.03, "name": "1yg6"}