{"loc": [-5, -1, -6], "rotate": [-2.6291628619391494, 0.8090844314175325, -1.6927126998884119], "SNR": 0.03, "name": "1yg6"}