{"loc": [7, 7, 0], "rotate": [-2.436525176293829, 1.5556689764861635, -1.8807999413385212], "SNR": 0.03, "name": "1yg6"}