{"loc": [6, 0, -4], "rotate": [2.0038656515293125, 1.6656072977226042, 1.0904136107819957], "SNR": 0.03, "name": "1yg6"}