{"loc": [-3, 3, 7], "rotate": [2.1069607768560292, 1.0570556106099789, 0.7410481479193001], "SNR": 0.03, "name": "1yg6"}