{"loc": [-2, 2, 5], "rotate": [-2.3789698139837165, 1.3906332112058728, -1.648017413510751], "SNR": 0.03, "name": "1yg6"}