{"loc": [-5, 5, 2], "rotate": [2.4669222239148456, 0.6776560476268562, 0.49069299582966586], "SNR": 0.03, "name": "1yg6"}