{"loc": [-7, 6, -4], "rotate": [2.222065231535557, 1.4047462975418434, 1.190886595408711], "SNR": 0.03, "name": "1yg6"}