{"loc": [5, 7, 0], "rotate": [2.573220987750379, 0.9081866613714271, 0.01155703962060442], "SNR": 0.03, "name": "1yg6"}