{"loc": [-2, 7, 1], "rotate": [2.837259459788477, 1.2636107301878121, 0.006304245552211106], "SNR": 0.03, "name": "1yg6"}