{"loc": [-2, -2, 6], "rotate": [-3.077117888571665, 2.216706918502143, 2.4084664979838717], "SNR": 0.03, "name": "1yg6"}