{"loc": [5, 7, 7], "rotate": [2.011571773742518, 1.2037346669973847, 0.4728076552772574], "SNR": 0.03, "name": "1yg6"}