{"loc": [-2, -7, 3], "rotate": [2.7799502149428537, 0.8124469232648425, 0.12712751292663726], "SNR": 0.03, "name": "1yg6"}