{"loc": [-1, 3, -5], "rotate": [2.1613840834816282, 1.0556196893572125, 0.3822422790268949], "SNR": 0.03, "name": "1yg6"}