{"loc": [7, 2, 5], "rotate": [2.3666349475076083, 2.677219916898662, 1.5833270587390964], "SNR": 0.03, "name": "1yg6"}