{"loc": [-6, -2, -4], "rotate": [0.8240509393100831, 0.8691864011216476, -2.1873833475378035], "SNR": 0.03, "name": "1yg6"}