{"loc": [7, -7, -7], "rotate": [-2.424681418215283, 0.9282291094380035, -1.7700064138445173], "SNR": 0.03, "name": "1yg6"}