{"loc": [6, 5, -4], "rotate": [2.126177609121126, 1.2923777353327544, 0.6921865999122079], "SNR": 0.03, "name": "1yg6"}