{"loc": [4, -4, 5], "rotate": [-2.7186592890752794, 0.8731095607481943, -1.8073039125450507], "SNR": 0.03, "name": "1yg6"}