{"loc": [-3, -1, 0], "rotate": [2.6496002724157792, 0.8005944285842193, -0.1397311500836488], "SNR": 0.03, "name": "1yg6"}