{"loc": [-2, 1, -4], "rotate": [-2.4348039236775354, 1.0544205371682271, -2.3000666758718777], "SNR": 0.03, "name": "1yg6"}