{"loc": [7, -5, 1], "rotate": [2.289578303454245, 0.9374793016866126, 0.5371547984487175], "SNR": 0.03, "name": "1yg6"}