{"loc": [-2, 3, -2], "rotate": [-2.8225612040339554, 0.7048239432617602, -1.2272059910569306], "SNR": 0.03, "name": "1yg6"}