{"loc": [0, -3, 6], "rotate": [-2.05423686044427, 1.1901985174716319, -2.0860712204433405], "SNR": 0.03, "name": "1yg6"}