{"loc": [-1, -7, 6], "rotate": [2.1158813202029725, 0.7766206257737438, -0.09962624279837368], "SNR": 0.03, "name": "1yg6"}