{"loc": [0, 4, -4], "rotate": [2.232905984283912, 1.1135381946835343, 0.23990828467978825], "SNR": 0.03, "name": "1yg6"}