{"loc": [5, 5, 4], "rotate": [2.359007730012413, 1.0562881724277748, 0.10372727338244522], "SNR": 0.03, "name": "1yg6"}