{"loc": [5, -5, 3], "rotate": [-2.0883535974035397, 0.992668167474948, -2.502426023446091], "SNR": 0.03, "name": "1yg6"}