{"loc": [6, -3, -5], "rotate": [2.3226837033342647, 1.4075029652385969, 1.143582489319828], "SNR": 0.03, "name": "1yg6"}