{"loc": [7, -6, -4], "rotate": [1.9220816390422955, 0.7792375627468573, 0.173031176957467], "SNR": 0.03, "name": "1yg6"}