{"loc": [-7, 6, -1], "rotate": [-2.7330417367831457, 0.7663428272825611, -1.213921191018395], "SNR": 0.03, "name": "1yg6"}