{"loc": [2, -2, 7], "rotate": [-2.472519081246651, 0.6781875470443528, -1.6275768913477626], "SNR": 0.03, "name": "1yg6"}