{"loc": [4, -4, 2], "rotate": [2.589976258865483, 0.822025714578084, -0.5513815474002314], "SNR": 0.03, "name": "1yg6"}