{"loc": [0, -3, -2], "rotate": [-2.232123718143078, 0.6694719653252886, -2.080960171236274], "SNR": 0.03, "name": "1yg6"}