{"loc": [-1, 4, -3], "rotate": [-2.5649082909626935, 0.9460212484413963, -1.4807480939969366], "SNR": 0.03, "name": "1yg6"}