{"loc": [2, 5, -1], "rotate": [-2.459320867899877, 0.8460018929072038, -1.3067600553035617], "SNR": 0.03, "name": "1yg6"}