{"loc": [-6, 5, -1], "rotate": [2.513832455519275, 0.9726333885686703, 0.3870929998777045], "SNR": 0.03, "name": "1yg6"}