{"loc": [2, -3, -2], "rotate": [2.0960069328606696, 1.1195292533160814, 0.4780726424104142], "SNR": 0.03, "name": "1yg6"}