{"loc": [5, 5, -3], "rotate": [-3.0026007680829383, 0.7652187482893108, -1.1489141174624335], "SNR": 0.03, "name": "1yg6"}