{"loc": [-7, -3, 7], "rotate": [-2.1088429436538725, 0.5102998572151861, -1.912709889677005], "SNR": 0.03, "name": "1yg6"}