{"loc": [0, -3, -1], "rotate": [3.039722491874628, 0.6365129660777026, -0.6164537858111814], "SNR": 0.03, "name": "1yg6"}