{"loc": [7, 3, -2], "rotate": [-2.4854205909769598, 1.767991043685098, -2.774711390663339], "SNR": 0.03, "name": "1yg6"}