{"loc": [1, 2, 1], "rotate": [-2.246125314839287, 0.7421283751652447, -1.7551761152905259], "SNR": 0.03, "name": "1yg6"}