{"loc": [-1, 0, 5], "rotate": [2.5828597369800015, 1.081922129240829, -0.1273235770443783], "SNR": 0.03, "name": "1yg6"}