{"loc": [0, 5, 6], "rotate": [1.9182215172098263, 0.9904498816971555, 0.6439279890709555], "SNR": 0.03, "name": "1yg6"}