{"loc": [-2, -1, 5], "rotate": [2.3166155159106374, 1.1338986413626717, 0.4292511455533965], "SNR": 0.03, "name": "1yg6"}