{"loc": [-5, -7, -3], "rotate": [2.589681074708887, 0.9305720136207091, 0.20052677960225881], "SNR": 0.03, "name": "1yg6"}