{"loc": [-5, -5, -7], "rotate": [2.3462093828500947, 0.8980151734983364, 0.4823493634386247], "SNR": 0.03, "name": "1yg6"}