{"loc": [0, 2, 5], "rotate": [2.1805662693046544, 1.8592636240106097, 1.0753180843188006], "SNR": 0.03, "name": "1yg6"}