{"loc": [6, 4, -7], "rotate": [2.140207143038056, 1.443184996081125, 0.5156315978147802], "SNR": 0.03, "name": "1yg6"}