{"loc": [-3, -4, 5], "rotate": [2.0307770099319784, 1.4445091981545277, 0.5409523782128368], "SNR": 0.03, "name": "1yg6"}