{"loc": [4, -2, 4], "rotate": [2.5422457322772094, 1.00943631215462, -0.2360959472355687], "SNR": 0.03, "name": "1yg6"}