{"loc": [0, 1, 7], "rotate": [2.0515405956257973, 1.6427604255838035, 0.8042310944114809], "SNR": 0.03, "name": "1yg6"}