{"loc": [0, -4, 5], "rotate": [-2.6983172216168403, 1.855214952113883, -2.943650285982589], "SNR": 0.03, "name": "1yg6"}