{"loc": [-1, 4, 2], "rotate": [-2.345423531099877, 1.584043414309311, -2.805325882161662], "SNR": 0.03, "name": "1yg6"}