{"loc": [-2, 1, 0], "rotate": [2.2491838714597976, 1.2164829305713623, 0.4264287336392338], "SNR": 0.03, "name": "1yg6"}