{"loc": [2, -6, -1], "rotate": [2.8680327188496535, 0.7616417852880711, 0.20531691062141344], "SNR": 0.03, "name": "1yg6"}