{"loc": [-2, 3, -4], "rotate": [-3.0087131511536054, 0.3047704956032565, -0.33043499770904977], "SNR": 0.03, "name": "1yg6"}