{"loc": [7, -3, 4], "rotate": [2.7828893735255065, 0.6901428254251262, -0.38283543931187075], "SNR": 0.03, "name": "1yg6"}