{"loc": [3, -3, 7], "rotate": [2.47156013881967, 1.3923074962807858, 0.1148307992759929], "SNR": 0.03, "name": "1yg6"}