{"loc": [1, 7, -7], "rotate": [3.054954224738089, 0.5627657155764486, -0.9104708365678005], "SNR": 0.03, "name": "1yg6"}