{"loc": [6, 0, -5], "rotate": [2.7602875306686436, 0.6645552539936476, -0.619056212991765], "SNR": 0.03, "name": "1yg6"}