{"loc": [1, 7, 2], "rotate": [2.49166816388703, 1.3078081969842632, 0.775252980205385], "SNR": 0.03, "name": "1yg6"}