{"loc": [1, 5, 2], "rotate": [-2.366601003935368, 1.0141216984890054, -2.3760310671847447], "SNR": 0.03, "name": "1yg6"}