{"loc": [-4, -4, 5], "rotate": [-2.472963911237888, 1.3678264524823365, -1.6618780635403199], "SNR": 0.03, "name": "1yg6"}