{"loc": [-2, 5, 0], "rotate": [-2.2127884746123905, 1.3180591004304671, -2.2007124645803033], "SNR": 0.03, "name": "1yg6"}