{"loc": [-6, 2, 6], "rotate": [-2.3616248176143584, 0.6674599362118863, -1.7249823273507232], "SNR": 0.03, "name": "1yg6"}