{"loc": [6, 1, -4], "rotate": [-2.993115525946151, 0.04427805179247406, -0.8376534803454125], "SNR": 0.03, "name": "1yg6"}