{"loc": [-4, -2, 1], "rotate": [2.942450149397432, 0.9299811892532209, -0.5343431485521635], "SNR": 0.03, "name": "1yg6"}