{"loc": [2, 5, 2], "rotate": [-2.4172633585560694, 1.3118472258963483, -2.2839734941790333], "SNR": 0.03, "name": "1yg6"}