{"loc": [7, -4, -6], "rotate": [2.957057022662449, 0.4806854610712021, -0.3732585813156766], "SNR": 0.03, "name": "1yg6"}