{"loc": [-4, 2, 3], "rotate": [1.4167648737360532, 1.4729639806596986, -2.1961315015148717], "SNR": 0.03, "name": "1yg6"}