{"loc": [7, 5, -4], "rotate": [-2.38306298354899, 2.5013762783807794, -2.900373075423087], "SNR": 0.03, "name": "1yg6"}