{"loc": [-7, 1, -2], "rotate": [1.9272044139606708, 1.2214511830437191, 0.6427390119409567], "SNR": 0.03, "name": "1yg6"}