{"loc": [7, 0, -2], "rotate": [2.3775163720520736, 1.3485867489542487, 0.6666359385764409], "SNR": 0.03, "name": "1yg6"}