{"loc": [5, 1, 3], "rotate": [-2.856717352651804, 0.8372746104419808, -1.0677385718716517], "SNR": 0.03, "name": "1yg6"}