{"loc": [3, 1, 1], "rotate": [2.190788409797717, 0.6956555290649944, 0.4141251446932491], "SNR": 0.03, "name": "1yg6"}