{"loc": [-1, -3, -1], "rotate": [1.7965291094401998, 1.4973893353416323, 0.8548086485417168], "SNR": 0.03, "name": "1yg6"}