{"loc": [-7, -1, 0], "rotate": [-2.4786986152279304, 2.4038458709196546, 2.9895286764129647], "SNR": 0.03, "name": "1yg6"}