{"loc": [-4, -5, -5], "rotate": [-2.5020550819964384, 0.9399690185416353, -1.7403143304527295], "SNR": 0.03, "name": "1yg6"}