{"loc": [7, 5, -2], "rotate": [-1.9292382451837888, 0.3342787798943776, -2.0025112054047867], "SNR": 0.03, "name": "1yg6"}