{"loc": [7, 3, -3], "rotate": [2.600730097206885, 1.1615265759873772, 0.2947567224966075], "SNR": 0.03, "name": "1yg6"}