{"loc": [0, 4, -7], "rotate": [-2.870276499647282, 0.49141797777851687, -1.4768062018146735], "SNR": 0.03, "name": "1yg6"}