{"loc": [-2, 2, -5], "rotate": [-2.0324457187917786, 1.9329139727848004, -2.2832580051086735], "SNR": 0.03, "name": "1yg6"}