{"loc": [7, 0, 1], "rotate": [2.2103283533422897, 1.224377048252219, 0.6597902191457692], "SNR": 0.03, "name": "1yg6"}