{"loc": [-1, -7, -3], "rotate": [2.6817345072654764, 0.9685835536575016, -0.48345417520852596], "SNR": 0.03, "name": "1yg6"}