{"loc": [0, 6, 1], "rotate": [-2.1890269156942983, 1.666570435539216, -1.8160859352078185], "SNR": 0.03, "name": "1yg6"}