{"loc": [-5, 1, 7], "rotate": [-3.053373264893464, 0.8608998718979491, -0.7426893107924349], "SNR": 0.03, "name": "1yg6"}