{"loc": [0, -3, 6], "rotate": [2.8800533976978238, 0.8654826231150679, -0.1857672930271573], "SNR": 0.03, "name": "1yg6"}