{"loc": [3, 0, 3], "rotate": [2.2587572039335986, 0.9875166932815251, 0.3473201673859086], "SNR": 0.03, "name": "1yg6"}