{"loc": [4, -6, 7], "rotate": [2.216100082352838, 1.4872115368716023, 0.6006500431617594], "SNR": 0.03, "name": "1yg6"}