{"loc": [0, 7, 4], "rotate": [2.7079550082630734, 0.7485065723574695, -0.014881756789266468], "SNR": 0.03, "name": "1yg6"}