{"loc": [1, 0, -7], "rotate": [2.867960632248238, 0.7602444805174075, -0.35139462268609767], "SNR": 0.03, "name": "1yg6"}