{"loc": [-7, -7, 2], "rotate": [-2.9360865441834463, 0.7141244920483037, -1.3329107745832656], "SNR": 0.03, "name": "1yg6"}