{"loc": [0, -5, 7], "rotate": [1.940159793481465, 1.304814280654285, 0.6240141732933099], "SNR": 0.03, "name": "1yg6"}