{"loc": [-2, -1, -1], "rotate": [2.8989592740943655, 2.11274422576881, 1.6607335932534928], "SNR": 0.03, "name": "1yg6"}