{"loc": [4, -3, -7], "rotate": [-2.4270422929621613, 1.0225264243123584, -1.56733099949921], "SNR": 0.03, "name": "1yg6"}