{"loc": [6, -7, -1], "rotate": [-0.8416311381246108, 1.0026863111613185, 0.44496353447103143], "SNR": 0.03, "name": "1yg6"}