{"loc": [-1, 0, 3], "rotate": [0.4904223405658977, 2.0624812254604814, -2.9675715777192173], "SNR": 0.03, "name": "1yg6"}