{"loc": [0, -4, 5], "rotate": [2.663085646191151, 0.654950502827868, -0.004966854966997694], "SNR": 0.03, "name": "1yg6"}