{"loc": [-1, -5, -5], "rotate": [-2.261195148966025, 1.2852448191725765, -1.8476673765958374], "SNR": 0.03, "name": "1yg6"}