{"loc": [7, 3, -4], "rotate": [2.3461315436263295, 0.7580469103470874, 0.16667004490743073], "SNR": 0.03, "name": "1yg6"}