{"loc": [6, 7, 6], "rotate": [2.800584346766726, 0.6544783440814438, 0.024665595761048507], "SNR": 0.03, "name": "1yg6"}