{"loc": [2, -4, -3], "rotate": [2.201460959731391, 1.9570023103153036, 0.5090144566681843], "SNR": 0.03, "name": "1yg6"}