{"loc": [-4, 2, -2], "rotate": [-2.5413912490839405, 1.7850648456170355, -2.4151090256210472], "SNR": 0.03, "name": "1yg6"}