{"loc": [-2, -4, 7], "rotate": [-2.009335178254945, 1.5410645453343144, -2.290499414195376], "SNR": 0.03, "name": "1yg6"}