{"loc": [4, -7, 5], "rotate": [-2.696694406172925, 0.9167756836521079, -1.2690217566610242], "SNR": 0.03, "name": "1yg6"}