{"loc": [2, 3, -3], "rotate": [3.03666412325001, 0.217096511589974, -1.022098078575645], "SNR": 0.03, "name": "1yg6"}