{"loc": [-6, -2, 5], "rotate": [-3.1171427054810334, 0.803298785573393, -0.7129799717390314], "SNR": 0.03, "name": "1yg6"}