{"loc": [4, -5, -4], "rotate": [2.597376006181229, 0.9659808891320896, -0.2022943629525307], "SNR": 0.03, "name": "1yg6"}