{"loc": [4, -4, 7], "rotate": [2.0994332822302244, 1.2203331851003265, 0.4502937913157034], "SNR": 0.03, "name": "1yg6"}