{"loc": [5, 1, 0], "rotate": [2.569126894024562, 1.895656164438247, 1.509190670516165], "SNR": 0.03, "name": "1yg6"}