{"loc": [-1, -2, -4], "rotate": [2.787306303523394, 0.9075349971350866, -0.23954061003995156], "SNR": 0.03, "name": "1yg6"}