{"loc": [0, 6, -2], "rotate": [2.5002439595167942, 0.9455963518983286, 0.27343979409604935], "SNR": 0.03, "name": "1yg6"}