{"loc": [-2, 2, 0], "rotate": [2.5529193321864923, 0.43657063224762244, -0.05134043831652335], "SNR": 0.03, "name": "1yg6"}