{"loc": [3, 2, -3], "rotate": [2.5638685124233316, 0.9993014354772055, -0.09097568830199848], "SNR": 0.03, "name": "1yg6"}