{"loc": [1, 0, -2], "rotate": [2.152791357287563, 1.1648792720983896, 0.5640733403801247], "SNR": 0.03, "name": "1yg6"}