{"loc": [-1, -1, 7], "rotate": [2.179445583842419, 1.1393234820890787, 0.9133009566658156], "SNR": 0.03, "name": "1yg6"}