{"loc": [-7, 3, -6], "rotate": [2.0964203693243264, 1.5590267737347827, 0.6409672535280999], "SNR": 0.03, "name": "1yg6"}