{"loc": [-2, -3, 6], "rotate": [2.1721114415059843, 1.4881785942834334, 0.6712541769810533], "SNR": 0.03, "name": "1yg6"}