{"loc": [4, 3, -3], "rotate": [2.247615548527975, 1.5894132184636443, 0.6211538343098376], "SNR": 0.03, "name": "1yg6"}