{"loc": [1, 0, -6], "rotate": [-2.370145831624703, 2.0529654349104436, 2.806511824004397], "SNR": 0.03, "name": "1yg6"}