{"loc": [5, -5, -7], "rotate": [-3.13912143681144, 0.7517327221909584, -0.682258203453714], "SNR": 0.03, "name": "1yg6"}