{"loc": [-6, -4, 0], "rotate": [-2.6190955133130993, 1.0290576384048338, -1.518244521612479], "SNR": 0.03, "name": "1yg6"}