{"loc": [2, -1, 3], "rotate": [-2.356160369982714, 1.0824853364922888, -2.3052263143158402], "SNR": 0.03, "name": "1yg6"}