{"loc": [0, -5, 0], "rotate": [-2.40871881388352, 0.5307034437502876, -1.3480519482830882], "SNR": 0.03, "name": "1yg6"}