{"loc": [5, -4, -4], "rotate": [2.407949649809829, 1.1493705057657497, 0.567601024344737], "SNR": 0.03, "name": "1yg6"}