{"loc": [2, -4, 0], "rotate": [2.5966778911223933, 0.9077389922600165, 0.013161006189703003], "SNR": 0.03, "name": "1yg6"}