{"loc": [-7, -4, -3], "rotate": [2.1219859366370195, 1.4589616031508241, 0.7995911730900294], "SNR": 0.03, "name": "1yg6"}