{"loc": [1, 6, 6], "rotate": [-2.055074476569455, 1.049949995408771, -2.221262356561594], "SNR": 0.03, "name": "1yg6"}