{"loc": [-3, -6, 4], "rotate": [2.0233296724695182, 1.3484953221535219, 0.5635687876654476], "SNR": 0.03, "name": "1yg6"}