{"loc": [3, -4, 7], "rotate": [2.670180809740474, 0.706145656673289, -0.26482842035430104], "SNR": 0.03, "name": "1yg6"}