{"loc": [-5, 0, -2], "rotate": [2.2526169597286008, 1.6949948220792592, 0.7960155808938272], "SNR": 0.03, "name": "1yg6"}