{"loc": [-7, 4, -4], "rotate": [2.466313283660606, 1.8873069519696504, 1.4964913538200721], "SNR": 0.03, "name": "1yg6"}