{"loc": [7, 7, 4], "rotate": [-3.007265116207151, 0.32967778431624273, -0.7797381153927134], "SNR": 0.03, "name": "1yg6"}