{"loc": [-4, 2, 4], "rotate": [-2.1303144722490894, 0.9034221372791809, -1.9057388830094242], "SNR": 0.03, "name": "1yg6"}