{"loc": [-2, 7, 6], "rotate": [-2.974478564897329, 0.4605295731031839, -1.0228366403979154], "SNR": 0.03, "name": "1yg6"}