{"loc": [0, -2, 0], "rotate": [2.8893523493714084, 0.7766437452778491, -0.051589803330493664], "SNR": 0.03, "name": "1yg6"}