{"loc": [5, 5, -1], "rotate": [-2.6316988342136716, 0.960536120532288, -1.148307329727528], "SNR": 0.03, "name": "1yg6"}