{"loc": [-4, 3, 5], "rotate": [2.057734529207424, 0.9051971828374197, 0.6702667831768702], "SNR": 0.03, "name": "1yg6"}