{"loc": [-1, 0, 5], "rotate": [2.0973856872044605, 1.161365806749041, 0.7901920254431753], "SNR": 0.03, "name": "1yg6"}