{"loc": [-2, 7, 1], "rotate": [-2.5214131484764297, 1.550204699308488, -1.8727995291907142], "SNR": 0.03, "name": "1yg6"}