{"loc": [4, 2, 5], "rotate": [2.062280736191069, 1.937154572330489, 0.7179993884933458], "SNR": 0.03, "name": "1yg6"}