{"loc": [4, 2, 5], "rotate": [-2.5523448349524727, 1.1533258207497463, -1.6954573351188218], "SNR": 0.03, "name": "1yg6"}