{"loc": [7, 6, 1], "rotate": [-2.4524904556242766, 0.9944050645092201, -1.486235978027572], "SNR": 0.03, "name": "1yg6"}