{"loc": [-3, 0, -6], "rotate": [-2.4676379993775956, 1.194094375037925, -2.0868798460242517], "SNR": 0.03, "name": "1yg6"}