{"loc": [0, -1, 0], "rotate": [2.6169471208284723, 1.5857162579447337, 1.4104342358983804], "SNR": 0.03, "name": "1yg6"}