{"loc": [-1, -1, -1], "rotate": [-1.9283599467949282, 1.1846976733063577, -1.982591801974109], "SNR": 0.03, "name": "1yg6"}