{"loc": [-2, -3, 7], "rotate": [2.575317255637943, 0.9839679731355797, 0.015377297959844384], "SNR": 0.03, "name": "1yg6"}