{"loc": [-7, -5, 2], "rotate": [-2.5009583965557565, 0.9853340489139605, -2.034216560448279], "SNR": 0.03, "name": "1yg6"}