{"loc": [-4, 2, 0], "rotate": [2.34718584179328, 1.701623362849866, 0.6586251942529938], "SNR": 0.03, "name": "1yg6"}