{"loc": [2, -4, 4], "rotate": [2.4377685510338605, 0.46667078556662156, -0.24778244744903472], "SNR": 0.03, "name": "1yg6"}