{"loc": [-6, -2, 4], "rotate": [-2.4104546572593297, 0.6844467599077981, -1.5809659006068189], "SNR": 0.03, "name": "1yg6"}