{"loc": [0, -6, -3], "rotate": [2.550919460071817, 1.0245340272161465, 0.03179747154638354], "SNR": 0.03, "name": "1yg6"}