{"loc": [7, -7, 1], "rotate": [-2.064215961850315, 1.2652914889227869, -2.27211347701078], "SNR": 0.03, "name": "1yg6"}