{"loc": [0, -7, -6], "rotate": [-2.691870935422756, 0.4839727727132289, -0.9607978909025565], "SNR": 0.03, "name": "1yg6"}