{"loc": [0, -4, -4], "rotate": [2.5264539493796483, 0.9610377071957255, 0.1625085180153615], "SNR": 0.03, "name": "1yg6"}