{"loc": [-1, -6, -7], "rotate": [1.9178965641423, 1.4217670767844173, 0.710438831141415], "SNR": 0.03, "name": "1yg6"}