{"loc": [2, -4, 3], "rotate": [2.336268140007852, 1.5349359565663678, 0.9489999609293351], "SNR": 0.03, "name": "1yg6"}