{"loc": [3, 7, 1], "rotate": [2.1244959701263633, 1.8535191710637235, 1.0670152104606678], "SNR": 0.03, "name": "1yg6"}