{"loc": [6, 3, 3], "rotate": [2.216248137176, 0.9348487107140852, 0.5447208693642067], "SNR": 0.03, "name": "1yg6"}