{"loc": [-4, -1, -4], "rotate": [2.3888233518043287, 0.837907299492267, -0.19814118284341314], "SNR": 0.03, "name": "1yg6"}