{"loc": [6, 0, 5], "rotate": [2.686227227327389, 1.02143527563246, -0.2581493939389166], "SNR": 0.03, "name": "1yg6"}