{"loc": [-7, -4, 1], "rotate": [2.5179640190508636, 0.7979678471833657, 0.13129129722170566], "SNR": 0.03, "name": "1yg6"}