{"loc": [-3, 5, 7], "rotate": [2.5677867823700455, 2.417951623659126, 1.3280928091290163], "SNR": 0.03, "name": "1yg6"}