{"loc": [4, -2, 1], "rotate": [-2.428368542903647, 0.8438122151303159, -1.903185294061146], "SNR": 0.03, "name": "1yg6"}