{"loc": [6, -6, -3], "rotate": [2.2200327378140026, 1.6804443756563898, 0.8922182312744846], "SNR": 0.03, "name": "1yg6"}