{"loc": [-2, 7, -6], "rotate": [-3.0563237592084973, 0.4849539559657175, -0.8408708039736449], "SNR": 0.03, "name": "1yg6"}