{"loc": [6, -3, -2], "rotate": [3.066677419866223, 0.9003307386275519, -0.9654704541161865], "SNR": 0.03, "name": "1yg6"}