{"loc": [-6, -2, 2], "rotate": [2.4439621228436286, 0.8039106949832742, -0.12399190725330367], "SNR": 0.03, "name": "1yg6"}