{"loc": [0, -3, -1], "rotate": [2.3910737046454704, 2.096570415738452, 1.3373857280214303], "SNR": 0.03, "name": "1yg6"}