{"loc": [5, 3, 5], "rotate": [-2.303775544435116, 1.3347135616438577, -1.9700324798897646], "SNR": 0.03, "name": "1yg6"}