{"loc": [2, -3, -7], "rotate": [-2.4032432939422073, 0.9329849147064865, -2.1273105051988628], "SNR": 0.03, "name": "1yg6"}