{"loc": [-4, -3, 2], "rotate": [2.3351273001804116, 1.0442395294580955, -0.026484011744174123], "SNR": 0.03, "name": "1yg6"}