{"loc": [-6, -2, 1], "rotate": [-2.532936190671685, 1.015991107879758, -1.694061982106699], "SNR": 0.03, "name": "1yg6"}