{"loc": [-4, 3, 7], "rotate": [2.1340847457113346, 1.5449850943371477, 0.8545327663394178], "SNR": 0.03, "name": "1yg6"}