{"loc": [7, -2, 2], "rotate": [-2.4446104575311787, 0.35408400991835354, -1.398273823922189], "SNR": 0.03, "name": "1yg6"}