{"loc": [5, 2, -2], "rotate": [2.1097006413725645, 1.3897732701803667, 0.5492817939065539], "SNR": 0.03, "name": "1yg6"}