{"loc": [0, 4, 6], "rotate": [2.1692993770937727, 1.4454144914018883, 0.752347260782031], "SNR": 0.03, "name": "1yg6"}