{"loc": [0, -6, 7], "rotate": [3.097650108132837, 2.46646653176373, 2.3579283220155047], "SNR": 0.03, "name": "1yg6"}