{"loc": [3, 5, 4], "rotate": [2.8389435048139218, 0.9969620050683077, -0.05857147088520921], "SNR": 0.03, "name": "1yg6"}