{"loc": [-1, 0, 0], "rotate": [-2.4827189221925337, 0.6704151147499053, -1.2285535627789292], "SNR": 0.03, "name": "1yg6"}