{"loc": [5, 0, 3], "rotate": [-2.743856334504689, 0.9064316172455931, -1.3147940971395036], "SNR": 0.03, "name": "1yg6"}