{"loc": [5, -3, 2], "rotate": [2.604156608476275, 0.49874504718292223, -0.3387708264952828], "SNR": 0.03, "name": "1yg6"}