{"loc": [-1, -1, -1], "rotate": [2.4470239834891094, 1.3759564900153054, 0.295529659374073], "SNR": 0.03, "name": "1yg6"}