{"loc": [-4, 0, 0], "rotate": [2.1814591059116593, 0.49231557154578215, 0.2818264138763063], "SNR": 0.03, "name": "1yg6"}