{"loc": [1, 3, 0], "rotate": [2.624408639391144, 0.8904853490820084, -0.1773348984613055], "SNR": 0.03, "name": "1yg6"}