{"loc": [-2, 2, 1], "rotate": [-2.954330529213816, 0.8256550232295953, -1.2408909996032906], "SNR": 0.03, "name": "1yg6"}