{"loc": [0, 5, 6], "rotate": [-2.400955396026596, 0.6991854702316458, -1.3267827060979323], "SNR": 0.03, "name": "1yg6"}