{"loc": [-7, 7, 2], "rotate": [-2.0129866366764415, 0.8803144568041099, -1.8964932615566048], "SNR": 0.03, "name": "1yg6"}