{"loc": [-3, -5, 3], "rotate": [-2.4560733554736904, 1.7969610191946066, -2.943598661225546], "SNR": 0.03, "name": "1yg6"}