{"loc": [2, 0, -1], "rotate": [2.727864656690543, 0.7109005759938443, 0.24374411227140444], "SNR": 0.03, "name": "1yg6"}