{"loc": [-6, -3, -7], "rotate": [-2.1414171947504377, 0.4146668800022692, -1.568523991898921], "SNR": 0.03, "name": "1yg6"}