{"loc": [-2, 0, 4], "rotate": [2.314034789801317, 1.2441351287506568, 0.382973172426199], "SNR": 0.03, "name": "1yg6"}