{"loc": [-5, 0, 1], "rotate": [2.9398972078537944, 0.47362333629834874, -0.7177181366107701], "SNR": 0.03, "name": "1yg6"}