{"loc": [5, 3, -6], "rotate": [-2.256034623527375, 1.4228686888463116, -1.8370871478707314], "SNR": 0.03, "name": "1yg6"}