{"loc": [-6, 0, 6], "rotate": [2.148322574828885, 1.7018380757497265, 0.6976471280311813], "SNR": 0.03, "name": "1yg6"}