{"loc": [0, 1, -2], "rotate": [-2.2801247125519333, 0.4472223201948013, -1.6282020991544512], "SNR": 0.03, "name": "1yg6"}