{"loc": [0, 6, -6], "rotate": [-1.8907005740524527, 1.518441024788767, -2.3596642310388667], "SNR": 0.03, "name": "1yg6"}