{"loc": [-2, 1, -4], "rotate": [-2.300035144105629, 1.0309882119596816, -2.0835560294520272], "SNR": 0.03, "name": "1yg6"}