{"loc": [-1, -6, 7], "rotate": [2.4267215080076934, 1.129904058103275, 0.3290695607051777], "SNR": 0.03, "name": "1yg6"}