{"loc": [-6, -4, -3], "rotate": [2.0232921377661133, 1.1506970072059803, 0.2894962898791118], "SNR": 0.03, "name": "1yg6"}