{"loc": [2, 7, -6], "rotate": [2.541115538020079, 1.693911956760463, 1.3180675404311908], "SNR": 0.03, "name": "1yg6"}