{"loc": [7, 1, -4], "rotate": [-2.4195199030294137, 0.8534946231156535, -1.7222618593701182], "SNR": 0.03, "name": "1yg6"}