{"loc": [2, 7, 0], "rotate": [2.0498851220431225, 1.688097291007044, 0.9407374888829455], "SNR": 0.03, "name": "1yg6"}