{"loc": [-5, -6, -7], "rotate": [2.7295722073628323, 0.8707312989800333, -0.545564124362606], "SNR": 0.03, "name": "1yg6"}