{"loc": [-1, 3, 7], "rotate": [-2.878800161960821, 0.7533279470472787, -0.7608172165988748], "SNR": 0.03, "name": "1yg6"}