{"loc": [4, -3, -1], "rotate": [-2.491451031880651, 2.2173202984017997, 3.0238627866649335], "SNR": 0.03, "name": "1yg6"}