{"loc": [0, 1, -4], "rotate": [-1.8661422173568134, 0.6144798128614396, -2.522370173769061], "SNR": 0.03, "name": "1yg6"}