{"loc": [-4, 0, -3], "rotate": [2.1302341630445993, 1.2231067322983662, 0.04201816123840713], "SNR": 0.03, "name": "1yg6"}