{"loc": [2, -1, -1], "rotate": [2.3587682749821175, 1.2598415431169623, 0.4357161112181327], "SNR": 0.03, "name": "1yg6"}