{"loc": [2, -7, -6], "rotate": [2.144723856076786, 1.2199534536717143, 0.7624841591255398], "SNR": 0.03, "name": "1yg6"}