{"loc": [-3, 2, 0], "rotate": [-1.8626329457161812, 1.3358427787709866, -1.8352986570988197], "SNR": 0.03, "name": "1yg6"}