{"loc": [6, 7, 4], "rotate": [-1.978480657584614, 0.753124039288779, -1.6950318165016312], "SNR": 0.03, "name": "1yg6"}