{"loc": [4, -3, -6], "rotate": [2.4965337565794226, 2.139840381340456, 1.1111097335309519], "SNR": 0.03, "name": "1yg6"}