{"loc": [0, 4, 3], "rotate": [-3.015200147845795, 0.7717929703255458, -1.0374061361954414], "SNR": 0.03, "name": "1yg6"}