{"loc": [0, 0, 4], "rotate": [2.424768974500147, 1.0848370960018456, 0.8644262731533118], "SNR": 0.03, "name": "1yg6"}