{"loc": [-6, -1, -1], "rotate": [-2.420009410379491, 1.163292500279796, -1.4140898031379439], "SNR": 0.03, "name": "1yg6"}