{"loc": [5, 6, 6], "rotate": [2.360672262895883, 1.2217929079949745, 0.7015469677807558], "SNR": 0.03, "name": "1yg6"}