{"loc": [3, -7, 0], "rotate": [-2.4527177780408693, 0.9952229281698884, -1.9858932683432655], "SNR": 0.03, "name": "1yg6"}