{"loc": [0, 7, 2], "rotate": [1.999148226817756, 2.1902204748921648, 0.9243623814996016], "SNR": 0.03, "name": "1yg6"}