{"loc": [5, -2, -3], "rotate": [-1.9877372719562216, 1.6043992751123732, -1.9713524316612725], "SNR": 0.03, "name": "1yg6"}