{"loc": [6, 6, -1], "rotate": [2.748294487694617, 0.8846791917448755, -0.06672877147773824], "SNR": 0.03, "name": "1yg6"}