{"loc": [4, 5, 1], "rotate": [1.8875323517656568, 1.0099465285077105, 1.1030321995464847], "SNR": 0.03, "name": "1yg6"}