{"loc": [7, 3, 1], "rotate": [2.3756205345408334, 1.2240592277157343, 0.6400183068845802], "SNR": 0.03, "name": "1yg6"}