{"loc": [-4, 0, -2], "rotate": [2.5605514848370836, 1.4459523807532055, 0.7159802819940362], "SNR": 0.03, "name": "1yg6"}