{"loc": [3, 7, -7], "rotate": [-2.387888518576795, 1.4531010245674323, -2.022848468400822], "SNR": 0.03, "name": "1yg6"}