{"loc": [0, -2, -4], "rotate": [2.625251258809855, 0.47622926038041535, -0.43103438700708663], "SNR": 0.03, "name": "1yg6"}