{"loc": [-4, -6, 5], "rotate": [-2.6358370891372966, 0.8989199652399196, -1.8712773755517853], "SNR": 0.03, "name": "1yg6"}