{"loc": [-7, -1, 1], "rotate": [2.517711876136657, 1.0840051933151118, 0.23434503426349892], "SNR": 0.03, "name": "1yg6"}