{"loc": [-2, -7, -2], "rotate": [-2.3358909115281543, 1.0172818145425075, -1.6408198841369686], "SNR": 0.03, "name": "1yg6"}