{"loc": [-7, 5, 3], "rotate": [-2.652534395760735, 0.41554897691107134, -1.1231051295122696], "SNR": 0.03, "name": "1yg6"}