{"loc": [4, -2, 0], "rotate": [-3.0504543429297266, 0.6465474564977891, -0.9502081551862287], "SNR": 0.03, "name": "1yg6"}