{"loc": [-4, 2, 1], "rotate": [2.3729333895237903, 1.631325739005188, 1.4265576937748998], "SNR": 0.03, "name": "1yg6"}