{"loc": [4, -4, 2], "rotate": [2.3652848486754547, 1.1098366326152787, 0.43864969536868365], "SNR": 0.03, "name": "1yg6"}