{"loc": [-7, -1, -2], "rotate": [-2.3493065025784556, 0.8198539276985028, -1.8373496396862545], "SNR": 0.03, "name": "1yg6"}