{"loc": [-4, 3, 4], "rotate": [1.8279924411582122, 1.3604109868138212, 0.7917974138607402], "SNR": 0.03, "name": "1yg6"}