{"loc": [5, 6, -5], "rotate": [3.0640459266712354, 0.4431871177575352, -0.6282109843760431], "SNR": 0.03, "name": "1yg6"}