{"loc": [-6, 5, 0], "rotate": [2.050146522195267, 1.478445439448633, 0.8883176191824964], "SNR": 0.03, "name": "1yg6"}