{"loc": [-4, 1, -3], "rotate": [2.660526109410343, 1.0256061818284758, -0.2632697039046336], "SNR": 0.03, "name": "1yg6"}