{"loc": [2, -1, -3], "rotate": [-2.6019446748614743, 0.5581373021605252, -1.689136917583082], "SNR": 0.03, "name": "1yg6"}