{"loc": [6, 1, 0], "rotate": [2.5132080337445712, 0.3197087961176466, -0.41459184460541004], "SNR": 0.03, "name": "1yg6"}