{"loc": [0, -4, -1], "rotate": [2.2819821234261064, 3.019204169246055, 1.7125646589806864], "SNR": 0.03, "name": "1yg6"}