{"loc": [0, -1, 6], "rotate": [2.2461764853901234, 1.076129533934033, 0.5474191354045654], "SNR": 0.03, "name": "1yg6"}