{"loc": [3, -7, 2], "rotate": [-3.0660212839153282, 1.0893840175968867, -1.2626026691209455], "SNR": 0.03, "name": "1yg6"}