{"loc": [-1, -5, -6], "rotate": [2.4701215089543385, 1.326683894710839, -0.09763336301712695], "SNR": 0.03, "name": "1yg6"}