{"loc": [2, 3, 7], "rotate": [-2.001941210701155, 0.4305403732934211, -2.2921962458548624], "SNR": 0.03, "name": "1yg6"}