{"loc": [5, -3, -5], "rotate": [1.946919510535941, 1.0241052217149091, 0.7253304671148422], "SNR": 0.03, "name": "1yg6"}