{"loc": [6, 2, 7], "rotate": [3.0761374056789563, 0.35980204641618446, -1.13425238319813], "SNR": 0.03, "name": "1yg6"}