{"loc": [-5, 6, 1], "rotate": [-2.18044838467287, 2.11268628370458, -2.324075100653789], "SNR": 0.03, "name": "1yg6"}