{"loc": [-2, 0, -1], "rotate": [2.442182174218077, 0.4778856390016371, 0.03953082677101589], "SNR": 0.03, "name": "1yg6"}