{"loc": [2, 4, -5], "rotate": [2.3237770285054204, 1.5129961494625337, 0.9508597807151093], "SNR": 0.03, "name": "1yg6"}