{"loc": [3, 0, -7], "rotate": [2.07977829110926, 0.9458199782217278, 0.6214524160015492], "SNR": 0.03, "name": "1yg6"}