{"loc": [1, 4, 0], "rotate": [-2.8598162950638337, 0.6962611245672412, -1.4331157196192355], "SNR": 0.03, "name": "1yg6"}