{"loc": [7, -7, 1], "rotate": [2.2205215402575886, 0.7300546724935745, 0.4286125292985736], "SNR": 0.03, "name": "1yg6"}