{"loc": [-4, 7, -2], "rotate": [-1.7068100161462398, 1.5423604019325017, -2.104535154382784], "SNR": 0.03, "name": "1yg6"}