{"loc": [-6, -4, 5], "rotate": [-2.218337346038957, 0.9824682500914104, -1.4544811130653488], "SNR": 0.03, "name": "1yg6"}