{"loc": [-1, -4, 6], "rotate": [2.808103909317894, 1.0668878843848963, -0.27799131542533817], "SNR": 0.03, "name": "1yg6"}