{"loc": [5, -3, -5], "rotate": [-3.08325824971757, 0.5686061600485763, -0.6199520850728258], "SNR": 0.03, "name": "1yg6"}