{"loc": [-2, -5, 5], "rotate": [-3.033231364650762, 0.34641718098418306, -1.0625663450028766], "SNR": 0.03, "name": "1yg6"}