{"loc": [-6, 4, -5], "rotate": [-2.1717634169280045, 1.0138897546741863, -1.8365173390893228], "SNR": 0.03, "name": "1bxn"}