{"loc": [-6, -3, -2], "rotate": [-2.2143456095979714, 1.3398103271684654, -2.0628092702557606], "SNR": 0.03, "name": "1bxn"}