{"loc": [7, -5, -4], "rotate": [-2.940588362534653, 0.7367311019203977, -1.1888983422900807], "SNR": 0.03, "name": "1bxn"}