{"loc": [-4, -5, -3], "rotate": [-2.4787481242370175, 1.303870132595031, -1.7818152350188847], "SNR": 0.03, "name": "1bxn"}