{"loc": [5, 1, 4], "rotate": [2.4577653149879564, 1.1872976638859931, 0.5449880164931536], "SNR": 0.03, "name": "1bxn"}