{"loc": [3, 5, -4], "rotate": [2.478044882131542, 0.8591769641642033, 0.36812873763684095], "SNR": 0.03, "name": "1bxn"}