{"loc": [0, 6, 1], "rotate": [1.796836992772587, 1.4988516471659203, 0.3701313869949159], "SNR": 0.03, "name": "1bxn"}