{"loc": [1, -5, -7], "rotate": [2.4959046530597977, 0.8476267703918569, -0.13836641735015848], "SNR": 0.03, "name": "1bxn"}