{"loc": [4, -6, 3], "rotate": [-2.7133113560219795, 0.6993956781693738, -1.6215848759831337], "SNR": 0.03, "name": "1bxn"}