{"loc": [0, 0, 6], "rotate": [-1.8410044983620193, 1.957353285939329, -2.319293642762119], "SNR": 0.03, "name": "1bxn"}