{"loc": [-3, -5, 3], "rotate": [-2.1952567741963933, 1.591773670270068, -1.8117834247811577], "SNR": 0.03, "name": "1bxn"}