{"loc": [-6, 0, 0], "rotate": [-2.009018502605826, 1.2866691096330842, -1.9854168222674546], "SNR": 0.03, "name": "1bxn"}