{"loc": [-5, -4, 5], "rotate": [2.4517339007963184, 1.43771863506559, 0.48392706063455], "SNR": 0.03, "name": "1bxn"}