{"loc": [2, -6, 0], "rotate": [2.313476303893416, 1.4778947664196715, 0.858502167428225], "SNR": 0.03, "name": "1bxn"}