{"loc": [2, 4, 5], "rotate": [-2.173399478386864, 0.8709776764056213, -2.320451160037728], "SNR": 0.03, "name": "1bxn"}