{"loc": [-3, 4, 7], "rotate": [2.149012983676345, 1.038110756221042, 0.32046191584930384], "SNR": 0.03, "name": "1bxn"}