{"loc": [6, -2, -1], "rotate": [2.3025115631888022, 1.683760286384232, 0.8782750256959152], "SNR": 0.03, "name": "1bxn"}