{"loc": [2, 0, -4], "rotate": [2.742701664649106, 0.8313694102679382, -0.18150245659402378], "SNR": 0.03, "name": "1bxn"}