{"loc": [5, -7, 4], "rotate": [2.2783337286373566, 1.3655300620681554, 0.07250810897709839], "SNR": 0.03, "name": "1bxn"}