{"loc": [4, 5, -2], "rotate": [-2.3109344081776326, 1.3882507605277745, -2.186334289781581], "SNR": 0.03, "name": "1bxn"}