{"loc": [0, -6, 6], "rotate": [-2.117331277280124, 1.224818974561115, -1.8941707714919023], "SNR": 0.03, "name": "1bxn"}