{"loc": [3, 7, 3], "rotate": [2.3054542924849293, 0.7886138541725216, 0.2543316243007402], "SNR": 0.03, "name": "1bxn"}