{"loc": [-6, 1, -1], "rotate": [-3.1238000082157296, 0.571569343013447, -0.7058652322366386], "SNR": 0.03, "name": "1bxn"}