{"loc": [-4, 3, -3], "rotate": [-2.317022260841463, 1.1266054154725154, -1.416844819515922], "SNR": 0.03, "name": "1bxn"}