{"loc": [1, -3, -4], "rotate": [3.0571216578777105, 0.848970756622562, -0.6817684270888352], "SNR": 0.03, "name": "1bxn"}