{"loc": [1, -7, 6], "rotate": [-2.1193519836238663, 1.6644242167802148, -2.2757571891899], "SNR": 0.03, "name": "1bxn"}