{"loc": [2, 3, 4], "rotate": [-2.224968273651547, 1.1262333685038262, -2.1512162520635325], "SNR": 0.03, "name": "1bxn"}