{"loc": [0, -6, 3], "rotate": [2.221899128749925, 1.125178201028454, -0.006033338773580838], "SNR": 0.03, "name": "1bxn"}