{"loc": [-2, 2, -3], "rotate": [2.3724504549229515, 2.207673068759709, 1.3775777407793963], "SNR": 0.03, "name": "1bxn"}