{"loc": [4, -2, -7], "rotate": [-2.1763158915425587, 1.1778960260845972, -1.6663439031208622], "SNR": 0.03, "name": "1bxn"}