{"loc": [0, 1, 0], "rotate": [-2.531877286889455, 1.5407798186168922, -1.946222371436183], "SNR": 0.03, "name": "1bxn"}