{"loc": [-7, -1, -2], "rotate": [-2.7052044550611924, 1.1179330259405975, -1.9630031920637045], "SNR": 0.03, "name": "1bxn"}