{"loc": [0, -4, -2], "rotate": [2.357725401316501, 1.1907274705803226, 0.34729037685498215], "SNR": 0.03, "name": "1bxn"}