{"loc": [-5, 0, -5], "rotate": [2.441139458474026, 1.0619734836414956, 0.12419948658478028], "SNR": 0.03, "name": "1bxn"}