{"loc": [5, 3, -5], "rotate": [-2.8118723518519206, 2.568303571288292, -3.0757700061492494], "SNR": 0.03, "name": "1bxn"}