{"loc": [-1, 0, 7], "rotate": [-3.0728342703273395, 0.6133741913447156, -1.1715580637328817], "SNR": 0.03, "name": "1bxn"}