{"loc": [-7, 3, -2], "rotate": [-2.2688402015566353, 3.006835346413385, -3.0294969732483596], "SNR": 0.03, "name": "1bxn"}