{"loc": [3, 4, 5], "rotate": [2.4381809785632265, 1.9000918856761928, 0.8875499068683868], "SNR": 0.03, "name": "1bxn"}