{"loc": [-2, 7, -7], "rotate": [2.357993931454256, 1.4657823103585665, 0.863135374845173], "SNR": 0.03, "name": "1bxn"}