{"loc": [-7, 0, -6], "rotate": [-2.702766361626302, 0.7997823239771024, -1.4117957133359205], "SNR": 0.03, "name": "1bxn"}