{"loc": [-6, -1, 5], "rotate": [2.0966337662106485, 0.9539410181647956, 0.42339456429505434], "SNR": 0.03, "name": "1bxn"}