{"loc": [-4, -4, -7], "rotate": [-2.812758701443193, 0.8246653532956217, -0.9624452606853269], "SNR": 0.03, "name": "1bxn"}