{"loc": [0, 6, -7], "rotate": [-2.8133720016629304, 0.6124979418143103, -1.1449345552903232], "SNR": 0.03, "name": "1bxn"}