{"loc": [0, 7, 1], "rotate": [-2.4107924279904696, 1.2834745092416955, -1.7748556985754482], "SNR": 0.03, "name": "1bxn"}