{"loc": [5, -6, 3], "rotate": [1.7891652457400193, 1.1747505088936245, 0.41959120557125407], "SNR": 0.03, "name": "1bxn"}