{"loc": [-3, 4, 1], "rotate": [-2.887073855566013, 0.4465316225773973, -1.3678953416453865], "SNR": 0.03, "name": "1bxn"}