{"loc": [-5, 7, -3], "rotate": [2.106423894682071, 0.6055349822826845, 0.24511641907376217], "SNR": 0.03, "name": "1bxn"}