{"loc": [5, 0, 2], "rotate": [-2.6766934336262183, 0.8174326410449555, -1.507426153488515], "SNR": 0.03, "name": "1bxn"}