{"loc": [-3, -6, 3], "rotate": [2.0993973814008564, 1.7247268558396218, 1.0822439785633449], "SNR": 0.03, "name": "1bxn"}