{"loc": [0, 7, 4], "rotate": [-2.9297344645957932, 0.5740837760659376, -0.9996687009788893], "SNR": 0.03, "name": "1bxn"}