{"loc": [7, 5, -2], "rotate": [-2.3504975119838063, 1.596405303165422, -2.516840451334686], "SNR": 0.03, "name": "1bxn"}