{"loc": [4, 4, -1], "rotate": [2.089526129181515, 1.5399117073540298, 0.2022942209882451], "SNR": 0.03, "name": "1bxn"}