{"loc": [-7, -4, 2], "rotate": [2.1697989045928536, 2.7016074450009016, 1.2799081795372476], "SNR": 0.03, "name": "1bxn"}