{"loc": [-3, -6, 2], "rotate": [2.9191642928931287, 1.0172048950914574, -0.20060811064131512], "SNR": 0.03, "name": "1bxn"}