{"loc": [-3, 4, 6], "rotate": [2.6536419350450524, 0.7764382455040629, 0.3776582333180383], "SNR": 0.03, "name": "1bxn"}