{"loc": [3, 0, -7], "rotate": [2.0904703562621743, 1.7430085909275552, 0.5684523606009314], "SNR": 0.03, "name": "1bxn"}