{"loc": [4, 7, 4], "rotate": [2.104412294755916, 1.0881838192739481, 0.40172287849267024], "SNR": 0.03, "name": "1bxn"}