{"loc": [2, 0, -2], "rotate": [2.1016171799269197, 1.202912716085377, 0.5847794669096189], "SNR": 0.03, "name": "1bxn"}