{"loc": [-2, 0, 3], "rotate": [-2.651518811496728, 0.759726039858516, -1.3004866942728324], "SNR": 0.03, "name": "1bxn"}