{"loc": [4, 4, 4], "rotate": [2.5377526235054018, 0.8347896807360577, 0.03654592500127363], "SNR": 0.03, "name": "1bxn"}