{"loc": [5, -4, -3], "rotate": [1.7728656418207354, 1.9862860165698761, 0.7002900253568546], "SNR": 0.03, "name": "1bxn"}