{"loc": [7, 1, -7], "rotate": [-1.9320401849817515, 1.2288394036929968, -2.0052445377579047], "SNR": 0.03, "name": "1bxn"}