{"loc": [6, 1, 7], "rotate": [-2.812437776242737, 0.735473263775697, -1.3797406597586588], "SNR": 0.03, "name": "1bxn"}