{"loc": [1, 5, -7], "rotate": [2.6377568112324004, 0.7093348956266327, 0.04569785857937486], "SNR": 0.03, "name": "1bxn"}