{"loc": [2, 3, -6], "rotate": [-2.3750124552709764, 0.7651543559471115, -1.7721122512937915], "SNR": 0.03, "name": "1bxn"}