{"loc": [-6, 0, 0], "rotate": [-2.3470909578362145, 1.6019982341003947, -2.21416848501383], "SNR": 0.03, "name": "1bxn"}