{"loc": [-5, 7, -4], "rotate": [2.6000380461870924, 0.9170931144724632, 0.08175758694380383], "SNR": 0.03, "name": "1bxn"}