{"loc": [-3, -3, 0], "rotate": [-2.259026779841205, 0.7895632698323182, -1.7700016330005113], "SNR": 0.03, "name": "1bxn"}