{"loc": [4, -6, 3], "rotate": [-2.2335244281668585, 1.3998560113110186, -1.8466311046760824], "SNR": 0.03, "name": "1bxn"}