{"loc": [-7, 7, -7], "rotate": [3.1134633105354945, 0.8348802335613207, -0.5749346699363754], "SNR": 0.03, "name": "1bxn"}