{"loc": [0, -3, 6], "rotate": [2.4332411967038214, 1.554244457067213, 1.0319619864418959], "SNR": 0.03, "name": "1bxn"}