{"loc": [-3, 3, -7], "rotate": [-2.2405318890623027, 1.1372775451981907, -1.658534411535723], "SNR": 0.03, "name": "1bxn"}