{"loc": [-7, 0, -5], "rotate": [2.413637887712977, 0.996279580626162, 0.1703590617920818], "SNR": 0.03, "name": "1bxn"}