{"loc": [-2, 0, -7], "rotate": [2.4384765747381767, 1.7330394614061757, 0.3950343777128744], "SNR": 0.03, "name": "1bxn"}