{"loc": [2, 3, 4], "rotate": [2.550606158535278, 1.0462522568466528, 0.044454617706785125], "SNR": 0.03, "name": "1bxn"}