{"loc": [7, -3, -7], "rotate": [2.78850582422128, 0.7275438650082322, -0.36634769196433825], "SNR": 0.03, "name": "1bxn"}