{"loc": [6, 4, -7], "rotate": [-2.09525631056912, 1.7401331138054408, -1.89996615933542], "SNR": 0.03, "name": "1bxn"}