{"loc": [-5, -3, 0], "rotate": [2.953241468581814, 0.6607332258429113, -0.3760432715944289], "SNR": 0.03, "name": "1bxn"}