{"loc": [0, -1, 4], "rotate": [-3.0411191825121735, 0.8877037530997312, -0.6895148319370673], "SNR": 0.03, "name": "1bxn"}