{"loc": [-1, 4, 1], "rotate": [2.686089511071336, 1.4308509320707319, 0.03184720937120376], "SNR": 0.03, "name": "1bxn"}