{"loc": [-5, 7, -6], "rotate": [-2.413420567706655, 1.2091180675691229, -1.7664543788284714], "SNR": 0.03, "name": "1bxn"}