{"loc": [4, -3, -7], "rotate": [-1.9410737683217083, 1.3112130470334928, -2.3851255095604715], "SNR": 0.03, "name": "1bxn"}