{"loc": [4, -3, -6], "rotate": [-2.31238959469079, 0.5049782495225565, -1.5486807455191198], "SNR": 0.03, "name": "1bxn"}