{"loc": [-3, 1, 7], "rotate": [2.26799756521109, 1.1526399258309947, 0.18692402977501432], "SNR": 0.03, "name": "1bxn"}