{"loc": [3, 4, -2], "rotate": [1.778161510748343, 1.3082848745534832, 0.7598443586535585], "SNR": 0.03, "name": "1bxn"}