{"loc": [0, -4, -4], "rotate": [-2.143351131152889, 0.856026126484949, -2.1435564727733207], "SNR": 0.03, "name": "1bxn"}