{"loc": [-3, -1, 0], "rotate": [-2.4310602065611393, 1.1977075901729777, -1.8918275327366647], "SNR": 0.03, "name": "1bxn"}