{"loc": [-3, 4, -4], "rotate": [2.401022608418919, 0.7173012315678833, 0.02905929931456689], "SNR": 0.03, "name": "1bxn"}