{"loc": [0, -3, 1], "rotate": [-1.7736954572352441, 1.6868484451145396, -2.5161058467486863], "SNR": 0.03, "name": "1bxn"}