{"loc": [0, -3, -5], "rotate": [-3.0846386667866, 0.7948668531986177, -0.4685903207327854], "SNR": 0.03, "name": "1bxn"}