{"loc": [1, -3, 2], "rotate": [-2.1666458965475797, 1.3182249714934684, -2.135742427082008], "SNR": 0.03, "name": "1bxn"}