{"loc": [-5, 5, 0], "rotate": [2.2314489394627284, 0.8606905005829213, 0.6412652374396767], "SNR": 0.03, "name": "1bxn"}