{"loc": [-3, 0, -6], "rotate": [-2.548755639761556, 1.0236190132154994, -1.4515514457974774], "SNR": 0.03, "name": "1bxn"}