{"loc": [-4, -5, 5], "rotate": [-2.883247532589062, 0.48359796377960107, -0.9673165882387852], "SNR": 0.03, "name": "1bxn"}