{"loc": [2, 7, -5], "rotate": [2.681340715768505, 0.6679801817018979, -0.007298533748029013], "SNR": 0.03, "name": "1bxn"}