{"loc": [-3, -4, -6], "rotate": [-1.8792557883537335, 1.1765688023042487, -2.2521339874516824], "SNR": 0.03, "name": "1bxn"}