{"loc": [-7, -4, 1], "rotate": [2.2216634299496, 1.7992131433359597, 1.038721394512288], "SNR": 0.03, "name": "1bxn"}