{"loc": [-6, 1, 0], "rotate": [-2.5086719057312346, 0.8106239540756712, -1.6900750213604532], "SNR": 0.03, "name": "1bxn"}