{"loc": [-7, 1, -4], "rotate": [-2.122410497548299, 1.1876694390561593, -2.0931836901500662], "SNR": 0.03, "name": "1bxn"}