{"loc": [6, 3, 0], "rotate": [-2.666429515746608, 0.8150848741953941, -1.6205985059726697], "SNR": 0.03, "name": "1bxn"}