{"loc": [7, -4, 0], "rotate": [2.2546645767612583, 1.5381025648057995, 1.220456137526723], "SNR": 0.03, "name": "1bxn"}