{"loc": [5, 6, 0], "rotate": [-2.3684017701100966, 0.7474303644499677, -1.8448064211644661], "SNR": 0.03, "name": "1bxn"}