{"loc": [5, -2, -7], "rotate": [3.086477702247467, 0.7973726716243773, -0.5515287355160883], "SNR": 0.03, "name": "1bxn"}