{"loc": [1, -5, -2], "rotate": [-2.760391809253422, 2.2808829600622067, 2.726782382278962], "SNR": 0.03, "name": "1bxn"}