{"loc": [0, 0, -3], "rotate": [-2.407584336858641, 1.462151593562753, -2.1215826398252577], "SNR": 0.03, "name": "1bxn"}