{"loc": [-5, 0, 5], "rotate": [2.776773974690066, 1.017865175323311, -0.30900668759272876], "SNR": 0.03, "name": "1bxn"}