{"loc": [-3, -5, 3], "rotate": [-2.474255189199425, 0.9224424355570844, -2.3882275946662412], "SNR": 0.03, "name": "1bxn"}