{"loc": [-2, 3, -4], "rotate": [2.6338610749179923, 0.33536901280742226, -0.584039525703675], "SNR": 0.03, "name": "1bxn"}