{"loc": [-2, 0, 0], "rotate": [-2.2047313678676663, 2.0981744998555762, -2.797357911710002], "SNR": 0.03, "name": "1bxn"}