{"loc": [6, 7, -6], "rotate": [2.2017338722680972, 0.7666317173311448, 0.16857282023037717], "SNR": 0.03, "name": "1bxn"}