{"loc": [6, -7, 6], "rotate": [2.7595095916255317, 0.5355574897064985, -0.221071325403617], "SNR": 0.03, "name": "1bxn"}