{"loc": [-3, -2, -1], "rotate": [-2.115144093292053, 1.019060981667975, -2.118299312844402], "SNR": 0.03, "name": "1bxn"}