{"loc": [-2, 6, -2], "rotate": [2.5295149342264427, 1.0893277189030286, 0.2262303821099744], "SNR": 0.03, "name": "1bxn"}