{"loc": [-5, -2, -1], "rotate": [-2.7988367799618015, 0.6217994406846422, -1.1974250515704905], "SNR": 0.03, "name": "1bxn"}