{"loc": [6, 0, 0], "rotate": [-2.3119724175884535, 1.9494012947252766, -2.7461111973758294], "SNR": 0.03, "name": "1bxn"}