{"loc": [-6, 1, 4], "rotate": [-3.0917789360418912, 0.9702888388457072, -0.9671889865011987], "SNR": 0.03, "name": "1bxn"}