{"loc": [-1, -5, 1], "rotate": [-2.4062184187587565, 1.4291271382775423, -2.0843814780558456], "SNR": 0.03, "name": "1bxn"}