{"loc": [3, 3, -4], "rotate": [2.33035656888114, 1.577870992318044, 0.7428206745807185], "SNR": 0.03, "name": "1bxn"}