{"loc": [-6, -5, 1], "rotate": [-2.5331981397898593, 1.0690456813633993, -2.3313061263937844], "SNR": 0.03, "name": "1bxn"}