{"loc": [-1, -5, 6], "rotate": [-0.19319393491376996, 2.2473770399957753, 2.1721964201937403], "SNR": 0.03, "name": "1bxn"}