{"loc": [-1, -4, -2], "rotate": [1.8668574403650378, 0.8098163774687869, 0.9121227471491016], "SNR": 0.03, "name": "1bxn"}