{"loc": [-3, 0, -5], "rotate": [2.625637407309099, 0.904775160728496, -0.12572645816894248], "SNR": 0.03, "name": "1bxn"}