{"loc": [-4, -6, 2], "rotate": [-2.064267438857633, 1.34557736158669, -2.0168813671085704], "SNR": 0.03, "name": "1bxn"}