{"loc": [7, 0, 1], "rotate": [-2.0572955003507345, 1.16322847391776, -1.994667458043658], "SNR": 0.03, "name": "1bxn"}