{"loc": [7, 5, -5], "rotate": [2.174956711950566, 1.4003778189163052, 0.6125834531089756], "SNR": 0.03, "name": "1bxn"}