{"loc": [-7, 4, 7], "rotate": [-2.2209981896645172, 0.8827978991999614, -2.1700886888584985], "SNR": 0.03, "name": "1bxn"}