{"loc": [-7, -7, 5], "rotate": [2.1740200514980352, 1.408688230729952, 0.3241433625289923], "SNR": 0.03, "name": "1bxn"}