{"loc": [-7, -5, -2], "rotate": [2.8169133105077675, 0.8687486767042274, 0.1335894796982618], "SNR": 0.03, "name": "1bxn"}