{"loc": [1, 7, 4], "rotate": [2.6905135459613674, 2.764928463380808, 2.0591905348155217], "SNR": 0.03, "name": "1bxn"}