{"loc": [-3, 0, 1], "rotate": [-2.6122925344978527, 0.5390796472500807, -1.1684450451129915], "SNR": 0.03, "name": "1bxn"}