{"loc": [-4, 0, 4], "rotate": [-2.122563941820588, 1.5188099848765144, -1.7884861219091313], "SNR": 0.03, "name": "1bxn"}