{"loc": [3, 2, 3], "rotate": [2.5743858025730337, 2.1454606689953604, 1.0104685532764444], "SNR": 0.03, "name": "1bxn"}