{"loc": [-4, -5, -6], "rotate": [2.9373888579662197, 0.7639494328252643, -0.4310421475945784], "SNR": 0.03, "name": "1bxn"}