{"loc": [-1, 1, 6], "rotate": [-1.9818481096730438, 1.3757096910475974, -2.315561776516525], "SNR": 0.03, "name": "1bxn"}