{"loc": [-1, -3, 1], "rotate": [-2.6025060265906204, 0.9717336929031035, -1.8045556376181517], "SNR": 0.03, "name": "1bxn"}