{"loc": [-4, -6, 6], "rotate": [2.227797878415742, 0.6825317577979317, 0.5926788914908141], "SNR": 0.03, "name": "1bxn"}