{"loc": [-3, 3, -4], "rotate": [2.124098520624429, 1.952563109944933, 0.8059636140282298], "SNR": 0.03, "name": "1bxn"}