{"loc": [-3, -2, -7], "rotate": [2.9383178364727094, 0.6637711889427211, -0.2217868548161199], "SNR": 0.03, "name": "1bxn"}