{"loc": [-1, 3, -5], "rotate": [2.102503035874374, 0.6219392098758892, -0.01750412262698716], "SNR": 0.03, "name": "1bxn"}