{"loc": [-5, 4, 6], "rotate": [1.7323416859690004, 1.7583057814149963, 0.7300955329720222], "SNR": 0.03, "name": "1bxn"}