{"loc": [-5, 4, 1], "rotate": [-3.1204904976407524, 1.0235321712834295, -0.7696172088259943], "SNR": 0.03, "name": "1bxn"}