{"loc": [7, -6, 5], "rotate": [2.563595200753305, 0.9888170750647192, 0.28947777794422125], "SNR": 0.03, "name": "1bxn"}