{"loc": [-7, 0, 2], "rotate": [1.8556783447004506, 1.5071110945242834, 1.0572920235513275], "SNR": 0.03, "name": "1bxn"}