{"loc": [6, -3, 0], "rotate": [2.9273197460615785, 0.7585502545826093, -0.6650009119460145], "SNR": 0.03, "name": "1bxn"}