{"loc": [6, -2, 4], "rotate": [2.032525657119965, 1.0675107397804005, 0.44097240515021147], "SNR": 0.03, "name": "1bxn"}