{"loc": [0, -2, 4], "rotate": [2.7605619360357454, 0.8155895200569707, -0.033245434266161264], "SNR": 0.03, "name": "1bxn"}