{"loc": [2, -4, 1], "rotate": [-2.529069870231607, 1.217166553460272, -1.271918461850578], "SNR": 0.03, "name": "1bxn"}