{"loc": [-4, 6, 2], "rotate": [2.4634855638950164, 1.4620217623559477, 0.32443964932606706], "SNR": 0.03, "name": "1bxn"}