{"loc": [5, -3, 5], "rotate": [-2.400411669512799, 1.891997696234327, 3.0294919995191916], "SNR": 0.03, "name": "1bxn"}