{"loc": [5, 1, -5], "rotate": [-2.620721042392146, 0.930408591785209, -1.6876354671547982], "SNR": 0.03, "name": "1bxn"}