{"loc": [7, 5, -5], "rotate": [2.22745201937518, 1.7111512048673179, 0.6704573784109924], "SNR": 0.03, "name": "1bxn"}