{"loc": [-4, 2, -4], "rotate": [-2.416466900490588, 2.151132277494382, -2.686181646168148], "SNR": 0.03, "name": "1bxn"}