{"loc": [-7, 0, 4], "rotate": [-2.9038950444334715, 2.3836545475163327, 2.6409489403020316], "SNR": 0.03, "name": "1bxn"}