{"loc": [2, -3, -7], "rotate": [-2.808282169270243, 0.9135719640043751, -1.6752850797084642], "SNR": 0.03, "name": "1bxn"}