{"loc": [-6, 4, -3], "rotate": [2.6681851449636627, 1.0676484081538453, -0.12894850972786198], "SNR": 0.03, "name": "1bxn"}