{"loc": [-4, 5, -3], "rotate": [-2.4088707248649937, 1.7883791052869829, -2.89713679231707], "SNR": 0.03, "name": "1bxn"}