{"loc": [-7, 2, -1], "rotate": [-2.375563049123415, 0.5134609711152864, -1.3207953010202382], "SNR": 0.03, "name": "1bxn"}