{"loc": [0, 5, -4], "rotate": [-2.1521031745952905, 1.3926892492073837, -2.281546760629685], "SNR": 0.03, "name": "1bxn"}