{"loc": [4, 5, 5], "rotate": [2.302226927668259, 1.1065386397963328, 0.5085585054692865], "SNR": 0.03, "name": "1bxn"}