{"loc": [-2, 5, 2], "rotate": [2.1152720231810993, 1.1774376657487613, 1.1188450159791141], "SNR": 0.03, "name": "1bxn"}