{"loc": [6, -4, 7], "rotate": [2.4703429141529267, 1.1728271924638163, -0.06980043146046293], "SNR": 0.03, "name": "1bxn"}