{"loc": [-7, -7, 0], "rotate": [-2.1334871502658292, 0.9529879008325368, -2.0090454752954834], "SNR": 0.03, "name": "1bxn"}