{"loc": [1, 5, -4], "rotate": [2.6454350918827667, 0.8902159979773993, 0.11258099433744155], "SNR": 0.03, "name": "1bxn"}