{"loc": [-4, 6, 1], "rotate": [-1.9249864554820544, 1.8161123228366283, -2.5260492063296973], "SNR": 0.03, "name": "1bxn"}