{"loc": [-1, 2, 7], "rotate": [2.913946168556597, 0.6959379163948937, -0.3875498498574011], "SNR": 0.03, "name": "1bxn"}