{"loc": [4, -3, -4], "rotate": [2.5103781548317414, 1.1610178072167272, 0.3365471417724668], "SNR": 0.03, "name": "1bxn"}