{"loc": [-1, 7, -7], "rotate": [-2.6606655162607646, 0.7509746985221011, -1.5232236182457586], "SNR": 0.03, "name": "1bxn"}