{"loc": [4, 6, 5], "rotate": [-2.534659770272809, 2.7840907518477573, -3.0007392898903986], "SNR": 0.03, "name": "1bxn"}