{"loc": [0, 1, -2], "rotate": [2.495634537561703, 1.321505645628255, 0.4622612316917847], "SNR": 0.03, "name": "1bxn"}