{"loc": [0, 3, 4], "rotate": [2.495652697816362, 0.7449212248341469, 0.01077700101897635], "SNR": 0.03, "name": "1bxn"}