{"loc": [-1, 1, 5], "rotate": [1.9678312710598829, 0.6839549968703047, 0.5456868587333056], "SNR": 0.03, "name": "1bxn"}