{"loc": [0, 6, 4], "rotate": [-2.369120847694336, 1.0083200355619708, -1.4431416375487738], "SNR": 0.03, "name": "1bxn"}