{"loc": [1, -2, 5], "rotate": [2.4642592344892282, 0.8974968378475294, -0.025383380192114693], "SNR": 0.03, "name": "1bxn"}