{"loc": [5, 7, 0], "rotate": [2.1616108605935738, 0.3197250251963841, -0.1623161694124148], "SNR": 0.03, "name": "1bxn"}