{"loc": [-1, -1, 0], "rotate": [-2.3311190406842517, 1.9167324342926169, -2.4618154077059615], "SNR": 0.03, "name": "1bxn"}