{"loc": [-6, 6, 4], "rotate": [0.9109243698012585, 1.4731116642743443, -2.3602222261314414], "SNR": 0.03, "name": "1bxn"}