{"loc": [1, 2, -3], "rotate": [-2.560921433035258, 1.3648606731024047, -1.6018811078281168], "SNR": 0.03, "name": "1bxn"}