{"loc": [-4, 0, 4], "rotate": [2.2690297557740715, 1.959472584415914, 0.8968548084243089], "SNR": 0.03, "name": "1bxn"}