{"loc": [-5, 7, 7], "rotate": [2.0232420393896136, 1.7297590021604583, 0.9539023846520154], "SNR": 0.03, "name": "1bxn"}