{"loc": [6, 3, 7], "rotate": [2.323905067098853, 0.9470965449800564, 0.21954626062890414], "SNR": 0.03, "name": "1bxn"}