{"loc": [3, 0, 7], "rotate": [-2.5862621273956865, 0.992754454583491, -1.8328266569563707], "SNR": 0.03, "name": "1bxn"}