{"loc": [0, 0, -1], "rotate": [-2.3864850684371053, 1.0445198586102713, -1.8079666569737403], "SNR": 0.03, "name": "1bxn"}