{"loc": [-2, 5, 3], "rotate": [2.9143473079456754, 0.8135561277745185, -0.49848593001189234], "SNR": 0.03, "name": "1bxn"}