{"loc": [4, -4, 1], "rotate": [2.2037539025928625, 0.600316625714228, 0.2561024251446612], "SNR": 0.03, "name": "1bxn"}