{"loc": [1, -5, -3], "rotate": [-2.1854901750485176, 1.3780260337101133, -2.0174233442197163], "SNR": 0.03, "name": "1bxn"}