{"loc": [2, 5, -3], "rotate": [2.694490913910467, 0.736709610569018, -0.24431104038660242], "SNR": 0.03, "name": "1bxn"}