{"loc": [1, 5, 0], "rotate": [-2.203693956506759, 0.9039843653565061, -1.5422640955769409], "SNR": 0.03, "name": "1bxn"}