{"loc": [6, 7, 0], "rotate": [-2.3553421821428953, 2.1498588700389996, -2.4919300585338213], "SNR": 0.03, "name": "1bxn"}