{"loc": [-7, 0, 4], "rotate": [2.1794724282044076, 1.3050443759636174, 1.0470945169196124], "SNR": 0.03, "name": "1bxn"}