{"loc": [0, -5, -7], "rotate": [2.180069830314008, 0.9090817000956073, 0.4046950390768349], "SNR": 0.03, "name": "1bxn"}