{"loc": [3, 5, -5], "rotate": [2.77141929313849, 1.3661171290427534, -0.05493797108046772], "SNR": 0.03, "name": "1bxn"}