{"loc": [0, 1, 1], "rotate": [2.176383654676897, 1.4156779786279163, 0.9024841785180822], "SNR": 0.03, "name": "1bxn"}