{"loc": [2, 2, -2], "rotate": [2.144969832248508, 1.2585561228627975, 0.12132134260250724], "SNR": 0.03, "name": "1bxn"}