{"loc": [0, 0, 6], "rotate": [2.7093773873997455, 0.5476326051804108, -0.21703864484097646], "SNR": 0.03, "name": "1bxn"}