{"loc": [5, 0, 0], "rotate": [-2.200041213453193, 1.3171779167757949, -2.1038733225647945], "SNR": 0.03, "name": "1bxn"}