{"loc": [6, -6, 6], "rotate": [-2.297801187731962, 1.2702090238907087, -2.209571826850327], "SNR": 0.03, "name": "1bxn"}