{"loc": [0, -2, -2], "rotate": [2.3105268285235594, 1.287395883383107, 0.3407612785944477], "SNR": 0.03, "name": "1bxn"}