{"loc": [6, -7, -7], "rotate": [-2.0368771182780674, 0.9292449368245196, -2.2861974529447604], "SNR": 0.03, "name": "1bxn"}