{"loc": [4, 2, -6], "rotate": [2.3219495991538746, 1.170583377795119, 0.6468822705868681], "SNR": 0.03, "name": "1bxn"}