{"loc": [2, 2, 5], "rotate": [2.5730207646786947, 0.727835007909043, 0.0829933310664025], "SNR": 0.03, "name": "1bxn"}