{"loc": [-2, -7, -6], "rotate": [-2.088274327329783, 1.9811775730635541, -2.9042474036839465], "SNR": 0.03, "name": "1bxn"}