{"loc": [6, 0, -3], "rotate": [-2.7017597485288936, 0.8716675910879168, -1.6461973973721622], "SNR": 0.03, "name": "1bxn"}