{"loc": [-6, 0, -7], "rotate": [2.575896283789138, 1.0107565979993256, 0.15075382241956092], "SNR": 0.03, "name": "1bxn"}