{"loc": [3, 6, 6], "rotate": [-2.885959290914966, 0.7231889251179221, -0.6196121291704594], "SNR": 0.03, "name": "1bxn"}