{"loc": [7, 0, -3], "rotate": [2.5323310749763537, 0.9399324681386076, 0.2720020655385978], "SNR": 0.03, "name": "1bxn"}