{"loc": [-1, 3, 3], "rotate": [2.238239918938464, 0.6662231763388634, 0.3809599677877153], "SNR": 0.03, "name": "1bxn"}