{"loc": [3, 7, -7], "rotate": [2.8988063836384894, 0.8796085014626158, -0.7508342086031631], "SNR": 0.03, "name": "1bxn"}