{"loc": [-7, 4, 4], "rotate": [-2.5580005223119113, 2.2431809794088347, 3.000145716549145], "SNR": 0.03, "name": "1bxn"}