{"loc": [-1, 1, -3], "rotate": [1.9466252607269814, 1.3132404821938768, 0.7308428956756786], "SNR": 0.03, "name": "1bxn"}