{"loc": [6, 4, -4], "rotate": [-2.744551388696965, 0.5841147428846307, -1.285013628394654], "SNR": 0.03, "name": "1bxn"}