{"loc": [-1, 6, 5], "rotate": [2.0263404458978367, 1.0219908255654688, 0.5494852303654633], "SNR": 0.03, "name": "1bxn"}