{"loc": [1, -1, -7], "rotate": [2.9048128372889233, 0.700448273289547, -0.6862010468817717], "SNR": 0.03, "name": "1bxn"}