{"loc": [-4, 3, -6], "rotate": [-2.5592080628958747, 0.9190729785885237, -1.118646378019471], "SNR": 0.03, "name": "1bxn"}