{"loc": [-2, -2, 2], "rotate": [-2.2951622244058876, 1.8518939319495222, -2.2430869812467114], "SNR": 0.03, "name": "1bxn"}