{"loc": [-7, 3, 0], "rotate": [2.2518933738963107, 0.47672585251817706, 0.2605156646770556], "SNR": 0.03, "name": "1bxn"}