{"loc": [0, 0, -7], "rotate": [-2.7869690370288986, 0.7855829418513376, -1.3621491279117732], "SNR": 0.03, "name": "1bxn"}