{"loc": [5, -5, 1], "rotate": [2.2921483567987377, 1.653348340200191, 0.787843797889499], "SNR": 0.03, "name": "1bxn"}