{"loc": [-1, -3, 0], "rotate": [2.97833347596984, 0.9132525912583339, -1.107017101911643], "SNR": 0.03, "name": "1bxn"}