{"loc": [7, 2, 0], "rotate": [2.2931358337766348, 1.4899849321728362, 0.9699722047377749], "SNR": 0.03, "name": "1bxn"}