{"loc": [0, 1, -7], "rotate": [3.1054283872755994, 2.4599066317147735, 2.5398602102341816], "SNR": 0.03, "name": "1bxn"}