{"loc": [-3, 5, 1], "rotate": [2.4567878317705216, 1.739816396137445, 0.874871977265173], "SNR": 0.03, "name": "1bxn"}