{"loc": [1, 6, 4], "rotate": [-1.9152239260624027, 1.1674618969105828, -2.7453247637149762], "SNR": 0.03, "name": "1bxn"}