{"loc": [0, -1, -2], "rotate": [-2.241027793394532, 1.6718929580733215, -1.9890149039721225], "SNR": 0.03, "name": "1bxn"}