{"loc": [-2, -6, -4], "rotate": [2.8134328393633163, 1.0381241528817242, 0.13857177117279898], "SNR": 0.03, "name": "1bxn"}