{"loc": [-2, -5, -1], "rotate": [2.3494648995510206, 0.8528863161423047, 0.05677944833374689], "SNR": 0.03, "name": "1bxn"}