{"loc": [-1, 1, 0], "rotate": [2.296347098197874, 2.017208494985204, 0.7194422756453084], "SNR": 0.03, "name": "1bxn"}