{"loc": [4, 0, 2], "rotate": [-2.4550935642603724, 0.9290921660051921, -1.6887428601114935], "SNR": 0.03, "name": "1bxn"}