{"loc": [6, -4, 4], "rotate": [-2.1492961103995, 1.054797587594623, -2.294908222544307], "SNR": 0.03, "name": "1bxn"}