{"loc": [1, -1, 3], "rotate": [2.6454587791685196, 2.0205378266449685, 1.3977928935722284], "SNR": 0.03, "name": "1bxn"}