{"loc": [-1, 0, -2], "rotate": [-2.1414258709133516, 0.6885926180433531, -1.5394283037682361], "SNR": 0.03, "name": "1bxn"}