{"loc": [5, 3, 4], "rotate": [-2.2169588110949583, 0.8869463039714927, -2.033803340819734], "SNR": 0.03, "name": "1bxn"}