{"loc": [-2, -6, -4], "rotate": [2.1863012112447224, 1.818236487280944, 0.7723577064662382], "SNR": 0.03, "name": "1bxn"}