{"loc": [-6, 1, 0], "rotate": [-2.1962801759851485, 1.7813489705917227, -2.6828374179608], "SNR": 0.03, "name": "1bxn"}