{"loc": [0, 4, -2], "rotate": [2.7976182339106987, 0.6806162008521737, -0.3760574298441129], "SNR": 0.03, "name": "1bxn"}