{"loc": [4, 0, -4], "rotate": [2.2828840385001254, 1.3235393724839577, 0.7792237847611988], "SNR": 0.03, "name": "1bxn"}