{"loc": [-3, 3, -6], "rotate": [-2.0668859911284416, 1.4401054713767067, -1.6109148119559205], "SNR": 0.03, "name": "1bxn"}