{"loc": [4, 4, 7], "rotate": [2.2361622419257468, 1.5207046395595136, 1.2881163912672067], "SNR": 0.03, "name": "1bxn"}