{"loc": [3, -2, 5], "rotate": [2.1310283569683897, 2.0457477910214967, 0.8876530611122995], "SNR": 0.03, "name": "1bxn"}