{"loc": [7, 0, 4], "rotate": [-2.6094013288125786, 0.9199729685106488, -1.369635129808513], "SNR": 0.03, "name": "1bxn"}