{"loc": [-4, 7, 5], "rotate": [-2.053625849576321, 0.49830694199601416, -1.7217547564773088], "SNR": 0.03, "name": "1bxn"}