{"loc": [-7, 6, -1], "rotate": [2.571000949327773, 1.013124983256696, -0.4069087597640499], "SNR": 0.03, "name": "1bxn"}