{"loc": [0, 3, 1], "rotate": [-3.0492410458708283, 0.8139101091149193, -0.6724107241417777], "SNR": 0.03, "name": "1bxn"}