{"loc": [4, -4, 0], "rotate": [2.3487142584812513, 1.3388425407775626, 0.34072836635325393], "SNR": 0.03, "name": "1bxn"}