{"loc": [-5, 0, -5], "rotate": [3.1067138173931648, 0.7636339575880279, -0.7078139938701224], "SNR": 0.03, "name": "1bxn"}