{"loc": [1, 1, 1], "rotate": [2.3972052388761678, 1.5389505107279342, 0.1617918258786282], "SNR": 0.03, "name": "1bxn"}