{"loc": [-4, -6, 3], "rotate": [2.6990341176722983, 0.765494843326549, -0.22312807849150462], "SNR": 0.03, "name": "1bxn"}