{"loc": [7, 1, -3], "rotate": [-2.353114069643136, 1.2600778083796487, -2.0909542501622447], "SNR": 0.03, "name": "1bxn"}