{"loc": [3, -6, 0], "rotate": [-2.351522747847274, 1.362316520530707, -1.873065347175614], "SNR": 0.03, "name": "1bxn"}