{"loc": [0, 0, 2], "rotate": [2.101362400324758, 1.6255651406584086, 0.6644177391264028], "SNR": 0.03, "name": "1bxn"}