{"loc": [2, 4, -2], "rotate": [-2.8776733428377703, 2.679667822972496, 2.642158746358586], "SNR": 0.03, "name": "1bxn"}