{"loc": [7, 0, -2], "rotate": [2.4546870952672286, 1.8011342004325304, 1.2849940650948657], "SNR": 0.03, "name": "1bxn"}