{"loc": [1, -3, -1], "rotate": [2.3812875349796716, 0.8695057907609915, 0.1524170957805139], "SNR": 0.03, "name": "1bxn"}