{"loc": [2, 3, -1], "rotate": [-2.3294620151995575, 1.2024157018937258, -1.6187493108303932], "SNR": 0.03, "name": "1bxn"}