{"loc": [3, -4, -6], "rotate": [-2.046625002204823, 0.5843692698151158, -2.300931000714015], "SNR": 0.03, "name": "1bxn"}