{"loc": [-3, 4, -3], "rotate": [2.3451361331773484, 1.5348339363557777, 0.4588779082322477], "SNR": 0.03, "name": "1bxn"}