{"loc": [-6, -1, -3], "rotate": [2.3464928174892115, 1.518234318380951, 0.3047765326550448], "SNR": 0.03, "name": "1bxn"}