{"loc": [-6, -6, -2], "rotate": [2.073494466913713, 1.9953689375530472, 1.0023474467015323], "SNR": 0.03, "name": "1bxn"}