{"loc": [0, 6, 0], "rotate": [-2.2353424738479775, 1.5679557637186299, -1.7981766260846672], "SNR": 0.03, "name": "1bxn"}