{"loc": [-6, 2, 0], "rotate": [-2.1575620322636615, 1.3371155890331736, -2.2131008997678276], "SNR": 0.03, "name": "1bxn"}