{"loc": [2, 4, 1], "rotate": [2.1522893464897086, 1.5012907830396371, 0.7866339019314541], "SNR": 0.03, "name": "1bxn"}