{"loc": [0, 2, 4], "rotate": [1.978015091000236, 1.432978243316362, 0.8935312076484621], "SNR": 0.03, "name": "1bxn"}