{"loc": [4, -6, 5], "rotate": [2.325429133308871, 1.5184510781684522, 0.08108999522918578], "SNR": 0.03, "name": "1bxn"}