{"loc": [-1, 1, 0], "rotate": [2.754576242498492, 0.6401394592347889, -0.5631751072324622], "SNR": 0.03, "name": "1bxn"}