{"loc": [-7, 6, 4], "rotate": [-2.5529290292473905, 2.2485945745097435, -2.6841286930686055], "SNR": 0.03, "name": "1bxn"}