{"loc": [4, 4, 7], "rotate": [-2.054915721668896, 0.5012091812546725, -1.9277148551343677], "SNR": 0.03, "name": "1bxn"}