{"loc": [7, -6, 0], "rotate": [2.0345039040364514, 1.2656134601741273, 0.719998665104551], "SNR": 0.03, "name": "1bxn"}