{"loc": [0, -3, 0], "rotate": [2.330917958523579, 1.3602682900145406, 0.15265435239198671], "SNR": 0.03, "name": "1bxn"}