{"loc": [-7, -2, 5], "rotate": [2.5898278130940784, 0.8787727290465484, 0.042112032425595976], "SNR": 0.03, "name": "1bxn"}