{"loc": [-5, 1, 7], "rotate": [-2.654662287527632, 0.9190911287464518, -1.427137495454267], "SNR": 0.03, "name": "1bxn"}