{"loc": [1, -3, 4], "rotate": [2.9723834590780975, 0.8871070322241562, -0.5730152969698986], "SNR": 0.03, "name": "1bxn"}