{"loc": [0, 0, -6], "rotate": [1.9112876324838963, 0.8896465460695412, 0.7312068475090657], "SNR": 0.03, "name": "1bxn"}