{"loc": [5, 3, -2], "rotate": [-2.856713351960156, 0.778629045852291, -1.1514679197479576], "SNR": 0.03, "name": "1bxn"}