{"loc": [-5, -4, 0], "rotate": [2.114248051722451, 1.0409266425371868, 0.6720555937446542], "SNR": 0.03, "name": "1bxn"}