{"loc": [-3, -5, 2], "rotate": [2.456846712222013, 1.2994371211512823, -0.07400175332529041], "SNR": 0.03, "name": "1bxn"}