{"loc": [2, -1, 5], "rotate": [-2.471839519334948, 0.8804718402059797, -1.4974141217965231], "SNR": 0.03, "name": "1bxn"}