{"loc": [-2, -7, -5], "rotate": [2.1114621557522515, 1.4124851512763024, 0.7680206715921728], "SNR": 0.03, "name": "1bxn"}