{"loc": [5, 1, -1], "rotate": [-2.5108259388836696, 1.011447311593879, -1.936537908044299], "SNR": 0.03, "name": "1bxn"}