{"loc": [0, 7, 4], "rotate": [2.43505696498858, 1.7783830194066765, 0.5330810694667595], "SNR": 0.03, "name": "1bxn"}