{"loc": [-3, -3, -3], "rotate": [-2.533433282745268, 2.1125070606286007, -2.7867478212488535], "SNR": 0.03, "name": "1bxn"}