{"loc": [-4, 3, 1], "rotate": [-2.498167284995328, 1.606644426321667, -1.925505182208017], "SNR": 0.03, "name": "1bxn"}