{"loc": [-7, -7, -7], "rotate": [2.1510606073934633, 2.1658246469453326, 0.8633670520118076], "SNR": 0.03, "name": "1bxn"}