{"loc": [7, 4, 3], "rotate": [2.41816887297131, 0.9745553260746025, 0.39023045655508853], "SNR": 0.03, "name": "1bxn"}