{"loc": [-3, -2, -6], "rotate": [2.1928525342342127, 1.1040182840700192, 0.5487924504600221], "SNR": 0.03, "name": "1bxn"}