{"loc": [2, 5, 7], "rotate": [2.247900250731256, 1.5238528259976136, 0.7425061971374399], "SNR": 0.03, "name": "1bxn"}