{"loc": [3, 6, 6], "rotate": [2.429596400686029, 2.6536324999122662, 1.9673605617699461], "SNR": 0.03, "name": "1bxn"}