{"loc": [4, 4, 6], "rotate": [3.0726418851399373, 0.8479787723980433, -0.5159206632982216], "SNR": 0.03, "name": "1bxn"}