{"loc": [4, 7, -1], "rotate": [2.3357179464269056, 1.40213304784342, 0.12564658123925077], "SNR": 0.03, "name": "1bxn"}