{"loc": [2, -2, 5], "rotate": [2.241627804579154, 1.520494285101191, 1.3138810714092732], "SNR": 0.03, "name": "1bxn"}