{"loc": [7, 4, 6], "rotate": [-3.106344143400234, 0.5568509261834657, -0.6021066965669515], "SNR": 0.03, "name": "1bxn"}