{"loc": [6, 3, -5], "rotate": [2.8374714574576902, 0.9232089056210602, -0.7101119825112667], "SNR": 0.03, "name": "1bxn"}