{"loc": [5, 0, -7], "rotate": [2.2357684643083426, 1.8345030804070523, 0.8254930265013944], "SNR": 0.03, "name": "1bxn"}