{"loc": [0, -5, 3], "rotate": [-2.827230506922476, 0.6516787211009475, -0.7842072986895493], "SNR": 0.03, "name": "1bxn"}