{"loc": [-6, 6, 4], "rotate": [-3.1388985103386826, 0.9378002696681842, -0.41092955809026344], "SNR": 0.03, "name": "1bxn"}