{"loc": [4, 5, -1], "rotate": [2.8869393312419027, 0.84407345737532, -0.6645275677820978], "SNR": 0.03, "name": "1bxn"}