{"loc": [7, 0, 0], "rotate": [2.519034440018944, 0.9757736414763419, -0.0009086067348119716], "SNR": 0.03, "name": "1bxn"}