{"loc": [5, -4, -7], "rotate": [2.1783767759066524, 1.0095994904331138, 0.5709824282523082], "SNR": 0.03, "name": "1bxn"}