{"loc": [7, 5, 0], "rotate": [-2.5016300958254414, 0.5490599273152995, -1.342078384644137], "SNR": 0.03, "name": "1bxn"}