{"loc": [3, 2, 0], "rotate": [2.5499936475760427, 0.5529002959988981, -0.12885366935095174], "SNR": 0.03, "name": "1bxn"}