{"loc": [-4, 6, 0], "rotate": [-2.6148541825413814, 0.4861180978935729, -1.1642245908631195], "SNR": 0.03, "name": "1bxn"}