{"loc": [-5, 0, 5], "rotate": [2.1304082623255436, 1.4263776401032893, 0.6745226160336572], "SNR": 0.03, "name": "1bxn"}