{"loc": [-1, 0, -7], "rotate": [2.606938925283291, 0.95969422409977, 0.15151404522186798], "SNR": 0.03, "name": "1bxn"}