{"loc": [-6, 6, -6], "rotate": [2.733625966131736, 0.581506446632016, -0.36934558224139813], "SNR": 0.03, "name": "1bxn"}