{"loc": [-4, -2, 0], "rotate": [-2.139272431501652, 1.3867312447741693, -2.470615337734495], "SNR": 0.03, "name": "1bxn"}