{"loc": [6, -4, 0], "rotate": [2.183076568113828, 0.691310150225365, 0.30824519667158196], "SNR": 0.03, "name": "1bxn"}