{"loc": [3, 7, -2], "rotate": [-2.4662526058920635, 1.012491712983327, -1.6845017853634097], "SNR": 0.03, "name": "1bxn"}