{"loc": [4, 3, 0], "rotate": [2.246421428884022, 1.6341162191968956, 0.5797760823083642], "SNR": 0.03, "name": "1bxn"}