{"loc": [2, -7, -1], "rotate": [-2.2146651251714515, 0.6118940066494565, -1.7368175147627263], "SNR": 0.03, "name": "1bxn"}