{"loc": [2, -1, 5], "rotate": [2.5433926789247767, 0.7105668782482623, 0.12042736766949035], "SNR": 0.03, "name": "1bxn"}