{"loc": [5, 4, 1], "rotate": [-2.7806968182352936, 0.6107941959981972, -0.7411791318685402], "SNR": 0.03, "name": "1bxn"}