{"loc": [5, 1, -2], "rotate": [1.7572064216521324, 2.028006867914735, 0.7848164641726372], "SNR": 0.03, "name": "1bxn"}