{"loc": [-7, -4, 5], "rotate": [-2.9073715959273136, 0.24726663368473137, -0.6088037929501277], "SNR": 0.03, "name": "1bxn"}