{"loc": [-2, -2, 1], "rotate": [2.376766673280502, 0.6544611383060156, -0.1157062017033675], "SNR": 0.03, "name": "1bxn"}