{"loc": [-1, 6, 2], "rotate": [-2.2119128478298213, 2.462300749475121, 3.1264949755524567], "SNR": 0.03, "name": "1bxn"}