{"loc": [6, 2, -4], "rotate": [1.7226979094216797, 1.6764154392769717, 0.870593839137274], "SNR": 0.03, "name": "1bxn"}