{"loc": [-3, -1, 0], "rotate": [2.398957529205697, 0.7193328642787526, -0.25578408004498604], "SNR": 0.03, "name": "1bxn"}