{"loc": [-7, 0, 0], "rotate": [-2.2303420413898665, 0.9753434644540467, -1.82571765934382], "SNR": 0.03, "name": "1bxn"}