{"loc": [0, -2, 2], "rotate": [-2.6148292112424065, 0.21874774894501808, -1.7038750560178524], "SNR": 0.03, "name": "1bxn"}