{"loc": [1, 6, 7], "rotate": [2.9096488227315294, 0.19512582553035232, -0.8012592933174076], "SNR": 0.03, "name": "1bxn"}