{"loc": [0, 2, -6], "rotate": [-2.321996452183539, 0.975732332837364, -1.768345987793921], "SNR": 0.03, "name": "1bxn"}