{"loc": [0, -6, 0], "rotate": [-2.6151281932721417, 0.8228017716859625, -1.5937006243271106], "SNR": 0.03, "name": "1bxn"}