{"loc": [0, 6, -5], "rotate": [-2.8822880834812095, 0.7956268638971945, -1.147163091381267], "SNR": 0.03, "name": "1bxn"}