{"loc": [-7, 0, -3], "rotate": [2.292944449351479, 1.7022723719232584, 0.6920305517446779], "SNR": 0.03, "name": "1bxn"}