{"loc": [-1, 1, -4], "rotate": [-2.320688966630638, 0.40594263989555845, -1.6887200482387477], "SNR": 0.03, "name": "1bxn"}