{"loc": [-5, 6, -3], "rotate": [-2.835302272728453, 0.8536030639184979, -0.8470565123994278], "SNR": 0.03, "name": "1bxn"}