{"loc": [0, -6, 1], "rotate": [2.25745228241057, 1.608341788191966, 0.29685542827644185], "SNR": 0.03, "name": "1bxn"}