{"loc": [0, 0, 4], "rotate": [2.6856444864302382, 0.2885408484083394, -0.5415998079097318], "SNR": 0.03, "name": "1bxn"}