{"loc": [-7, 4, 2], "rotate": [-2.885942510318704, 0.8947804228290934, -1.1659701838706102], "SNR": 0.03, "name": "1bxn"}