{"loc": [-3, -6, 3], "rotate": [-3.0756701953534304, 2.666571461682641, 2.3913123278488713], "SNR": 0.03, "name": "1bxn"}