{"loc": [-1, 5, 1], "rotate": [2.27359784573911, 0.6148965072795882, 0.3268808658111681], "SNR": 0.03, "name": "1bxn"}