{"loc": [1, 3, 0], "rotate": [2.1040542345818505, 1.4010097710555802, 0.7927650054849101], "SNR": 0.03, "name": "1bxn"}