{"loc": [3, -1, 0], "rotate": [2.0153270140217114, 0.9886056918012966, 0.5951094665558015], "SNR": 0.03, "name": "1bxn"}