{"loc": [-4, -3, -3], "rotate": [2.306731675393721, 1.12241181652822, 0.25259918537909004], "SNR": 0.03, "name": "1bxn"}