{"loc": [1, -5, 0], "rotate": [-2.1855854898956886, 1.6340956862725804, -2.3592179992676856], "SNR": 0.03, "name": "1bxn"}