{"loc": [2, 5, -3], "rotate": [2.70319831881032, 1.2515271471183866, 0.09752385670371679], "SNR": 0.03, "name": "1bxn"}