{"loc": [0, -2, -4], "rotate": [2.46769601006327, 1.0970603502424499, 0.6334746313976528], "SNR": 0.03, "name": "1bxn"}