{"loc": [2, 5, -2], "rotate": [2.843511284363298, 0.7363061251154636, -0.1689964016814355], "SNR": 0.03, "name": "1bxn"}