{"loc": [3, 5, -5], "rotate": [2.7435708443212574, 0.8092054424824953, -0.21226684704400825], "SNR": 0.03, "name": "1bxn"}