{"loc": [6, 7, -5], "rotate": [2.3812679469087157, 0.7217967304599937, 0.025240853907155684], "SNR": 0.03, "name": "1bxn"}