{"loc": [0, 2, -4], "rotate": [2.046106876228371, 0.4717857859909396, 0.34075430902578013], "SNR": 0.03, "name": "1bxn"}