{"loc": [0, -5, 6], "rotate": [2.8172161494298145, 0.7071186397811423, -0.41602249338825004], "SNR": 0.03, "name": "1bxn"}