{"loc": [2, 7, 5], "rotate": [2.45348377916106, 1.2201141388341845, 0.5652978533098385], "SNR": 0.03, "name": "1bxn"}