{"loc": [-7, 0, 2], "rotate": [2.420197517625858, 0.8683806453366415, -0.10530091032498995], "SNR": 0.03, "name": "1bxn"}