{"loc": [-7, -6, 4], "rotate": [2.8445201684864565, 0.5979078832814357, -0.6904025687786698], "SNR": 0.03, "name": "1bxn"}