{"loc": [-7, 2, 2], "rotate": [2.226628430639658, 1.1322354816271862, 0.23321881830339294], "SNR": 0.03, "name": "1bxn"}