{"loc": [6, 0, -6], "rotate": [2.0345731783797483, 0.35233397620907275, 0.5793796834375353], "SNR": 0.03, "name": "1bxn"}