{"loc": [6, -2, 6], "rotate": [-2.6310556784775603, 0.5921072522201388, -1.4243455432494483], "SNR": 0.03, "name": "1bxn"}