{"loc": [4, -4, -2], "rotate": [-2.287121955774895, 0.8854899014344351, -1.7914780219809867], "SNR": 0.03, "name": "1bxn"}