{"loc": [1, -1, -6], "rotate": [2.1115546419247457, 0.2300538385197039, -0.18002893954241833], "SNR": 0.03, "name": "1bxn"}