{"loc": [1, 6, 5], "rotate": [-2.33409719122804, 1.2628186949925422, -2.1105550060038554], "SNR": 0.03, "name": "1bxn"}