{"loc": [4, 1, 4], "rotate": [-2.869140711887827, 1.2686634522618112, -1.493275532079946], "SNR": 0.03, "name": "1bxn"}