{"loc": [5, 6, -7], "rotate": [2.9764253535264347, 2.512355162108564, 2.004616901423842], "SNR": 0.03, "name": "1bxn"}