{"loc": [5, -3, 7], "rotate": [-2.232782761274291, 0.9910755456931527, -1.920132530327555], "SNR": 0.03, "name": "1bxn"}