{"loc": [-3, 2, -7], "rotate": [2.3944823873118937, 2.0478746811665567, 0.64441728962468], "SNR": 0.03, "name": "1bxn"}