{"loc": [5, -6, -2], "rotate": [2.3049763119105724, 1.7989886345407213, 1.2022138253446897], "SNR": 0.03, "name": "1bxn"}