{"loc": [0, -1, 4], "rotate": [-2.4708090793826214, 2.015066093941535, -3.001101420535467], "SNR": 0.03, "name": "1bxn"}