{"loc": [-4, -1, -3], "rotate": [2.248361041962466, 1.3452787814677025, 0.9620893871003352], "SNR": 0.03, "name": "1bxn"}