{"loc": [-2, -6, -7], "rotate": [2.730223874104539, 0.7515876387483816, -0.4041691973701968], "SNR": 0.03, "name": "1bxn"}