{"loc": [5, 7, -6], "rotate": [-3.00603147284823, 0.8397740431542912, -0.9930285791729105], "SNR": 0.03, "name": "1bxn"}