{"loc": [0, 7, -7], "rotate": [2.7429308894326745, 0.7594798340144608, 0.003007786474082143], "SNR": 0.03, "name": "1bxn"}