{"loc": [7, 7, -6], "rotate": [2.365088801136277, 1.3873394261714245, 0.2980670729311079], "SNR": 0.03, "name": "1bxn"}