{"loc": [3, 5, 0], "rotate": [1.9714474384022693, 1.1840115118002672, 0.653354061375557], "SNR": 0.03, "name": "1bxn"}