{"loc": [4, 7, 6], "rotate": [3.1348851088056904, 0.47795250223215363, -0.6565428961204928], "SNR": 0.03, "name": "1bxn"}