{"loc": [5, -2, -6], "rotate": [-2.764055887756781, 0.6523030337657142, -0.988508011437447], "SNR": 0.03, "name": "1bxn"}