{"loc": [6, -3, -4], "rotate": [-2.1597707290136214, 1.5725775160400846, -2.5675335868907556], "SNR": 0.03, "name": "1bxn"}