{"loc": [7, -2, 0], "rotate": [-2.7778248656270823, 2.2355725361932044, 3.0475066969171527], "SNR": 0.03, "name": "1bxn"}