{"loc": [0, -3, -7], "rotate": [-2.983846749633399, 0.5966300487126792, -1.2025828657904414], "SNR": 0.03, "name": "1bxn"}