{"loc": [5, 3, 4], "rotate": [-1.2988347810277292, 0.4037119111096776, 0.24224680991689512], "SNR": 0.03, "name": "1bxn"}