{"loc": [6, -7, -7], "rotate": [-2.415677561029089, 1.7259368031954565, -2.7730073014574206], "SNR": 0.03, "name": "1bxn"}