{"loc": [0, 7, -2], "rotate": [-2.6515219172266655, 2.8329919299957522, 3.068671107199838], "SNR": 0.03, "name": "1bxn"}