{"loc": [0, 2, -1], "rotate": [2.387338408858184, 0.9970728935083236, -0.037892102168575206], "SNR": 0.03, "name": "1bxn"}