{"loc": [-7, -4, -7], "rotate": [-2.1964374466219745, 1.3415363995585372, -2.0250583376288493], "SNR": 0.03, "name": "1bxn"}