{"loc": [2, 2, 6], "rotate": [-2.7159308569594995, 0.08182549929094146, -1.1427766074838166], "SNR": 0.03, "name": "1bxn"}