{"loc": [5, -1, 5], "rotate": [-2.023481139649442, 1.3378864954301135, -1.793119927091118], "SNR": 0.03, "name": "1bxn"}