{"loc": [4, 2, 4], "rotate": [2.079073284103423, 1.3871401705614035, 0.5922327110124596], "SNR": 0.03, "name": "1bxn"}