{"loc": [-3, -3, 7], "rotate": [-2.725582048914, 2.3424045011286676, 2.3824993358852025], "SNR": 0.03, "name": "1bxn"}