{"loc": [0, -1, 2], "rotate": [-2.3781951474752736, 0.6818437847887132, -1.7015661185942308], "SNR": 0.03, "name": "1bxn"}