{"loc": [7, 3, -1], "rotate": [-0.9021433064945616, 2.118265631323594, 0.9756365214303155], "SNR": 0.03, "name": "1bxn"}