{"loc": [-3, 2, -3], "rotate": [2.153430736736586, 1.402947096720515, 0.5314833448388888], "SNR": 0.03, "name": "1bxn"}