{"loc": [6, 0, 3], "rotate": [-2.910583833756154, 0.5310846464215443, -1.0768182344085075], "SNR": 0.03, "name": "1bxn"}