{"loc": [-3, 5, -1], "rotate": [2.248416996931617, 1.6118112358921828, 0.9009014479162099], "SNR": 0.03, "name": "1bxn"}