{"loc": [7, -5, -1], "rotate": [-3.046554858572599, 0.7383033733385269, -0.7905916845367307], "SNR": 0.03, "name": "1bxn"}