{"loc": [5, 3, -7], "rotate": [2.429243010042449, 1.5337070887348931, 0.3435051792179328], "SNR": 0.03, "name": "1bxn"}