{"loc": [-5, 0, -4], "rotate": [2.13376003990816, 1.5401059844997305, 0.8838305885346751], "SNR": 0.03, "name": "1bxn"}