{"loc": [5, -3, -3], "rotate": [2.099750650119718, 0.7240559051882398, 0.05319285889035726], "SNR": 0.03, "name": "1bxn"}