{"loc": [-1, -3, -5], "rotate": [2.168500009309571, 1.7952499360306362, 0.9756319817676832], "SNR": 0.03, "name": "1bxn"}