{"loc": [-7, 5, 5], "rotate": [2.555363358683732, 1.0925357154739783, 0.6387297272380431], "SNR": 0.03, "name": "1bxn"}