{"loc": [5, -2, -6], "rotate": [3.0916679279632593, 0.5489783502361864, -0.5621317904858625], "SNR": 0.03, "name": "1bxn"}