{"loc": [0, -3, -6], "rotate": [1.8996576831768448, 0.6452605794249598, 0.8021186582902464], "SNR": 0.03, "name": "1bxn"}