{"loc": [-6, -3, 6], "rotate": [-1.9281210659657984, 1.197648912226182, -2.1613714943872817], "SNR": 0.03, "name": "1bxn"}