{"loc": [-5, 0, 0], "rotate": [2.7819584375000277, 0.732299612742647, -0.19329735919981428], "SNR": 0.03, "name": "1bxn"}