{"loc": [0, 3, 2], "rotate": [-2.2979121186280596, 2.016254010940663, -3.0295505721718308], "SNR": 0.03, "name": "1bxn"}