{"loc": [7, -1, 0], "rotate": [-2.336064501176631, 2.236210546760028, 3.104164233438347], "SNR": 0.03, "name": "1bxn"}