{"loc": [-5, -3, -3], "rotate": [2.0444708073039823, 0.9929365721642948, 0.6126506635713455], "SNR": 0.03, "name": "1bxn"}