{"loc": [0, 5, 4], "rotate": [1.8940749550294305, 0.5185781110604166, 0.6147271826085958], "SNR": 0.03, "name": "1bxn"}