{"loc": [-2, 0, 5], "rotate": [-2.798611031696931, 0.5696442144985472, -1.016141545515573], "SNR": 0.03, "name": "1bxn"}