{"loc": [0, -2, -6], "rotate": [1.967741225031054, 1.057437587037767, 0.6290951352255041], "SNR": 0.03, "name": "1bxn"}