{"loc": [5, -7, 3], "rotate": [-2.391722364749925, 0.4292449862179935, -1.535791270361734], "SNR": 0.03, "name": "1bxn"}