{"loc": [-6, -5, -2], "rotate": [2.571179598545197, 0.7993633686846655, -0.013850594805636983], "SNR": 0.03, "name": "1bxn"}