{"loc": [-3, 4, -5], "rotate": [-2.430827777204744, 2.2260527105106744, -2.951931237123227], "SNR": 0.03, "name": "1bxn"}