{"loc": [-6, -5, 0], "rotate": [2.8275098974766015, 1.8335290428270814, 1.179054144446959], "SNR": 0.03, "name": "1bxn"}