{"loc": [6, -1, -1], "rotate": [-2.8252572348437193, 0.7389089182933798, -0.9984374497290693], "SNR": 0.03, "name": "1bxn"}