{"loc": [-5, 2, 2], "rotate": [-2.1707433677022596, 0.9866048515766561, -1.5716882607696918], "SNR": 0.03, "name": "1bxn"}