{"loc": [-5, 0, 3], "rotate": [-2.147048335915926, 1.7242433551109684, -1.9134496457724843], "SNR": 0.03, "name": "1bxn"}