{"loc": [-6, 2, -5], "rotate": [-2.5307635607041736, 1.0603040044139669, -1.6508472099694067], "SNR": 0.03, "name": "1bxn"}