{"loc": [-3, -5, -5], "rotate": [-2.7652367411664187, 0.6054065948140128, -1.4670268497010595], "SNR": 0.03, "name": "1bxn"}