{"loc": [-5, -7, 3], "rotate": [-2.7627663945429743, 1.1212972305803175, -1.8497785643075852], "SNR": 0.03, "name": "1bxn"}