{"loc": [2, -4, -6], "rotate": [1.9862633928709683, 1.181387711421791, 0.35696878247790037], "SNR": 0.03, "name": "1bxn"}