{"loc": [5, 4, 1], "rotate": [-2.442604755197192, 1.5972483165859546, -2.2911711601230365], "SNR": 0.03, "name": "1bxn"}