{"loc": [0, -7, -7], "rotate": [2.484679384407377, 1.6057924087930744, 0.9783390715444994], "SNR": 0.03, "name": "1bxn"}