{"loc": [6, -5, -1], "rotate": [3.004871170399993, 0.8223633420164236, -0.3516114539469968], "SNR": 0.03, "name": "1bxn"}