{"loc": [-7, 3, 6], "rotate": [2.2437164587777167, 1.056776003917309, 0.3805769084900253], "SNR": 0.03, "name": "1bxn"}