{"loc": [6, -6, 4], "rotate": [-2.38543395862918, 1.7096153873920197, -2.258130339535031], "SNR": 0.03, "name": "1bxn"}