{"loc": [1, -1, -4], "rotate": [-2.229275491188996, 0.827692188595314, -2.04646859711493], "SNR": 0.03, "name": "1bxn"}