{"loc": [6, -1, 0], "rotate": [2.0903276326352733, 1.128565614939187, 0.2925853629688242], "SNR": 0.03, "name": "1bxn"}