{"loc": [6, 6, -7], "rotate": [2.0411692206469967, 1.4175367905342506, 0.5750963712759998], "SNR": 0.03, "name": "1bxn"}