{"loc": [-5, -2, 1], "rotate": [-3.0715954585300054, 0.7116042024886211, -0.7010924944979078], "SNR": 0.03, "name": "1bxn"}