{"loc": [4, 7, 5], "rotate": [-2.941972955132092, 0.676107436305507, -0.7314892855321693], "SNR": 0.03, "name": "1bxn"}