{"loc": [3, 7, -3], "rotate": [2.031928117377739, 1.5272462021712565, 0.32410875529857425], "SNR": 0.03, "name": "1bxn"}