{"loc": [-5, -1, -2], "rotate": [-2.026020410037195, 1.243792109455353, -2.5050496563687177], "SNR": 0.03, "name": "1bxn"}