{"loc": [-1, 0, -4], "rotate": [2.41768874469167, 0.9168762257030336, 0.1917087770206392], "SNR": 0.03, "name": "1bxn"}