{"loc": [0, 6, 6], "rotate": [-2.0243519805128436, 0.8055337625111284, -2.0310304327367876], "SNR": 0.03, "name": "1bxn"}