{"loc": [1, 4, 2], "rotate": [-3.030291725775267, 0.9106154744045551, -1.0962690987806603], "SNR": 0.03, "name": "1bxn"}