{"loc": [-6, -7, -7], "rotate": [-2.308965974351897, 1.5216992758145076, -2.4757996676272875], "SNR": 0.03, "name": "1bxn"}