{"loc": [3, -7, -6], "rotate": [2.941404685266406, 0.33774605417825293, -0.6495792961095673], "SNR": 0.03, "name": "1bxn"}