{"loc": [-7, -6, -3], "rotate": [2.592374122899946, 1.2941867298703817, 0.4872997187411554], "SNR": 0.03, "name": "1bxn"}