{"loc": [-1, 0, -5], "rotate": [2.4581806910191313, 0.5995733265081182, -0.21063728316631103], "SNR": 0.03, "name": "1bxn"}