{"loc": [0, 6, -3], "rotate": [-2.486775070966295, 0.9042014225461057, -1.79700571219928], "SNR": 0.03, "name": "1bxn"}