{"loc": [6, 3, -3], "rotate": [2.8732183784424477, 0.7606340547083075, -0.5232157900504902], "SNR": 0.03, "name": "1bxn"}