{"loc": [1, 0, -3], "rotate": [3.10544105784318, 0.522778674478191, -1.0516453878242813], "SNR": 0.03, "name": "1bxn"}