{"loc": [-3, -7, -2], "rotate": [-2.458283048037999, 0.7143250675738512, -1.6236788688354922], "SNR": 0.03, "name": "1bxn"}