{"loc": [5, 0, -7], "rotate": [-2.64959729883238, 0.7548020671729062, -1.549533943512539], "SNR": 0.03, "name": "1bxn"}