{"loc": [3, 1, 5], "rotate": [-2.532056696949786, 0.7065333985247119, -1.7076809718379125], "SNR": 0.03, "name": "1bxn"}