{"loc": [4, 2, -2], "rotate": [2.1463808192994613, 1.450802998938327, 0.7713172485002985], "SNR": 0.03, "name": "1bxn"}