{"loc": [0, 1, 6], "rotate": [2.9590736197478855, 0.7266937385990753, -1.026614499951963], "SNR": 0.03, "name": "1bxn"}