{"loc": [5, -2, -7], "rotate": [2.257071798310124, 1.9936007488810192, 0.853819387081597], "SNR": 0.03, "name": "1bxn"}