{"loc": [6, 7, 1], "rotate": [2.2569469227649326, 1.214681763000872, 0.6428174318654482], "SNR": 0.03, "name": "1bxn"}