{"loc": [0, 5, -4], "rotate": [-2.172407704060117, 0.8886520019074537, -2.167253880857724], "SNR": 0.03, "name": "1bxn"}