{"loc": [-1, 0, -1], "rotate": [-3.033366034650719, 0.3213205031236501, -1.0499884381628628], "SNR": 0.03, "name": "1bxn"}