{"loc": [1, -2, -7], "rotate": [-2.0403104608200078, 1.6512114893295504, -2.366059254523461], "SNR": 0.03, "name": "1bxn"}