{"loc": [0, -4, -1], "rotate": [2.423668785542825, 2.0322803012854522, 1.1568862300451468], "SNR": 500000, "name": "2byu"}