{"loc": [3, -5, 4], "rotate": [2.449169697446343, 0.239143603376046, -0.07908163481502653], "SNR": 500000, "name": "2byu"}