{"loc": [-5, -7, 2], "rotate": [-2.1561776302292817, 1.788487258121123, -2.7447948408653726], "SNR": 500000, "name": "2byu"}