{"loc": [-1, -6, -3], "rotate": [1.8804751623754805, 1.5747906281625097, 0.6209716168085099], "SNR": 500000, "name": "2byu"}