{"loc": [-3, -4, 4], "rotate": [-2.849223399600716, 0.7627571547612122, -0.8434187770870755], "SNR": 500000, "name": "2byu"}