{"loc": [-2, -1, -7], "rotate": [-2.423804347528344, 1.1489305763789932, -2.1158561244318466], "SNR": 500000, "name": "2byu"}