{"loc": [-7, 1, -4], "rotate": [2.296592154300192, 1.345581789570024, 0.21749865960138218], "SNR": 500000, "name": "2byu"}