{"loc": [-6, 2, -2], "rotate": [2.4976718022599163, 1.0001271632297435, 0.3345661692216907], "SNR": 500000, "name": "2byu"}