{"loc": [-1, 0, 2], "rotate": [2.517720800240943, 1.2994054676014097, -0.006927275210173813], "SNR": 500000, "name": "2byu"}