{"loc": [-4, 6, 1], "rotate": [2.638905316236555, 1.9396528060728335, 1.2860940405799934], "SNR": 500000, "name": "2byu"}