{"loc": [-2, 0, -2], "rotate": [2.8389226480289724, 0.6487234694061086, -0.6899050400987758], "SNR": 500000, "name": "2byu"}