{"loc": [3, -6, -6], "rotate": [2.9466840489841046, 0.8002279304825911, -0.5121834899286514], "SNR": 500000, "name": "2byu"}