{"loc": [4, 7, 3], "rotate": [-2.124198998033598, 0.6841914115630727, -1.8250351495918706], "SNR": 500000, "name": "2byu"}