{"loc": [4, -6, 3], "rotate": [2.614880863675835, 1.605598571369597, 0.34857927278280515], "SNR": 500000, "name": "2byu"}