{"loc": [6, -5, 3], "rotate": [-2.5986282559383636, 1.0001283964304202, -1.3745352201807008], "SNR": 500000, "name": "2byu"}