{"loc": [2, 1, -2], "rotate": [-2.5186219692400122, 2.024622310891491, 3.067253942295832], "SNR": 500000, "name": "2byu"}