{"loc": [4, 4, -1], "rotate": [2.9705118489982993, 2.6274232632277537, 1.7719107854048064], "SNR": 500000, "name": "2byu"}