{"loc": [-4, 1, 0], "rotate": [-2.378793735212225, 1.474899895182399, -1.7837086391644716], "SNR": 500000, "name": "2byu"}