{"loc": [0, 5, 4], "rotate": [-3.0697518390990015, 0.6125090724218251, -1.0553995522896211], "SNR": 500000, "name": "2byu"}