{"loc": [-2, 4, 7], "rotate": [-2.3294693703968044, 0.8798762151927599, -1.9582815569751686], "SNR": 500000, "name": "2byu"}