{"loc": [-4, 0, -3], "rotate": [2.245329382521295, 1.57855675932095, 0.9913519324897454], "SNR": 500000, "name": "2byu"}