{"loc": [0, -1, -5], "rotate": [2.6304132994720937, 1.0059082260887346, 0.06219081153318415], "SNR": 500000, "name": "2byu"}