{"loc": [-7, -6, 5], "rotate": [-2.2858383618210394, 0.8364577370338215, -1.8097687688488968], "SNR": 500000, "name": "2byu"}