{"loc": [1, -5, 1], "rotate": [2.545180657834828, 1.1297998534157971, 0.4751975640849068], "SNR": 500000, "name": "2byu"}