{"loc": [0, 7, -2], "rotate": [2.382110302661488, 0.7020020568515218, -0.2339680979612857], "SNR": 500000, "name": "2byu"}