{"loc": [-1, 0, 0], "rotate": [2.2218227536109016, 1.6238081493297931, 0.981015559838965], "SNR": 500000, "name": "2byu"}