{"loc": [3, 4, -7], "rotate": [2.6821143759016506, 1.0141373610694555, -0.3032060981798098], "SNR": 500000, "name": "2byu"}