{"loc": [2, 7, 4], "rotate": [2.2267365792729343, 1.0798778361215369, 0.5678502864996382], "SNR": 500000, "name": "2byu"}