{"loc": [-6, -1, -5], "rotate": [2.934063193805751, 0.631402787486407, -0.8011829022771705], "SNR": 500000, "name": "2byu"}