{"loc": [4, 2, -2], "rotate": [-2.5292087987851355, 2.088085032986065, 2.948030732280252], "SNR": 500000, "name": "2byu"}