{"loc": [-7, -7, -3], "rotate": [-2.3086790029306568, 0.36126081379846364, -1.6306647857688512], "SNR": 500000, "name": "2byu"}