{"loc": [-5, -2, 7], "rotate": [2.4194894962006037, 1.5098750446637534, 0.8596790414043287], "SNR": 500000, "name": "2byu"}