{"loc": [7, 7, 6], "rotate": [-3.0625273831367124, 0.13828650394172026, -0.8698524588773435], "SNR": 500000, "name": "2byu"}