{"loc": [7, 2, 0], "rotate": [2.009592295593511, 1.8991937386159257, 0.9645192597700846], "SNR": 500000, "name": "2byu"}