{"loc": [-5, 2, -7], "rotate": [-2.828504766497555, 0.8610650143726274, -1.246520217244978], "SNR": 500000, "name": "2byu"}