{"loc": [-5, -2, 4], "rotate": [-2.0798955761810913, 1.667267851806368, -2.3504911666700723], "SNR": 500000, "name": "2byu"}