{"loc": [-3, 3, -2], "rotate": [2.2887881655353297, 1.2330278001805508, 0.8590547524639427], "SNR": 500000, "name": "2byu"}