{"loc": [-1, 2, 5], "rotate": [-2.180674975445957, 0.9507876402091182, -2.0834209689832877], "SNR": 500000, "name": "2byu"}