{"loc": [-3, 2, -5], "rotate": [-2.467065710928275, 1.6989674253425724, -3.0425152740154555], "SNR": 500000, "name": "2byu"}