{"loc": [0, 0, 6], "rotate": [-1.9743163986617627, 0.7874070750163504, -1.7777753426310854], "SNR": 500000, "name": "2byu"}