{"loc": [5, 6, 4], "rotate": [-2.8548896243382136, 0.6078468164460474, -1.1309912345312572], "SNR": 500000, "name": "2byu"}