{"loc": [2, -7, 2], "rotate": [-3.022751578590023, 0.8121528226160797, -1.262795411691666], "SNR": 500000, "name": "2byu"}