{"loc": [-3, 0, 4], "rotate": [-2.697975124142585, 1.1005391947045102, -1.4590759794771593], "SNR": 500000, "name": "2byu"}