{"loc": [-7, 7, 4], "rotate": [2.033792221364303, 0.9446927193382145, 0.43372216530532404], "SNR": 500000, "name": "2byu"}