{"loc": [4, 6, -6], "rotate": [2.275040758654584, 0.6676035710313424, 0.5935597540794793], "SNR": 500000, "name": "2byu"}