{"loc": [5, 4, 1], "rotate": [-2.3942717495529133, 0.6566255077858586, -1.4166045265804166], "SNR": 500000, "name": "2byu"}