{"loc": [0, -5, -6], "rotate": [2.871630661939419, 0.7256825064782523, -0.3467143463111653], "SNR": 500000, "name": "2byu"}