{"loc": [-2, 0, 1], "rotate": [-2.581589436597827, 0.8613240864042326, -1.2833838407750744], "SNR": 500000, "name": "2byu"}