{"loc": [4, -7, 5], "rotate": [2.2713225189326054, 1.4807418628726419, 0.7757259837268771], "SNR": 500000, "name": "2byu"}