{"loc": [0, -4, 1], "rotate": [2.724291797900935, 1.1098574889234476, -0.43585083542968767], "SNR": 500000, "name": "2byu"}