{"loc": [-1, -6, -4], "rotate": [2.568077295094357, 1.0429964113089254, 0.21758523335195273], "SNR": 500000, "name": "2byu"}