{"loc": [-3, -2, -1], "rotate": [2.686903175308619, 0.295303012319718, -0.46477152485779355], "SNR": 500000, "name": "2byu"}