{"loc": [4, -1, 6], "rotate": [2.8694585463378663, 2.30859139342823, 2.303693797873955], "SNR": 500000, "name": "2byu"}