{"loc": [-5, -7, -3], "rotate": [2.4384871860333366, 2.076321156431339, 1.3935372569703453], "SNR": 500000, "name": "2byu"}