{"loc": [-3, -2, 1], "rotate": [3.039075588551264, 0.32715638123823254, -0.768499135464084], "SNR": 500000, "name": "2byu"}