{"loc": [7, 2, -7], "rotate": [2.3199142487507887, 1.295904403030724, 0.7368933271152099], "SNR": 500000, "name": "2byu"}