{"loc": [2, -4, 0], "rotate": [2.2084700487974893, 1.2823853748600487, 0.9997519702328173], "SNR": 500000, "name": "2byu"}