{"loc": [-4, 2, -3], "rotate": [-2.489947396576819, 1.1289096483976955, -1.9326750857252841], "SNR": 500000, "name": "2byu"}