{"loc": [-4, 1, 6], "rotate": [-2.905015870922604, 0.6816078402274006, -0.8823280280109961], "SNR": 500000, "name": "2byu"}