{"loc": [-2, -1, -3], "rotate": [2.242808269469346, 1.688940412214339, 1.0171654063288926], "SNR": 500000, "name": "2byu"}