{"loc": [7, 1, 5], "rotate": [-2.2507570897419105, 1.0849560825944917, -1.9316148113258382], "SNR": 500000, "name": "2byu"}