{"loc": [-3, 5, 5], "rotate": [-3.1085506200409423, 0.17054228631759627, -1.2956479658892004], "SNR": 500000, "name": "2byu"}