{"loc": [0, 3, -7], "rotate": [2.1208438689822566, 1.0050668276383592, 0.5543155359623354], "SNR": 500000, "name": "2byu"}