{"loc": [4, -2, -7], "rotate": [-2.481443581704566, 1.001440584923349, -1.4175617318981024], "SNR": 500000, "name": "2byu"}