{"loc": [-5, 4, -5], "rotate": [2.5584506479900675, 0.7741395599022809, -0.0356282487908227], "SNR": 500000, "name": "2byu"}