{"loc": [-6, 0, -1], "rotate": [1.9959708785448627, 0.9405010700637523, 0.07409626265040978], "SNR": 500000, "name": "2byu"}