{"loc": [-6, -6, 0], "rotate": [2.5705449279623322, 1.9405868833967037, 1.1472263729635541], "SNR": 500000, "name": "2byu"}