{"loc": [-5, -4, -5], "rotate": [2.3435968922658845, 0.869310219410996, 0.006446803519014354], "SNR": 500000, "name": "2byu"}