{"loc": [4, 6, -5], "rotate": [-2.825630758442576, 0.6750940916023476, -0.7898567257868364], "SNR": 500000, "name": "2byu"}