{"loc": [-7, -3, 1], "rotate": [-2.988827230874197, 0.5388964786122171, -1.0142421163616668], "SNR": 500000, "name": "2byu"}