{"loc": [5, 5, 4], "rotate": [2.579801057692342, 0.837867026423606, 0.20144163471237664], "SNR": 500000, "name": "2byu"}