{"loc": [-2, 5, -6], "rotate": [-2.7051258003521395, 1.1518278951497765, -1.3232295687492357], "SNR": 500000, "name": "2byu"}