{"loc": [5, 0, 3], "rotate": [2.0659737811488394, 1.4312133672585305, 0.7785284736941983], "SNR": 500000, "name": "2byu"}