{"loc": [3, -7, 0], "rotate": [-2.0415813179036, 1.6127686808600794, -2.6263161806338293], "SNR": 500000, "name": "2byu"}