{"loc": [-5, 7, 0], "rotate": [-2.369050037809937, 0.7710291968777357, -1.3425360011699947], "SNR": 500000, "name": "2byu"}