{"loc": [6, -1, 3], "rotate": [-2.8855036535822793, 0.6904689130800528, -1.0635575125994703], "SNR": 500000, "name": "2byu"}