{"loc": [-7, 6, 0], "rotate": [3.0410588486201826, 0.709207212510826, -0.5722524680493749], "SNR": 500000, "name": "2byu"}