{"loc": [-7, 3, -7], "rotate": [2.554049697240559, 0.748494792800746, -0.04953416383854517], "SNR": 500000, "name": "2byu"}