{"loc": [-4, -1, 3], "rotate": [-2.2106443801531643, 2.265869107915464, -2.327393902380723], "SNR": 500000, "name": "2byu"}