{"loc": [7, 0, 1], "rotate": [-2.1037818875271173, 1.2775858336418537, -2.603860774053675], "SNR": 500000, "name": "2byu"}