{"loc": [-1, 6, 0], "rotate": [2.4163808812465875, 1.4644452112820172, 0.9933827195243407], "SNR": 500000, "name": "2byu"}