{"loc": [6, 0, 3], "rotate": [2.6967564475260852, 1.1205251460093524, 0.360737489933088], "SNR": 500000, "name": "2byu"}