{"loc": [3, 7, -7], "rotate": [-1.9259292305271096, 1.0720279472866487, -1.8398508217286327], "SNR": 500000, "name": "2byu"}