{"loc": [-7, 6, 6], "rotate": [2.3556262170168445, 2.261970597449419, 1.5611132522190787], "SNR": 500000, "name": "2byu"}