{"loc": [6, -4, -6], "rotate": [2.5350035493911824, 0.7822261364097852, 0.27437929677360945], "SNR": 500000, "name": "2byu"}