{"loc": [-5, -3, 3], "rotate": [-2.361357969947688, 2.2744927260110237, 3.0524678398578704], "SNR": 500000, "name": "2byu"}