{"loc": [1, 5, -5], "rotate": [2.357701666851548, 1.5671323635929972, 0.4065420877559812], "SNR": 500000, "name": "2byu"}