{"loc": [2, -4, 3], "rotate": [2.6336816780384646, 0.4873421533406272, -0.3209343377504471], "SNR": 500000, "name": "2byu"}