{"loc": [3, -1, 0], "rotate": [2.7628341259019464, 0.2223770553773554, -0.49480449972803753], "SNR": 500000, "name": "2byu"}