{"loc": [-6, 0, -2], "rotate": [-2.1558996016680037, 1.312532320808949, -2.2773968074723796], "SNR": 500000, "name": "2byu"}