{"loc": [-1, -4, 7], "rotate": [-2.3929991159662047, 1.1073499027154086, -1.9063691474882616], "SNR": 500000, "name": "2byu"}