{"loc": [-4, 1, 5], "rotate": [-2.892656308145053, 0.7676873262368551, -1.21862166576036], "SNR": 500000, "name": "2byu"}