{"loc": [-2, 1, 4], "rotate": [-2.3766645849475836, 1.5737841701092143, -2.336499687157484], "SNR": 500000, "name": "2byu"}