{"loc": [-1, -2, -6], "rotate": [-2.3982785093384247, 1.7624803283427657, -2.40464569289591], "SNR": 500000, "name": "2byu"}