{"loc": [4, -1, 1], "rotate": [-2.645432127487029, 0.5974187401461707, -0.9828277692485831], "SNR": 500000, "name": "2byu"}