{"loc": [0, -3, -6], "rotate": [1.9320942900348714, 0.7524266401249071, 0.5080500022942068], "SNR": 500000, "name": "2byu"}