{"loc": [7, -1, 5], "rotate": [2.5066040152063405, 1.005971767730571, 0.16701211143994468], "SNR": 500000, "name": "2byu"}