{"loc": [7, 1, 0], "rotate": [1.872240178175979, 0.7461525331291936, 0.7138430783842321], "SNR": 500000, "name": "2byu"}