{"loc": [3, 0, -2], "rotate": [2.8364041697566695, 2.404268481493253, 1.6888851724788472], "SNR": 500000, "name": "2byu"}