{"loc": [-3, 3, 2], "rotate": [2.3037088179802994, 1.945825167184037, 1.0706365404040343], "SNR": 500000, "name": "2byu"}