{"loc": [7, 3, 3], "rotate": [2.3557326443445024, 1.0988299939279138, 0.3946396411694188], "SNR": 500000, "name": "2byu"}