{"loc": [7, 6, 6], "rotate": [-2.4664587076126274, 1.006753569519273, -1.5382901487188594], "SNR": 500000, "name": "2byu"}