{"loc": [-5, 3, -6], "rotate": [2.3340104919169193, 1.643581972485145, 0.6215161602170546], "SNR": 500000, "name": "2byu"}