{"loc": [-2, -3, -2], "rotate": [2.0987774816622236, 2.4084774740690422, 1.0285757080529312], "SNR": 500000, "name": "2byu"}