{"loc": [4, 1, 5], "rotate": [2.4204369521075217, 0.9676370981336045, 0.2618379910434379], "SNR": 500000, "name": "2byu"}