{"loc": [-1, -4, 3], "rotate": [-1.8566741359657872, 1.2470320151338843, -1.975665216836002], "SNR": 500000, "name": "2byu"}