{"loc": [7, 6, 7], "rotate": [-1.9447683269920635, 1.1713270907243112, -1.9734768827668425], "SNR": 500000, "name": "2byu"}