{"loc": [1, 0, -2], "rotate": [2.661591785268943, 0.4182114128645326, -0.31597378985771807], "SNR": 500000, "name": "2byu"}