{"loc": [2, 6, -7], "rotate": [-2.0376925359033455, 0.7280417619820629, -2.3843498336998588], "SNR": 500000, "name": "2byu"}