{"loc": [6, -3, -6], "rotate": [-2.8202355668556374, 2.6510517238840525, 2.955252267242522], "SNR": 500000, "name": "2byu"}