{"loc": [6, -4, -3], "rotate": [2.111994251636627, 1.9265601984314304, 0.8579535645933027], "SNR": 500000, "name": "2byu"}