{"loc": [-6, -7, -3], "rotate": [2.140253152516452, 1.8516806377264594, 0.7532402555079915], "SNR": 500000, "name": "2byu"}