{"loc": [-7, -2, 7], "rotate": [2.687543628553095, 1.0587754199939434, -0.5891011876553554], "SNR": 500000, "name": "2byu"}