{"loc": [-7, 1, -3], "rotate": [-2.679889502804874, 2.1257676619706882, 2.7592148555225346], "SNR": 500000, "name": "2byu"}