{"loc": [-6, -4, 7], "rotate": [-2.9423215660852677, 0.8287741724340342, -1.7301255257859243], "SNR": 500000, "name": "2byu"}