{"loc": [-4, -7, -1], "rotate": [-2.055788986808288, 0.732003373912398, -2.0155895424763624], "SNR": 500000, "name": "2byu"}