{"loc": [4, -6, -3], "rotate": [-1.2781779510858842, 0.9694731683953646, 0.35300682821385], "SNR": 500000, "name": "2byu"}