{"loc": [7, 4, -3], "rotate": [-1.9881224562332565, 1.0391069817698162, -1.6802013467313015], "SNR": 500000, "name": "2byu"}