{"loc": [-6, -6, 0], "rotate": [2.7323904863324775, 0.7060497297816116, -0.6688330910366326], "SNR": 500000, "name": "2byu"}