{"loc": [5, -3, -4], "rotate": [2.0108611431509305, 1.0784604143551701, 0.08888590211733524], "SNR": 500000, "name": "2byu"}