{"loc": [-4, 1, 0], "rotate": [2.493087917381371, 1.5823820278007714, 0.9279938771974646], "SNR": 500000, "name": "2byu"}