{"loc": [0, 0, 0], "rotate": [2.0828624582852697, 1.937902754018156, 0.9841769450516998], "SNR": 500000, "name": "2byu"}