{"loc": [-7, 6, -5], "rotate": [2.362579304817402, 1.3782373762647742, 0.8166450391457806], "SNR": 500000, "name": "2byu"}