{"loc": [3, -4, 0], "rotate": [-2.931472730106417, 0.6390832355835634, -1.0828484972701224], "SNR": 500000, "name": "2byu"}