{"loc": [-1, 5, -6], "rotate": [2.4485834936309074, 1.7029469970219946, 0.6713663968488964], "SNR": 500000, "name": "2byu"}