{"loc": [-1, 3, 5], "rotate": [2.0542766431501844, 1.160581581753429, -0.042600538010640614], "SNR": 500000, "name": "2byu"}