{"loc": [-5, 3, 2], "rotate": [-2.1943883102065196, 1.9140282871030692, -2.66259154251534], "SNR": 500000, "name": "2byu"}