{"loc": [-1, 1, 0], "rotate": [2.3335203198058942, 0.8368340581077424, 0.2801625594105917], "SNR": 500000, "name": "2byu"}