{"loc": [0, 0, 0], "rotate": [-2.583027148692566, 0.5066798768562127, -1.291234929485125], "SNR": 500000, "name": "2byu"}