{"loc": [4, -1, 4], "rotate": [2.2653325669935076, 0.7605354026569604, 0.40131225030466416], "SNR": 500000, "name": "2byu"}