{"loc": [3, 6, 1], "rotate": [2.2782194750489766, 1.2743219625304925, 0.28634573367864374], "SNR": 500000, "name": "2byu"}