{"loc": [-3, -7, -4], "rotate": [-2.059522388623861, 1.4958825425028828, -2.103793132186169], "SNR": 500000, "name": "2byu"}