{"loc": [-4, -5, -1], "rotate": [2.4033908915002455, 0.9525852029903352, -0.13173158692360656], "SNR": 500000, "name": "2byu"}