{"loc": [5, -6, -6], "rotate": [2.2942788617945724, 1.2414158161435087, 0.535832678429743], "SNR": 500000, "name": "2byu"}