{"loc": [3, 4, -2], "rotate": [2.3613169014827733, 0.818440642376358, 0.014688765191699153], "SNR": 500000, "name": "2byu"}