{"loc": [-1, 5, -3], "rotate": [-1.9616576331559485, 1.082979590381185, -2.2991696408948954], "SNR": 500000, "name": "2byu"}