{"loc": [1, 2, -5], "rotate": [-2.954634186848712, 0.8425277409325154, -1.2372615475686168], "SNR": 500000, "name": "2byu"}