{"loc": [4, 2, 4], "rotate": [-2.3348068083501063, 1.1519616475633359, -2.139606691760522], "SNR": 500000, "name": "2byu"}