{"loc": [-4, -7, 6], "rotate": [-2.4503094572435313, 0.6319965184352654, -1.439900108521449], "SNR": 500000, "name": "2byu"}