{"loc": [7, -1, -5], "rotate": [-2.723160412229786, 0.7718236716531373, -1.7705099465919567], "SNR": 500000, "name": "2byu"}