{"loc": [2, 0, -6], "rotate": [1.9502672221376929, 1.1107496850803555, 0.46189446652055716], "SNR": 500000, "name": "2byu"}