{"loc": [-4, 4, -4], "rotate": [2.4892645212550293, 1.7673072267583951, 1.4109063001111495], "SNR": 500000, "name": "2byu"}