{"loc": [0, 7, 0], "rotate": [2.3244084632911255, 0.7442176898948306, 0.27644180243342803], "SNR": 500000, "name": "2byu"}