{"loc": [-4, 0, -2], "rotate": [-2.0543467106089413, 1.9122158489705785, -2.594992407164237], "SNR": 500000, "name": "2byu"}