{"loc": [5, 0, 4], "rotate": [-2.4407326664475515, 1.0220756003431781, -2.3436732296281186], "SNR": 500000, "name": "2byu"}