{"loc": [-1, 0, -7], "rotate": [2.5482007844160366, 1.5627713816782867, 0.45546132622710717], "SNR": 500000, "name": "2byu"}