{"loc": [-5, 1, 3], "rotate": [2.8336668865572903, 2.280078002798782, 1.7249847083770848], "SNR": 500000, "name": "2byu"}