{"loc": [0, -2, 6], "rotate": [-2.030375990358639, 2.583515469188266, 3.071315587213912], "SNR": 500000, "name": "2byu"}