{"loc": [-1, 1, -5], "rotate": [2.8893105652254945, 1.0961326336710857, -0.304826467935391], "SNR": 500000, "name": "2byu"}