{"loc": [-3, -1, -7], "rotate": [2.545337497403857, 1.4662365395637655, -0.008862781600118129], "SNR": 500000, "name": "2byu"}