{"loc": [0, 3, -3], "rotate": [2.30700303931363, 1.5402794267522697, 0.7843605402662762], "SNR": 500000, "name": "2byu"}