{"loc": [0, 6, -2], "rotate": [2.683230531209858, 0.8343585324082763, 0.06503086804001129], "SNR": 500000, "name": "2byu"}