{"loc": [-5, -1, 0], "rotate": [2.4456405836767723, 2.20228109080539, 1.4769051652261487], "SNR": 500000, "name": "2byu"}