{"loc": [-3, 0, 7], "rotate": [2.2390947395850325, 1.6355368903940348, 1.026117847109652], "SNR": 500000, "name": "2byu"}