{"loc": [6, 6, 3], "rotate": [-2.4578500529311755, 0.862912983145293, -1.9892248365865177], "SNR": 500000, "name": "2byu"}