{"loc": [-4, -3, -1], "rotate": [2.5661339100458207, 0.6693254897963751, 0.16725197900513988], "SNR": 500000, "name": "2byu"}