{"loc": [-7, 6, 3], "rotate": [-2.3325298672137604, 0.5578351418155184, -1.8134589319055558], "SNR": 500000, "name": "2byu"}