{"loc": [-6, -3, 0], "rotate": [3.0631201032969186, 2.5140611500545096, 2.529743756797496], "SNR": 500000, "name": "2byu"}