{"loc": [1, -4, 5], "rotate": [-1.9949241617470428, 1.1867451446849326, -2.3446603159398167], "SNR": 500000, "name": "2byu"}