{"loc": [-7, -5, 1], "rotate": [-2.247572199967222, 1.0106481413075596, -1.823449055359298], "SNR": 500000, "name": "2byu"}