{"loc": [-7, 7, -6], "rotate": [-2.729428477283092, 0.6527549534474071, -1.2580261993307098], "SNR": 500000, "name": "2byu"}