{"loc": [-3, 3, -1], "rotate": [-2.64044319768924, 0.5954998168710306, -1.7930552936447084], "SNR": 500000, "name": "2byu"}