{"loc": [-7, -2, -4], "rotate": [-2.587011016254428, 0.8902391608725376, -1.5912290778724225], "SNR": 500000, "name": "2byu"}