{"loc": [6, 1, 2], "rotate": [3.015572927893193, 0.6841487429098876, -0.6914799605153782], "SNR": 500000, "name": "2byu"}