{"loc": [-2, 2, 0], "rotate": [-2.437725956499429, 1.304301361237658, -1.9258586979703356], "SNR": 500000, "name": "2byu"}