{"loc": [3, 6, 0], "rotate": [-2.4786885793877436, 1.124861574397563, -1.6471042119287687], "SNR": 500000, "name": "2byu"}