{"loc": [-7, 5, -6], "rotate": [-2.1913326241380084, 1.2157063710811067, -1.6018209698899912], "SNR": 500000, "name": "2byu"}