{"loc": [0, -4, 0], "rotate": [1.8381017002877267, 0.8549945249957339, 0.3063280704202152], "SNR": 500000, "name": "2byu"}