{"loc": [3, -4, -4], "rotate": [3.1221176509259414, 0.9404403128382048, -1.1990970343460254], "SNR": 500000, "name": "2byu"}