{"loc": [0, -3, 7], "rotate": [-3.0378213912577277, 0.34553174165691886, -0.9691796617778362], "SNR": 500000, "name": "2byu"}