{"loc": [-6, -4, 2], "rotate": [-0.4366238112488739, 0.48957055975111574, -0.44588676061668164], "SNR": 500000, "name": "2byu"}