{"loc": [-2, 0, -3], "rotate": [2.402138367680984, 1.1348787501669526, 0.032925523319176093], "SNR": 500000, "name": "2byu"}