{"loc": [0, 6, 4], "rotate": [-1.962715619876054, 1.0027301373010955, -2.0027304813510765], "SNR": 500000, "name": "2byu"}