{"loc": [6, 4, -6], "rotate": [-2.318744993083442, 1.041488362757943, -2.3747387032268525], "SNR": 500000, "name": "2byu"}