{"loc": [-3, -1, 6], "rotate": [-2.8454562070432092, 2.3101006950520766, 2.8536131450557733], "SNR": 500000, "name": "2byu"}