{"loc": [-3, 3, 7], "rotate": [-3.1237935469291878, 0.6515969459583186, -1.1131497342973478], "SNR": 500000, "name": "2byu"}