{"loc": [0, -6, 0], "rotate": [2.041418824579029, 1.0577708359698506, 0.7480751763600323], "SNR": 500000, "name": "2byu"}