{"loc": [6, 0, 0], "rotate": [2.431537070607631, 1.1053278084060247, 0.5971902629518636], "SNR": 500000, "name": "2byu"}