{"loc": [6, 5, -7], "rotate": [2.375883529091198, 1.1754021527084846, 0.07513485933681018], "SNR": 500000, "name": "2byu"}