{"loc": [1, 3, 4], "rotate": [-3.1265069545765316, 0.5045782689504194, -0.7973650063815617], "SNR": 500000, "name": "2byu"}