{"loc": [0, -2, -4], "rotate": [-2.245960247112997, 1.3322989864266204, -1.9707549896456522], "SNR": 500000, "name": "2byu"}