{"loc": [6, -5, -3], "rotate": [-2.5633878989325365, 0.6193862493824656, -1.4392621858777959], "SNR": 500000, "name": "2byu"}