{"loc": [5, -2, 6], "rotate": [-3.0748953590670998, 0.3917595180193623, -0.6567907481400334], "SNR": 500000, "name": "2byu"}