{"loc": [2, 2, 2], "rotate": [2.3795730856179977, 1.2499945656432534, 0.4554107609912159], "SNR": 500000, "name": "2byu"}