{"loc": [4, -5, 7], "rotate": [2.276893912442694, 1.30486454327631, 0.3416150635722635], "SNR": 500000, "name": "2byu"}