{"loc": [6, -2, -1], "rotate": [2.423715029277066, 1.1359598655280956, 0.8249172131414813], "SNR": 500000, "name": "2byu"}