{"loc": [5, 1, -2], "rotate": [2.4588778198283916, 0.8836357588229016, 0.5764506089981976], "SNR": 500000, "name": "2byu"}