{"loc": [0, 3, 5], "rotate": [-2.115975066873357, 1.4914108427620856, -2.328002659911081], "SNR": 500000, "name": "2byu"}