{"loc": [4, -7, -7], "rotate": [-2.2354526109592032, 1.385464666508712, -2.569735782286888], "SNR": 500000, "name": "2byu"}