{"loc": [0, 6, -2], "rotate": [-2.5546241326160066, 0.7577227093366601, -1.1802022456877088], "SNR": 500000, "name": "2byu"}