{"loc": [-4, 3, 4], "rotate": [2.500037163638109, 1.3247884481433363, 0.4232562144753917], "SNR": 500000, "name": "2byu"}