{"loc": [3, -3, 0], "rotate": [2.6396533490166667, 1.150170713928489, -0.058963871197614835], "SNR": 500000, "name": "2byu"}