{"loc": [0, 2, -7], "rotate": [2.257890047556334, 1.869535181453338, 1.001583789277013], "SNR": 500000, "name": "2byu"}