{"loc": [1, 0, -6], "rotate": [-0.09785365833704268, 0.7935200356786293, -0.4552988095928768], "SNR": 500000, "name": "2byu"}