{"loc": [6, 1, 2], "rotate": [-1.8660317923900351, 1.351695609604577, -2.167689636536298], "SNR": 500000, "name": "2byu"}