{"loc": [5, 0, 5], "rotate": [-2.6734564187340424, 1.0707539579905363, -1.5677863180927394], "SNR": 500000, "name": "2byu"}