{"loc": [-5, -3, 1], "rotate": [-2.264391557610052, 1.3089250791430234, -2.0631453439296177], "SNR": 500000, "name": "2byu"}