{"loc": [3, -2, -2], "rotate": [2.7233650053662823, 0.7759431296427406, -0.2387170785649501], "SNR": 500000, "name": "2byu"}