{"loc": [7, 4, 7], "rotate": [2.079535884143314, 1.1709743508388684, 0.5061386728112589], "SNR": 500000, "name": "2byu"}