{"loc": [-4, 1, 3], "rotate": [1.7501092647401997, 1.0486248146832007, 0.8433350671425397], "SNR": 500000, "name": "2byu"}