{"loc": [6, -1, 4], "rotate": [-2.0990417060432724, 1.1403933512750388, -1.8229485652369475], "SNR": 500000, "name": "2byu"}