{"loc": [7, -4, 0], "rotate": [2.199705724998935, 1.7584392326078042, 0.789656767881947], "SNR": 500000, "name": "2byu"}