{"loc": [3, 4, -1], "rotate": [-2.7625520626232034, 0.2683732593200798, -1.0357472984072913], "SNR": 500000, "name": "2byu"}