{"loc": [-1, 7, 5], "rotate": [-2.560452719868709, 1.0755418529329184, -1.4519239036730485], "SNR": 500000, "name": "2byu"}