{"loc": [4, 0, 0], "rotate": [-2.606308249171669, 0.8054371106822305, -1.9233389084739938], "SNR": 500000, "name": "2byu"}