{"loc": [-1, -2, 7], "rotate": [3.10461410206449, 0.5070550584106581, -0.607707419398841], "SNR": 500000, "name": "2byu"}