{"loc": [0, 7, 3], "rotate": [2.159166897676145, 0.8834058769262896, 0.32471943804693404], "SNR": 500000, "name": "2byu"}