{"loc": [-5, -4, 0], "rotate": [-2.4031045178698847, 0.6564026734926689, -1.920177719642831], "SNR": 500000, "name": "2byu"}