{"loc": [0, -6, 6], "rotate": [2.428059519557289, 1.095464344792147, 0.05201558331974483], "SNR": 500000, "name": "2byu"}