{"loc": [-6, 3, -2], "rotate": [2.39284792988698, 1.466469837360501, 0.06554157121577056], "SNR": 500000, "name": "2byu"}