{"loc": [0, 1, -5], "rotate": [2.862429566115542, 0.5322617208063756, -0.23247113652039403], "SNR": 500000, "name": "2byu"}