{"loc": [-6, 1, -4], "rotate": [-1.9867826552602958, 1.4909444963002796, -2.5088884859010325], "SNR": 500000, "name": "2byu"}