{"loc": [4, -1, -2], "rotate": [-2.9178054679394663, 0.7986393746130406, -0.8898738233513093], "SNR": 500000, "name": "2byu"}