{"loc": [5, -2, 1], "rotate": [2.2189536791710722, 1.1655633923916413, 0.12673851892203972], "SNR": 500000, "name": "2byu"}