{"loc": [0, 3, 0], "rotate": [-2.6112730736818452, 1.0381579852013219, -1.7506195440956593], "SNR": 500000, "name": "2byu"}