{"loc": [6, 3, -3], "rotate": [2.083423515443543, 1.598777891458309, 0.8983608153837261], "SNR": 500000, "name": "2byu"}