{"loc": [7, -4, 4], "rotate": [-3.0880836009332104, 0.47789574848145466, -0.6688570792325784], "SNR": 500000, "name": "2byu"}