{"loc": [-1, -5, -7], "rotate": [-2.555645221775613, 0.18132599846579225, -1.3817845716218573], "SNR": 500000, "name": "2byu"}