{"loc": [-4, 1, 5], "rotate": [2.518346644702047, 1.2755404252690867, -0.03231554593049543], "SNR": 500000, "name": "2byu"}