{"loc": [2, 0, -7], "rotate": [1.827735283231602, 2.3022652721239023, 0.8621823200675267], "SNR": 500000, "name": "2byu"}