{"loc": [7, -1, 5], "rotate": [-2.2832578353343886, 0.8573210381082389, -1.6600706840196313], "SNR": 500000, "name": "2byu"}