{"loc": [4, -1, 7], "rotate": [-2.1201753756696324, 0.9203269283521586, -1.960624890086833], "SNR": 500000, "name": "2byu"}