{"loc": [3, -4, 0], "rotate": [2.5875017475399473, 0.6710060294154895, -0.2740150501218618], "SNR": 500000, "name": "2byu"}