{"loc": [0, 0, 2], "rotate": [-2.7242507627679227, 2.0555618480534825, 2.7145508021652947], "SNR": 500000, "name": "2byu"}