{"loc": [2, 0, 1], "rotate": [-2.4715251628675152, 1.3575503354215344, -2.07670274246496], "SNR": 500000, "name": "2byu"}