{"loc": [1, -6, 5], "rotate": [-2.394402926315551, 1.2749559900865108, -1.829572299555985], "SNR": 500000, "name": "2byu"}