{"loc": [4, -6, -1], "rotate": [2.0580168373920236, 0.9786885618128145, 0.23013201017463594], "SNR": 500000, "name": "2byu"}