{"loc": [-1, 4, -7], "rotate": [-2.360350080649755, 0.9941273965945362, -1.7106969626938067], "SNR": 500000, "name": "2byu"}