{"loc": [6, 4, -4], "rotate": [2.3752255901522457, 1.2979711186137166, 0.7787351960813013], "SNR": 500000, "name": "2byu"}