{"loc": [-6, 3, -7], "rotate": [-1.9108818527516667, 1.6862773864832206, -2.392262756853209], "SNR": 500000, "name": "2byu"}