{"loc": [-7, 7, -7], "rotate": [-2.23349197731981, 1.273672929644573, -2.341240706200326], "SNR": 500000, "name": "2byu"}