{"loc": [-6, 1, 4], "rotate": [-2.2885577035973346, 1.0352094913420362, -2.164534084161037], "SNR": 500000, "name": "2byu"}