{"loc": [-6, -4, -7], "rotate": [3.128284332250837, 0.6172183973938316, -0.5887927436176719], "SNR": 500000, "name": "2byu"}