{"loc": [3, 1, -4], "rotate": [2.3884136914066927, 0.9897628455566692, 0.2116085704725065], "SNR": 500000, "name": "2byu"}