{"loc": [-5, 0, 0], "rotate": [-2.3906165004492976, 1.0054848228378936, -1.6896460979509558], "SNR": 500000, "name": "2byu"}