{"loc": [-7, 1, 4], "rotate": [2.0913236295690796, 1.374102240379836, 0.6555387192150144], "SNR": 500000, "name": "2byu"}