{"loc": [2, 7, 4], "rotate": [2.5785568916516888, 0.7189705148370928, -0.26618141637380643], "SNR": 500000, "name": "2byu"}