{"loc": [7, -6, -4], "rotate": [2.110147733535311, 1.648105183791465, 0.5034741331456268], "SNR": 500000, "name": "2byu"}