{"loc": [0, 0, 7], "rotate": [2.3409337059721667, 0.9018760250277639, 0.34504836553943935], "SNR": 500000, "name": "2byu"}