{"loc": [5, 3, -4], "rotate": [2.6460165587955733, 0.7726889931208707, 0.01236378603708733], "SNR": 500000, "name": "2byu"}