{"loc": [-6, -4, 2], "rotate": [-2.95050131932162, 2.5059630805668074, 3.112088386900455], "SNR": 500000, "name": "2byu"}