{"loc": [2, 3, 3], "rotate": [-2.2564522186323153, 0.5382194351505193, -1.8062089763040983], "SNR": 500000, "name": "2byu"}