{"loc": [4, -4, 0], "rotate": [2.244204886354158, 1.660237710921215, 1.0202321195707258], "SNR": 500000, "name": "2byu"}