{"loc": [7, 7, 4], "rotate": [2.929639920748701, 1.0833176873706574, 0.02391112179752797], "SNR": 500000, "name": "2byu"}