{"loc": [3, 4, 1], "rotate": [2.358838635912209, 1.2600971137551364, 0.02292577196700018], "SNR": 500000, "name": "2byu"}