{"loc": [3, -6, -2], "rotate": [2.1110925464253594, 1.0610438790451158, 0.6462612341352995], "SNR": 500000, "name": "2byu"}