{"loc": [6, 3, -1], "rotate": [2.858105866107574, 0.4844336698613181, -0.6087507605439517], "SNR": 500000, "name": "2byu"}