{"loc": [-1, -1, -4], "rotate": [2.448586691289349, 1.0714213625230968, -0.01141263283042436], "SNR": 500000, "name": "2byu"}