{"loc": [-4, -4, -1], "rotate": [3.0480203599415137, 0.41658132681068394, -0.5544267095550881], "SNR": 500000, "name": "2byu"}