{"loc": [2, -1, -5], "rotate": [2.0328559787413307, 1.2096479045346682, 0.565788450426194], "SNR": 500000, "name": "2byu"}