{"loc": [3, -3, -3], "rotate": [2.343513580460226, 1.2322976774831806, 0.47013553033663635], "SNR": 500000, "name": "2byu"}