{"loc": [-6, 1, 2], "rotate": [-2.716153581991607, 0.8908238596947967, -1.7776859925104622], "SNR": 500000, "name": "2byu"}