{"loc": [-7, 6, 0], "rotate": [3.127592211388501, 0.6347790023639959, -0.8254145561632632], "SNR": 500000, "name": "2byu"}