{"loc": [4, 7, -6], "rotate": [2.3820579326088884, 1.0905890683881387, 0.476415546836183], "SNR": 500000, "name": "2byu"}