{"loc": [-1, 3, -7], "rotate": [-2.647499732082454, 2.30884086383661, -2.9915471235133166], "SNR": 500000, "name": "2byu"}