{"loc": [1, 5, 4], "rotate": [2.537923137475075, 0.9811514816446623, 0.26660358168885134], "SNR": 500000, "name": "2byu"}