{"loc": [2, 0, -7], "rotate": [2.302966316469838, 0.7176282285563196, 0.267616628374926], "SNR": 500000, "name": "2byu"}