{"loc": [-1, -3, 1], "rotate": [2.4006886170455206, 1.0064920786306282, -0.04806842050847847], "SNR": 500000, "name": "2byu"}