{"loc": [-6, -7, 1], "rotate": [2.2187375326327636, 1.0147411580799597, 0.5682048114946952], "SNR": 500000, "name": "2byu"}