{"loc": [-6, -2, -3], "rotate": [2.21002894710218, 0.9154701866766145, 0.2677119281350858], "SNR": 500000, "name": "2byu"}