{"loc": [0, -6, 7], "rotate": [-2.6585170040450103, 0.570388701170624, -0.7589467862002294], "SNR": 500000, "name": "2byu"}