{"loc": [4, -3, 3], "rotate": [-2.2183774893817314, 1.2381606155645803, -2.260262068498968], "SNR": 500000, "name": "2byu"}