{"loc": [-4, -5, 5], "rotate": [2.083077358158152, 1.4492803026430765, 0.7824709134544755], "SNR": 500000, "name": "2byu"}