{"loc": [3, 0, -3], "rotate": [1.8723101781193658, 0.7222313931995826, 0.6796950715751741], "SNR": 500000, "name": "2byu"}