{"loc": [-7, -3, -1], "rotate": [-1.9468312792162568, 2.118916338031751, -2.078946500430523], "SNR": 500000, "name": "2byu"}