{"loc": [-7, -7, 7], "rotate": [1.9635301411209272, 1.6535801423737442, 0.7030985717890247], "SNR": 500000, "name": "2byu"}