{"loc": [3, -6, -5], "rotate": [2.328280783456885, 0.9283726110177541, 0.15749344142732488], "SNR": 500000, "name": "2byu"}