{"loc": [3, -3, -3], "rotate": [2.8901801856034317, 0.6542544912603642, -0.6126467180041822], "SNR": 500000, "name": "2byu"}