{"loc": [4, -6, 5], "rotate": [2.0902003111784917, 1.352830530571771, 0.6255243230713375], "SNR": 500000, "name": "2byu"}