{"loc": [-2, -5, -7], "rotate": [2.536848905907657, 0.26790981082405313, -0.2737059563744682], "SNR": 500000, "name": "2byu"}