{"loc": [-7, -4, 2], "rotate": [2.6730978943698585, 0.7809810314909805, -0.16963656245297754], "SNR": 500000, "name": "2byu"}