{"loc": [-2, -4, 1], "rotate": [1.9948477218224574, 2.017374888369343, 0.966546209212349], "SNR": 500000, "name": "2byu"}