{"loc": [1, -1, 1], "rotate": [2.379685577918399, 0.829288676358127, 0.4097264061641195], "SNR": 500000, "name": "2byu"}