{"loc": [-4, -6, -7], "rotate": [-2.1507657869386616, 0.8889949524399223, -1.9134932206356507], "SNR": 500000, "name": "2byu"}