{"loc": [1, -1, -3], "rotate": [2.4143739040623156, 0.9411020598378314, 0.18395217408658565], "SNR": 500000, "name": "2byu"}