{"loc": [6, 7, 3], "rotate": [-1.9672371218490805, 1.3031644839829446, -2.605781315416629], "SNR": 500000, "name": "2byu"}