{"loc": [0, 6, -1], "rotate": [-1.8510669697975004, 1.3499774839948446, -2.407831708667205], "SNR": 500000, "name": "2byu"}