{"loc": [1, 5, 6], "rotate": [-2.6698374419514423, 0.32489326306763233, -1.101986875854657], "SNR": 500000, "name": "2byu"}