{"loc": [3, 0, -7], "rotate": [-2.650056654903186, 0.7558372745760426, -0.9502746365674533], "SNR": 500000, "name": "2byu"}