{"loc": [-3, -5, 7], "rotate": [2.110262958341604, 1.6380732171357117, 0.37965627168273436], "SNR": 500000, "name": "2byu"}