{"loc": [-6, 1, 2], "rotate": [2.870475207395631, 0.7884950964310842, -0.40328604085259157], "SNR": 500000, "name": "2byu"}