{"loc": [2, -5, -6], "rotate": [2.9387775403608734, 0.9342429839988299, -0.707944015532347], "SNR": 500000, "name": "2byu"}