{"loc": [-6, 2, -6], "rotate": [2.179468448584982, 0.9688910845452333, 0.1797182494640477], "SNR": 500000, "name": "2byu"}