{"loc": [-6, 4, 0], "rotate": [-2.4606377574504736, 0.8914896573247294, -1.6752089487195854], "SNR": 500000, "name": "2byu"}