{"loc": [0, 4, 5], "rotate": [-2.023052539173904, 0.598127986798433, -1.9496888643487345], "SNR": 500000, "name": "2byu"}