{"loc": [2, 2, 1], "rotate": [-2.8035455080926694, 0.6831793446450957, -1.2111398188846034], "SNR": 500000, "name": "2byu"}