{"loc": [-1, -3, 4], "rotate": [-2.4700662024078, 1.3630981912890112, -2.1588996533988554], "SNR": 500000, "name": "2byu"}