{"loc": [-5, -4, -5], "rotate": [2.668061032491334, 0.7426200520101531, -0.5296423928485611], "SNR": 500000, "name": "2byu"}