{"loc": [6, 1, -6], "rotate": [2.3705415740485303, 0.9763264262240212, 0.5726352240751234], "SNR": 500000, "name": "2byu"}