{"loc": [3, -2, -2], "rotate": [-2.1780020662170445, 1.4514731770797493, -2.1893230206612277], "SNR": 500000, "name": "2byu"}