{"loc": [-5, -1, 1], "rotate": [-2.6314355725513674, 0.6433902997847614, -1.6621743244066733], "SNR": 500000, "name": "2byu"}