{"loc": [-1, -5, -7], "rotate": [2.784225458742638, 0.5999807177907865, -0.24418966231339095], "SNR": 500000, "name": "2byu"}