{"loc": [4, 2, -7], "rotate": [-2.224758258358623, 1.1713270369911215, -1.6923179052164634], "SNR": 500000, "name": "2byu"}