{"loc": [0, 3, 2], "rotate": [-2.270444523714377, 0.7881222606054783, -1.7595172003478488], "SNR": 500000, "name": "2byu"}