{"loc": [6, 4, 0], "rotate": [2.073230238530948, 1.0234182219448438, 0.7348403289669562], "SNR": 500000, "name": "2byu"}