{"loc": [0, -3, -6], "rotate": [2.4345518430702766, 1.323608973877368, 0.5361851933717589], "SNR": 500000, "name": "2byu"}