{"loc": [6, -7, -3], "rotate": [2.730385707555369, 2.368894896225525, 1.5161500616939771], "SNR": 500000, "name": "2byu"}