{"loc": [5, -7, -4], "rotate": [2.1574995611023424, 1.91340110880372, 0.6856448059320939], "SNR": 500000, "name": "2byu"}