{"loc": [-2, 5, 4], "rotate": [2.641319071019152, 0.6463452978613525, 0.16067145572556188], "SNR": 500000, "name": "2byu"}