{"loc": [-7, 7, 2], "rotate": [2.425615755623413, 1.510202771816222, 0.48620512144670003], "SNR": 500000, "name": "2byu"}