{"loc": [0, 5, -3], "rotate": [2.5409093399808254, 1.0267896166771222, 0.4809507106709596], "SNR": 500000, "name": "2byu"}