{"loc": [0, 5, 0], "rotate": [-2.711515286285531, 2.1644970898361535, 2.8680327094192437], "SNR": 500000, "name": "2byu"}