{"loc": [6, 0, -5], "rotate": [2.6762810486252566, 1.1717697243412861, -0.4604308088823018], "SNR": 500000, "name": "2byu"}