{"loc": [0, 5, 1], "rotate": [2.2213631509947707, 1.24124106302235, 0.6797448407571312], "SNR": 500000, "name": "2byu"}