{"loc": [-2, 3, 6], "rotate": [2.203813927981966, 1.5327280721876646, 0.9591904640490097], "SNR": 500000, "name": "2byu"}