{"loc": [0, 0, 2], "rotate": [-2.3125728208101823, 0.8370934042133376, -2.0938065612383894], "SNR": 500000, "name": "2byu"}