{"loc": [-1, 5, 0], "rotate": [2.6741026356739503, 0.7914032107854971, -0.011646539980993475], "SNR": 500000, "name": "2byu"}