{"loc": [2, 7, -5], "rotate": [-2.414852705100855, 0.5867057862384402, -1.4642794326366928], "SNR": 500000, "name": "2byu"}