{"loc": [5, 4, 3], "rotate": [-2.494827368701681, 1.2414457835217358, -1.6440099440845588], "SNR": 500000, "name": "2byu"}