{"loc": [0, 6, 0], "rotate": [2.6436410789143205, 1.1716725927472225, 0.009454985341728273], "SNR": 500000, "name": "2byu"}