{"loc": [-2, 5, 6], "rotate": [-2.485618709227309, 0.7867410517765453, -1.6256121478184222], "SNR": 500000, "name": "2byu"}