{"loc": [6, 5, 2], "rotate": [-2.834424748064107, 0.6328252467643254, -1.2026914167927933], "SNR": 500000, "name": "2byu"}