{"loc": [3, -5, -3], "rotate": [-2.2719175263849127, 1.2528405828534448, -1.894883451231724], "SNR": 500000, "name": "2byu"}