{"loc": [1, -1, -3], "rotate": [2.3471272056356205, 0.9407577988621137, 0.3265745575247101], "SNR": 500000, "name": "2byu"}