{"loc": [-3, -5, -7], "rotate": [2.6149659680169344, 0.6431790012648826, 0.1969231906645313], "SNR": 500000, "name": "2byu"}