{"loc": [-7, 1, -4], "rotate": [2.0032351270011812, 1.8613112050562644, 0.49818620421674525], "SNR": 500000, "name": "2byu"}