{"loc": [-5, -4, 0], "rotate": [2.5854207399859757, 0.8040971507358172, 0.3598839168297546], "SNR": 500000, "name": "2byu"}