{"loc": [2, 4, -3], "rotate": [-2.4847606012982, 0.878153216155739, -1.8810778236564125], "SNR": 500000, "name": "2byu"}