{"loc": [7, 6, -6], "rotate": [2.4501699138254582, 1.1250814255622363, 0.2008359485711198], "SNR": 500000, "name": "2byu"}