{"loc": [3, -3, -4], "rotate": [-2.1197720104125057, 1.497869777849691, -2.312401236176646], "SNR": 500000, "name": "2byu"}