{"loc": [-4, 6, -5], "rotate": [-2.81535202452244, 0.7871979656232507, -1.207918133757521], "SNR": 500000, "name": "2byu"}