{"loc": [4, 4, 4], "rotate": [2.620663223325735, 2.549893236427464, 2.0143743654112805], "SNR": 500000, "name": "2byu"}