{"loc": [4, 3, 2], "rotate": [2.2863603830541743, 1.1600921467976866, 0.7094307833359542], "SNR": 500000, "name": "2byu"}