{"loc": [4, 0, -4], "rotate": [-2.0772311985874135, 1.64267911080533, -2.7077478762890976], "SNR": 500000, "name": "2byu"}