{"loc": [-7, 1, -4], "rotate": [2.5768471820036347, 0.8395926673584951, 0.07437948646058576], "SNR": 500000, "name": "2byu"}