{"loc": [5, 2, -6], "rotate": [-2.4945220120305494, 0.8545125529265616, -1.7912397320872633], "SNR": 500000, "name": "2byu"}