{"loc": [3, -1, 2], "rotate": [-2.368006953822055, 0.6133255910391644, -1.8153184752935827], "SNR": 500000, "name": "2byu"}