{"loc": [-6, -5, -3], "rotate": [2.045648431086238, 1.5714300638530194, 1.0740153485145167], "SNR": 500000, "name": "2byu"}