{"loc": [-5, 0, 0], "rotate": [-1.2297875130526166, 0.9042713628261151, 0.5461516990234179], "SNR": 500000, "name": "2byu"}