{"loc": [0, 1, -3], "rotate": [2.157346674971364, 0.7702301182465991, 0.4267451310795581], "SNR": 500000, "name": "2byu"}