{"loc": [0, 2, 1], "rotate": [-2.538832035804029, 2.337030917590709, 3.0963572504173893], "SNR": 500000, "name": "2byu"}