{"loc": [-1, -6, 4], "rotate": [2.9183805426924967, 1.0008522163490892, 0.14778038983773928], "SNR": 500000, "name": "2byu"}