{"loc": [1, 7, 4], "rotate": [-2.3453550661276146, 1.0596710419631112, -1.7641711512603526], "SNR": 500000, "name": "2byu"}