{"loc": [4, 2, -5], "rotate": [-2.7202556284759054, 1.090189949625856, -1.5020362147859263], "SNR": 500000, "name": "2byu"}