{"loc": [5, -5, 0], "rotate": [2.279912196242874, 0.7552057542666871, 0.14484660360943194], "SNR": 500000, "name": "2byu"}