{"loc": [-3, -3, -5], "rotate": [-2.5111210301987636, 1.249914323608822, -1.3222029120996368], "SNR": 500000, "name": "2byu"}