{"loc": [-5, 0, -5], "rotate": [-2.228947546541832, 0.879482302595428, -1.678383483524321], "SNR": 500000, "name": "2byu"}