{"loc": [-3, 6, 0], "rotate": [-2.6556210776758054, 1.062937442925952, -1.3624888497144725], "SNR": 500000, "name": "2byu"}