{"loc": [-7, 0, 1], "rotate": [2.8216942700971006, 2.5146393534746347, 1.6523609967503476], "SNR": 500000, "name": "2byu"}