{"loc": [6, 1, 4], "rotate": [0.27314919928123294, 2.3062827583356627, 2.4767884647723535], "SNR": 500000, "name": "2byu"}