{"loc": [6, -1, 0], "rotate": [3.0941665700731775, 0.19590542133949468, -0.45186942853424183], "SNR": 500000, "name": "2byu"}