{"loc": [-5, -3, 0], "rotate": [-2.0110273828708216, 2.1074397797381113, -2.237335879371493], "SNR": 500000, "name": "2byu"}