{"loc": [-4, 4, 1], "rotate": [2.7811649929700963, 0.760782438091269, -0.2501512101982192], "SNR": 500000, "name": "2byu"}