{"loc": [0, 1, -7], "rotate": [2.154262139729606, 1.1790987644957602, 0.4314400772690441], "SNR": 500000, "name": "2byu"}