{"loc": [-5, 3, -5], "rotate": [1.9596451598295932, 1.3554175874420773, 0.7630229448781343], "SNR": 500000, "name": "2byu"}