{"loc": [3, 4, 0], "rotate": [-2.002198455312194, 1.2389060163033458, -2.4674402818066308], "SNR": 500000, "name": "2byu"}