{"loc": [-4, -6, 7], "rotate": [-2.925205154516085, 0.8294239318631991, -1.3738842168364356], "SNR": 500000, "name": "2byu"}