{"loc": [4, -7, 6], "rotate": [2.322152257419274, 1.236350005156512, 0.5065689443673971], "SNR": 500000, "name": "2byu"}