{"loc": [-5, -4, 4], "rotate": [3.1342291662740216, 0.3443018300985064, -0.6113904778415056], "SNR": 500000, "name": "2byu"}