{"loc": [3, 6, -3], "rotate": [2.40304234489661, 2.1309347319007443, 1.127352679072779], "SNR": 500000, "name": "2byu"}