{"loc": [-2, -3, 3], "rotate": [-2.2850514483739732, 1.17195694749472, -2.312503434872975], "SNR": 500000, "name": "2byu"}