{"loc": [5, -4, -3], "rotate": [3.0165516363627605, 0.8241360484774395, -0.7482018828915943], "SNR": 500000, "name": "2byu"}