{"loc": [-1, -2, 5], "rotate": [2.373909665507079, 0.7767397190534308, 0.1291781879433757], "SNR": 500000, "name": "2byu"}