{"loc": [-3, 1, 5], "rotate": [2.1956570047135346, 1.2015651266623895, 0.7965768960967251], "SNR": 500000, "name": "2byu"}