{"loc": [7, -6, 2], "rotate": [-2.2910789441414976, 2.397344233265964, -2.9343302085649374], "SNR": 500000, "name": "2byu"}