{"loc": [3, -1, -7], "rotate": [-2.1615461056539167, 0.9042396277169884, -1.570246411929908], "SNR": 500000, "name": "2byu"}