{"loc": [-3, -5, 3], "rotate": [2.4232598111482972, 0.9490110573196734, -0.07663327893601325], "SNR": 500000, "name": "2byu"}