{"loc": [4, 3, -6], "rotate": [-2.461241792161941, 1.389285124915297, -2.2654922806427904], "SNR": 500000, "name": "2byu"}