{"loc": [1, -3, 0], "rotate": [2.334504704704159, 1.510664431535907, 0.8953952650151888], "SNR": 500000, "name": "2byu"}