{"loc": [-3, -1, -6], "rotate": [2.6117541856974578, 0.4102619358799104, -0.4255476710037516], "SNR": 500000, "name": "2byu"}