{"loc": [3, -5, 3], "rotate": [-2.733309511314377, 0.9519551235376381, -1.4633665783704308], "SNR": 500000, "name": "2byu"}