{"loc": [-5, -2, 4], "rotate": [-2.3851209409017535, 1.4863035773726514, -2.8518962439996955], "SNR": 500000, "name": "2byu"}