{"loc": [-7, 6, 2], "rotate": [2.3589280541222553, 1.621660975741298, 0.5728533968230328], "SNR": 500000, "name": "2byu"}