{"loc": [-2, -6, 0], "rotate": [2.9908751378930027, 0.5438262001157449, 0.02084323628647461], "SNR": 500000, "name": "2byu"}