{"loc": [-4, 6, -4], "rotate": [2.046410521685445, 1.866397079687388, 0.9530915700300008], "SNR": 500000, "name": "2byu"}