{"loc": [-7, 6, 1], "rotate": [-2.014973343006879, 1.8503498564395737, -2.6140229337454564], "SNR": 500000, "name": "2byu"}