{"loc": [-6, -3, 3], "rotate": [2.4909784182629053, 1.3045229609776456, 0.3666890814135963], "SNR": 500000, "name": "2byu"}