{"loc": [-6, -4, 4], "rotate": [2.191059968548844, 0.6337271939459903, -0.06558733970955392], "SNR": 500000, "name": "2byu"}