{"loc": [7, -3, -2], "rotate": [-2.960249112599728, 0.8352622683461427, -0.9551252594529], "SNR": 500000, "name": "2byu"}