{"loc": [2, 5, -7], "rotate": [0.6450153569129737, 1.5343306169657285, -1.6624777769958978], "SNR": 500000, "name": "2byu"}