{"loc": [5, -7, 5], "rotate": [-2.0308864617043842, 0.6594436749769179, -1.8566190423379132], "SNR": 500000, "name": "2byu"}