{"loc": [-2, -3, 0], "rotate": [-2.4981304841010954, 2.294809700606036, 3.1264448592191636], "SNR": 500000, "name": "2byu"}