{"loc": [-5, -4, 6], "rotate": [2.323167407877036, 1.0220695489050469, 0.646558403556383], "SNR": 500000, "name": "2byu"}