{"loc": [0, -1, -2], "rotate": [2.2525629018242324, 0.561824807198074, 0.6027633199137894], "SNR": 500000, "name": "2byu"}