{"loc": [0, -4, -1], "rotate": [2.2917929673079347, 1.3299469646858695, 0.6030554002085655], "SNR": 500000, "name": "2byu"}