{"loc": [-4, 1, 7], "rotate": [-2.9796697546448985, 0.7915726580819671, -1.0281136569639187], "SNR": 500000, "name": "2byu"}