{"loc": [-7, -1, -1], "rotate": [-2.0030317116489575, 1.6991605272996229, -2.6183499455113837], "SNR": 500000, "name": "2byu"}