{"loc": [-2, 2, 0], "rotate": [-3.053536914327197, 0.518631183898871, -0.7455495593982354], "SNR": 500000, "name": "2byu"}