{"loc": [0, -5, 1], "rotate": [1.8527739209624023, 0.4097142191102173, 0.6738778803257475], "SNR": 500000, "name": "2byu"}