{"loc": [-1, -4, 3], "rotate": [-2.29573328397758, 0.8648516228024282, -1.5067083681674787], "SNR": 500000, "name": "2byu"}