{"loc": [3, 7, -3], "rotate": [3.020337813027367, 0.9169944061461379, -0.6766904697071232], "SNR": 500000, "name": "2byu"}