{"loc": [-3, 1, 3], "rotate": [2.439573474723172, 0.9057071374051047, 0.2556285236037661], "SNR": 500000, "name": "2byu"}