{"loc": [6, 5, 4], "rotate": [2.8022931367806168, 0.9507856363367974, -0.4078028268578994], "SNR": 500000, "name": "2byu"}