{"loc": [0, -4, -5], "rotate": [2.389608399023648, 1.5163152819808705, 1.3838495499588306], "SNR": 500000, "name": "2byu"}