{"loc": [0, 4, -7], "rotate": [2.0957395849036256, 1.5794613667425892, 0.8294878174520615], "SNR": 500000, "name": "2byu"}