{"loc": [7, 2, -1], "rotate": [-2.834655743584291, 0.8891046621126159, -1.4199208200323483], "SNR": 500000, "name": "2byu"}