{"loc": [-4, -3, -3], "rotate": [2.202442185838238, 1.9897821854208289, 0.4874973774461612], "SNR": 500000, "name": "2byu"}