{"loc": [-3, 0, -2], "rotate": [-2.3494559268299753, 0.23625225563087787, -1.9334145931694902], "SNR": 500000, "name": "2byu"}