{"loc": [1, 0, 2], "rotate": [-2.6178505006368047, 0.5083589742429319, -1.5370528265276797], "SNR": 500000, "name": "2byu"}