{"loc": [2, 3, 0], "rotate": [-3.1024441986483113, 0.6282680906628314, -0.8445966907353087], "SNR": 500000, "name": "2byu"}