{"loc": [4, 0, 1], "rotate": [-2.8126536978208545, 0.32481224316677654, -0.8252230534213246], "SNR": 500000, "name": "2byu"}