{"loc": [5, 0, 0], "rotate": [2.2986747293866405, 1.6418053784544182, 0.9321152382989499], "SNR": 500000, "name": "2byu"}