{"loc": [1, 6, 0], "rotate": [2.4692379736455634, 0.9883925580516829, 0.1555042890272763], "SNR": 500000, "name": "2byu"}