{"loc": [5, -3, 4], "rotate": [2.3657102934269068, 1.3128222065172352, 0.8754877931581114], "SNR": 500000, "name": "2byu"}