{"loc": [5, -4, 0], "rotate": [-2.094090330003923, 1.2252011317939444, -2.3675560486916307], "SNR": 500000, "name": "2byu"}