{"loc": [1, 4, -5], "rotate": [2.541094436173893, 1.741180241917575, 0.7045498269696244], "SNR": 500000, "name": "2byu"}