{"loc": [-2, 5, 1], "rotate": [2.565756680296417, 1.7857116448765915, 0.8976950130120582], "SNR": 500000, "name": "2byu"}