{"loc": [-1, -3, -6], "rotate": [2.3103081028768027, 1.4515873281037466, 0.9826624661067818], "SNR": 500000, "name": "2byu"}