{"loc": [7, -3, 6], "rotate": [-1.9297138206233215, 1.6055424283760198, -2.412619942343619], "SNR": 500000, "name": "2byu"}