{"loc": [-6, 4, 1], "rotate": [2.420169821584061, 2.089672492475175, 0.936559081505692], "SNR": 500000, "name": "2byu"}