{"loc": [-2, 1, -2], "rotate": [0.6707288113669951, 2.3817766936389964, 2.90991326487827], "SNR": 500000, "name": "2byu"}