{"loc": [-7, 2, 0], "rotate": [-2.4830883374296584, 1.161838466135348, -2.5380450989208567], "SNR": 500000, "name": "2byu"}