{"loc": [-1, -6, -4], "rotate": [-2.2588459167395225, 0.9052131940016842, -1.8850835048193144], "SNR": 500000, "name": "2byu"}