{"loc": [0, 0, 3], "rotate": [2.1562991625930876, 0.5816453979937548, 0.052124907601735354], "SNR": 500000, "name": "2byu"}