{"loc": [-1, 2, 3], "rotate": [-2.9901239028063955, 0.8715860272069137, -0.8681978736115193], "SNR": 500000, "name": "2byu"}