{"loc": [1, 0, -1], "rotate": [2.1789543167674066, 1.2141662951907302, 0.4816232679907368], "SNR": 500000, "name": "2byu"}