{"loc": [-5, 5, 0], "rotate": [2.2550195747127115, 1.2887314183600405, 0.42301787261932533], "SNR": 500000, "name": "2byu"}