{"loc": [0, 3, -6], "rotate": [-3.0590578272252253, 0.5796407610628208, -0.560666751108547], "SNR": 500000, "name": "2byu"}