{"loc": [1, 4, 0], "rotate": [-2.275184904860232, 0.8760510720313568, -1.7427706578949211], "SNR": 500000, "name": "2byu"}