{"loc": [2, -5, -4], "rotate": [1.8222169445807397, 1.1041751456430722, 0.7151197283437356], "SNR": 500000, "name": "2byu"}