{"loc": [-7, -5, 3], "rotate": [-2.1612609135187584, 1.154476694372986, -1.966407326928822], "SNR": 500000, "name": "2byu"}