{"loc": [6, 0, 2], "rotate": [-2.8034616919386317, 0.7652786425084261, -1.3284977729648138], "SNR": 500000, "name": "2byu"}