{"loc": [0, 1, -7], "rotate": [-2.0068066072873507, 0.978585545257688, -2.029062096538569], "SNR": 500000, "name": "2byu"}