{"loc": [3, 0, -7], "rotate": [1.9735238613437434, 1.862030861918115, 1.3342453468622557], "SNR": 500000, "name": "2byu"}