{"loc": [-7, 1, -7], "rotate": [2.098015970055161, 1.1705025670417362, 0.6588130326502996], "SNR": 500000, "name": "2byu"}