{"loc": [-3, 4, 0], "rotate": [-2.295944040557372, 0.934599325743611, -2.012969597129857], "SNR": 500000, "name": "2byu"}