{"loc": [0, -4, 0], "rotate": [3.038385137098314, 0.4005938671887373, -0.6669844776841415], "SNR": 500000, "name": "2byu"}