{"loc": [1, -7, 0], "rotate": [-2.1251847049410193, 1.1117271736499992, -2.115308764642466], "SNR": 500000, "name": "2byu"}