{"loc": [0, -3, 0], "rotate": [-2.8263603398635366, 0.5542313645339573, -0.8909936687842488], "SNR": 500000, "name": "2byu"}