{"loc": [-1, 0, 3], "rotate": [-2.717373623262456, 0.7243139705421546, -1.3225714168785678], "SNR": 500000, "name": "2byu"}