{"loc": [5, 6, -1], "rotate": [1.8625275872280003, 0.6682364296748481, 0.6366976982448288], "SNR": 500000, "name": "2byu"}