{"loc": [-2, 6, -1], "rotate": [2.6175373710980643, 1.0179575562510577, 0.06948104413219723], "SNR": 500000, "name": "2byu"}