{"loc": [-2, 7, 0], "rotate": [2.557714274776179, 0.78522902542315, -0.11430616630880137], "SNR": 500000, "name": "2byu"}