{"loc": [3, 6, -3], "rotate": [2.070465794478101, 1.6316620155573094, 0.8276197385683077], "SNR": 500000, "name": "2byu"}