{"loc": [6, 5, 0], "rotate": [-2.842044532494888, 0.44773027296568574, -1.4105578260415148], "SNR": 500000, "name": "2byu"}