{"loc": [0, 7, 1], "rotate": [-1.9581729896059201, 1.9801087700605664, -3.033389692395105], "SNR": 500000, "name": "2byu"}