{"loc": [1, -7, -7], "rotate": [2.9026389854022874, 0.916576465931148, -0.5691122578956814], "SNR": 500000, "name": "2byu"}