{"loc": [2, 0, -4], "rotate": [2.2964756272135873, 1.5291467928431302, 1.0813959770400559], "SNR": 500000, "name": "2byu"}