{"loc": [5, 1, -1], "rotate": [2.404528410066489, 1.2188270329889235, 0.6450098461397054], "SNR": 500000, "name": "2byu"}