{"loc": [-2, 2, -3], "rotate": [2.1042811233783154, 1.8113632342187878, 0.9080637834143953], "SNR": 500000, "name": "2byu"}