{"loc": [4, 0, 6], "rotate": [2.2439947641162523, 1.050001972532714, 0.38635460321844833], "SNR": 500000, "name": "2byu"}