{"loc": [1, 7, 0], "rotate": [2.220036871902591, 1.3755639422409565, 0.24661209759773547], "SNR": 500000, "name": "2byu"}