{"loc": [3, 7, 3], "rotate": [2.4083632421072285, 0.15074698793154073, -0.5693575584974514], "SNR": 500000, "name": "2byu"}