{"loc": [-7, 2, -2], "rotate": [2.2340242565206263, 1.636745368174303, 0.8781988053411478], "SNR": 500000, "name": "2byu"}