{"loc": [1, 1, -2], "rotate": [2.198058512085566, 1.6264574609278022, 0.468801845650603], "SNR": 500000, "name": "2byu"}