{"loc": [-7, -4, 4], "rotate": [1.892113706351327, 1.5339547305986994, 0.39416551897697705], "SNR": 500000, "name": "2byu"}