{"loc": [3, 4, -7], "rotate": [2.4305398354170946, 0.7806226645822127, -0.1544312486324996], "SNR": 500000, "name": "2byu"}