{"loc": [-5, 5, -7], "rotate": [1.7634230846893961, 1.3882483925141789, 0.5672588586436861], "SNR": 500000, "name": "2byu"}