{"loc": [-2, 7, 0], "rotate": [-2.081130775968598, 1.2395041643218567, -1.6723573328141976], "SNR": 500000, "name": "2byu"}