{"loc": [1, -7, -3], "rotate": [2.4937401419661347, 1.08782933729702, 0.2697455491664616], "SNR": 500000, "name": "2byu"}