{"loc": [0, 0, 4], "rotate": [2.395645292479167, 2.088172466399235, 1.1758530195358483], "SNR": 500000, "name": "2byu"}