{"loc": [-1, -5, 6], "rotate": [1.9030612007699224, 1.872188621300547, 0.9133635537529318], "SNR": 500000, "name": "2byu"}