{"loc": [4, -4, 4], "rotate": [2.15856782826327, 1.6311129210499644, 0.461210237822345], "SNR": 500000, "name": "2byu"}