{"loc": [-2, 6, -3], "rotate": [2.8896552921408944, 0.9670982247044125, -0.691278111137062], "SNR": 500000, "name": "2byu"}