{"loc": [4, -6, 4], "rotate": [2.9866623208403227, 0.5876655549711676, -0.759828063744974], "SNR": 500000, "name": "2byu"}