{"loc": [4, -4, 1], "rotate": [2.4179227576042686, 1.9349414313202897, 1.2242558014212166], "SNR": 500000, "name": "2byu"}