{"loc": [0, -1, 4], "rotate": [-2.7041858978275357, 0.8208010790729605, -1.033683557439028], "SNR": 500000, "name": "2byu"}