{"loc": [-1, 4, -6], "rotate": [2.5530268518025543, 1.3905895644747266, 0.20930059536179046], "SNR": 500000, "name": "2byu"}