{"loc": [-6, -5, 7], "rotate": [-2.4491280894089162, 1.1174491638344863, -1.385127424853237], "SNR": 500000, "name": "2byu"}