{"loc": [2, 4, 0], "rotate": [1.944962757380516, 1.3582258167132806, 0.7275388705912541], "SNR": 500000, "name": "2byu"}