{"loc": [2, -7, -3], "rotate": [2.116875192789214, 1.4390639490665529, 0.8199029279991643], "SNR": 500000, "name": "2byu"}