{"loc": [2, -1, -2], "rotate": [-1.8817010320560594, 1.693516770089063, -2.5414695942003376], "SNR": 500000, "name": "2byu"}