{"loc": [7, -1, -7], "rotate": [2.273868867853969, 0.7454369762127278, 0.31041072439626016], "SNR": 500000, "name": "2byu"}