{"loc": [-4, -2, -7], "rotate": [-2.5061982556014466, 1.098356935263978, -1.919577556563288], "SNR": 500000, "name": "2byu"}