{"loc": [3, 5, 0], "rotate": [-2.689183621789843, 0.7308161408905623, -1.401027289957037], "SNR": 500000, "name": "2byu"}