{"loc": [-4, -7, 5], "rotate": [2.448933266684415, 0.9434123820499185, 0.7400213797480552], "SNR": 500000, "name": "2byu"}