{"loc": [-2, 1, 1], "rotate": [-2.349544403471667, 0.8223609642265325, -2.0668711874869037], "SNR": 500000, "name": "2byu"}