{"loc": [2, 2, 4], "rotate": [2.2651519173642773, 1.1341718175104534, 0.14601182357157852], "SNR": 500000, "name": "2byu"}