{"loc": [-5, -4, -5], "rotate": [-2.369594202077223, 1.6682529262544425, -2.5117597560340634], "SNR": 500000, "name": "2byu"}