{"loc": [-3, 0, 7], "rotate": [2.148130005968505, 1.0396774020719002, 0.5098235230426698], "SNR": 500000, "name": "2byu"}