{"loc": [-3, 6, 7], "rotate": [-1.9027270083465542, 1.5159489735034322, -2.4538105160742565], "SNR": 500000, "name": "2byu"}