{"loc": [7, -6, 2], "rotate": [2.85791123650235, 0.8684676772834068, -0.43129522054548003], "SNR": 500000, "name": "2byu"}