{"loc": [6, -6, 1], "rotate": [2.1220444243945633, 0.9907055368004659, 0.35587659467335997], "SNR": 500000, "name": "2byu"}