{"loc": [3, 1, 5], "rotate": [2.5528274977973644, 0.7653777674238466, 0.0759342674812903], "SNR": 500000, "name": "2byu"}