{"loc": [0, 0, 5], "rotate": [2.1087593529125748, 1.9697902906308506, 0.9596171540049985], "SNR": 500000, "name": "2byu"}