{"loc": [-4, -2, -7], "rotate": [2.116124211586535, 0.5647614755471952, -0.07173099516502972], "SNR": 500000, "name": "2byu"}