{"loc": [6, -6, -3], "rotate": [-2.3664109810773786, 1.3200740921391838, -2.2636981434192704], "SNR": 500000, "name": "2byu"}