{"loc": [0, -1, 3], "rotate": [2.309026220332983, 0.48636371403496176, 0.29614806101446534], "SNR": 500000, "name": "2byu"}