{"loc": [7, 2, 6], "rotate": [1.8598708601290457, 1.67738490172916, 0.8909204175724549], "SNR": 500000, "name": "2byu"}