{"loc": [1, 3, -1], "rotate": [-2.3502417878054627, 0.9113581516572792, -1.8874152662348564], "SNR": 500000, "name": "2byu"}