{"loc": [0, -7, -5], "rotate": [-2.0796234603217876, 0.7559613404684633, -2.0920887208173142], "SNR": 500000, "name": "2byu"}