{"loc": [6, -6, 1], "rotate": [2.1708272187217035, 1.764676159034583, 1.0365457912552583], "SNR": 500000, "name": "2byu"}