{"loc": [-6, -1, -7], "rotate": [2.353121700296796, 1.4727808635933075, 0.5963947919474792], "SNR": 500000, "name": "2byu"}