{"loc": [0, -4, 1], "rotate": [2.2410307145018793, 0.8415316913004075, 0.5404421545571663], "SNR": 500000, "name": "2byu"}