{"loc": [-6, -4, 1], "rotate": [-2.251763493101477, 1.1927189887357006, -2.007455391507109], "SNR": 500000, "name": "2byu"}