{"loc": [2, -3, -5], "rotate": [-2.34432288288099, 0.46207242000992016, -1.547962559681834], "SNR": 500000, "name": "2byu"}