{"loc": [4, -3, 5], "rotate": [2.267762951526307, 1.6023861206808006, 0.8957299724468589], "SNR": 500000, "name": "2byu"}