{"loc": [1, -6, -4], "rotate": [-2.6169501001748827, 0.613947567194648, -1.1268344408876438], "SNR": 500000, "name": "2byu"}