{"loc": [6, 4, -1], "rotate": [2.321545786883879, 0.6922013462826633, 0.07481791926499626], "SNR": 0.05, "name": "4d4r"}