{"loc": [-3, 0, -3], "rotate": [2.5099820106600044, 2.4499832423211014, 1.7375044219334836], "SNR": 0.05, "name": "4d4r"}