{"loc": [3, -6, -4], "rotate": [-2.6358868486564635, 1.038110682518927, -1.0456504518504715], "SNR": 0.05, "name": "4d4r"}