{"loc": [-1, 7, -6], "rotate": [3.0180769869669155, 2.4552857386372096, 1.8508538074066412], "SNR": 0.05, "name": "4d4r"}