{"loc": [5, 2, -2], "rotate": [-2.2667410994970267, 1.2031107470916842, -1.9329243993346075], "SNR": 0.05, "name": "4d4r"}