{"loc": [-4, -4, 1], "rotate": [-2.7646874387205393, 2.409680078021384, 2.781513072695551], "SNR": 0.05, "name": "4d4r"}