{"loc": [0, -5, 2], "rotate": [-2.0784412481584433, 1.612497227541524, -2.773779109874371], "SNR": 0.05, "name": "4d4r"}