{"loc": [-3, 0, 0], "rotate": [-3.1025277425095683, 0.6770123961946432, -1.0490576012109745], "SNR": 0.05, "name": "4d4r"}