{"loc": [-6, -2, -4], "rotate": [-2.4355631143199714, 0.7912396937520265, -2.0411136016851916], "SNR": 0.05, "name": "4d4r"}