{"loc": [-3, -3, 5], "rotate": [2.7246369187342165, 2.261943895931009, 1.8534373314403871], "SNR": 0.05, "name": "4d4r"}