{"loc": [-4, -4, -1], "rotate": [2.4210523986461823, 0.8896419343536075, 0.3403578740594884], "SNR": 0.05, "name": "4d4r"}