{"loc": [2, -4, 1], "rotate": [-2.584938606033485, 0.6862077294813969, -1.4961160105895686], "SNR": 0.05, "name": "4d4r"}