{"loc": [-6, -4, 6], "rotate": [2.2409644936760507, 0.8593400020046708, 0.2376773458759662], "SNR": 0.05, "name": "4d4r"}