{"loc": [7, 2, 5], "rotate": [-2.1304308069944873, 0.6298852716156754, -1.7342006203828277], "SNR": 0.05, "name": "4d4r"}