{"loc": [7, -7, -4], "rotate": [-2.580613850382641, 0.8851442580163258, -1.5937000902029874], "SNR": 0.05, "name": "4d4r"}