{"loc": [2, -2, -3], "rotate": [-2.357890474050638, 0.703664070137022, -1.541418477014934], "SNR": 0.05, "name": "4d4r"}