{"loc": [-5, 2, 2], "rotate": [2.1925704475686074, 0.9269680403997275, 0.48991202632376907], "SNR": 0.05, "name": "4d4r"}