{"loc": [2, -5, -3], "rotate": [-0.5319572612971026, 0.6023071446083368, -0.47730075949621686], "SNR": 0.05, "name": "4d4r"}