{"loc": [5, -6, -3], "rotate": [2.2088079531609437, 1.5217834838226636, 0.6274244675373666], "SNR": 0.05, "name": "4d4r"}