{"loc": [-2, 6, 0], "rotate": [-2.4769912260159925, 1.3728514964175214, -1.9611737951015458], "SNR": 0.05, "name": "4d4r"}