{"loc": [4, 3, 2], "rotate": [2.4173756870398053, 1.1514759977162974, 0.7884818566656951], "SNR": 0.05, "name": "4d4r"}