{"loc": [-7, 1, 4], "rotate": [-2.7441950174929164, 2.612864442202891, 2.3437166655613173], "SNR": 0.05, "name": "4d4r"}