{"loc": [-1, 0, 5], "rotate": [-2.123624131812631, 0.8487150615038641, -2.1945639851621648], "SNR": 0.05, "name": "4d4r"}