{"loc": [0, 1, -3], "rotate": [-2.791120078665698, 1.542505850374021, -1.859893078352795], "SNR": 0.05, "name": "4d4r"}