{"loc": [0, -7, -6], "rotate": [-2.2532246481689473, 1.4047014792593853, -2.393000379681185], "SNR": 0.05, "name": "4d4r"}