{"loc": [-4, -4, 4], "rotate": [2.974445597096723, 0.7626401442804318, -0.6536714523407664], "SNR": 0.05, "name": "4d4r"}