{"loc": [7, -7, 4], "rotate": [2.675584843380882, 0.9676589269978227, 0.033663584025447564], "SNR": 0.05, "name": "4d4r"}