{"loc": [5, -2, 6], "rotate": [2.1288851249779537, 1.3698330284790845, 1.1426702239831266], "SNR": 0.05, "name": "4d4r"}