{"loc": [-3, 0, -3], "rotate": [2.017976190579848, 1.7865058495106363, 0.7167787910602939], "SNR": 0.05, "name": "4d4r"}