{"loc": [6, 5, -1], "rotate": [-2.284933546046639, 1.116278913748427, -2.2294306177886076], "SNR": 0.05, "name": "4d4r"}