{"loc": [2, -7, -7], "rotate": [-2.4984164978091736, 0.7919306408835015, -1.9070622562713035], "SNR": 0.05, "name": "4d4r"}