{"loc": [5, -3, -2], "rotate": [2.415726896691248, 2.1737211511750565, 1.0101451961764818], "SNR": 0.05, "name": "4d4r"}