{"loc": [-1, 1, -4], "rotate": [2.557406177913621, 1.379362909412605, 0.4385220540108418], "SNR": 0.05, "name": "4d4r"}