{"loc": [-7, -1, -3], "rotate": [2.3697392109126114, 1.1089602383307782, 0.50903270639758], "SNR": 0.05, "name": "4d4r"}