{"loc": [0, 3, -4], "rotate": [2.4273588743867367, 1.4997183917567487, 0.6923564536764009], "SNR": 0.05, "name": "4d4r"}