{"loc": [-3, 4, -3], "rotate": [2.0875444514930006, 1.0019809172544656, 0.5656236080388142], "SNR": 0.05, "name": "4d4r"}