{"loc": [6, -3, 7], "rotate": [2.284823798936018, 1.6373159749144408, 0.796733734142918], "SNR": 0.05, "name": "4d4r"}