{"loc": [-6, -6, 5], "rotate": [2.1083016163517225, 1.1274460381739286, 0.8082573140524633], "SNR": 0.05, "name": "4d4r"}