{"loc": [4, 2, 7], "rotate": [2.395601279385741, 1.48164827281842, 0.5533080401358982], "SNR": 0.05, "name": "4d4r"}