{"loc": [5, 1, 0], "rotate": [-2.383334552950952, 0.748951178208824, -1.4254580757846556], "SNR": 0.05, "name": "4d4r"}