{"loc": [2, -3, -2], "rotate": [-1.9922225731407976, 1.4735296903349637, -2.511004469668146], "SNR": 0.05, "name": "4d4r"}