{"loc": [3, 6, 5], "rotate": [-1.8504729066788737, 1.1246704557825804, -2.3493889173606903], "SNR": 0.05, "name": "4d4r"}