{"loc": [7, -5, -3], "rotate": [2.195485415480736, 2.284119758126634, 1.224324248839136], "SNR": 0.05, "name": "4d4r"}