{"loc": [-7, 3, -6], "rotate": [2.257383556727534, 1.8286576870542173, 0.6833001662816234], "SNR": 0.05, "name": "4d4r"}