{"loc": [-6, 1, 3], "rotate": [2.2888721026864394, 1.116898192327046, 0.49688213507344436], "SNR": 0.05, "name": "4d4r"}