{"loc": [-1, 3, 1], "rotate": [-2.2465297110558904, 0.8582055728909539, -1.828768298363265], "SNR": 0.05, "name": "4d4r"}