{"loc": [4, 6, -5], "rotate": [-2.0749115911158738, 1.4937695300241676, -2.3265755731737654], "SNR": 0.05, "name": "4d4r"}