{"loc": [2, 3, 5], "rotate": [-2.4846451589564733, 1.4944492354373358, -1.945624256187044], "SNR": 0.05, "name": "4d4r"}