{"loc": [1, 4, 0], "rotate": [1.976081955115541, 1.4041622340468558, 0.7461677372339933], "SNR": 0.05, "name": "4d4r"}