{"loc": [-5, -1, 0], "rotate": [2.4084754036160207, 1.0990788150436805, 0.349399167954498], "SNR": 0.05, "name": "4d4r"}