{"loc": [-6, -6, -7], "rotate": [-2.43117061870186, 2.307860520379253, -2.989122415417646], "SNR": 0.05, "name": "4d4r"}