{"loc": [-4, 4, -1], "rotate": [-2.2146374009531375, 0.9536353804582237, -2.1049553929109712], "SNR": 0.05, "name": "4d4r"}