{"loc": [4, 6, 5], "rotate": [-2.448460304536805, 1.1832498068296926, -2.0942529611809535], "SNR": 0.05, "name": "4d4r"}