{"loc": [5, 0, -1], "rotate": [-2.6615167184952244, 0.7915906135927049, -1.919165208905977], "SNR": 0.05, "name": "4d4r"}