{"loc": [-1, -2, 6], "rotate": [-2.9172253539735102, 0.8788344741417498, -0.974733521776455], "SNR": 0.05, "name": "4d4r"}