{"loc": [-6, -5, -3], "rotate": [2.009013583247912, 1.2537567547938142, 0.8140744778381985], "SNR": 0.05, "name": "4d4r"}