{"loc": [-7, -5, -4], "rotate": [2.9072806907629674, 0.5994076805317554, -0.12240190635504551], "SNR": 0.05, "name": "4d4r"}