{"loc": [6, -5, -2], "rotate": [-2.475049266721618, 0.9822647513154898, -1.5786068980929677], "SNR": 0.05, "name": "4d4r"}