{"loc": [0, 0, -7], "rotate": [-2.236267235910333, 1.150209174319921, -1.8952584788956537], "SNR": 0.05, "name": "4d4r"}