{"loc": [6, -7, 7], "rotate": [2.7740371473510295, 0.6758508344486794, -0.4193916923202796], "SNR": 0.05, "name": "4d4r"}