{"loc": [-4, 0, -2], "rotate": [2.628904290118952, 0.9358015807213187, -0.29949703941642714], "SNR": 0.05, "name": "4d4r"}