{"loc": [-2, 7, 2], "rotate": [2.374105857645253, 1.7551753802153305, 0.8652673650687024], "SNR": 0.05, "name": "4d4r"}