{"loc": [-2, -4, -6], "rotate": [-2.163913540242218, 1.448831975818398, -1.9016961231026153], "SNR": 0.05, "name": "4d4r"}