{"loc": [-2, -3, -1], "rotate": [-3.0929505557033945, 1.0698949621294092, -0.6520292542328828], "SNR": 0.05, "name": "4d4r"}