{"loc": [6, 5, 5], "rotate": [-2.5748779587666526, 0.4684065282599312, -1.2857289762423671], "SNR": 0.05, "name": "4d4r"}