{"loc": [3, 1, 0], "rotate": [-2.473254418275036, 1.3783254410913293, -2.018819729441351], "SNR": 0.05, "name": "4d4r"}