{"loc": [0, -5, -7], "rotate": [2.0997086494476407, 0.7813394552490216, 0.17351515661192096], "SNR": 0.05, "name": "4d4r"}