{"loc": [-1, 0, 1], "rotate": [-2.2469433456929067, 1.0615469029839837, -1.9554091638039628], "SNR": 0.05, "name": "4d4r"}