{"loc": [0, -7, 2], "rotate": [1.881287407917995, 1.4491287926563565, 0.5965914987689389], "SNR": 0.05, "name": "4d4r"}