{"loc": [4, -6, -3], "rotate": [-2.3888690904870633, 1.1136045453782795, -1.520086335612963], "SNR": 0.05, "name": "4d4r"}