{"loc": [6, 7, -3], "rotate": [2.8592077933796243, 0.7174718036933087, -0.4858627855533801], "SNR": 0.05, "name": "4d4r"}