{"loc": [-3, 2, 2], "rotate": [-2.9094127275484323, 0.893621710865143, -1.420714306827807], "SNR": 0.05, "name": "4d4r"}