{"loc": [7, -1, 1], "rotate": [-2.0588518344189115, 0.9666583012185642, -2.0341138237494643], "SNR": 0.05, "name": "4d4r"}