{"loc": [2, -5, -6], "rotate": [-2.6568403077738143, 0.8569476597481145, -1.7784258631622798], "SNR": 0.05, "name": "4d4r"}