{"loc": [-3, 4, -5], "rotate": [2.287119857171211, 0.5792333402239753, 0.09135421149733346], "SNR": 0.05, "name": "4d4r"}