{"loc": [4, 3, 7], "rotate": [1.9655889405506894, 0.9376466814268385, 0.33134588918282204], "SNR": 0.05, "name": "4d4r"}