{"loc": [-5, -4, -5], "rotate": [-2.6284979333780654, 1.0322756677098075, -1.7807521367433288], "SNR": 0.05, "name": "4d4r"}