{"loc": [1, 7, -2], "rotate": [2.1754029138787083, 1.989773591297124, 0.9829072614100922], "SNR": 0.05, "name": "4d4r"}