{"loc": [-1, -1, -3], "rotate": [1.9963462235778249, 0.6725091593577641, 0.7043316397974985], "SNR": 0.05, "name": "4d4r"}