{"loc": [-2, -1, 0], "rotate": [-1.945619886165601, 0.9881820946840297, -2.5780508520544925], "SNR": 0.05, "name": "4d4r"}