{"loc": [3, 0, -1], "rotate": [2.849840733816694, 2.713957417056319, 2.2474551390686166], "SNR": 0.05, "name": "4d4r"}