{"loc": [3, -1, 1], "rotate": [-2.181533739057137, 0.3452781513430005, -1.3469553415132427], "SNR": 0.05, "name": "4d4r"}