{"loc": [4, 3, 0], "rotate": [-2.574273191824184, 1.5502234521700566, -2.7963965524113688], "SNR": 0.05, "name": "4d4r"}