{"loc": [-4, -4, 6], "rotate": [2.6624108724207747, 0.4913761259633267, -0.21245584743298376], "SNR": 0.05, "name": "4d4r"}