{"loc": [2, -1, -1], "rotate": [2.898624990001553, 1.0178669113321506, -0.22702187004445842], "SNR": 0.05, "name": "4d4r"}