{"loc": [-3, 2, -7], "rotate": [-2.3543393099234358, 1.6975487329533683, -2.2059104684052184], "SNR": 0.05, "name": "4d4r"}