{"loc": [3, 5, -6], "rotate": [-2.7930086228494777, 1.0786893349220652, -1.0645211200950184], "SNR": 0.05, "name": "4d4r"}