{"loc": [0, -3, 4], "rotate": [2.946915741987875, 0.12515856087836874, -0.5895797962869639], "SNR": 0.05, "name": "4d4r"}