{"loc": [-6, 4, 7], "rotate": [2.2129981423467115, 0.9473231146835853, 0.2788913111237073], "SNR": 0.05, "name": "4d4r"}