{"loc": [0, -6, -6], "rotate": [-2.5122712231858344, 2.1653763398166594, -2.9752825304068082], "SNR": 0.05, "name": "4d4r"}