{"loc": [-5, 7, 1], "rotate": [2.76582140877771, 0.5760189405134419, -0.47833029732620114], "SNR": 0.05, "name": "4d4r"}