{"loc": [0, 6, 4], "rotate": [2.983702196474278, 2.695556025666551, 1.9014159555473427], "SNR": 0.05, "name": "4d4r"}