{"loc": [1, -5, 5], "rotate": [2.7850741918945423, 0.953846208571511, -0.07740914234823511], "SNR": 0.05, "name": "4d4r"}