{"loc": [-1, 6, -2], "rotate": [2.222777923374088, 1.6917794960146348, 0.8805313067038099], "SNR": 0.05, "name": "4d4r"}