{"loc": [-4, 5, -4], "rotate": [-2.656348315707351, 1.081751288034204, -1.2312679592538176], "SNR": 0.05, "name": "4d4r"}