{"loc": [-3, -2, 7], "rotate": [2.1459466217088226, 1.0795521142595212, 0.8124293578014896], "SNR": 0.05, "name": "4d4r"}