{"loc": [-1, 3, 0], "rotate": [2.93757131983176, 0.8171839765329459, -0.4642324337989701], "SNR": 0.05, "name": "4d4r"}