{"loc": [0, 0, -1], "rotate": [-2.2664565673212667, 1.2095971920941841, -2.6342768804091254], "SNR": 0.05, "name": "4d4r"}