{"loc": [2, -4, 0], "rotate": [2.416253706486892, 0.9641346984770083, 0.14661598208503024], "SNR": 0.05, "name": "4d4r"}