{"loc": [2, -7, -3], "rotate": [2.4783015683124887, 0.731609561646546, 0.3123735965062558], "SNR": 0.05, "name": "4d4r"}