{"loc": [-7, -6, 1], "rotate": [2.9422497676506105, 0.6867095793979583, -0.6200413287059029], "SNR": 0.05, "name": "4d4r"}