{"loc": [-3, -3, -6], "rotate": [2.287889513493029, 1.1357537693650108, 0.2288629399321404], "SNR": 0.05, "name": "4d4r"}