{"loc": [-5, 1, 5], "rotate": [-2.341356999275323, 0.5270129517211093, -1.4615452636579596], "SNR": 0.05, "name": "4d4r"}