{"loc": [4, 5, 4], "rotate": [-2.2911276844698243, 1.0194368284085635, -2.1241734390424525], "SNR": 0.05, "name": "4d4r"}