{"loc": [7, 6, 2], "rotate": [-0.34932890920187826, 0.9094459062412422, -0.33843077173065444], "SNR": 0.05, "name": "4d4r"}