{"loc": [-2, -7, 4], "rotate": [2.267556909881704, 0.9994161811240951, 0.46756095333440256], "SNR": 0.05, "name": "4d4r"}