{"loc": [-6, 5, 5], "rotate": [2.6614498687949055, 1.918393076030822, 1.560126890614974], "SNR": 0.05, "name": "4d4r"}