{"loc": [7, 0, -2], "rotate": [2.2706780292866826, 1.3829052748259978, 0.20316054379404286], "SNR": 0.05, "name": "4d4r"}