{"loc": [-7, -5, -6], "rotate": [-2.4158008144531724, 1.0734814233840964, -1.527989439024502], "SNR": 0.05, "name": "4d4r"}