{"loc": [-2, -3, -4], "rotate": [1.851027185030111, 1.2222650304709788, 0.31576555236514847], "SNR": 0.05, "name": "4d4r"}