{"loc": [1, 2, -4], "rotate": [2.27669779029543, 1.6635307143533908, 0.21958091207114197], "SNR": 0.05, "name": "4d4r"}