{"loc": [-4, -5, -5], "rotate": [-2.560101369511846, 1.1359008199572058, -1.4090216665402493], "SNR": 0.05, "name": "4d4r"}