{"loc": [3, 6, 0], "rotate": [2.7077593695304687, 2.1427711867776686, 2.1861376514084445], "SNR": 0.05, "name": "4d4r"}