{"loc": [-2, -1, 4], "rotate": [-1.9914812448196215, 1.286111255666058, -2.00946634105894], "SNR": 0.05, "name": "4d4r"}