{"loc": [2, 1, 2], "rotate": [2.177032112377885, 1.7778476562777807, 0.49290766788122986], "SNR": 0.05, "name": "4d4r"}