{"loc": [5, 0, 1], "rotate": [2.2361512243761754, 1.5937889253888307, 0.9236641301485139], "SNR": 0.05, "name": "4d4r"}