{"loc": [-7, -1, -1], "rotate": [2.5333045716946, 0.8423560295497142, 0.21932515080178544], "SNR": 0.05, "name": "4d4r"}