{"loc": [7, 1, -3], "rotate": [2.483546460007817, 1.152152806686446, 0.23754259285356313], "SNR": 0.05, "name": "4d4r"}