{"loc": [5, -6, 2], "rotate": [-2.2031772066444066, 2.255989705624105, -2.570114044244734], "SNR": 0.05, "name": "4d4r"}