{"loc": [-1, -2, 0], "rotate": [-0.6031218453273494, 0.8092925695924981, 0.166090756758832], "SNR": 0.05, "name": "4d4r"}