{"loc": [0, -7, -2], "rotate": [2.0124204721697847, 1.5240618878970398, 0.6633113336329117], "SNR": 0.05, "name": "4d4r"}