{"loc": [-7, -4, 2], "rotate": [1.9072613212574625, 1.1324984939582328, 0.7143411191849788], "SNR": 0.05, "name": "4d4r"}