{"loc": [2, -1, -4], "rotate": [2.0558443007220886, 1.6521375989831522, 0.9202473974450568], "SNR": 0.05, "name": "4d4r"}