{"loc": [7, 0, 3], "rotate": [-2.6909615661949684, 2.4555224624159058, 2.6435754754738734], "SNR": 0.05, "name": "4d4r"}