{"loc": [-7, 1, 0], "rotate": [2.232406202955713, 1.6849179530803737, 1.2425858457626395], "SNR": 0.05, "name": "4d4r"}