{"loc": [-2, 0, -5], "rotate": [2.468154223116131, 0.745794989838578, 0.18407948030781404], "SNR": 0.05, "name": "4d4r"}