{"loc": [2, 0, 1], "rotate": [2.0614097395885826, 1.4274360914686381, 0.6719876300917315], "SNR": 0.05, "name": "4d4r"}