{"loc": [0, 3, -2], "rotate": [2.6822854451526377, 1.738578371760973, 1.0488938372073173], "SNR": 0.05, "name": "4d4r"}