{"loc": [-2, 1, -3], "rotate": [2.7251879113234185, 1.0536769467595044, 0.03663391937822573], "SNR": 0.05, "name": "4d4r"}