{"loc": [3, 7, 4], "rotate": [-2.5782504111218945, 0.8399550434203865, -1.8738115746637898], "SNR": 0.05, "name": "4d4r"}