{"loc": [-4, 5, 3], "rotate": [-2.7702294436816204, 0.6910208920040484, -1.221294692376883], "SNR": 0.05, "name": "4d4r"}