{"loc": [4, -6, 7], "rotate": [-2.4482554793645877, 0.7576352212295144, -1.7470542077273814], "SNR": 0.05, "name": "4d4r"}