{"loc": [2, -1, 3], "rotate": [-2.5936282566640148, 1.144603210102687, -1.732280415914214], "SNR": 0.05, "name": "4d4r"}