{"loc": [-4, -2, 5], "rotate": [2.204822628147824, 1.715569238972137, 1.3709599819417309], "SNR": 0.05, "name": "4d4r"}