{"loc": [3, 0, 1], "rotate": [-2.9704172733022904, 0.8257043239796852, -0.883864225925464], "SNR": 0.05, "name": "4d4r"}