{"loc": [0, 1, 0], "rotate": [2.2218545204888978, 0.8124943526681716, 0.5856948721571886], "SNR": 0.05, "name": "4d4r"}