{"loc": [7, 5, -2], "rotate": [2.9576243267725943, 0.7382124866946445, -0.5631892562152236], "SNR": 0.05, "name": "4d4r"}