{"loc": [4, 7, 1], "rotate": [-2.3631013994588934, 1.0923163233794169, -2.087334270977052], "SNR": 0.05, "name": "4d4r"}