{"loc": [-2, 4, 5], "rotate": [2.1985584809983068, 1.7763426622020306, 1.253496460353108], "SNR": 0.05, "name": "4d4r"}