{"loc": [-4, -5, 0], "rotate": [-2.902431275198806, 0.944603771629732, -0.7681011576442744], "SNR": 0.05, "name": "4d4r"}