{"loc": [-7, 6, 7], "rotate": [-2.507880952855034, 0.9577541834078467, -1.9597937330287758], "SNR": 0.05, "name": "4d4r"}