{"loc": [-1, 3, -4], "rotate": [2.7133068554679145, 0.8115341620663653, -0.11583935845920187], "SNR": 0.05, "name": "4d4r"}