{"loc": [4, 0, -3], "rotate": [-2.5685287691758627, 0.6406980578250786, -1.4959959819463764], "SNR": 0.05, "name": "4d4r"}