{"loc": [-4, 0, -1], "rotate": [-2.6757749497747096, 0.763454203082514, -1.7090073903898726], "SNR": 0.05, "name": "4d4r"}