{"loc": [-2, 1, 7], "rotate": [2.9014773056457295, 0.8434817026476827, -0.5671164962164067], "SNR": 0.05, "name": "4d4r"}