{"loc": [-6, 7, 0], "rotate": [1.9966877809485502, 1.010540659847283, 0.5283111400865241], "SNR": 0.05, "name": "4d4r"}