{"loc": [-3, 0, 0], "rotate": [2.701439227597686, 2.6452066501517524, 1.9101364613918679], "SNR": 0.05, "name": "4d4r"}