{"loc": [7, 0, 4], "rotate": [-1.9965171563811608, 1.5176394660898072, -2.4517148710929155], "SNR": 0.05, "name": "4d4r"}