{"loc": [-1, -1, -2], "rotate": [2.419333555303705, 1.5787732265936991, 0.3414035291736419], "SNR": 0.05, "name": "4d4r"}