{"loc": [-4, -3, 3], "rotate": [-2.9713724452597545, 0.9089634783852348, -1.0898736689272388], "SNR": 0.05, "name": "4d4r"}