{"loc": [7, -5, 0], "rotate": [-2.3233513694976047, 0.6808947218520621, -2.1622986130765547], "SNR": 0.05, "name": "4d4r"}