{"loc": [6, 6, 1], "rotate": [2.762610201698826, 0.5658593427013949, -0.0836672233079244], "SNR": 0.05, "name": "4d4r"}