{"loc": [5, -3, 6], "rotate": [-2.522268749756161, 0.7883681110410287, -1.805923793203257], "SNR": 0.05, "name": "4d4r"}