{"loc": [-7, -5, -3], "rotate": [-2.1461674689071564, 1.729571205057438, -2.3303292660469785], "SNR": 0.05, "name": "4d4r"}