{"loc": [-7, 0, 1], "rotate": [2.8733034129736557, 0.8637313386502237, -0.5627261627920106], "SNR": 0.05, "name": "4d4r"}