{"loc": [5, -4, 7], "rotate": [-2.9153034414248484, 0.7284124477631809, -0.8703082660304876], "SNR": 0.05, "name": "4d4r"}