{"loc": [1, 0, -4], "rotate": [2.051708074293289, 1.3287644095877778, 0.5334680256089016], "SNR": 0.05, "name": "4d4r"}