{"loc": [-2, -3, 3], "rotate": [-2.5638042362971705, 0.8661625447193709, -1.916249672073222], "SNR": 0.05, "name": "4d4r"}