{"loc": [6, -2, 2], "rotate": [1.7069161659609726, 1.1113871892392384, 0.6483373946168364], "SNR": 0.05, "name": "4d4r"}