{"loc": [1, -4, 0], "rotate": [-2.177816392876179, 1.0197259958693923, -2.1435556130423112], "SNR": 0.05, "name": "4d4r"}