{"loc": [5, -7, 7], "rotate": [-2.166512462526226, 1.1081254052619356, -2.0415064616295466], "SNR": 0.05, "name": "4d4r"}