{"loc": [6, 0, 1], "rotate": [-2.9050716660526565, 0.6851842099114454, -1.2174079938814435], "SNR": 0.05, "name": "4d4r"}