{"loc": [-1, -2, 2], "rotate": [-2.505780891482717, 1.3361379254063486, -1.8317427385109746], "SNR": 0.05, "name": "4d4r"}