{"loc": [0, 0, -5], "rotate": [-2.2281238141108877, 1.0119805056829116, -2.0645464666747197], "SNR": 0.05, "name": "4d4r"}