{"loc": [-4, -3, -6], "rotate": [-2.710918275877877, 0.712690540927631, -1.2752768094285325], "SNR": 0.05, "name": "4d4r"}