{"loc": [-2, -3, 6], "rotate": [-2.8192655938447335, 0.6663720595905427, -1.3393459464754947], "SNR": 0.05, "name": "4d4r"}