{"loc": [0, -3, 5], "rotate": [2.433198041599027, 1.0745300767103738, 0.7925292284692326], "SNR": 0.05, "name": "4d4r"}