{"loc": [2, 7, 3], "rotate": [2.3404284322574873, 1.2863186977658434, 0.33989070264082], "SNR": 0.05, "name": "4d4r"}