{"loc": [5, -2, 1], "rotate": [2.253970346896188, 1.884289355519734, 0.6259216320573163], "SNR": 0.05, "name": "4d4r"}