{"loc": [-4, -5, 4], "rotate": [2.348418106492855, 1.8438768998972541, 0.7420301853713986], "SNR": 0.05, "name": "4d4r"}