{"loc": [6, 3, 5], "rotate": [1.9938956740438356, 1.33457366632935, 0.7603114592594876], "SNR": 0.05, "name": "4d4r"}