{"loc": [-3, -3, -7], "rotate": [-2.0792130421239694, 1.3298259082379091, -2.2258001105659084], "SNR": 0.05, "name": "4d4r"}