{"loc": [5, 1, -3], "rotate": [-2.239133763658101, 1.3681998838532285, -1.9840101218627495], "SNR": 0.05, "name": "4d4r"}