{"loc": [6, 7, -4], "rotate": [-2.3946427425251575, 2.1909513196564063, -3.0452124068373903], "SNR": 0.05, "name": "4d4r"}