{"loc": [7, 6, -4], "rotate": [2.139660960159531, 0.6228834133544695, 0.06722931676458557], "SNR": 0.05, "name": "4d4r"}