{"loc": [-4, 7, 1], "rotate": [1.9863136610201344, 0.46188508840680986, 0.5679122253043033], "SNR": 0.05, "name": "4d4r"}