{"loc": [-7, 7, 0], "rotate": [2.6331944960615066, 0.8480841120227561, -0.16727828871473452], "SNR": 0.05, "name": "4d4r"}