{"loc": [0, 7, 6], "rotate": [2.3051909408462072, 1.5984773940187398, 0.9421318571714361], "SNR": 0.05, "name": "4d4r"}