{"loc": [7, -7, 7], "rotate": [2.42245235142757, 1.030060061886705, 0.35110456774028065], "SNR": 0.05, "name": "4d4r"}