{"loc": [6, 6, -5], "rotate": [-2.600668674616025, 1.1652922773855876, -1.5863745430598657], "SNR": 0.05, "name": "4d4r"}