{"loc": [7, -1, -1], "rotate": [2.6652990908989387, 2.1409436539249573, 2.0088872714379273], "SNR": 0.05, "name": "4d4r"}