{"loc": [1, 5, 1], "rotate": [2.910521561659886, 1.0419541430526944, -0.2074648320845492], "SNR": 0.05, "name": "4d4r"}