{"loc": [-4, 0, 4], "rotate": [-1.9587889684878046, 1.7496293876688327, -1.9978008757344055], "SNR": 0.05, "name": "4d4r"}