{"loc": [-2, -4, 0], "rotate": [-2.219829453794776, 0.767721608324114, -1.9183397891783067], "SNR": 0.05, "name": "4d4r"}