{"loc": [-4, -2, -4], "rotate": [-2.253461855921868, 1.5736572039647405, -2.6395628763180934], "SNR": 0.05, "name": "4d4r"}