{"loc": [-7, 7, -6], "rotate": [2.890495454897437, 0.4853968094160938, -0.2135841782650044], "SNR": 0.05, "name": "4d4r"}