{"loc": [2, -2, 0], "rotate": [-2.14164544768192, 1.0768699274272198, -2.33516721622191], "SNR": 0.05, "name": "4d4r"}