{"loc": [-3, 3, -2], "rotate": [-2.255776000279469, 2.08072316658779, -2.820673379200782], "SNR": 0.05, "name": "4d4r"}