{"loc": [4, 4, 3], "rotate": [-2.6809825156075626, 0.7369135703535343, -1.2168644867620972], "SNR": 0.05, "name": "4d4r"}