{"loc": [-2, 0, 3], "rotate": [-2.7714965908222937, 0.8709151816444904, -1.378492818153876], "SNR": 0.05, "name": "4d4r"}