{"loc": [7, 7, 5], "rotate": [2.923444982202299, 0.5976924751980045, -0.518183614889878], "SNR": 0.05, "name": "4d4r"}