{"loc": [2, 4, -6], "rotate": [-2.8206508410676605, 0.8515376337324726, -1.3107968046659646], "SNR": 0.05, "name": "4d4r"}