{"loc": [-1, -7, -1], "rotate": [3.1315240816386147, 0.7464521003638603, -0.7455786640230019], "SNR": 0.05, "name": "4d4r"}