{"loc": [-2, -7, -7], "rotate": [2.2964427758609784, 1.6464864536446189, 1.038458346743289], "SNR": 0.05, "name": "4d4r"}