{"loc": [2, 5, 1], "rotate": [-2.6083685024860284, 1.1582185827020326, -1.6586121968211716], "SNR": 0.05, "name": "4d4r"}