{"loc": [-1, -5, 3], "rotate": [2.509864971384498, 0.9879166655277307, -0.27563957458741994], "SNR": 0.05, "name": "4d4r"}