{"loc": [1, 1, 0], "rotate": [2.279021690545212, 0.8336905447604881, -0.014580312848863875], "SNR": 0.05, "name": "4d4r"}