{"loc": [2, 7, 3], "rotate": [-2.827871122082215, 0.78306033638298, -1.4123365685407987], "SNR": 0.05, "name": "4d4r"}