{"loc": [2, 4, -7], "rotate": [2.1818958925589547, 1.2145559052528105, 0.4200168842539162], "SNR": 0.05, "name": "4d4r"}