{"loc": [0, -1, 5], "rotate": [2.459520745699846, 1.5074351860648407, 0.7827203901663973], "SNR": 0.05, "name": "4d4r"}