{"loc": [2, -3, 0], "rotate": [2.2116775036110394, 1.2462353515710736, 0.5882815944466067], "SNR": 0.05, "name": "4d4r"}