{"loc": [1, -3, -2], "rotate": [-1.906485934209961, 1.4009351415597622, -1.846586830666927], "SNR": 0.05, "name": "4d4r"}