{"loc": [-2, -5, 0], "rotate": [2.2233539977669072, 1.396428348668858, 0.9030440369656492], "SNR": 0.05, "name": "4d4r"}