{"loc": [-4, -4, 3], "rotate": [2.274363751095533, 1.2531936497335374, 0.11982394759144185], "SNR": 0.05, "name": "4d4r"}