{"loc": [4, -3, 0], "rotate": [2.5503125755229084, 1.2926000313377548, 0.4459683745378483], "SNR": 0.05, "name": "4d4r"}