{"loc": [2, 6, 2], "rotate": [2.87137996792991, 1.333464914088658, 0.31416587220166897], "SNR": 0.05, "name": "4d4r"}