{"loc": [-3, -4, -4], "rotate": [2.140829822754409, 0.7315518854366847, -0.0004598764957130743], "SNR": 0.05, "name": "4d4r"}