{"loc": [3, 6, -2], "rotate": [2.022784646762236, 1.1890017257729013, 0.6459981036734508], "SNR": 0.05, "name": "4d4r"}