{"loc": [3, 1, 5], "rotate": [2.1874505036596945, 2.24761603631805, 1.2632259599942126], "SNR": 0.05, "name": "4d4r"}