{"loc": [1, 5, 6], "rotate": [-2.9423130191275515, 0.7555516570504662, -1.1778859623778968], "SNR": 0.05, "name": "4d4r"}