{"loc": [7, -6, 7], "rotate": [2.826845853596596, 0.7822623935094931, -0.8339762193197895], "SNR": 0.05, "name": "4d4r"}