{"loc": [6, 6, -2], "rotate": [0.19500792911575549, 2.3458042966742085, 2.891202944891145], "SNR": 0.05, "name": "4d4r"}