{"loc": [-4, -7, -4], "rotate": [2.735474587557869, 0.6411473107970049, -0.26074997910968867], "SNR": 0.05, "name": "4d4r"}