{"loc": [7, -5, 0], "rotate": [-2.707354342445331, 0.3224567266070457, -1.1928623111136292], "SNR": 0.05, "name": "4d4r"}