{"loc": [-6, -4, -2], "rotate": [-2.2178674264782816, 1.3764321775628259, -2.479441292530821], "SNR": 0.05, "name": "4d4r"}