{"loc": [7, -6, 0], "rotate": [2.243191725113491, 1.4776303810341493, 0.8906887118354697], "SNR": 0.05, "name": "4d4r"}