{"loc": [3, 7, -6], "rotate": [-2.1957362994447744, 0.39294282295554983, -1.8000015353135406], "SNR": 0.05, "name": "4d4r"}