{"loc": [1, 7, -6], "rotate": [2.4021177891419576, 1.5349041607982397, 0.5879021767835547], "SNR": 0.05, "name": "4d4r"}