{"loc": [-4, 1, -2], "rotate": [-2.6873319891980847, 0.7446975435071402, -1.4642763384528454], "SNR": 0.05, "name": "4d4r"}