{"loc": [-2, 1, 5], "rotate": [-2.8376567965616, 0.6377404954160261, -1.3131787601283904], "SNR": 0.05, "name": "4d4r"}