{"loc": [7, 0, 0], "rotate": [2.364230859848186, 1.172148701890248, 0.7320571978358894], "SNR": 0.05, "name": "4d4r"}