{"loc": [3, 7, 1], "rotate": [-2.6438348937231146, 0.7034703584146904, -1.1605024687005006], "SNR": 0.05, "name": "4d4r"}