{"loc": [-5, -4, 2], "rotate": [2.292289425071034, 1.112821675071571, 0.7252793707109371], "SNR": 0.05, "name": "4d4r"}