{"loc": [0, 3, -2], "rotate": [3.0728944893611208, 0.7860355837082156, -0.9115960382517025], "SNR": 0.05, "name": "4d4r"}