{"loc": [3, 0, 4], "rotate": [2.387268847559731, 1.1390893338150985, 0.446793730662156], "SNR": 0.05, "name": "4d4r"}