{"loc": [7, -5, 5], "rotate": [-2.136892071916902, 1.116343057196094, -2.614916979265259], "SNR": 0.05, "name": "4d4r"}