{"loc": [1, -2, 0], "rotate": [-3.110468243236071, 0.5527859791540463, -0.4991820435118458], "SNR": 0.05, "name": "4d4r"}