{"loc": [6, -7, 5], "rotate": [-2.417421224135829, 1.7181630165545654, -2.5533103388180702], "SNR": 0.05, "name": "4d4r"}