{"loc": [-2, 2, -4], "rotate": [-2.2901367386784073, 0.31536093091137163, -1.9015455674103885], "SNR": 0.05, "name": "4d4r"}