{"loc": [0, 6, 4], "rotate": [2.3803889500174775, 1.1163421548718706, -0.10169343125094553], "SNR": 0.05, "name": "4d4r"}