{"loc": [-7, 2, -4], "rotate": [2.3299614886735465, 0.7237840868855534, 0.041306236559924214], "SNR": 0.05, "name": "4d4r"}