{"loc": [3, -6, -5], "rotate": [2.3440965433778755, 1.1553791140479366, 0.5871430073032157], "SNR": 0.05, "name": "4d4r"}