{"loc": [-6, -4, -4], "rotate": [-2.6378845789582748, 0.6909368551847312, -1.3846841110391421], "SNR": 0.05, "name": "4d4r"}