{"loc": [7, -7, -4], "rotate": [2.502997161164109, 0.5032200725932017, -0.055878517115060984], "SNR": 0.05, "name": "4d4r"}