{"loc": [-6, 5, -7], "rotate": [2.3418997097588634, 1.000606924438643, 0.36276377264317006], "SNR": 0.05, "name": "4d4r"}