{"loc": [0, -3, 2], "rotate": [2.510652975578502, 0.9181258309902075, -0.4037822251180708], "SNR": 0.05, "name": "4d4r"}