{"loc": [-2, 0, 0], "rotate": [2.4328913111041652, 1.7158982107995426, 1.2106342064902047], "SNR": 0.05, "name": "4d4r"}