{"loc": [-7, 2, -7], "rotate": [2.9101591016575727, 0.744112665035683, -0.4197048026102068], "SNR": 0.05, "name": "4d4r"}