{"loc": [4, 4, -5], "rotate": [3.1310286406359724, 0.7577885142588536, -0.8305116019721692], "SNR": 0.05, "name": "4d4r"}