{"loc": [-2, 6, 5], "rotate": [2.6660516726005397, 0.8491215506170787, -0.11331670358816784], "SNR": 0.05, "name": "4d4r"}