{"loc": [3, -1, 4], "rotate": [2.626333029610696, 1.1194668571960662, -0.24720633831061076], "SNR": 0.05, "name": "4d4r"}