{"loc": [-6, 6, 3], "rotate": [-2.097523973918929, 1.3759588652986858, -2.312268035687395], "SNR": 0.05, "name": "4d4r"}