{"loc": [7, 0, -1], "rotate": [2.787574111593453, 0.6802893652914607, -0.7208177567046148], "SNR": 0.05, "name": "4d4r"}