{"loc": [6, -3, 0], "rotate": [2.293376933450723, 0.8573255963848689, 0.14788463224279919], "SNR": 0.05, "name": "4d4r"}