{"loc": [4, -2, 6], "rotate": [0.751431928426441, 0.1953623650006579, -1.482142980314526], "SNR": 0.05, "name": "4d4r"}