{"loc": [4, -1, 7], "rotate": [-2.9755681016925877, 0.2227672583644612, -0.49199018254019206], "SNR": 0.05, "name": "4d4r"}