{"loc": [3, 4, 1], "rotate": [-2.2151229434800275, 0.48021740295127885, -1.424483135910773], "SNR": 0.05, "name": "4d4r"}