{"loc": [2, 0, 6], "rotate": [-3.12609655758411, 0.5826702350838371, -0.6584945878575699], "SNR": 0.05, "name": "4d4r"}