{"loc": [-4, -5, 5], "rotate": [-2.26761904197716, 1.6796816398138428, -2.741119018397182], "SNR": 0.05, "name": "4d4r"}