{"loc": [2, 2, -4], "rotate": [-2.5195937353336517, 0.9562755861601974, -1.6748857633511494], "SNR": 0.05, "name": "4d4r"}