{"loc": [-5, 6, 2], "rotate": [-2.811222481789377, 0.6595306601228479, -0.8672907739722385], "SNR": 0.05, "name": "4d4r"}