{"loc": [-1, 0, -6], "rotate": [2.1064386102132096, 1.4621365364413597, 0.6792452455771952], "SNR": 0.05, "name": "4d4r"}