{"loc": [-2, -7, -5], "rotate": [2.774411709593574, 0.93517018766855, -0.6341777566250559], "SNR": 0.05, "name": "4d4r"}