{"loc": [-1, 2, -5], "rotate": [-3.1413724358197825, 0.7713459106629773, -1.0246359762990909], "SNR": 0.05, "name": "4d4r"}