{"loc": [3, 0, 1], "rotate": [2.8992770229276776, 0.8149874220010944, -0.39041260144285983], "SNR": 0.05, "name": "4d4r"}