{"loc": [-3, -2, 2], "rotate": [2.5465627156787245, 0.9360733265042864, -0.0038688765126508287], "SNR": 0.05, "name": "4d4r"}