{"loc": [-3, -6, -2], "rotate": [-2.471451846471378, 1.0455006343802684, -1.5142389656703414], "SNR": 0.05, "name": "4d4r"}