{"loc": [-5, -2, -2], "rotate": [-2.128280992897523, 1.193133543186545, -2.232202588463], "SNR": 0.05, "name": "4d4r"}