{"loc": [0, -4, 5], "rotate": [-2.8965662550712543, 0.4574554644409769, -1.4645953710823048], "SNR": 0.05, "name": "4d4r"}