{"loc": [-6, -7, 1], "rotate": [-2.3363639991129284, 0.8342649562227532, -1.7821469020398775], "SNR": 0.05, "name": "4d4r"}