{"loc": [6, 7, -6], "rotate": [-2.4961121226919816, 0.9278789898749003, -1.8532702010290427], "SNR": 0.05, "name": "4d4r"}