{"loc": [6, -3, 6], "rotate": [2.228710138873862, 1.9989174802927983, 0.9766662046913742], "SNR": 0.05, "name": "4d4r"}