{"loc": [-5, 1, -3], "rotate": [-2.345503810122204, 1.7435914372682972, -2.0407271612857474], "SNR": 0.05, "name": "4d4r"}