{"loc": [2, 0, 7], "rotate": [2.09298004479935, 1.4744424381230101, 0.7598840469008283], "SNR": 0.05, "name": "4d4r"}