{"loc": [1, -7, -6], "rotate": [-2.1012848315047563, 1.4120852983362515, -2.04888199126436], "SNR": 0.05, "name": "4d4r"}