{"loc": [5, 1, 4], "rotate": [2.8194636149585817, 2.552562049208067, 2.1836427180926057], "SNR": 0.05, "name": "4d4r"}