{"loc": [1, -1, -4], "rotate": [2.3816856641140505, 1.8246437252974048, 1.177703602751583], "SNR": 0.05, "name": "4d4r"}