{"loc": [1, 0, 4], "rotate": [-2.373302303053428, 0.9906578640360705, -1.9264060540440653], "SNR": 0.05, "name": "4d4r"}