{"loc": [0, 5, 0], "rotate": [-2.7818900598724197, 0.9550269263115776, -1.6127124821656946], "SNR": 0.05, "name": "4d4r"}