{"loc": [-3, -7, -6], "rotate": [-1.9364903607229578, 1.0534640740916532, -2.2480030153694277], "SNR": 0.05, "name": "4d4r"}