{"loc": [-1, -3, 1], "rotate": [2.563560576661372, 0.895451990874548, 0.07888488496775306], "SNR": 0.05, "name": "4d4r"}