{"loc": [-4, -1, -5], "rotate": [2.1816435372133256, 1.0685702482289365, 0.48964838961002627], "SNR": 0.05, "name": "4d4r"}