{"loc": [-1, -5, 1], "rotate": [2.045056046903377, 0.9610758591068962, 0.6539005411159899], "SNR": 0.05, "name": "4d4r"}