{"loc": [1, 2, 4], "rotate": [-2.8225857750118823, 0.43689718981516973, -0.9761944661392804], "SNR": 0.05, "name": "4d4r"}