{"loc": [1, -3, -1], "rotate": [2.6443489048680906, 1.568223638034818, 0.361063513361827], "SNR": 0.05, "name": "4d4r"}