{"loc": [-7, 7, 0], "rotate": [2.5716489162189373, 0.8747697280388743, -0.22250903942011446], "SNR": 0.05, "name": "4d4r"}