{"loc": [-4, 2, 3], "rotate": [-2.308677690567485, 1.1314870576767724, -2.35873767808559], "SNR": 0.05, "name": "4d4r"}