{"loc": [-4, -1, 3], "rotate": [2.4448994125424526, 2.264735201367426, 1.9471388470840423], "SNR": 0.05, "name": "4d4r"}