{"loc": [1, -3, 4], "rotate": [-2.3233386710707284, 1.3478491931692846, -2.0127297366781223], "SNR": 0.05, "name": "4d4r"}