{"loc": [2, -5, 2], "rotate": [-2.143557910669973, 1.1905943545229416, -2.0766272033321114], "SNR": 0.05, "name": "4d4r"}