{"loc": [-5, -4, 2], "rotate": [2.6621940399126856, 0.9451857792699092, 0.1856996114193727], "SNR": 0.05, "name": "4d4r"}