{"loc": [-2, 0, -7], "rotate": [2.1426791752813448, 1.8769413760836682, 0.8491254831075323], "SNR": 0.05, "name": "4d4r"}