{"loc": [-2, 5, 0], "rotate": [1.9862531278798352, 1.1137601247788709, 0.8622013446582787], "SNR": 0.05, "name": "4d4r"}