{"loc": [-1, 2, -7], "rotate": [-2.6063118889441346, 0.32049002895601497, -1.0302277277525351], "SNR": 0.05, "name": "4d4r"}