{"loc": [0, 0, -5], "rotate": [-2.3963226095594794, 0.5916043820478736, -1.2486726044865504], "SNR": 0.05, "name": "4d4r"}