{"loc": [0, 0, -1], "rotate": [2.9328746158112673, 0.8200069586701644, -0.3495791998985834], "SNR": 0.05, "name": "4d4r"}