{"loc": [6, 5, -5], "rotate": [-2.062981960665599, 1.5349712337175723, -2.3029599648933066], "SNR": 0.05, "name": "4d4r"}