{"loc": [-3, -2, -5], "rotate": [2.0978971529306043, 1.3637094673891483, 0.6792908248166025], "SNR": 0.05, "name": "4d4r"}