{"loc": [4, -6, 3], "rotate": [2.2392785558020933, 1.0794669476521466, 0.7414755334365474], "SNR": 0.05, "name": "4d4r"}