{"loc": [3, -5, 3], "rotate": [-2.56336243736127, 2.1806634043838486, -2.971508905033246], "SNR": 0.05, "name": "4d4r"}