{"loc": [-4, 6, 4], "rotate": [1.8373932996973463, 1.5639086851168271, 0.5040205805729969], "SNR": 0.05, "name": "4d4r"}