{"loc": [0, 6, 3], "rotate": [-2.029232206478943, 0.8291271268246905, -2.2570361437044966], "SNR": 0.05, "name": "4d4r"}