{"loc": [0, 3, 5], "rotate": [2.2308756459994767, 2.3054038643164816, 1.3008977394074859], "SNR": 0.05, "name": "4d4r"}