{"loc": [-6, -5, 5], "rotate": [1.9434634939010613, 2.0467434753736553, 1.0578439762551397], "SNR": 0.05, "name": "4d4r"}