{"loc": [7, 0, -3], "rotate": [-2.1259733713778197, 1.291239675812453, -1.5864001760726885], "SNR": 0.05, "name": "4d4r"}