{"loc": [1, 0, 2], "rotate": [-3.0505312768378556, 0.9684006151388884, -0.5520400441233456], "SNR": 0.05, "name": "4d4r"}