{"loc": [-4, 0, -5], "rotate": [2.1848849262087358, 1.2899753738932374, 0.7983834902407715], "SNR": 0.05, "name": "4d4r"}