{"loc": [-6, -4, -5], "rotate": [-2.3235170404211236, 1.243993702345633, -2.020364893238204], "SNR": 0.05, "name": "4d4r"}