{"loc": [2, 5, 4], "rotate": [2.257276288581899, 1.7360688479223463, 1.2051014747685755], "SNR": 0.05, "name": "4d4r"}