{"loc": [6, 0, 2], "rotate": [-2.867580889632325, 0.4858808875005166, -1.1376948461859544], "SNR": 0.05, "name": "4d4r"}