{"loc": [-3, 3, 6], "rotate": [2.128746255533797, 1.5261907146004114, 1.0444378285033833], "SNR": 0.05, "name": "4d4r"}