{"loc": [-4, 0, -1], "rotate": [2.159273862758744, 1.376749622118072, 0.5792045796065071], "SNR": 0.05, "name": "4d4r"}