{"loc": [4, 7, 3], "rotate": [2.677644975011913, 0.24282304723026804, -0.0662368343351501], "SNR": 0.05, "name": "4d4r"}