{"loc": [0, 3, -2], "rotate": [2.0610926465421526, 1.5500392454674086, 0.37843840660409966], "SNR": 0.05, "name": "4d4r"}