{"loc": [0, 2, -6], "rotate": [2.694786392089941, 1.0098758328463557, 0.10966126972478576], "SNR": 0.05, "name": "4d4r"}