{"loc": [-7, -1, 1], "rotate": [1.864708538622553, 1.805909375978471, 1.221958038760648], "SNR": 0.05, "name": "4d4r"}