{"loc": [2, -7, 0], "rotate": [-3.054656246187525, 0.7985618749035934, -1.2919488039547269], "SNR": 0.05, "name": "4d4r"}