{"loc": [-1, 1, -5], "rotate": [2.000831643380431, 1.487919636448468, 0.8532831450913188], "SNR": 0.05, "name": "4d4r"}