{"loc": [4, -1, 7], "rotate": [2.995452695291912, 2.6284266146707784, 2.701411301099473], "SNR": 0.05, "name": "4d4r"}