{"loc": [0, -7, 7], "rotate": [2.485156873563435, 1.187784358749128, 0.23387895279429094], "SNR": 0.05, "name": "4d4r"}