{"loc": [-1, 0, -7], "rotate": [2.1476581389366096, 0.714563509044833, 0.2870333044602879], "SNR": 0.05, "name": "4d4r"}