{"loc": [0, -3, 5], "rotate": [-2.357143802189047, 2.0401811509016046, -3.024192539693443], "SNR": 0.05, "name": "4d4r"}