{"loc": [-7, 4, 3], "rotate": [-2.893848511244421, 0.17190810237180607, -1.193892256634202], "SNR": 0.05, "name": "4d4r"}