{"loc": [-5, 1, 6], "rotate": [-2.4823780528209443, 0.7391300308603684, -1.8301658086100312], "SNR": 0.05, "name": "4d4r"}