{"loc": [2, -5, 2], "rotate": [2.481948503221043, 1.0606181868944884, 0.43888233698261014], "SNR": 0.05, "name": "4d4r"}