{"loc": [7, -5, -2], "rotate": [2.2128343922234275, 1.1886734202746656, 0.4370467817602389], "SNR": 0.05, "name": "4d4r"}