{"loc": [-6, 2, -2], "rotate": [-2.403930710388646, 1.197495491604657, -1.4592406060398746], "SNR": 0.05, "name": "4d4r"}