{"loc": [-1, 3, 1], "rotate": [-2.032892053542065, 1.356753678784971, -1.8777001444072865], "SNR": 0.05, "name": "4d4r"}