{"loc": [7, 0, -7], "rotate": [2.413326348374034, 1.448894463119865, 0.9895103231481758], "SNR": 0.05, "name": "4d4r"}