{"loc": [0, 0, -7], "rotate": [2.395472708996366, 0.8420362184440741, 0.10352096358294074], "SNR": 0.05, "name": "4d4r"}