{"loc": [6, -2, 1], "rotate": [2.2724325671505157, 2.00501815134017, 1.217055898263169], "SNR": 0.05, "name": "4d4r"}