{"loc": [0, -3, -5], "rotate": [2.735032745795573, 1.038673558748258, 0.17086840492185015], "SNR": 0.05, "name": "4d4r"}