{"loc": [7, -1, -2], "rotate": [-2.589714751938678, 0.923809977680575, -1.7510496275526843], "SNR": 0.05, "name": "4d4r"}