{"loc": [-1, 3, 7], "rotate": [-2.2334983844687657, 0.24190780213336813, -1.6322877746530855], "SNR": 0.05, "name": "4d4r"}