{"loc": [2, -2, -5], "rotate": [2.8808138100878, 0.7570974637321499, -0.40334352725341416], "SNR": 0.05, "name": "4d4r"}