{"loc": [3, 0, -4], "rotate": [-2.184547686025199, 1.6544294379983409, -3.0507133164170726], "SNR": 0.05, "name": "4d4r"}