{"loc": [-5, 1, -5], "rotate": [2.046647312018055, 1.5489230738496933, 0.7538407973154714], "SNR": 0.05, "name": "4d4r"}