{"loc": [7, 1, 2], "rotate": [2.678792215889154, 0.8103326885011998, -0.2128525951488377], "SNR": 0.05, "name": "4d4r"}