{"loc": [1, 7, 0], "rotate": [-2.4007086808976648, 0.9304108383297319, -1.3322405185974506], "SNR": 0.05, "name": "4d4r"}