{"loc": [6, 5, -3], "rotate": [2.061764556207617, 1.0910943516811913, 0.4125565181338045], "SNR": 0.05, "name": "4d4r"}