{"loc": [-7, 0, 0], "rotate": [-2.8534599726457315, 1.024403551824704, -1.1224285888273302], "SNR": 0.05, "name": "4d4r"}