{"loc": [1, -4, -2], "rotate": [-2.14365420478981, 1.8704190908351686, -2.485079419345134], "SNR": 0.05, "name": "4d4r"}