{"loc": [-7, -7, 6], "rotate": [2.6535423071694173, 1.1449716057507506, -0.536006182603455], "SNR": 0.05, "name": "4d4r"}