{"loc": [5, 5, 0], "rotate": [2.108779031775069, 1.538250486720788, 1.2066930693676945], "SNR": 0.05, "name": "4d4r"}