{"loc": [-2, -6, 4], "rotate": [-2.420140789270443, 1.2144800536862828, -1.8713990149757571], "SNR": 0.05, "name": "4d4r"}