{"loc": [4, -2, 3], "rotate": [1.2101413258106304, 2.4467275664569494, -2.9305357295882226], "SNR": 0.05, "name": "4d4r"}