{"loc": [0, -5, -6], "rotate": [2.180843148796756, 1.105417892153411, 0.5057374172945214], "SNR": 0.05, "name": "4d4r"}