{"loc": [-6, 5, 7], "rotate": [3.1033113114886213, 2.7041021897699014, 2.2303749745238814], "SNR": 0.05, "name": "4d4r"}