{"loc": [6, -4, -5], "rotate": [2.5254783164375465, 1.074745579116863, 0.03888914738247453], "SNR": 0.05, "name": "4d4r"}