{"loc": [6, -2, 7], "rotate": [2.3403863336526785, 1.1294329683878777, 0.4082596964333666], "SNR": 0.05, "name": "4d4r"}