{"loc": [4, 7, 5], "rotate": [1.9896030481286069, 1.9384941324435736, 0.9039611728858773], "SNR": 0.05, "name": "4d4r"}