{"loc": [1, -3, 6], "rotate": [2.6072161114646537, 0.9831817680158125, 0.29755951856440915], "SNR": 0.05, "name": "4d4r"}