{"loc": [5, 1, 7], "rotate": [2.4278913271666, 1.1960836830374462, 0.5611443853513095], "SNR": 0.05, "name": "4d4r"}