{"loc": [5, -3, -1], "rotate": [2.0339708491070967, 1.4387448572586543, 0.9976453519038884], "SNR": 0.05, "name": "4d4r"}