{"loc": [-7, -5, 7], "rotate": [2.2238531982957843, 2.140861442662679, 1.0695292591824495], "SNR": 0.05, "name": "4d4r"}