{"loc": [6, 0, -2], "rotate": [-2.3854982334149093, 1.0213019983881002, -1.3575346254973215], "SNR": 0.05, "name": "4d4r"}