{"loc": [-4, -5, -4], "rotate": [2.4561996063372535, 0.4455297734559026, -0.02605584071671953], "SNR": 0.05, "name": "4d4r"}