{"loc": [7, 2, -2], "rotate": [-2.3254360684683215, 1.125152603493182, -1.8761886827291465], "SNR": 0.05, "name": "4d4r"}