{"loc": [0, -5, 4], "rotate": [-3.137393136122162, 0.46887388961236226, -0.4465032951050356], "SNR": 0.05, "name": "4d4r"}