{"loc": [-2, -3, 1], "rotate": [-2.1143785425949617, 1.7514516274805938, -2.530266209826629], "SNR": 0.05, "name": "4d4r"}