{"loc": [5, 3, 2], "rotate": [-2.750614183055851, 0.7031957766087209, -1.0919939562396228], "SNR": 0.05, "name": "4d4r"}