{"loc": [-2, 0, 4], "rotate": [2.3686638553155928, 1.2091226099361811, 0.7102815759720981], "SNR": 0.05, "name": "4d4r"}