{"loc": [0, -2, -4], "rotate": [2.397157847619776, 1.5601551677923167, 0.4683839208647083], "SNR": 0.05, "name": "4d4r"}