{"loc": [7, 6, 2], "rotate": [2.441773762677001, 0.6309575342103427, -0.2909443656222556], "SNR": 0.05, "name": "4d4r"}