{"loc": [-7, -4, -5], "rotate": [2.261402654546644, 1.2215294366924405, 0.6043413344068002], "SNR": 0.05, "name": "4d4r"}