{"loc": [-4, 0, 1], "rotate": [-2.656374154820114, 0.8932372206543466, -1.335188651221128], "SNR": 0.05, "name": "4d4r"}