{"loc": [-5, 2, -6], "rotate": [2.014958286315106, 0.9426633831215593, 0.6914959436932491], "SNR": 0.05, "name": "4d4r"}