{"loc": [-3, 5, 4], "rotate": [-2.070274645939247, 0.6563778022906995, -2.4538218380211685], "SNR": 0.05, "name": "4d4r"}