{"loc": [-6, -3, 0], "rotate": [-2.088548251665399, 1.8136341414209878, -2.016812307892733], "SNR": 0.05, "name": "4d4r"}