{"loc": [-7, -7, -3], "rotate": [2.3720258852886187, 0.7987713503005538, -0.056974020401550945], "SNR": 0.05, "name": "4d4r"}