{"loc": [7, -5, -4], "rotate": [2.259839290684424, 2.1781460428058197, 1.2850354700021913], "SNR": 0.05, "name": "4d4r"}