{"loc": [6, -4, 0], "rotate": [2.7249960260454, 2.601454743015775, 1.6598678693149225], "SNR": 0.05, "name": "4d4r"}