{"loc": [0, 1, -3], "rotate": [-3.0950093489672246, 0.4742055987177214, -0.819891151243854], "SNR": 0.05, "name": "4d4r"}