{"loc": [-5, 3, 5], "rotate": [2.8965469194724967, 0.5176563514608922, -0.0726316570175231], "SNR": 0.05, "name": "4d4r"}