{"loc": [-2, 6, 3], "rotate": [2.77692133411826, 2.357259628588918, 1.5035581905322328], "SNR": 0.05, "name": "4d4r"}