{"loc": [6, 0, 7], "rotate": [2.227968856127328, 1.7387885586875673, 0.6807618533394458], "SNR": 0.05, "name": "4d4r"}