{"loc": [-6, -6, 2], "rotate": [2.997538519371124, 0.7503956089925501, -0.9652663854235308], "SNR": 0.05, "name": "4d4r"}