{"loc": [0, -4, -3], "rotate": [2.6628202784457997, 0.6003461251172973, -0.3018233960565132], "SNR": 0.05, "name": "4d4r"}