{"loc": [1, 0, -6], "rotate": [-1.8660269457562964, 0.7116176012868962, -2.23553044711701], "SNR": 0.05, "name": "4d4r"}