{"loc": [0, -7, 5], "rotate": [0.0003131795230020671, 2.4603322981415983, 2.6791813302076504], "SNR": 0.05, "name": "4d4r"}