{"loc": [5, -5, 0], "rotate": [2.8413878711818343, 0.6806062561578642, -0.4711842854963879], "SNR": 0.05, "name": "4d4r"}