{"loc": [-3, 1, -5], "rotate": [2.308837676687728, 1.0133414909508287, 0.6741131006831067], "SNR": 0.05, "name": "4d4r"}