{"loc": [0, 0, 2], "rotate": [-1.914918484119739, 1.0953902947706111, -1.9607116344715048], "SNR": 0.05, "name": "4d4r"}