{"loc": [5, 0, 6], "rotate": [-2.397522084035843, 0.7551583807167446, -1.4627607475207973], "SNR": 0.05, "name": "4d4r"}