{"loc": [0, -4, 4], "rotate": [2.7732411434720454, 0.8081268990297525, -0.3121494391076281], "SNR": 0.05, "name": "4d4r"}