{"loc": [5, 4, -6], "rotate": [2.681056096200366, 0.6832041755083351, 0.09001549959167489], "SNR": 0.05, "name": "4d4r"}