{"loc": [4, -4, -6], "rotate": [2.1022957720027877, 1.4106852751471117, 0.7733556943529419], "SNR": 0.05, "name": "4d4r"}