{"loc": [-5, 5, -3], "rotate": [2.279629645423987, 1.7568282692551265, 0.7297532727461243], "SNR": 0.05, "name": "4d4r"}