{"loc": [2, -3, -6], "rotate": [-2.2300325532495613, 0.9239502488508189, -1.4022594135087503], "SNR": 0.05, "name": "4d4r"}