{"loc": [0, 3, 7], "rotate": [-2.5067825682895095, 0.8907976323786668, -1.3392071497704707], "SNR": 0.05, "name": "4d4r"}