{"loc": [4, 5, -4], "rotate": [-2.266708616420951, 0.860954416613435, -1.7575288406645555], "SNR": 0.05, "name": "4d4r"}