{"loc": [-5, -1, 2], "rotate": [2.9182534291105537, 0.8595597955850414, -0.9406569167503367], "SNR": 0.05, "name": "4d4r"}