{"loc": [-1, 4, 1], "rotate": [2.130202791162036, 1.4207880287902648, 0.33108883525314786], "SNR": 0.05, "name": "4d4r"}