{"loc": [6, 0, -4], "rotate": [-2.421204115980908, 1.4861908421228425, -2.0152078103907725], "SNR": 0.05, "name": "4d4r"}