{"loc": [-5, 4, -4], "rotate": [2.715796320894413, 0.9529819426451185, -0.10407200953829075], "SNR": 0.05, "name": "4d4r"}