{"loc": [-1, -3, 6], "rotate": [-2.4102162142523427, 0.21939141484354838, -1.562723838346356], "SNR": 0.05, "name": "4d4r"}