{"loc": [-1, -2, -4], "rotate": [2.8663071194615064, 2.4694370177761233, 1.907899405275559], "SNR": 0.05, "name": "4d4r"}