{"loc": [-2, -4, 3], "rotate": [2.458617430462214, 1.1720644930396802, 0.030166084752318505], "SNR": 0.05, "name": "4d4r"}