{"loc": [7, 4, 0], "rotate": [2.5702148900603, 0.9998785206472345, 0.14392323273977303], "SNR": 0.05, "name": "4d4r"}