{"loc": [-1, 3, -1], "rotate": [-2.308768654003889, 1.8398639788519289, -2.4293634531055206], "SNR": 0.05, "name": "4d4r"}