{"loc": [-6, -5, 6], "rotate": [2.0610279635597033, 0.9347008760718388, 0.35854421465385833], "SNR": 0.05, "name": "4d4r"}