{"loc": [3, -6, -1], "rotate": [2.68432798719179, 1.0984685870006952, -0.11005664099520034], "SNR": 0.05, "name": "4d4r"}