{"loc": [5, -4, 7], "rotate": [2.4843703954909606, 0.7755136247127931, -0.05073351413454474], "SNR": 0.05, "name": "4d4r"}