{"loc": [-5, -3, -2], "rotate": [2.5091616933555994, 1.5168129193556328, 0.9298197209503833], "SNR": 0.05, "name": "4d4r"}