{"loc": [-5, -2, 0], "rotate": [2.8025981984672375, 0.9557943775662476, -0.015269738846542116], "SNR": 0.05, "name": "4d4r"}