{"loc": [-4, -2, 1], "rotate": [-2.6089395865009513, 0.6996918950361192, -1.573809489482566], "SNR": 0.05, "name": "4d4r"}