{"loc": [2, 0, 0], "rotate": [-2.674332879354334, 0.7518100563174707, -1.0097841620013852], "SNR": 0.05, "name": "4d4r"}