{"loc": [7, 5, 0], "rotate": [-1.8732171845126526, 0.8987457789259551, -2.2552395904219584], "SNR": 0.05, "name": "4d4r"}