{"loc": [-2, -1, 0], "rotate": [2.4630092184684242, 1.119492350970134, 0.6539447905374882], "SNR": 0.05, "name": "4d4r"}