{"loc": [5, 2, 5], "rotate": [-2.5508115562684623, 0.41938241517158414, -1.196451132987129], "SNR": 0.05, "name": "4d4r"}