{"loc": [-6, -1, -1], "rotate": [-2.944205457787135, 0.8433811377207575, -0.678480115236374], "SNR": 0.05, "name": "4d4r"}