{"loc": [-3, 7, 1], "rotate": [2.35752377768066, 2.1538823143734303, 1.703498270837505], "SNR": 0.05, "name": "4d4r"}