{"loc": [5, -7, 2], "rotate": [-2.0435476758535214, 1.027564308801519, -1.9713405049190964], "SNR": 0.05, "name": "4d4r"}