{"loc": [3, -6, 0], "rotate": [2.2843870256075296, 0.2684122271484175, -0.08852808033832324], "SNR": 0.05, "name": "4d4r"}