{"loc": [-3, 6, -3], "rotate": [1.6724659404698696, 0.6808304844689653, 0.6702209015617938], "SNR": 0.05, "name": "4d4r"}