{"loc": [-7, -1, 0], "rotate": [-2.3734882875002503, 0.8897833313685547, -1.7085429715152531], "SNR": 0.05, "name": "4d4r"}