{"loc": [-6, -2, 1], "rotate": [2.2740404948118047, 1.9327903045741595, 1.1857984647639532], "SNR": 0.05, "name": "4d4r"}