{"loc": [-5, -4, 1], "rotate": [-3.0004207249447976, 0.786365719435916, -0.7861049719924672], "SNR": 0.05, "name": "4d4r"}