{"loc": [1, 5, 4], "rotate": [3.1312483110404523, 0.7990695206408819, -0.7407827122343503], "SNR": 0.05, "name": "4d4r"}