{"loc": [7, -7, 4], "rotate": [2.377104639127079, 1.2500434219247512, 0.3229286810235164], "SNR": 0.05, "name": "4d4r"}