{"loc": [-3, -3, -7], "rotate": [1.8947286427893506, 0.6907836463158585, 0.4967462750715391], "SNR": 0.05, "name": "4d4r"}