{"loc": [3, 3, -1], "rotate": [-1.9245817981351296, 1.4797999870884138, -2.437408901835498], "SNR": 0.05, "name": "4d4r"}