{"loc": [7, 0, 1], "rotate": [-2.1116145583283155, 1.4827557949266799, -2.7339213733086223], "SNR": 0.05, "name": "4d4r"}