{"loc": [-3, -1, 7], "rotate": [2.735065388033516, 1.5684804548860962, 0.7037191363895642], "SNR": 0.05, "name": "4d4r"}