{"loc": [-7, 3, 4], "rotate": [-2.8485059822030236, 0.6825335277485922, -1.5020358910815141], "SNR": 0.05, "name": "4d4r"}