{"loc": [-7, -6, -2], "rotate": [-2.191710549300194, 1.6178543615593748, -2.111093880345022], "SNR": 0.05, "name": "4d4r"}