{"loc": [1, -6, 4], "rotate": [3.03009388607134, 2.591127938843816, 1.8423689263584218], "SNR": 0.05, "name": "4d4r"}