{"loc": [-1, -1, 4], "rotate": [1.975535684585936, 0.8588628125197196, 0.6233772176406696], "SNR": 0.05, "name": "4d4r"}