{"loc": [4, -6, -6], "rotate": [2.1520908449113323, 1.5910049417878662, 0.7943311544784166], "SNR": 0.05, "name": "4d4r"}