{"loc": [5, 5, 0], "rotate": [2.4336217369753292, 2.1792194403161216, 1.650819926611487], "SNR": 0.05, "name": "4d4r"}