{"loc": [3, -3, -2], "rotate": [-1.7946002668222563, 0.6536745962651106, -1.9278793373323542], "SNR": 0.05, "name": "4d4r"}