{"loc": [-1, 3, -1], "rotate": [2.560597312454312, 1.6062667368278434, 1.3350496251124024], "SNR": 0.05, "name": "4d4r"}