{"loc": [-6, 3, 0], "rotate": [3.07690453281809, 0.720193392918275, -0.43601323090786176], "SNR": 0.05, "name": "4d4r"}