{"loc": [-6, -6, -6], "rotate": [2.671199292891273, 2.3656177222934183, 1.4852843786526042], "SNR": 0.05, "name": "4d4r"}