{"loc": [1, -3, 7], "rotate": [-2.1921824383076456, 1.1603852062421462, -1.9565579583569204], "SNR": 0.05, "name": "4d4r"}