{"loc": [0, 4, 6], "rotate": [2.310316655639065, 1.0298326869989074, 0.4954982047303799], "SNR": 0.05, "name": "4d4r"}