{"loc": [0, 4, 0], "rotate": [2.5935018757618993, 0.9113916396269183, -0.3640897552149623], "SNR": 0.05, "name": "4d4r"}