{"loc": [6, 1, -3], "rotate": [-2.980196633822475, 0.8045168668107455, -1.1032789298827186], "SNR": 0.05, "name": "4d4r"}