{"loc": [0, 0, -5], "rotate": [-0.3403185246277842, 1.1079673880378393, -0.6051029504052554], "SNR": 0.05, "name": "4d4r"}