{"loc": [-4, 3, 4], "rotate": [-3.056987874188564, 0.4757624463560532, -0.396446733379251], "SNR": 0.05, "name": "4d4r"}