{"loc": [-1, 6, -2], "rotate": [-3.0940423647312905, 0.781236631907964, -0.5138143802866871], "SNR": 0.05, "name": "4d4r"}