{"loc": [-5, 3, 0], "rotate": [2.8154278480265837, 2.2394040787119622, 1.808510457934995], "SNR": 0.05, "name": "4d4r"}