{"loc": [5, -4, 6], "rotate": [1.8202310266741522, 1.8278897737001374, 0.7866430621293952], "SNR": 0.05, "name": "4d4r"}