{"loc": [0, 5, 3], "rotate": [-2.3250789960759355, 0.9993491465711015, -1.6138535379248105], "SNR": 0.05, "name": "4d4r"}