{"loc": [-2, 0, -2], "rotate": [-2.8501634314264264, 0.57394006358451, -1.3540344710162224], "SNR": 0.05, "name": "4d4r"}