{"loc": [-5, -1, -4], "rotate": [-2.7645544001687004, 0.5328521540716608, -0.7106955497008197], "SNR": 0.05, "name": "4d4r"}