{"loc": [-5, -4, 3], "rotate": [-3.1366823518844735, 0.9747402689895128, -0.43118960632521447], "SNR": 0.05, "name": "4d4r"}