{"loc": [0, 4, -6], "rotate": [1.8967092123727882, 1.7689461793887373, 1.0144260055668979], "SNR": 0.05, "name": "4d4r"}