{"loc": [-7, 0, -1], "rotate": [-1.9392989273045729, 1.3850239489368947, -2.0034800519017213], "SNR": 0.05, "name": "4d4r"}