{"loc": [0, -2, 0], "rotate": [2.8075978318782115, 0.8905325657294729, -0.135753181132872], "SNR": 0.05, "name": "4d4r"}