{"loc": [0, 6, 0], "rotate": [1.9669972671398885, 1.7332726431512198, 1.2280121205764758], "SNR": 0.05, "name": "4d4r"}