{"loc": [-6, 0, -1], "rotate": [-2.3055946974804313, 1.1908960632689916, -2.324834012709925], "SNR": 0.05, "name": "4d4r"}