{"loc": [-5, -6, -5], "rotate": [2.7220675707096276, 0.7523189582857293, -0.4906805796508051], "SNR": 0.05, "name": "4d4r"}