{"loc": [-3, 0, 0], "rotate": [-2.3771953454607515, 1.0963374510511021, -1.5499141944244592], "SNR": 0.05, "name": "4d4r"}