{"loc": [-5, 4, -6], "rotate": [-2.4806690889787717, 0.947449794392902, -1.836068849678923], "SNR": 0.05, "name": "4d4r"}