{"loc": [-4, 4, 7], "rotate": [-3.0890402326772106, 0.6577449028509366, -1.0312091029523534], "SNR": 0.05, "name": "4d4r"}