{"loc": [-2, 0, 7], "rotate": [-2.1654370712488005, 1.0298461421320773, -1.705461494471798], "SNR": 0.05, "name": "4d4r"}