{"loc": [-5, -5, -3], "rotate": [3.0590365846324086, 0.7687959933749232, -0.8640191372678319], "SNR": 0.05, "name": "4d4r"}