{"loc": [0, 3, -2], "rotate": [-2.904976271401865, 2.3711653977245715, 2.651373406924733], "SNR": 500000, "name": "2ldb"}