{"loc": [2, 3, -4], "rotate": [-2.164768337461061, 2.156443523904776, -2.37924610733087], "SNR": 500000, "name": "2ldb"}