{"loc": [-1, 6, -3], "rotate": [-2.0965037313772665, 1.0231218106512732, -2.0064266803157733], "SNR": 500000, "name": "2ldb"}