{"loc": [-2, -5, -7], "rotate": [2.522235236694003, 1.8826807915301393, 1.330864608807904], "SNR": 500000, "name": "2ldb"}