{"loc": [2, 6, -1], "rotate": [-2.1618239132002617, 2.003289382682541, -2.4678349072611914], "SNR": 500000, "name": "2ldb"}