{"loc": [1, -2, -2], "rotate": [2.292093130265726, 1.318870283006501, 0.7318810224970218], "SNR": 500000, "name": "2ldb"}