{"loc": [6, -6, -1], "rotate": [2.837847975679371, 0.5084563648787394, 0.24674728773557172], "SNR": 500000, "name": "2ldb"}