{"loc": [5, 1, -7], "rotate": [2.4524637264701314, 0.8459854236282699, -0.12718931849295909], "SNR": 500000, "name": "2ldb"}