{"loc": [2, -7, -3], "rotate": [2.3213799123807606, 1.6193227467252251, 0.6883155201293828], "SNR": 500000, "name": "2ldb"}