{"loc": [4, -5, 5], "rotate": [2.2810461624012213, 1.4532436721595925, 0.9410848386998801], "SNR": 500000, "name": "2ldb"}