{"loc": [7, -2, 5], "rotate": [2.331845574922372, 0.6839359818921136, 0.1526927335423049], "SNR": 500000, "name": "2ldb"}