{"loc": [-1, 1, 0], "rotate": [2.4710698854894493, 0.819056868027356, 0.3715468387303745], "SNR": 500000, "name": "2ldb"}