{"loc": [6, 1, 6], "rotate": [-2.152892014689889, 1.4304514135439328, -2.1999662776144087], "SNR": 500000, "name": "2ldb"}