{"loc": [-5, 0, -5], "rotate": [2.3571823667452843, 1.2757552692565277, 0.510296088399419], "SNR": 500000, "name": "2ldb"}