{"loc": [-4, 7, -7], "rotate": [-1.021927254951244, 1.688514287565858, 0.75967299237945], "SNR": 500000, "name": "2ldb"}