{"loc": [1, 1, 7], "rotate": [-2.3398933803892694, 1.0025757293977449, -1.9228556867026443], "SNR": 500000, "name": "2ldb"}