{"loc": [-5, 2, 0], "rotate": [2.1360324072635484, 1.572120319272526, 0.477883350632922], "SNR": 500000, "name": "2ldb"}