{"loc": [-2, -1, -1], "rotate": [2.131775141933699, 1.738755237263615, 0.7207803574497202], "SNR": 500000, "name": "2ldb"}