{"loc": [-4, -7, 4], "rotate": [-2.6656638611329115, 1.074451190609842, -1.2677703724098244], "SNR": 500000, "name": "2ldb"}