{"loc": [4, 3, 4], "rotate": [2.484860280015746, 1.7297917624374237, 0.8751376550411332], "SNR": 500000, "name": "2ldb"}