{"loc": [0, 0, 3], "rotate": [2.2504345111146438, 0.9093470573806168, 0.3259650950957595], "SNR": 500000, "name": "2ldb"}