{"loc": [-6, 0, -6], "rotate": [0.5780702325253805, 2.2043252368358193, -2.6569131897321094], "SNR": 500000, "name": "2ldb"}