{"loc": [1, -7, 0], "rotate": [2.443278582038274, 1.099409222817423, 0.6409596251614659], "SNR": 500000, "name": "2ldb"}