{"loc": [-5, 7, 0], "rotate": [2.4294543366851005, 0.9059808300726602, 0.2627984216555886], "SNR": 500000, "name": "2ldb"}