{"loc": [1, -6, 4], "rotate": [-2.459974011680616, 0.7415546806274002, -1.3501943161246204], "SNR": 500000, "name": "2ldb"}