{"loc": [-1, 1, 0], "rotate": [-2.344614683238588, 1.2340114744557265, -2.4086003688123556], "SNR": 500000, "name": "2ldb"}