{"loc": [0, -2, 1], "rotate": [-2.2807946956505734, 0.8380427114277962, -2.097841516906147], "SNR": 500000, "name": "2ldb"}