{"loc": [-5, -7, 6], "rotate": [2.0076201227040085, 1.5223651751685205, 0.7454221118863075], "SNR": 500000, "name": "2ldb"}