{"loc": [0, 6, 0], "rotate": [-2.4683655928626753, 0.529218778960435, -1.3104380856202593], "SNR": 500000, "name": "2ldb"}