{"loc": [6, 6, -7], "rotate": [2.287384073018659, 0.9715089724135029, -0.07884984960507667], "SNR": 500000, "name": "2ldb"}