{"loc": [0, -4, -1], "rotate": [2.792840231733054, 1.0001339312570365, -0.30923410825683195], "SNR": 500000, "name": "2ldb"}