{"loc": [5, 2, -6], "rotate": [2.0703349671886495, 0.8566397226887731, 0.3148364485990666], "SNR": 500000, "name": "2ldb"}