{"loc": [7, -3, 3], "rotate": [3.109594933813524, 0.6363490961416097, -0.7885591366339062], "SNR": 500000, "name": "2ldb"}