{"loc": [-5, 4, -1], "rotate": [2.1238038829343773, 1.2178665565134053, 0.025439076285640013], "SNR": 500000, "name": "2ldb"}