{"loc": [-7, -7, 0], "rotate": [2.2334489413104297, 0.5478807213701882, 0.05476152912393685], "SNR": 500000, "name": "2ldb"}