{"loc": [-4, 0, -4], "rotate": [-3.003439501835939, 0.8038576904579898, -1.0526323128968071], "SNR": 500000, "name": "2ldb"}