{"loc": [-5, -5, -4], "rotate": [-2.9100344010397543, 0.26926589366219383, -1.2001910966624636], "SNR": 500000, "name": "2ldb"}