{"loc": [6, 1, 7], "rotate": [-1.9632014041388846, 1.686472695888006, -2.6791107265584198], "SNR": 500000, "name": "2ldb"}