{"loc": [1, 6, -1], "rotate": [-2.39371452510617, 0.8686484786649745, -1.8457576811611127], "SNR": 500000, "name": "2ldb"}