{"loc": [4, -5, 2], "rotate": [2.848339819812851, 0.7660527813313088, -0.35528045603049174], "SNR": 500000, "name": "2ldb"}