{"loc": [0, 6, 2], "rotate": [2.630520727120124, 0.9299228068256599, 0.051569772673909685], "SNR": 500000, "name": "2ldb"}