{"loc": [6, 1, 0], "rotate": [-1.9863672170057975, 1.7714686160663045, -2.664326156241457], "SNR": 500000, "name": "2ldb"}