{"loc": [7, -7, 6], "rotate": [-2.9588573981664856, 2.2085887369568935, 2.874503711577639], "SNR": 500000, "name": "2ldb"}