{"loc": [-3, 6, -3], "rotate": [1.9159628218875526, 1.446735182328816, 0.014898388990163977], "SNR": 500000, "name": "2ldb"}