{"loc": [-5, 1, 1], "rotate": [-2.360981530965694, 0.7744112250832055, -1.7137579302841015], "SNR": 500000, "name": "2ldb"}