{"loc": [-5, 0, 5], "rotate": [-2.457449292327349, 0.9467373853955124, -1.9283018325522578], "SNR": 500000, "name": "2ldb"}