{"loc": [-7, 7, -1], "rotate": [-2.3767434434118195, 1.339476068346896, -2.122617618967323], "SNR": 500000, "name": "2ldb"}