{"loc": [-4, -4, -5], "rotate": [2.712914969953892, 0.7204472347190085, -0.12197094871962678], "SNR": 500000, "name": "2ldb"}