{"loc": [6, 5, -5], "rotate": [-1.9930157820631853, 1.2742475131412403, -2.2991996050045085], "SNR": 500000, "name": "2ldb"}