{"loc": [-3, 1, 3], "rotate": [-2.640405790439043, 0.7343545045129464, -1.1521529884738695], "SNR": 500000, "name": "2ldb"}