{"loc": [1, -4, 6], "rotate": [2.6288961925067764, 2.498228832480775, 1.4629494096815838], "SNR": 500000, "name": "2ldb"}