{"loc": [-7, 0, 4], "rotate": [2.4432436235540305, 0.534570131991064, -0.014649307484972751], "SNR": 500000, "name": "2ldb"}