{"loc": [3, 2, -3], "rotate": [2.669958025842445, 0.939071129958151, -0.5635027977035514], "SNR": 500000, "name": "2ldb"}