{"loc": [4, 2, 0], "rotate": [-2.411703458728517, 1.1070489884194832, -1.819388847940424], "SNR": 500000, "name": "2ldb"}