{"loc": [-3, 5, 0], "rotate": [3.039736553768077, 0.9469836315736492, -0.35827412035049633], "SNR": 500000, "name": "2ldb"}