{"loc": [-7, 0, 3], "rotate": [-2.4021903213882707, 1.1234902136170084, -2.1401730635013023], "SNR": 500000, "name": "2ldb"}