{"loc": [-3, -5, 0], "rotate": [-2.262050388997413, 2.6826451462740994, -2.933125478765353], "SNR": 500000, "name": "2ldb"}