{"loc": [5, 0, -6], "rotate": [2.5562511824783787, 0.5714671435561101, -0.049556153983863475], "SNR": 500000, "name": "2ldb"}