{"loc": [4, -2, 0], "rotate": [-2.655285082527782, 0.41732821474882204, -1.3507168267493637], "SNR": 500000, "name": "2ldb"}