{"loc": [7, 1, 2], "rotate": [-2.811579007562616, 0.7435379624358534, -1.212045984229919], "SNR": 500000, "name": "2ldb"}