{"loc": [3, -2, 6], "rotate": [-3.065078353303375, 0.9178706217761202, -0.8617289723620477], "SNR": 500000, "name": "2ldb"}