{"loc": [3, -1, 7], "rotate": [2.7131374959246366, 0.5712399496328732, -0.370760995014845], "SNR": 500000, "name": "2ldb"}