{"loc": [-3, 3, 0], "rotate": [-2.268333804316505, 1.076147514133797, -1.5444736091026947], "SNR": 500000, "name": "2ldb"}