{"loc": [0, -4, 1], "rotate": [-2.762978209146669, 0.6794000468763227, -1.006959126358457], "SNR": 500000, "name": "2ldb"}