{"loc": [4, 1, -6], "rotate": [2.953543792112353, 0.599139259361209, -0.4412698712261877], "SNR": 500000, "name": "2ldb"}