{"loc": [0, -2, -5], "rotate": [-2.5803063963223645, 0.16107754504581656, -1.2579053551479757], "SNR": 500000, "name": "2ldb"}