{"loc": [1, 0, -7], "rotate": [2.365955174544348, 1.3417910917341964, 0.09539164377799036], "SNR": 500000, "name": "2ldb"}