{"loc": [1, -6, 1], "rotate": [-2.2400047830472287, 1.1845342243860844, -1.8902590475190553], "SNR": 500000, "name": "2ldb"}