{"loc": [4, -4, 0], "rotate": [2.170886987468132, 2.5277089298962947, 1.1900939159593746], "SNR": 500000, "name": "2ldb"}