{"loc": [3, 5, -6], "rotate": [-2.868235497485155, 0.3928588172135775, -0.8319562128428483], "SNR": 500000, "name": "2ldb"}