{"loc": [1, 1, 3], "rotate": [2.329575177304881, 0.771450585150454, -0.19240528981836846], "SNR": 500000, "name": "2ldb"}