{"loc": [-4, 0, -7], "rotate": [2.1508434065514064, 1.680765721921213, 1.2817555797036144], "SNR": 500000, "name": "2ldb"}