{"loc": [5, 5, -5], "rotate": [-2.0011233555605275, 1.4215766808353831, -2.1021671594576254], "SNR": 500000, "name": "2ldb"}