{"loc": [1, 2, -6], "rotate": [2.9879185604549368, 0.3686246956083466, -0.7512335917623288], "SNR": 500000, "name": "2ldb"}