{"loc": [-5, -5, 5], "rotate": [2.2414908541828553, 0.9521970481888774, 0.35611708164832623], "SNR": 500000, "name": "2ldb"}