{"loc": [-4, 1, -4], "rotate": [2.901910713694056, 0.8177256718939455, -0.38217478332052424], "SNR": 500000, "name": "2ldb"}