{"loc": [7, -6, -1], "rotate": [-2.964541848965348, 0.5494423945285876, -1.2040883689954014], "SNR": 500000, "name": "2ldb"}