{"loc": [7, -2, 6], "rotate": [2.729905184286207, 2.0451317327802587, 1.4484684166801822], "SNR": 500000, "name": "2ldb"}