{"loc": [-1, -5, 4], "rotate": [-2.488957357110509, 0.9529649511417486, -1.2926018202479814], "SNR": 500000, "name": "2ldb"}