{"loc": [2, 6, 0], "rotate": [2.2632081026698394, 1.563453544950794, 1.2663903719029952], "SNR": 500000, "name": "2ldb"}