{"loc": [-5, 5, -3], "rotate": [2.979224390619201, 0.9914463356069588, -0.5222305185513999], "SNR": 500000, "name": "2ldb"}