{"loc": [2, 2, 3], "rotate": [-2.3790376160042133, 0.5911504728451121, -1.558268458839149], "SNR": 500000, "name": "2ldb"}