{"loc": [-1, -2, -2], "rotate": [2.3610865556194622, 1.7404796310257666, 0.9901945657725857], "SNR": 500000, "name": "2ldb"}