{"loc": [5, -6, -7], "rotate": [2.8841383174958395, 0.6112656301486561, -0.7688846506993634], "SNR": 500000, "name": "2ldb"}