{"loc": [-2, -7, 0], "rotate": [2.383873798788738, 1.2233733167169971, 0.15266492200270038], "SNR": 500000, "name": "2ldb"}