{"loc": [7, -2, 6], "rotate": [-2.547645712647472, 0.9371889126145683, -2.1090217219700835], "SNR": 500000, "name": "2ldb"}