{"loc": [6, -6, -1], "rotate": [-3.110603156013848, 2.336494268316463, 2.436338828320413], "SNR": 500000, "name": "2ldb"}