{"loc": [-2, 2, 2], "rotate": [2.910918788362547, 0.856842259091106, 0.019310025820019068], "SNR": 500000, "name": "2ldb"}