{"loc": [-1, -7, -2], "rotate": [-2.573537844897372, 0.862998657295558, -1.525470248471275], "SNR": 500000, "name": "2ldb"}