{"loc": [2, 3, -6], "rotate": [2.83623282484307, 0.6076639914996347, -0.3341867911641342], "SNR": 500000, "name": "2ldb"}