{"loc": [-4, -7, 0], "rotate": [2.5231707861079506, 0.8697207794784007, 0.14228970024944418], "SNR": 500000, "name": "2ldb"}