{"loc": [5, -4, -6], "rotate": [2.6567023953840816, 0.8886980795982339, -0.15457598912919226], "SNR": 500000, "name": "2ldb"}