{"loc": [2, -2, 3], "rotate": [-2.944363759708199, 0.9483070982230349, -0.6618066882021317], "SNR": 500000, "name": "2ldb"}