{"loc": [6, 2, 7], "rotate": [-2.099619092250019, 1.5629539754322916, -1.8282672625557483], "SNR": 500000, "name": "2ldb"}