{"loc": [-4, -5, -3], "rotate": [2.1171564335834283, 1.600988614108772, 0.6431371384826214], "SNR": 500000, "name": "2ldb"}