{"loc": [-3, -5, -5], "rotate": [2.1552422224439, 1.3920954112542179, 1.0779176171809706], "SNR": 500000, "name": "2ldb"}