{"loc": [4, 2, -6], "rotate": [2.902754267017303, 0.8831850621800708, -0.3323204008953344], "SNR": 500000, "name": "2ldb"}