{"loc": [4, 3, -4], "rotate": [2.5160695231054278, 2.908851315800416, 1.7734921404886195], "SNR": 500000, "name": "2ldb"}