{"loc": [2, 4, 1], "rotate": [-2.3351039073351596, 0.6492051827805481, -2.0223948769889883], "SNR": 500000, "name": "2ldb"}