{"loc": [-2, -6, -1], "rotate": [2.3432553045248157, 1.1588254349962481, 0.40945266966729676], "SNR": 500000, "name": "2ldb"}