{"loc": [-5, -4, 2], "rotate": [2.893002157181934, 1.3433048968239516, -0.0021302436641443038], "SNR": 500000, "name": "2ldb"}