{"loc": [3, 0, 3], "rotate": [-2.8053519715344666, 0.5895437906578792, -1.0625290008364239], "SNR": 500000, "name": "2ldb"}