{"loc": [7, -7, 4], "rotate": [-2.154672537440438, 1.072960312030064, -1.6300214174508976], "SNR": 500000, "name": "2ldb"}