{"loc": [-3, -4, 4], "rotate": [-3.076898345628721, 0.7701741793937011, -0.4832888426911458], "SNR": 500000, "name": "2ldb"}