{"loc": [0, 2, -6], "rotate": [2.6824228932554965, 2.3198332080894684, 1.1835513060433407], "SNR": 500000, "name": "2ldb"}