{"loc": [4, 6, 1], "rotate": [1.8289405648791386, 1.4130695589321407, 0.7848110069024622], "SNR": 500000, "name": "2ldb"}