{"loc": [-3, 5, 0], "rotate": [-2.9407840194552732, 0.9638975699650619, -1.1054578023940236], "SNR": 500000, "name": "2ldb"}