{"loc": [-5, -2, 4], "rotate": [-2.4444492341633395, 0.8545152519651275, -1.574984442713595], "SNR": 500000, "name": "2ldb"}