{"loc": [0, -2, 1], "rotate": [2.4037741822776484, 0.9358694176243403, 0.47297806116617946], "SNR": 500000, "name": "2ldb"}