{"loc": [-7, 3, -5], "rotate": [2.2638966004880494, 0.9531798534749524, 0.6062627881381419], "SNR": 500000, "name": "2ldb"}