{"loc": [-1, 7, 2], "rotate": [-2.89154406466713, 0.8219179871275201, -1.1478306415856465], "SNR": 500000, "name": "2ldb"}