{"loc": [-1, -6, 7], "rotate": [2.646451280377471, 0.5636288402267263, -0.19650170810594444], "SNR": 500000, "name": "2ldb"}