{"loc": [-3, 5, 3], "rotate": [-1.9368899808952462, 1.6021182627753963, -2.3056395143992616], "SNR": 500000, "name": "2ldb"}