{"loc": [6, 6, -6], "rotate": [-2.5720180646802286, 1.2927886448238153, -1.66363397079857], "SNR": 500000, "name": "2ldb"}