{"loc": [0, -2, -1], "rotate": [2.6389565517642692, 0.8083633843659083, -0.2781222658816053], "SNR": 500000, "name": "2ldb"}