{"loc": [2, 7, 1], "rotate": [3.0648369363803636, 2.4460049094142233, 1.9577598643684377], "SNR": 500000, "name": "2ldb"}