{"loc": [0, 0, 3], "rotate": [2.457996133918267, 2.373037781998166, 1.5706183821572488], "SNR": 500000, "name": "2ldb"}