{"loc": [-3, 4, 2], "rotate": [2.3203333813848372, 1.5462025387533884, 0.6094569883612962], "SNR": 500000, "name": "2ldb"}