{"loc": [0, 2, 1], "rotate": [2.055019704199975, 1.6838201029040598, 1.017237140704635], "SNR": 500000, "name": "2ldb"}