{"loc": [-2, 2, 0], "rotate": [-2.979003620198879, 0.5058285994874151, -1.4140447322402832], "SNR": 500000, "name": "2ldb"}