{"loc": [-2, 2, 5], "rotate": [2.0563413315463395, 1.2798259623004895, 0.9103804264849018], "SNR": 500000, "name": "2ldb"}