{"loc": [-1, -5, 7], "rotate": [2.9454469051608037, 0.7871928569366242, -0.2537591039302726], "SNR": 500000, "name": "2ldb"}