{"loc": [6, 0, 3], "rotate": [2.815326339091187, 0.5199279810991995, -0.2572362601266738], "SNR": 500000, "name": "2ldb"}