{"loc": [-7, 0, 6], "rotate": [-1.8866908840701646, 1.1265994361076925, -2.169558427571315], "SNR": 500000, "name": "2ldb"}