{"loc": [1, 4, 3], "rotate": [-2.9321600645801156, 0.851905642526576, -1.2078858914042414], "SNR": 500000, "name": "2ldb"}