{"loc": [1, 1, 6], "rotate": [2.184483836591947, 1.4098962713911827, 0.505040062318789], "SNR": 500000, "name": "2ldb"}