{"loc": [5, 0, 5], "rotate": [2.7564470996329278, 1.7400105673490847, 1.2788486584385141], "SNR": 500000, "name": "2ldb"}