{"loc": [3, 7, -7], "rotate": [-0.18055143804112217, 2.8289818641560336, 1.9829687492035084], "SNR": 500000, "name": "2ldb"}