{"loc": [2, -1, 5], "rotate": [2.4569240423522265, 0.9393674215005325, 0.4467705292346559], "SNR": 500000, "name": "2ldb"}