{"loc": [-7, 3, -1], "rotate": [2.3386053497838692, 1.9992209391256526, 1.326544102575983], "SNR": 500000, "name": "2ldb"}