{"loc": [7, -4, 3], "rotate": [-2.2407879799059547, 1.3025680006554272, -2.201817916690115], "SNR": 500000, "name": "2ldb"}