{"loc": [-2, -1, -5], "rotate": [3.0048852490038476, 0.8824915714740365, -0.7655093763633992], "SNR": 500000, "name": "2ldb"}