{"loc": [2, -7, 5], "rotate": [1.996739829885385, 1.1570029471241399, 0.43780033071200586], "SNR": 500000, "name": "2ldb"}