{"loc": [0, -3, 4], "rotate": [1.8464858080079412, 1.0496395580875866, 0.1746024974078496], "SNR": 500000, "name": "2ldb"}