{"loc": [-3, -2, 0], "rotate": [2.687717057969241, 0.6738442585035658, 0.09577890133470571], "SNR": 500000, "name": "2ldb"}