{"loc": [3, -3, -4], "rotate": [-2.046012431298498, 1.019783032409348, -1.8745187768256208], "SNR": 500000, "name": "2ldb"}