{"loc": [5, 2, 2], "rotate": [2.6951668682578784, 0.6568799379165234, -0.5360093398923302], "SNR": 500000, "name": "2ldb"}