{"loc": [0, 0, -5], "rotate": [-2.1149826945605628, 0.8866208616706742, -1.8568418080869324], "SNR": 500000, "name": "2ldb"}