{"loc": [-4, -5, -3], "rotate": [-0.9391429314691319, 1.4275280338724967, 0.760743341948217], "SNR": 500000, "name": "2ldb"}