{"loc": [-2, 5, -3], "rotate": [-2.585216938060496, 0.2594752628321299, -1.7898072096493423], "SNR": 500000, "name": "2ldb"}