{"loc": [1, 5, 7], "rotate": [1.7756174239884654, 1.9997017650205275, 0.6383103912916127], "SNR": 500000, "name": "2ldb"}