{"loc": [2, -5, -7], "rotate": [2.2899075255363477, 1.0122311412051268, 0.02822554476981008], "SNR": 500000, "name": "2ldb"}