{"loc": [-3, -6, -2], "rotate": [2.616216455673072, 0.8659366281521486, -0.09366372596393115], "SNR": 500000, "name": "2ldb"}