{"loc": [6, -2, 0], "rotate": [2.173235770869586, 1.0726133224692684, 0.5188632971140759], "SNR": 500000, "name": "2ldb"}