{"loc": [7, -5, 4], "rotate": [-2.47869522813874, 0.9813355219596911, -1.610664796235681], "SNR": 500000, "name": "2ldb"}