{"loc": [3, 0, -5], "rotate": [2.7246987798829663, 1.445959574242102, -0.04514932905220724], "SNR": 500000, "name": "2ldb"}