{"loc": [-2, -1, 2], "rotate": [-2.34404429214271, 0.8967518688517594, -1.5568448947100892], "SNR": 500000, "name": "2ldb"}