{"loc": [0, 7, 3], "rotate": [-2.7034615951934855, 0.6322413654485579, -1.714788481087642], "SNR": 500000, "name": "2ldb"}