{"loc": [-3, 6, -3], "rotate": [-2.7891414126734553, 2.621420591705462, 2.7833905561225807], "SNR": 500000, "name": "2ldb"}