{"loc": [3, 4, 0], "rotate": [3.1379181973278776, 0.8179207257988766, -1.1199007002098387], "SNR": 500000, "name": "2ldb"}