{"loc": [1, -4, 7], "rotate": [2.4028703151698023, 2.570918148555191, 1.1068739494987636], "SNR": 500000, "name": "2ldb"}