{"loc": [3, 7, -1], "rotate": [2.3199011753697745, 1.3402637490684044, 0.5170565012133436], "SNR": 500000, "name": "2ldb"}