{"loc": [-5, -1, -5], "rotate": [-2.0784352496883707, 0.8709342700193979, -1.9868097426509115], "SNR": 500000, "name": "2ldb"}