{"loc": [0, 5, -2], "rotate": [2.1465518999722053, 1.660914814373113, 0.8525658093244637], "SNR": 500000, "name": "2ldb"}