{"loc": [-3, 2, 0], "rotate": [-2.4368994737841176, 1.1597462647705055, -1.8991256070769647], "SNR": 500000, "name": "2ldb"}