{"loc": [-3, 5, -3], "rotate": [2.925666370787062, 0.7177173888161702, -0.7527383699304316], "SNR": 500000, "name": "2ldb"}