{"loc": [0, 4, -4], "rotate": [-2.602362656276635, 1.121011659362083, -2.1290597560617006], "SNR": 500000, "name": "2ldb"}