{"loc": [6, 1, -5], "rotate": [-2.0048676644980623, 1.4154596675379543, -2.2707021647068544], "SNR": 500000, "name": "2ldb"}