{"loc": [4, -7, 1], "rotate": [3.046384065888764, 0.433551644409153, -0.4998952437114352], "SNR": 500000, "name": "2ldb"}