{"loc": [0, 3, -2], "rotate": [2.565684303715624, 2.3450196276039668, 1.8170203936835891], "SNR": 500000, "name": "2ldb"}