{"loc": [2, 0, 4], "rotate": [2.1756249200722415, 2.1142563766146756, 0.8003575168386272], "SNR": 500000, "name": "2ldb"}