{"loc": [0, -1, 5], "rotate": [2.184368924374368, 1.5564619104405146, 0.7630069703942111], "SNR": 500000, "name": "2ldb"}