{"loc": [-1, 6, 2], "rotate": [2.2772879685902896, 1.4165042950299562, 0.6750356071602251], "SNR": 500000, "name": "2ldb"}