{"loc": [-4, 5, -2], "rotate": [1.9671824920983354, 0.7823554919628248, 0.05541374913146563], "SNR": 500000, "name": "2ldb"}