{"loc": [7, 1, -2], "rotate": [-2.2810127131151177, 1.9006097796880448, -2.6052741386739022], "SNR": 500000, "name": "2ldb"}