{"loc": [0, -7, -2], "rotate": [2.4194003535689137, 1.0253455565907226, 0.04504385129090498], "SNR": 500000, "name": "2ldb"}