{"loc": [-1, 7, -5], "rotate": [2.6781035310985604, 1.3137531087272356, 0.2549250966303825], "SNR": 500000, "name": "2ldb"}