{"loc": [-3, 4, -3], "rotate": [2.3090922599352126, 1.6906391590740668, 0.5183938703677614], "SNR": 500000, "name": "2ldb"}