{"loc": [-5, 7, 5], "rotate": [-2.6901202303522553, 0.6595036484616854, -1.4803788437054122], "SNR": 500000, "name": "2ldb"}