{"loc": [-1, -3, -4], "rotate": [2.1749797062404967, 1.297345470124277, 0.4735061613862328], "SNR": 500000, "name": "2ldb"}