{"loc": [0, 7, -3], "rotate": [-2.028316784399339, 1.1095886893297653, -2.1193451383520343], "SNR": 500000, "name": "2ldb"}