{"loc": [5, 5, -1], "rotate": [2.120798551270049, 2.139444437891921, 0.9706010585771216], "SNR": 500000, "name": "2ldb"}