{"loc": [2, 1, -5], "rotate": [2.0094079630046906, 1.472230258434916, 0.3755791654024565], "SNR": 500000, "name": "2ldb"}