{"loc": [-4, 0, -7], "rotate": [2.5153141371877217, 0.9047101732301507, 0.33559525774319215], "SNR": 500000, "name": "2ldb"}