{"loc": [0, 5, 2], "rotate": [2.22699378758938, 0.9245538334154959, 0.2932883152015471], "SNR": 500000, "name": "2ldb"}