{"loc": [-2, 3, 1], "rotate": [2.382994833275373, 1.9482064732472915, 1.024131396842921], "SNR": 500000, "name": "2ldb"}