{"loc": [0, -2, -1], "rotate": [-2.1037110097032317, 1.5657537688089236, -2.0345316616185745], "SNR": 500000, "name": "2ldb"}