{"loc": [-5, -7, 6], "rotate": [2.1140300075377456, 0.6456320188324449, -0.09072831922584049], "SNR": 500000, "name": "2ldb"}