{"loc": [5, -1, -3], "rotate": [-2.0393098446102877, 1.058261648384529, -2.148038830713068], "SNR": 500000, "name": "2ldb"}