{"loc": [2, 1, 4], "rotate": [-2.500668471271699, 1.0975071291055114, -1.568902246286253], "SNR": 500000, "name": "2ldb"}