{"loc": [0, 4, 4], "rotate": [-2.7446980503758533, 0.4463174055173254, -1.3200521568944195], "SNR": 500000, "name": "2ldb"}