{"loc": [3, 6, -6], "rotate": [-2.136367079711847, 1.477997204621317, -2.53994198539226], "SNR": 500000, "name": "2ldb"}