{"loc": [-5, -3, 1], "rotate": [2.751463163342502, 0.6563031379486716, -0.2634043751101042], "SNR": 500000, "name": "2ldb"}