{"loc": [6, -3, -6], "rotate": [2.688756796762754, 1.231317076922778, 0.3974841275157216], "SNR": 500000, "name": "2ldb"}