{"loc": [-4, -3, 0], "rotate": [2.08936181438007, 0.21764826948092525, 0.2478678537971104], "SNR": 500000, "name": "2ldb"}