{"loc": [-2, 0, -5], "rotate": [2.9938709083533324, 0.7696742146342775, -0.9265899644539276], "SNR": 500000, "name": "2ldb"}