{"loc": [7, 4, -4], "rotate": [2.4409160244160737, 1.1212658295277065, 0.2370609237909273], "SNR": 500000, "name": "2ldb"}