{"loc": [3, -4, 5], "rotate": [2.2032052494486853, 1.89233821594533, 0.9934783325198786], "SNR": 500000, "name": "2ldb"}