{"loc": [-2, 0, -2], "rotate": [2.3915826705526233, 2.0933944819532835, 0.9765387035479888], "SNR": 500000, "name": "2ldb"}