{"loc": [2, 0, 2], "rotate": [-1.971512819168716, 1.6389638419244101, -2.3402910903103114], "SNR": 500000, "name": "2ldb"}