{"loc": [7, -5, 5], "rotate": [2.312977442383594, 1.373905723217067, 0.7278555072979047], "SNR": 500000, "name": "2ldb"}