{"loc": [1, 5, 1], "rotate": [-2.9415806328863625, 0.9547251050898292, -0.7064483939973533], "SNR": 500000, "name": "2ldb"}