{"loc": [1, 0, 1], "rotate": [-2.200311299525876, 0.720771762509164, -2.316688493438662], "SNR": 500000, "name": "2ldb"}