{"loc": [3, -4, 0], "rotate": [2.2240654266886675, 1.8604676994537965, 1.2259442609384306], "SNR": 500000, "name": "2ldb"}