{"loc": [0, -1, -4], "rotate": [-2.9051269027480933, 0.6544994032859089, -1.2381997780089649], "SNR": 500000, "name": "2ldb"}