{"loc": [2, -3, -1], "rotate": [2.085627619236452, 1.6418595963028828, 0.8753046733674247], "SNR": 500000, "name": "2ldb"}