{"loc": [3, 1, -1], "rotate": [-2.837839995978236, 1.029293595242053, -1.4891075710047201], "SNR": 500000, "name": "2ldb"}