{"loc": [-5, -5, 1], "rotate": [2.3974039050851754, 0.9802754014180943, 0.6814119507985751], "SNR": 500000, "name": "2ldb"}