{"loc": [-7, -6, -7], "rotate": [-2.5994897363531404, 2.2298451313357215, -2.953381212361032], "SNR": 500000, "name": "2ldb"}