{"loc": [-5, 0, -3], "rotate": [2.244448793574531, 1.1586756945120948, 0.602962253292101], "SNR": 500000, "name": "2ldb"}