{"loc": [-3, -7, 0], "rotate": [-2.1806637788072614, 2.04509468648519, -2.7598507942759722], "SNR": 500000, "name": "2ldb"}