{"loc": [6, -7, 4], "rotate": [1.8395911079743823, 1.5537525819375613, 0.4986219947079337], "SNR": 500000, "name": "2ldb"}