{"loc": [-1, 5, -6], "rotate": [-2.908693353597861, 0.4860417213499543, -0.9917350863871168], "SNR": 500000, "name": "2ldb"}