{"loc": [2, 1, 6], "rotate": [2.21668802887007, 1.0456843261542765, 0.18089343329404084], "SNR": 500000, "name": "2ldb"}