{"loc": [2, 5, 3], "rotate": [-2.9307101338371853, 0.9153530707674677, -0.9360598940264581], "SNR": 500000, "name": "2ldb"}