{"loc": [-3, 2, -2], "rotate": [-2.623459417604233, 0.7727809002564793, -1.696001717317736], "SNR": 500000, "name": "2ldb"}