{"loc": [-7, 3, -4], "rotate": [2.8387986932704274, 0.9015924639697787, -0.30894730490432104], "SNR": 500000, "name": "2ldb"}