{"loc": [1, -7, 3], "rotate": [2.3248338881873307, 1.3608296367098602, 0.8624575605291624], "SNR": 500000, "name": "2ldb"}