{"loc": [0, 5, -5], "rotate": [2.1699482268448866, 1.703616426608472, 0.9118152706472742], "SNR": 500000, "name": "2ldb"}