{"loc": [3, 6, 0], "rotate": [-2.157391373027182, 1.6795260523977056, -2.3888723580684528], "SNR": 500000, "name": "2ldb"}