{"loc": [4, -3, -6], "rotate": [2.292161829858796, 1.0647086749002723, 0.40720019053018885], "SNR": 500000, "name": "2ldb"}