{"loc": [7, -5, -1], "rotate": [-2.2006050910925485, 0.8257142410110002, -1.5649516697255161], "SNR": 500000, "name": "2ldb"}