{"loc": [-2, 4, 6], "rotate": [2.1091497908719266, 1.5307475641350758, 0.611652632977248], "SNR": 500000, "name": "2ldb"}