{"loc": [2, 2, 2], "rotate": [2.5287072028544277, 0.5570999191501705, -0.05635609627776591], "SNR": 500000, "name": "2ldb"}