{"loc": [6, -5, 6], "rotate": [2.1119735115436558, 1.6908910532198285, 0.7841023857317502], "SNR": 500000, "name": "2ldb"}