{"loc": [6, -1, -1], "rotate": [-2.2000354587228528, 1.4062385558628083, -2.2102316916770195], "SNR": 500000, "name": "2ldb"}