{"loc": [6, 7, -6], "rotate": [-2.2141082836800368, 0.5486299462385541, -1.7418209833327327], "SNR": 500000, "name": "2ldb"}