{"loc": [-4, -6, -6], "rotate": [-2.3107513842656537, 0.883580022903544, -2.0645336410859945], "SNR": 500000, "name": "2ldb"}