{"loc": [-5, 7, -5], "rotate": [2.6511546995960016, 2.2726694007207304, 1.4153041680593033], "SNR": 500000, "name": "2ldb"}