{"loc": [1, 6, 1], "rotate": [3.0169561943440635, 1.1030155721371389, -0.2846421948518744], "SNR": 500000, "name": "2ldb"}