{"loc": [-2, -2, -5], "rotate": [-2.2226139891251613, 0.7293938638252075, -1.984854794845387], "SNR": 500000, "name": "2ldb"}