{"loc": [2, -1, 7], "rotate": [2.5000999461900593, 1.5122353947578322, 0.23659447482522436], "SNR": 500000, "name": "2ldb"}