{"loc": [1, 2, 7], "rotate": [-2.4418154200630537, 1.33336314115122, -2.006815408205222], "SNR": 500000, "name": "2ldb"}