{"loc": [2, 1, -2], "rotate": [2.1449374677857835, 1.333844939808239, 0.4162862194867377], "SNR": 500000, "name": "2ldb"}