{"loc": [-1, 4, 2], "rotate": [-0.14686484104433833, 0.40730783995141295, -1.175468718444399], "SNR": 500000, "name": "2ldb"}