{"loc": [5, 3, 6], "rotate": [-2.8623143695424957, 0.6055452889977775, -1.1049379845392517], "SNR": 500000, "name": "2ldb"}