{"loc": [3, -2, 0], "rotate": [2.3591409796355443, 1.8412698416060413, 0.6674606989996629], "SNR": 500000, "name": "2ldb"}