{"loc": [2, 0, 6], "rotate": [2.755420695279639, 2.320244814620099, 2.0858351458043076], "SNR": 500000, "name": "2ldb"}