{"loc": [-5, 0, 6], "rotate": [2.0780753338666615, 1.5296500808584446, 0.6637366125868036], "SNR": 500000, "name": "2ldb"}