{"loc": [0, 5, -6], "rotate": [-2.2512052482873437, 1.4166134213610815, -2.254002816195693], "SNR": 500000, "name": "2ldb"}