{"loc": [1, 7, 3], "rotate": [3.1300600347812035, 0.7189243023392894, -1.0738979117486709], "SNR": 500000, "name": "2ldb"}