{"loc": [-1, 5, 0], "rotate": [2.9562672591391315, 0.6782579174259927, -0.802396994049668], "SNR": 500000, "name": "2ldb"}