{"loc": [-7, 6, 3], "rotate": [-0.6358991620872446, 2.088508837928813, 1.0427250987979968], "SNR": 500000, "name": "2ldb"}