{"loc": [7, 1, -1], "rotate": [2.380432553391337, 1.7604878129857933, 0.8230421068324236], "SNR": 500000, "name": "2ldb"}