{"loc": [2, -5, 4], "rotate": [2.6689493369550084, 0.5233056117675708, -0.13538882386587509], "SNR": 500000, "name": "2ldb"}