{"loc": [2, 0, 6], "rotate": [-1.8979423336608816, 0.3532077152648979, -2.6556156568574685], "SNR": 500000, "name": "2ldb"}