{"loc": [-7, 1, 4], "rotate": [-2.1528978574115536, 1.0180463044384414, -1.8525235449594777], "SNR": 500000, "name": "2ldb"}