{"loc": [-2, -7, 6], "rotate": [2.3691706200994953, 2.1551695760686034, 0.988344149547255], "SNR": 500000, "name": "2ldb"}