{"loc": [-7, -4, -2], "rotate": [2.304090103671285, 1.2476060527226476, 0.019677649390578013], "SNR": 500000, "name": "2ldb"}