{"loc": [0, -5, 5], "rotate": [2.221177746631091, 1.924774306757691, 1.3186299920216287], "SNR": 500000, "name": "2ldb"}