{"loc": [1, -5, -4], "rotate": [2.0038256879399023, 1.709404255189307, 0.7022341992266917], "SNR": 500000, "name": "2ldb"}