{"loc": [5, -5, 7], "rotate": [2.4434294710825197, 1.6936625468993842, 1.3180727239075063], "SNR": 500000, "name": "2ldb"}