{"loc": [-6, 7, 0], "rotate": [-3.1134542772134526, 0.8115156027830949, -0.7744941758520578], "SNR": 500000, "name": "2ldb"}