{"loc": [4, -7, -3], "rotate": [-2.292161378526028, 0.37212451744430364, -1.3724484513464785], "SNR": 500000, "name": "2ldb"}