{"loc": [3, -1, 4], "rotate": [2.3030856165416305, 1.7788951245633247, 0.6965412690322177], "SNR": 500000, "name": "2ldb"}