{"loc": [4, -3, -6], "rotate": [2.161536621904805, 1.931070390119653, 0.9461882012032422], "SNR": 500000, "name": "2ldb"}