{"loc": [3, 0, 0], "rotate": [-2.325030227690435, 1.341540112743457, -2.2065469938492646], "SNR": 500000, "name": "2ldb"}