{"loc": [3, -3, -4], "rotate": [2.0481959332652315, 1.7130202047481327, 0.8584952944767275], "SNR": 500000, "name": "2ldb"}