{"loc": [-7, 1, 0], "rotate": [2.4011586773204945, 0.7272367242279016, 0.14197566830290112], "SNR": 500000, "name": "2ldb"}