{"loc": [-4, 2, -4], "rotate": [-1.785422907617502, 1.2862009609720892, -2.2544393306015764], "SNR": 500000, "name": "2ldb"}