{"loc": [-4, 6, 1], "rotate": [-2.3460785242195836, 1.2211198470668954, -2.1373436154036463], "SNR": 500000, "name": "2ldb"}