{"loc": [-5, 6, -5], "rotate": [2.412288597664417, 0.804944254473015, 0.6070045475369128], "SNR": 500000, "name": "2ldb"}