{"loc": [-1, 5, -1], "rotate": [-1.9956264508660773, 1.391233803368417, -2.243366018489632], "SNR": 500000, "name": "2ldb"}