{"loc": [-6, 3, -6], "rotate": [-3.0837297157875354, 0.6922259559436593, -0.4443537285742029], "SNR": 500000, "name": "2ldb"}