{"loc": [7, -5, -5], "rotate": [2.152838305456641, 0.9891521972493004, 0.7266103234112146], "SNR": 500000, "name": "2ldb"}