{"loc": [2, 4, 2], "rotate": [2.418298706293458, 0.7456068500372809, 0.5087896237992112], "SNR": 500000, "name": "2ldb"}