{"loc": [-4, 5, 1], "rotate": [2.7765634325493163, 1.1922306397875715, -0.2045300683229835], "SNR": 500000, "name": "2ldb"}