{"loc": [-7, 7, -3], "rotate": [2.0745358981674276, 0.9984715536933836, 0.6141377300046489], "SNR": 500000, "name": "2ldb"}