{"loc": [0, 2, 1], "rotate": [-2.1003296738770083, 1.2403043546895456, -1.690236341259499], "SNR": 500000, "name": "2ldb"}