{"loc": [-5, 5, 6], "rotate": [-2.153247514066197, 1.1144024014645553, -2.107740111461055], "SNR": 500000, "name": "2ldb"}