{"loc": [6, 6, 0], "rotate": [2.598250900357914, 1.0960790014892305, 0.38326169043499464], "SNR": 500000, "name": "2ldb"}