{"loc": [-5, 3, 6], "rotate": [2.1968732608955315, 1.5801792221623998, 0.7756639570320978], "SNR": 500000, "name": "2ldb"}