{"loc": [3, -2, -5], "rotate": [-2.741811835121034, 0.8172810445645828, -1.6443430650830801], "SNR": 500000, "name": "2ldb"}