{"loc": [1, 2, -7], "rotate": [2.593191977849411, 1.4731913973034159, 0.5400002447634543], "SNR": 500000, "name": "2ldb"}