{"loc": [7, 4, 0], "rotate": [-2.1887623234583553, 1.2059948513465415, -2.4700602898441066], "SNR": 500000, "name": "2ldb"}