{"loc": [0, -7, -3], "rotate": [-2.8920139639178766, 0.3844035328821597, -1.3809344816140188], "SNR": 500000, "name": "2ldb"}