{"loc": [0, -1, -7], "rotate": [2.636810157505363, 0.4289451454568827, -0.40211106638325833], "SNR": 500000, "name": "2ldb"}