{"loc": [7, -2, -1], "rotate": [2.3109018689393346, 1.544778946299305, 0.5455946635459727], "SNR": 500000, "name": "2ldb"}