{"loc": [6, -1, 0], "rotate": [2.5376415153778225, 1.165992642129746, 0.4678265226423472], "SNR": 500000, "name": "2ldb"}