{"loc": [1, -2, 1], "rotate": [-2.5935668891683594, 0.7409017870220235, -1.392571482897812], "SNR": 500000, "name": "2ldb"}