{"loc": [7, 4, -1], "rotate": [1.8882086308678456, 0.9655913953736966, 0.6132372619406808], "SNR": 500000, "name": "2ldb"}