{"loc": [0, -6, 6], "rotate": [2.250917039604796, 0.6307493244408293, 0.09337838207493523], "SNR": 500000, "name": "2ldb"}