{"loc": [0, 3, 5], "rotate": [-3.119448143498543, 0.6745093491303736, -0.41027959459297136], "SNR": 500000, "name": "2ldb"}