{"loc": [3, -7, 1], "rotate": [-2.3638078343521656, 0.8207065914212758, -1.9824408552634725], "SNR": 500000, "name": "2ldb"}