{"loc": [1, 0, -7], "rotate": [-2.7666566294995736, 2.4367876983579895, 3.103899597364332], "SNR": 500000, "name": "2ldb"}