{"loc": [4, -3, 5], "rotate": [2.2839664942921227, 1.2221311161766966, 0.7361618710603405], "SNR": 500000, "name": "2ldb"}