{"loc": [-7, 0, 3], "rotate": [2.2621353714791432, 1.4022253820483768, 0.8256712792439965], "SNR": 500000, "name": "2ldb"}