{"loc": [3, -5, 0], "rotate": [2.081031171320075, 1.4625067538281777, 0.6039670684438848], "SNR": 500000, "name": "2ldb"}