{"loc": [-5, -3, 2], "rotate": [-2.350070135286531, 0.5975289442019401, -1.6780964341168751], "SNR": 500000, "name": "2ldb"}