{"loc": [-2, -4, 6], "rotate": [2.2404773638721136, 0.8126195418024934, 0.3601930378517947], "SNR": 500000, "name": "2ldb"}