{"loc": [4, -2, 2], "rotate": [-2.371817000855335, 1.2332717685017427, -1.571649103149967], "SNR": 500000, "name": "2ldb"}