{"loc": [5, 2, 0], "rotate": [2.233032887407402, 1.4802361529920374, 1.1958104282515187], "SNR": 500000, "name": "2ldb"}