{"loc": [0, -2, -7], "rotate": [2.7538737669342073, 0.9906450511350954, 0.1942187088824825], "SNR": 500000, "name": "2ldb"}