{"loc": [0, -1, -2], "rotate": [-2.3827135822244743, 0.797359220062311, -1.778944316269416], "SNR": 500000, "name": "2ldb"}