{"loc": [-2, -3, 6], "rotate": [2.029737198439452, 1.2906682370430076, 0.5230520181766486], "SNR": 500000, "name": "2ldb"}