{"loc": [-7, -3, 1], "rotate": [-2.253394611700419, 0.988573990734054, -1.445061783370299], "SNR": 500000, "name": "2ldb"}