{"loc": [6, 2, 7], "rotate": [1.9582950102449719, 0.9284797939641194, 0.47867930226146266], "SNR": 500000, "name": "2ldb"}