{"loc": [-1, 6, 3], "rotate": [-2.156082339071127, 1.6423918924388532, -2.413210449582589], "SNR": 500000, "name": "2ldb"}