{"loc": [-5, 7, 6], "rotate": [-1.9517712167781316, 0.64958728548459, -2.210014923810586], "SNR": 500000, "name": "2ldb"}