{"loc": [-5, -6, 5], "rotate": [2.776828191763581, 0.7955936258343722, -0.17941869988498604], "SNR": 500000, "name": "2ldb"}