{"loc": [-2, 6, -5], "rotate": [2.9435525497029635, 0.19821936601365894, -0.2890658099313247], "SNR": 500000, "name": "2ldb"}