{"loc": [1, 6, 6], "rotate": [2.4941872372804905, 1.6224277187796066, 1.2878837667701077], "SNR": 500000, "name": "2ldb"}