{"loc": [2, -5, 0], "rotate": [2.7675367902890664, 0.6227892430054327, -0.38011738741293327], "SNR": 500000, "name": "2ldb"}