{"loc": [-7, -6, 7], "rotate": [2.411157361928427, 0.6711327407077158, -0.1979669956311969], "SNR": 500000, "name": "2ldb"}