{"loc": [4, 4, -4], "rotate": [2.6239393368432227, 0.7897779462658393, -0.07368450511487566], "SNR": 500000, "name": "2ldb"}