{"loc": [3, 7, 7], "rotate": [-2.4695524337993118, 0.8876852538617294, -1.8858843898745903], "SNR": 500000, "name": "2ldb"}