{"loc": [-3, -1, 2], "rotate": [1.8355280506031826, 1.7697468163914318, 1.0745844075014994], "SNR": 500000, "name": "2ldb"}