{"loc": [6, -3, -6], "rotate": [2.2292448955975677, 2.6324260643813258, 1.40493508146089], "SNR": 500000, "name": "2ldb"}