{"loc": [6, 6, -4], "rotate": [1.8561514783725985, 1.6325018990787172, 0.8931152825679579], "SNR": 500000, "name": "2ldb"}