{"loc": [1, 5, 6], "rotate": [-2.336707016298101, 1.0508882208643056, -1.47692302256278], "SNR": 500000, "name": "2ldb"}