{"loc": [-6, 1, -6], "rotate": [-2.3703697756848165, 0.6986093889150243, -1.8958149431957658], "SNR": 500000, "name": "2ldb"}