{"loc": [-6, 5, -1], "rotate": [2.608160763800189, 1.9225925068631766, 1.307472611128009], "SNR": 500000, "name": "2ldb"}