{"loc": [-7, -2, -2], "rotate": [1.7774109584754443, 1.8104755408078819, 0.8495223646630351], "SNR": 500000, "name": "2ldb"}