{"loc": [-2, -4, 5], "rotate": [2.3531565378301273, 1.3975441671075388, 0.9139781317715928], "SNR": 500000, "name": "2ldb"}