{"loc": [3, 0, -7], "rotate": [2.5058884141797555, 1.8028450805969942, 0.5380688273693885], "SNR": 500000, "name": "2ldb"}