{"loc": [-5, -4, 6], "rotate": [-2.244222939264635, 1.4537688709712056, -2.6274969547337568], "SNR": 500000, "name": "2ldb"}