{"loc": [-5, 1, -4], "rotate": [-2.986897928942485, 0.6528768468032509, -1.0344641859438415], "SNR": 500000, "name": "2ldb"}