{"loc": [-4, -1, -5], "rotate": [2.3918505792718956, 0.9505835285267101, -0.22601696295010035], "SNR": 500000, "name": "2ldb"}