{"loc": [-7, 4, 0], "rotate": [2.267720955275288, 1.4169702951254777, 0.5799023971262077], "SNR": 500000, "name": "2ldb"}