{"loc": [-3, 2, -4], "rotate": [-2.243782467697257, 0.5788386231101531, -1.957217327031566], "SNR": 500000, "name": "2ldb"}