{"loc": [1, 2, -3], "rotate": [2.7282139676236725, 1.0871258065660039, -0.2068558665653492], "SNR": 500000, "name": "2ldb"}