{"loc": [-6, 0, -4], "rotate": [-2.01938996411311, 1.1798107572692624, -2.215471909319801], "SNR": 500000, "name": "2ldb"}