{"loc": [6, 0, 0], "rotate": [1.7491816288530657, 0.8639992686507523, 0.5125526431080637], "SNR": 500000, "name": "2ldb"}