{"loc": [1, 5, -2], "rotate": [-2.9935357152132074, 0.6452614030187983, -1.0930298841856343], "SNR": 500000, "name": "2ldb"}