{"loc": [0, 7, -4], "rotate": [2.6187022581599035, 2.0453704813566738, 1.0038099506231453], "SNR": 500000, "name": "2ldb"}