{"loc": [-7, 1, -4], "rotate": [-2.104126760038184, 2.193325329460142, -2.468852911810984], "SNR": 500000, "name": "2ldb"}