{"loc": [-6, -5, 6], "rotate": [2.0696619789048225, 1.5868657820231533, 0.6444458745110241], "SNR": 500000, "name": "2ldb"}