{"loc": [-7, 7, -3], "rotate": [-2.3133149428715205, 0.9380576063779985, -2.2332221484343457], "SNR": 500000, "name": "2ldb"}