{"loc": [-3, -6, -3], "rotate": [2.3048068750559283, 1.2238703001103646, 0.5331963210434209], "SNR": 500000, "name": "2ldb"}