{"loc": [-5, -1, 4], "rotate": [2.3876102850781487, 0.7398172827192312, 0.4573709564968321], "SNR": 500000, "name": "2ldb"}