{"loc": [-1, -7, -6], "rotate": [-3.092970702272726, 0.7874208024822942, -0.6330853218533982], "SNR": 500000, "name": "2ldb"}