{"loc": [-7, -2, 5], "rotate": [2.295275267189347, 1.1096463186728458, 0.4932089270139853], "SNR": 500000, "name": "2ldb"}