{"loc": [0, -3, -5], "rotate": [1.8734927472157643, 1.3562896563912346, 0.7023242652278039], "SNR": 500000, "name": "2ldb"}