{"loc": [4, 3, -2], "rotate": [2.341611555357583, 1.234235597163436, 0.3131730841925099], "SNR": 500000, "name": "2ldb"}