{"loc": [7, 0, 5], "rotate": [1.9503620918466478, 1.1456835039410806, 0.7189622089289885], "SNR": 500000, "name": "2ldb"}