{"loc": [5, -5, -7], "rotate": [2.1643702642664455, 1.4836540942579808, 0.9464141071171723], "SNR": 500000, "name": "2ldb"}