{"loc": [-6, 3, 0], "rotate": [2.514318345883161, 2.0708172401648217, 1.37569162476719], "SNR": 500000, "name": "2ldb"}