{"loc": [5, 0, -7], "rotate": [1.9939561998693296, 1.5896985600289832, 0.5695964921861222], "SNR": 500000, "name": "2ldb"}