{"loc": [5, 5, -1], "rotate": [-2.273742390541639, 0.969791162934584, -1.7803006644040846], "SNR": 500000, "name": "2ldb"}