{"loc": [-5, -4, -7], "rotate": [3.114232099079017, 0.8066152549194895, -0.5054351735444761], "SNR": 500000, "name": "2ldb"}