{"loc": [4, 1, 5], "rotate": [-2.2843392873541952, 0.42813672191261987, -1.6571521776993632], "SNR": 500000, "name": "2ldb"}