{"loc": [3, 2, -3], "rotate": [2.9540493030995383, 0.7804583234313872, -0.5652802837815575], "SNR": 500000, "name": "2ldb"}