{"loc": [5, 5, 6], "rotate": [2.2600869661309635, 1.5547624812790182, 0.8458505219578372], "SNR": 500000, "name": "2ldb"}