{"loc": [2, 7, -7], "rotate": [2.884099367744399, 0.1424699878725694, -0.33925848299680245], "SNR": 500000, "name": "2ldb"}