{"loc": [6, 2, -3], "rotate": [-3.0009836320045458, 0.6152269386535475, -0.6917489814471627], "SNR": 500000, "name": "2ldb"}