{"loc": [2, -7, -3], "rotate": [2.335275270194334, 1.3953068938026674, 0.3186927779218442], "SNR": 500000, "name": "2ldb"}