{"loc": [0, -6, -2], "rotate": [2.5785793559330332, 0.6408629866937807, -0.24899830220937913], "SNR": 500000, "name": "2ldb"}