{"loc": [-6, 6, -5], "rotate": [2.012749694800615, 1.7225674898289018, 0.6106109639672626], "SNR": 500000, "name": "2ldb"}