{"loc": [-6, 6, 0], "rotate": [1.814037932763214, 1.4420324709056433, 1.1726900427203093], "SNR": 500000, "name": "2ldb"}