{"loc": [0, 7, 7], "rotate": [-2.4677068282327355, 0.6608025140685201, -1.515643296060816], "SNR": 500000, "name": "2ldb"}