{"loc": [4, 1, 3], "rotate": [-2.5476475372910494, 1.1634137379261265, -1.8720415306145783], "SNR": 500000, "name": "2ldb"}