{"loc": [0, 0, 3], "rotate": [2.9999138271129695, 0.8265353652021594, -0.258975126205037], "SNR": 500000, "name": "2ldb"}