{"loc": [-6, 3, -1], "rotate": [2.1309394202862797, 2.0616226517802088, 0.9241399399532455], "SNR": 500000, "name": "2ldb"}