{"loc": [5, -6, 2], "rotate": [-2.1655383179183736, 1.177948639330141, -2.0631798473114], "SNR": 500000, "name": "2ldb"}