{"loc": [0, 4, 3], "rotate": [2.705225959732118, 1.3182472448137201, -0.20052202394080748], "SNR": 500000, "name": "2ldb"}