{"loc": [-7, -7, 1], "rotate": [1.9554276744281778, 1.8926727993121124, 0.9035563101342007], "SNR": 500000, "name": "2ldb"}