{"loc": [5, 7, 5], "rotate": [-2.7853361096915394, 0.8185574222381947, -1.095395053126246], "SNR": 500000, "name": "2ldb"}