{"loc": [-1, 7, 7], "rotate": [-2.2342197633237455, 0.8446820069458906, -1.8819236032730526], "SNR": 500000, "name": "2ldb"}