{"loc": [2, 6, 6], "rotate": [2.111119678769036, 1.6233452784893856, 0.7949710284646503], "SNR": 500000, "name": "2ldb"}