{"loc": [0, 7, 4], "rotate": [-2.7382642929626466, 0.981935423233483, -1.4844993092032925], "SNR": 500000, "name": "2ldb"}