{"loc": [6, 5, -6], "rotate": [-2.3114195894415475, 1.4339825914755122, -1.9391727981335312], "SNR": 500000, "name": "2ldb"}