{"loc": [-7, -1, 2], "rotate": [2.267872577367962, 1.5695682838653469, 1.0617390212235667], "SNR": 500000, "name": "2ldb"}