{"loc": [-6, 0, 7], "rotate": [-2.377303979524182, 0.8194414894612944, -1.6291599720731242], "SNR": 500000, "name": "2ldb"}