{"loc": [7, -2, 4], "rotate": [2.247560011729174, 2.0645281461191387, 1.5951176456172085], "SNR": 500000, "name": "2ldb"}