{"loc": [-3, -7, 4], "rotate": [1.9584336062193073, 1.3607643147064428, 0.6185892032679805], "SNR": 500000, "name": "2ldb"}