{"loc": [5, 4, 1], "rotate": [-2.3900553460615623, 1.5003568264518516, -2.3820589271235604], "SNR": 500000, "name": "2ldb"}