{"loc": [-3, -5, -6], "rotate": [2.3723579761851874, 0.8033192482820315, -0.2929533390702172], "SNR": 500000, "name": "2ldb"}