{"loc": [-3, 6, -3], "rotate": [2.3159838171801614, 1.4995296615341926, -0.0210727595692248], "SNR": 500000, "name": "2ldb"}