{"loc": [-6, 7, -7], "rotate": [-2.366918841968702, 1.2165927337871318, -1.3235163907495469], "SNR": 500000, "name": "2ldb"}