{"loc": [2, -5, 0], "rotate": [-2.301155206388549, 0.7449735447829271, -1.7220578852456745], "SNR": 500000, "name": "2ldb"}