{"loc": [3, -5, 6], "rotate": [-3.0328766390394737, 0.27080632566845847, -0.7701859561479893], "SNR": 500000, "name": "2ldb"}