{"loc": [1, -4, -4], "rotate": [2.4530527119269716, 1.0100512963015655, 0.5905760258680958], "SNR": 500000, "name": "2ldb"}