{"loc": [2, -7, 0], "rotate": [2.334705205354703, 1.6200921394138146, 0.6814744758450533], "SNR": 500000, "name": "2ldb"}