{"loc": [3, -4, -7], "rotate": [2.4473189047539368, 0.29983090332769263, -0.16834607098275275], "SNR": 500000, "name": "2ldb"}