{"loc": [7, 0, 7], "rotate": [2.138942268018725, 1.0147759750271745, 0.13709131263996358], "SNR": 500000, "name": "2ldb"}