{"loc": [2, 2, 7], "rotate": [-2.899528751408677, 0.4648086558175855, -0.7210784664301034], "SNR": 500000, "name": "2ldb"}