{"loc": [7, -2, 4], "rotate": [-2.5271669875263054, 1.3206564065729218, -1.5448441049347879], "SNR": 500000, "name": "2ldb"}