{"loc": [-3, -1, -7], "rotate": [2.227933191553572, 1.5294394133449827, 0.8762659996895771], "SNR": 500000, "name": "2ldb"}