{"loc": [-2, 4, -6], "rotate": [0.6362168466948146, 0.7659719703807706, -1.8192033641993717], "SNR": 500000, "name": "2ldb"}