{"loc": [-3, -5, 2], "rotate": [2.2502702781953126, 1.0505223048275434, 0.7727743500558647], "SNR": 500000, "name": "2ldb"}