{"loc": [-3, 0, 7], "rotate": [2.368819200816603, 0.9895909823029326, 0.21549417513494482], "SNR": 500000, "name": "2ldb"}