{"loc": [-4, 5, 7], "rotate": [2.8774784928345727, 0.8812359074762175, -0.850255467302922], "SNR": 500000, "name": "2ldb"}