{"loc": [3, -3, 5], "rotate": [-2.1655017061125705, 1.9576360761678393, -2.180650053019288], "SNR": 500000, "name": "2ldb"}