{"loc": [-6, -5, -2], "rotate": [-2.689339438948001, 0.9497972301722807, -1.9883056254187454], "SNR": 500000, "name": "2ldb"}