{"loc": [-7, 3, 1], "rotate": [2.1921545802176468, 2.3605929947914297, 1.358580468272724], "SNR": 500000, "name": "2ldb"}