{"loc": [5, -6, -5], "rotate": [2.3737728885745075, 1.722519852550848, 0.9490873937425144], "SNR": 500000, "name": "2ldb"}