{"loc": [-4, -4, -6], "rotate": [-2.2342744349263697, 0.8663403342507351, -2.055514628645926], "SNR": 500000, "name": "2ldb"}