{"loc": [0, 7, 6], "rotate": [2.522629552497376, 1.1384064828237177, 0.377886649289908], "SNR": 500000, "name": "2ldb"}