{"loc": [-6, -2, 0], "rotate": [-2.4351220982251807, 0.5920482917050183, -1.4903958611463253], "SNR": 500000, "name": "2ldb"}