{"loc": [-1, 3, 1], "rotate": [-2.4548813219845944, 1.1656062159012814, -2.0161062827944547], "SNR": 500000, "name": "2ldb"}