{"loc": [0, 0, 0], "rotate": [2.42425671979751, 1.063304330517272, 0.2876610121774039], "SNR": 500000, "name": "2ldb"}