{"loc": [1, -2, -1], "rotate": [-2.3075400844035374, 0.6996754726826444, -1.8415112854308844], "SNR": 500000, "name": "2ldb"}