{"loc": [-6, 2, -3], "rotate": [2.2652519696411764, 0.8107993592938779, 0.2316235129709497], "SNR": 500000, "name": "2ldb"}