{"loc": [-3, 4, 2], "rotate": [2.4731447248589844, 1.0726526858169294, 0.0322985302674115], "SNR": 500000, "name": "2ldb"}