{"loc": [-2, -7, -5], "rotate": [1.7222494266612771, 0.28820042373523275, 0.44306460054102687], "SNR": 500000, "name": "2ldb"}