{"loc": [0, -7, 7], "rotate": [2.4031820791141545, 1.996223088276247, 1.6007985976439691], "SNR": 500000, "name": "2ldb"}