{"loc": [-5, 2, -1], "rotate": [2.1471396771502955, 0.9682587213856347, 0.6072192415242299], "SNR": 500000, "name": "2ldb"}