{"loc": [-3, 0, -2], "rotate": [-2.2651324415190968, 0.6860125015696108, -1.6432352717293492], "SNR": 500000, "name": "2ldb"}