{"loc": [-7, -2, 1], "rotate": [3.028379271275624, 0.5990197275956796, -0.30387070511351894], "SNR": 500000, "name": "2ldb"}