{"loc": [-5, 1, 0], "rotate": [2.3297933962227724, 1.51089608545368, 0.705710728881231], "SNR": 500000, "name": "2ldb"}