{"loc": [5, 5, -3], "rotate": [2.6916520342926344, 2.1242437980634876, 1.8988831021035664], "SNR": 500000, "name": "2ldb"}