{"loc": [3, 3, 0], "rotate": [2.5049424166668963, 1.4302847359688216, 0.13236673570156826], "SNR": 500000, "name": "2ldb"}