{"loc": [2, -4, -2], "rotate": [-2.4770257491515766, 2.320112022348586, -3.0492117854414604], "SNR": 500000, "name": "2ldb"}