{"loc": [5, -3, -7], "rotate": [2.2194874799324205, 1.4028011235055, 0.9407292202862538], "SNR": 500000, "name": "2ldb"}