{"loc": [0, -5, -2], "rotate": [2.4465194614267554, 1.336096215914614, 0.6695620292157791], "SNR": 500000, "name": "2ldb"}