{"loc": [-5, 3, -7], "rotate": [-2.2867903259266105, 0.9891696492136187, -1.967452696608471], "SNR": 500000, "name": "2ldb"}