{"loc": [-7, 1, -5], "rotate": [2.631838856908029, 1.628913849437706, 0.4729948666347548], "SNR": 500000, "name": "2ldb"}