{"loc": [5, 4, -6], "rotate": [2.3864672926863157, 2.5260120761865803, 1.779852869047832], "SNR": 500000, "name": "2ldb"}