{"loc": [-1, 6, 0], "rotate": [2.2978734997128507, 0.8391652181625786, 0.4311229532549383], "SNR": 500000, "name": "2ldb"}