{"loc": [4, 3, 3], "rotate": [-3.0941130364397473, 2.3264279359467297, 2.6543506543920397], "SNR": 500000, "name": "2ldb"}