{"loc": [0, 2, -3], "rotate": [2.3127060736381875, 1.5336966803839278, 0.9541458564754925], "SNR": 500000, "name": "2ldb"}