{"loc": [0, -6, 0], "rotate": [3.1008136019026886, 0.8184132143079348, -0.8353536165020612], "SNR": 500000, "name": "2ldb"}