{"loc": [-6, -1, -3], "rotate": [-2.8721040989611444, 0.8712355700769019, -1.7616304162601357], "SNR": 500000, "name": "2ldb"}