{"loc": [1, -7, 1], "rotate": [2.5135474049741435, 2.057184025776719, 1.113083531439213], "SNR": 500000, "name": "2ldb"}