{"loc": [-6, -1, 1], "rotate": [2.1787080684312725, 1.278186874919244, 0.75684752463003], "SNR": 500000, "name": "2ldb"}