{"loc": [7, 5, 2], "rotate": [-2.5086979566816625, 0.6745744700032632, -1.0892836654634581], "SNR": 500000, "name": "2ldb"}