{"loc": [4, 3, -1], "rotate": [-2.676286826324027, 1.062947443941069, -1.3353083008483468], "SNR": 500000, "name": "2ldb"}