{"loc": [-6, -6, 0], "rotate": [3.040362686444986, 0.43345443589378324, -0.8234617127766785], "SNR": 500000, "name": "2ldb"}