{"loc": [-5, 6, -1], "rotate": [2.079525721085849, 1.341356758621956, 0.8147106358695002], "SNR": 500000, "name": "2ldb"}