{"loc": [4, -3, 6], "rotate": [2.32767400616667, 1.6229015076552165, 0.6928744849383263], "SNR": 500000, "name": "2ldb"}