{"loc": [-7, -2, -5], "rotate": [-2.5126519788596355, 0.8789358590686509, -1.8524511638836827], "SNR": 500000, "name": "2ldb"}