{"loc": [-3, -4, -4], "rotate": [2.3649319807508373, 1.6418592299102337, 1.0115664820269625], "SNR": 500000, "name": "2ldb"}