{"loc": [1, 1, 0], "rotate": [-2.683846747631297, 0.7680450014651028, -1.2379388965639635], "SNR": 500000, "name": "2ldb"}