{"loc": [3, 2, 6], "rotate": [-2.151649468391751, 1.402952538732231, -2.700814002593825], "SNR": 500000, "name": "2ldb"}