{"loc": [-7, -3, 3], "rotate": [-2.2847365049864465, 2.6807170058547136, 2.894579039466339], "SNR": 500000, "name": "2ldb"}