{"loc": [-6, -3, -6], "rotate": [2.053085141449771, 1.8502373518303123, 0.6164375700933441], "SNR": 500000, "name": "2ldb"}