{"loc": [4, -6, -4], "rotate": [2.0347577616311296, 1.4502000064415865, 1.2731975013684236], "SNR": 500000, "name": "2ldb"}