{"loc": [3, -2, -1], "rotate": [-2.7376809177769412, 0.7281048471173525, -1.2715631618862715], "SNR": 500000, "name": "2ldb"}