{"loc": [0, -6, 5], "rotate": [-2.8355059016721276, 0.9856620093363352, -0.9339500054726891], "SNR": 500000, "name": "2ldb"}