{"loc": [-6, 1, -4], "rotate": [2.3183763287120143, 1.0629131305011252, 0.713945044521188], "SNR": 500000, "name": "2ldb"}