{"loc": [0, -5, 7], "rotate": [-2.4476432593214947, 0.44943219086722813, -1.8032829111798863], "SNR": 500000, "name": "2ldb"}