{"loc": [-4, 0, 2], "rotate": [2.270576981919824, 1.353880327124615, 0.7037548843765579], "SNR": 500000, "name": "2ldb"}