{"loc": [7, -1, -6], "rotate": [-2.886032022626808, 0.7230728764053007, -1.2670265514525305], "SNR": 500000, "name": "2ldb"}