{"loc": [-1, 0, -3], "rotate": [3.1253105674549126, 0.6231246573561702, -0.6968037203756692], "SNR": 500000, "name": "2ldb"}