{"loc": [2, 0, 6], "rotate": [2.1666439317970876, 1.0740155488239993, 0.944223484769896], "SNR": 500000, "name": "2ldb"}