{"loc": [-5, 3, -7], "rotate": [2.085352621721086, 1.032588664854595, 0.5304479953171182], "SNR": 500000, "name": "2ldb"}