{"loc": [-5, 0, -5], "rotate": [-2.527027554135013, 0.6959081460755843, -1.4098522579041532], "SNR": 500000, "name": "2ldb"}