{"loc": [-2, 3, -4], "rotate": [3.040278057021586, 2.1538882277802363, 2.2640118629634913], "SNR": 500000, "name": "2ldb"}