{"loc": [-4, 5, -2], "rotate": [2.6536784469682946, 0.804572360942372, 0.21867428128570737], "SNR": 500000, "name": "2ldb"}