{"loc": [-5, 0, -3], "rotate": [-2.7566747633893343, 0.9045706271077525, -1.4702103067185905], "SNR": 500000, "name": "2ldb"}