{"loc": [-6, 4, -1], "rotate": [2.3558565410437224, 0.955014321990244, 0.38561920837901853], "SNR": 500000, "name": "2ldb"}