{"loc": [-7, 4, 7], "rotate": [-3.013688533502261, 0.8654885372847755, -0.9156310475966956], "SNR": 500000, "name": "2ldb"}