{"loc": [1, 4, 0], "rotate": [-2.4182981833964177, 1.3587504657523557, -1.8585563681611874], "SNR": 500000, "name": "2ldb"}