{"loc": [3, 5, -1], "rotate": [-2.45010705087358, 2.797830663112002, -2.9681765402440217], "SNR": 500000, "name": "2ldb"}