{"loc": [0, 0, 0], "rotate": [2.210637405801061, 1.643612515816981, 0.6248786869774186], "SNR": 500000, "name": "2ldb"}