{"loc": [5, 0, -3], "rotate": [2.2634136577358386, 1.6900645164349453, 1.1586180111547042], "SNR": 500000, "name": "2ldb"}