{"loc": [3, -6, 5], "rotate": [-2.3428880473163085, 0.942713716901614, -1.9821898302902963], "SNR": 500000, "name": "2ldb"}