{"loc": [-7, 0, 0], "rotate": [-2.332979450647389, 0.8688926833596934, -2.342047329717961], "SNR": 500000, "name": "2ldb"}