{"loc": [4, 6, 3], "rotate": [-2.5610901829797754, 0.8015691005210308, -1.9834871566744203], "SNR": 500000, "name": "2ldb"}