{"loc": [0, 5, 4], "rotate": [2.958097314555826, 0.5437219967369175, -0.49549644676554344], "SNR": 500000, "name": "2ldb"}