{"loc": [-4, -6, -6], "rotate": [-2.3103045772855446, 1.4521117363086842, -2.1354731495324413], "SNR": 500000, "name": "2ldb"}