{"loc": [0, -2, -2], "rotate": [2.0525896562120005, 1.5469200892678052, 0.8523180097897456], "SNR": 500000, "name": "2ldb"}