{"loc": [6, -2, -5], "rotate": [2.134416026471395, 1.4481301597143885, 0.6905730691523668], "SNR": 500000, "name": "2ldb"}