{"loc": [-5, 6, 0], "rotate": [-2.5324436286422833, 0.43116597621970365, -1.4122868458981852], "SNR": 500000, "name": "2ldb"}