{"loc": [-2, -6, -7], "rotate": [2.294927608168938, 1.14438264130603, 0.8390804849632131], "SNR": 500000, "name": "2ldb"}