{"loc": [5, 4, 5], "rotate": [2.84025711867319, 0.9228572326174408, -0.6046785899763356], "SNR": 500000, "name": "2ldb"}