{"loc": [4, -7, -1], "rotate": [-2.3802118904638245, 1.0830796489358556, -1.6078906676604283], "SNR": 500000, "name": "2ldb"}