{"loc": [6, 1, 2], "rotate": [-2.4193308863969927, 1.1841373367788006, -2.1630396452676157], "SNR": 500000, "name": "2ldb"}