{"loc": [3, -6, -7], "rotate": [-2.3099529654758526, 1.6322152156137315, -2.5746054907289495], "SNR": 500000, "name": "2ldb"}