{"loc": [1, -3, -1], "rotate": [-2.5370959663642414, 0.9822427092851618, -1.7980821216248062], "SNR": 500000, "name": "2ldb"}