{"loc": [-2, 2, -7], "rotate": [2.4615913829874443, 0.9277524222255084, 0.09908447227576002], "SNR": 500000, "name": "2ldb"}