{"loc": [-1, 7, 0], "rotate": [-2.4247686740284533, 1.110790912124978, -1.6165865717353822], "SNR": 500000, "name": "2ldb"}