{"loc": [0, -7, 1], "rotate": [-1.8646282101432616, 0.7941096620747203, -1.8197676275827055], "SNR": 500000, "name": "2ldb"}