{"loc": [-6, 7, 3], "rotate": [-2.503292564405047, 1.1549928998552548, -2.065766105813844], "SNR": 500000, "name": "2ldb"}