{"loc": [-7, -7, -3], "rotate": [2.12579750585437, 1.2927521379856213, 0.7028468240017386], "SNR": 500000, "name": "2ldb"}