{"loc": [4, -1, 3], "rotate": [-2.608108804904153, 0.8420420726625596, -1.7628585204830844], "SNR": 500000, "name": "2ldb"}