{"loc": [-1, 3, -4], "rotate": [2.712521287332794, 0.7429859806238289, -0.09762267586816405], "SNR": 500000, "name": "2ldb"}