{"loc": [-6, 1, 1], "rotate": [-2.505658313610797, 1.8201327468659498, -2.4192911795822463], "SNR": 500000, "name": "2ldb"}