{"loc": [-3, -6, 2], "rotate": [2.1112551314129817, 1.7548665517424205, 0.9910418569305338], "SNR": 500000, "name": "2ldb"}