{"loc": [-3, -6, 6], "rotate": [-2.5530408528277837, 1.0307978902803656, -1.7181906736676724], "SNR": 500000, "name": "2ldb"}