{"loc": [-2, 6, -2], "rotate": [-2.3916029372556755, 0.653861192134903, -1.6848813827252171], "SNR": 500000, "name": "2ldb"}