{"loc": [1, -3, -1], "rotate": [-2.3325726173260994, 0.3205553881153898, -1.9908103145306006], "SNR": 500000, "name": "2ldb"}