{"loc": [-1, 0, -4], "rotate": [2.7599308193747447, 0.3734806403451551, -0.17973302329838262], "SNR": 500000, "name": "2ldb"}