{"loc": [-1, 6, 2], "rotate": [-2.3600445479001353, 0.49409023124409024, -1.3624543259384905], "SNR": 500000, "name": "2ldb"}