{"loc": [2, -3, -7], "rotate": [2.956878184135186, 0.6991132160920797, -0.7878777542953795], "SNR": 500000, "name": "2ldb"}