{"loc": [-5, -7, 4], "rotate": [2.440150149722572, 1.5516262696742316, 0.38655914813699865], "SNR": 500000, "name": "2ldb"}