{"loc": [-4, 0, -4], "rotate": [-1.9264423576379477, 1.464695771873581, -2.246135542097329], "SNR": 500000, "name": "2ldb"}