{"loc": [0, 0, 3], "rotate": [2.479790184430647, 1.1505053094176017, 0.42836516802509267], "SNR": 500000, "name": "2ldb"}