{"loc": [5, 6, 2], "rotate": [-2.589979301909672, 0.8124363828472695, -1.5259301673350443], "SNR": 500000, "name": "2ldb"}