{"loc": [6, 0, 1], "rotate": [-2.2496599415780527, 1.2538603193602622, -2.13975306641643], "SNR": 500000, "name": "2ldb"}