{"loc": [-3, -1, -2], "rotate": [-3.1202082411176413, 0.5672105861893565, -0.7015762216452256], "SNR": 500000, "name": "2ldb"}