{"loc": [7, -3, 5], "rotate": [3.085009614533408, 0.7644747715401086, -0.8083614631204373], "SNR": 500000, "name": "2ldb"}