{"loc": [5, -1, -2], "rotate": [3.117781143869303, 0.949433586082659, -0.9578137523949928], "SNR": 500000, "name": "2ldb"}