{"loc": [-5, -3, -2], "rotate": [2.3360638061603294, 1.2592036143646876, 0.39388669164781237], "SNR": 500000, "name": "2ldb"}