{"loc": [-5, -4, -2], "rotate": [2.228342260771295, 1.4584627180987777, 0.6184610551800899], "SNR": 500000, "name": "2ldb"}