{"loc": [-7, -4, 2], "rotate": [-2.5099531298274593, 1.4763018306545046, -1.7565683285243898], "SNR": 500000, "name": "2ldb"}