{"loc": [-3, 5, -3], "rotate": [2.2731478617746714, 1.553746671520905, 0.6400128006179902], "SNR": 500000, "name": "2ldb"}