{"loc": [1, 1, -7], "rotate": [2.376222783244136, 0.5327008395799214, 0.05835656173005057], "SNR": 500000, "name": "2ldb"}