{"loc": [-3, -6, -3], "rotate": [-1.920630324828854, 1.178456811436386, -2.1320078885023896], "SNR": 500000, "name": "2ldb"}