{"loc": [0, 2, -2], "rotate": [2.2814070056038824, 2.096041604870516, 0.9767232425884462], "SNR": 500000, "name": "2ldb"}