{"loc": [-6, -6, -3], "rotate": [-2.4614070336080753, 1.1929066206606287, -2.2787490881955765], "SNR": 500000, "name": "2ldb"}