{"loc": [-2, 0, -3], "rotate": [-2.1117062624968095, 0.25473315669725977, -1.7895492646423035], "SNR": 500000, "name": "2ldb"}