{"loc": [-1, 7, -1], "rotate": [-2.677567544182799, 0.7566921223720462, -1.3560596795553654], "SNR": 500000, "name": "2ldb"}