{"loc": [4, 2, 3], "rotate": [1.9295568830667396, 1.4640816376858417, 0.7237559011828198], "SNR": 500000, "name": "2ldb"}