{"loc": [-1, 3, 5], "rotate": [-3.041955979380975, 2.3567013755372255, 2.1531025684133174], "SNR": 500000, "name": "2ldb"}