{"loc": [-4, 0, 4], "rotate": [2.0931501595590922, 1.4174850752666908, 0.22647102864919333], "SNR": 500000, "name": "2ldb"}