{"loc": [4, -6, -4], "rotate": [-1.847521311178833, 1.0557928117923445, -2.125878091623792], "SNR": 500000, "name": "2ldb"}