{"loc": [-1, 4, -5], "rotate": [-2.1232670449087836, 1.0160078422019378, -2.3093793220771315], "SNR": 500000, "name": "2ldb"}