{"loc": [-7, 2, -1], "rotate": [-2.219773448006206, 1.3043609594344059, -2.318130857888911], "SNR": 500000, "name": "2ldb"}