{"loc": [4, 0, -6], "rotate": [2.616977946838415, 0.6661953551015033, 0.05037140019489523], "SNR": 500000, "name": "2ldb"}