{"loc": [-7, -2, -3], "rotate": [-2.5281636078934393, 2.048035086939126, -2.8880904517601933], "SNR": 0.03, "name": "4d4r"}