{"loc": [-1, -2, -2], "rotate": [1.6924985251513236, 0.5838138434156238, 0.5685599624621029], "SNR": 0.03, "name": "4d4r"}