{"loc": [-6, -1, -7], "rotate": [2.145593155576582, 0.6110682200497096, 0.1824963497555027], "SNR": 0.03, "name": "4d4r"}