{"loc": [1, 6, -5], "rotate": [-2.041819175710629, 0.937617655238691, -2.084097817512773], "SNR": 0.03, "name": "4d4r"}