{"loc": [-4, 7, 7], "rotate": [2.0677298357681004, 0.9974576332008951, 0.5075955691952433], "SNR": 0.03, "name": "4d4r"}