{"loc": [0, 0, 4], "rotate": [2.0807564960409137, 1.5194895886912219, 0.7989824201076138], "SNR": 0.03, "name": "4d4r"}