{"loc": [1, 6, 0], "rotate": [-2.765694770989073, 0.7898760179243536, -1.463143359534178], "SNR": 0.03, "name": "4d4r"}