{"loc": [-3, -4, 2], "rotate": [-3.01341988925568, 0.8440667956621998, -0.6629898375007783], "SNR": 0.03, "name": "4d4r"}