{"loc": [-5, 1, 0], "rotate": [2.888007728331061, 0.7658802607470135, -0.5114472402268025], "SNR": 0.03, "name": "4d4r"}