{"loc": [-3, -1, 0], "rotate": [2.0291695647752617, 1.4079413612072276, 0.9683298042238294], "SNR": 0.03, "name": "4d4r"}