{"loc": [3, -1, -2], "rotate": [-2.391057017968617, 1.0803149673565091, -1.5399404770686027], "SNR": 0.03, "name": "4d4r"}