{"loc": [-3, -5, 6], "rotate": [-2.2220592051185633, 1.141726952750628, -2.2674419230685117], "SNR": 0.03, "name": "4d4r"}