{"loc": [-7, 3, 7], "rotate": [2.8994416564709673, 0.8168558395947287, -0.49562241876860424], "SNR": 0.03, "name": "4d4r"}