{"loc": [-7, 3, -3], "rotate": [1.9743551054682844, 0.5966139539165832, 0.457022457734594], "SNR": 0.03, "name": "4d4r"}