{"loc": [-1, 6, 2], "rotate": [-2.674430341746071, 1.3068201193861606, -1.2791587610887731], "SNR": 0.03, "name": "4d4r"}