{"loc": [5, 4, 0], "rotate": [-2.2447577016797533, 0.8763402729812495, -1.8132074944403638], "SNR": 0.03, "name": "4d4r"}