{"loc": [7, -6, -3], "rotate": [2.418068117842629, 2.261764917517401, 1.0986902182219147], "SNR": 0.03, "name": "4d4r"}