{"loc": [-3, 2, -6], "rotate": [-2.186570211748538, 0.9901788770253688, -2.135220626312226], "SNR": 0.03, "name": "4d4r"}