{"loc": [5, 6, 4], "rotate": [2.485967655505284, 2.2138803913077787, 1.2846086913678918], "SNR": 0.03, "name": "4d4r"}