{"loc": [0, 4, 0], "rotate": [2.331616934847198, 1.9463443128028455, 1.224007619293832], "SNR": 0.03, "name": "4d4r"}