{"loc": [0, 4, 6], "rotate": [2.41789375196065, 0.4554327961822024, 0.10337522407265914], "SNR": 0.03, "name": "4d4r"}