{"loc": [5, 0, 5], "rotate": [2.755881039861828, 2.5586034267826894, 2.403745927552716], "SNR": 0.03, "name": "4d4r"}