{"loc": [-1, 1, -4], "rotate": [2.9244566962109544, 0.6686947478064725, -0.3953009744696001], "SNR": 0.03, "name": "4d4r"}