{"loc": [7, -2, 0], "rotate": [2.415331630271446, 1.7129980274039902, 0.7636160841176037], "SNR": 0.03, "name": "4d4r"}