{"loc": [3, 3, -2], "rotate": [-1.742089848814147, 1.2081638376236976, -1.8631650185317652], "SNR": 0.03, "name": "4d4r"}