{"loc": [0, 6, 4], "rotate": [-2.5149815865011598, 0.8127821135194276, -1.4997442187666936], "SNR": 0.03, "name": "4d4r"}