{"loc": [2, 7, 0], "rotate": [3.107691334024434, 2.4348847714720634, 2.373697530693195], "SNR": 0.03, "name": "4d4r"}