{"loc": [-4, 5, 6], "rotate": [2.0834879676781166, 1.67785688271853, 0.7731552229443273], "SNR": 0.03, "name": "4d4r"}