{"loc": [7, 2, 2], "rotate": [-2.8744611156371187, 0.9711393935811793, -1.575494017825629], "SNR": 0.03, "name": "4d4r"}