{"loc": [7, -3, 0], "rotate": [-2.7500833595381082, 2.351767619497922, -3.08225762239023], "SNR": 0.03, "name": "4d4r"}