{"loc": [4, -7, 4], "rotate": [2.635508977906679, 0.6775176100700474, -0.2805366404479712], "SNR": 0.03, "name": "4d4r"}