{"loc": [5, 7, 0], "rotate": [2.717943388523525, 0.9758036746587698, -0.20008624590257823], "SNR": 0.03, "name": "4d4r"}