{"loc": [2, -6, -4], "rotate": [-0.5729186055997861, 2.5299423419400013, 1.7560472764681336], "SNR": 0.03, "name": "4d4r"}