{"loc": [-6, -7, -7], "rotate": [2.460926665832164, 1.0860897900347357, 0.4439955727555206], "SNR": 0.03, "name": "4d4r"}