{"loc": [0, 0, 6], "rotate": [2.1588269914577203, 1.07833934794183, 0.3614909244709572], "SNR": 0.03, "name": "4d4r"}