{"loc": [1, -2, -1], "rotate": [3.0658147575691053, 0.8118555177670469, -0.8537063285394584], "SNR": 0.03, "name": "4d4r"}