{"loc": [4, -5, 0], "rotate": [-2.510335031588544, 2.54291241321944, 3.1264323106681835], "SNR": 0.03, "name": "4d4r"}