{"loc": [-4, -4, 7], "rotate": [-2.051961308103287, 1.129927783470384, -2.0126571442269916], "SNR": 0.03, "name": "4d4r"}