{"loc": [-1, -5, -6], "rotate": [2.6530095922903145, 0.6478067056357087, -0.2100365587463973], "SNR": 0.03, "name": "4d4r"}