{"loc": [0, 3, -6], "rotate": [-2.3028319604108836, 1.0107501167157724, -1.5239362304355375], "SNR": 0.03, "name": "4d4r"}