{"loc": [7, 1, -2], "rotate": [-2.415420900405615, 0.9681424796585566, -1.643801744772043], "SNR": 0.03, "name": "4d4r"}