{"loc": [-6, -2, 7], "rotate": [-2.4883457935223237, 0.9246800083985318, -1.9980851467056218], "SNR": 0.03, "name": "4d4r"}