{"loc": [0, 3, -6], "rotate": [2.032448223536954, 0.6792362750514079, 0.784130516298394], "SNR": 0.03, "name": "4d4r"}