{"loc": [-4, -6, 2], "rotate": [2.6302639853844605, 0.9956515083113332, -0.40756358279595406], "SNR": 0.03, "name": "4d4r"}