{"loc": [3, 4, 2], "rotate": [2.454593772656105, 1.9899797035639983, 1.095550320503686], "SNR": 0.03, "name": "4d4r"}