{"loc": [0, -2, 4], "rotate": [1.8299065580872127, 1.436150830918077, 0.8051169711672413], "SNR": 0.03, "name": "4d4r"}