{"loc": [7, -6, 2], "rotate": [2.05912303111733, 1.3249407508513233, 0.7095206411924367], "SNR": 0.03, "name": "4d4r"}