{"loc": [-4, -4, 0], "rotate": [2.2344679128417333, 1.636020033111463, 0.8603011764386403], "SNR": 0.03, "name": "4d4r"}