{"loc": [2, -2, -5], "rotate": [2.802840163999805, 0.820465262508396, -0.3663764977019024], "SNR": 0.03, "name": "4d4r"}