{"loc": [3, -2, 4], "rotate": [-2.157119887838414, 1.7295415842103266, -2.7049323419744438], "SNR": 0.03, "name": "4d4r"}