{"loc": [5, 3, -5], "rotate": [-1.9381691345441496, 0.7235729878217514, -2.205356590554641], "SNR": 0.03, "name": "4d4r"}