{"loc": [0, 6, 6], "rotate": [2.2105876050297733, 1.3002637683092895, 0.7941255729779608], "SNR": 0.03, "name": "4d4r"}