{"loc": [6, -7, 3], "rotate": [-1.9551102190247371, 1.7844209900514256, -2.0734530861961558], "SNR": 0.03, "name": "4d4r"}