{"loc": [0, 4, -7], "rotate": [-2.8651195212080793, 0.7479941619555208, -1.1416005324961414], "SNR": 0.03, "name": "4d4r"}