{"loc": [7, -3, 4], "rotate": [-1.9862868854582996, 0.4601982709396726, -2.0894230031211927], "SNR": 0.03, "name": "4d4r"}