{"loc": [-5, -6, -5], "rotate": [2.0860648958989803, 1.0389419532385995, 0.7647926124063463], "SNR": 0.03, "name": "4d4r"}