{"loc": [7, -1, 5], "rotate": [-2.9083187682003797, 0.7837119615081878, -0.6428016129254126], "SNR": 0.03, "name": "4d4r"}