{"loc": [3, 7, 0], "rotate": [-2.224379523050404, 1.7611263141689677, -2.602206992946125], "SNR": 0.03, "name": "4d4r"}