{"loc": [-5, 0, 5], "rotate": [2.1401182497659264, 1.8698137600534366, 0.9910939142322385], "SNR": 0.03, "name": "4d4r"}