{"loc": [6, 0, -4], "rotate": [2.6873679331808153, 0.6221761330470732, 0.16342869262213525], "SNR": 0.03, "name": "4d4r"}