{"loc": [-2, 3, -5], "rotate": [-2.2327749234435235, 2.3766054208690353, -2.727929119175486], "SNR": 0.03, "name": "4d4r"}