{"loc": [-6, 1, -2], "rotate": [-2.74049564212209, 1.1424155180179791, -1.7875365952540214], "SNR": 0.03, "name": "4d4r"}