{"loc": [4, 4, -2], "rotate": [2.145930400179319, 0.7649820692189717, 0.7052867600453004], "SNR": 0.03, "name": "4d4r"}