{"loc": [-4, 0, -3], "rotate": [-2.707463514536669, 0.46377096512209204, -1.4069566229310788], "SNR": 0.03, "name": "4d4r"}