{"loc": [0, 2, 6], "rotate": [-1.0635470472202821, 0.773828358861471, 0.5875360826462643], "SNR": 0.03, "name": "4d4r"}