{"loc": [0, 7, 3], "rotate": [-2.0599803453772774, 1.0597361886374532, -1.973967695472122], "SNR": 0.03, "name": "4d4r"}