{"loc": [-4, -3, -5], "rotate": [2.2705370416999138, 1.3213103331558804, -0.005523088585950221], "SNR": 0.03, "name": "4d4r"}