{"loc": [0, -5, -5], "rotate": [2.62297615200839, 1.339885713027749, -0.1830244506098648], "SNR": 0.03, "name": "4d4r"}