{"loc": [2, -2, 3], "rotate": [2.130889521977565, 1.8429846815474131, 1.1485538993457125], "SNR": 0.03, "name": "4d4r"}