{"loc": [-3, 7, 5], "rotate": [2.278280919929526, 1.0427355503551154, 0.4019906690319242], "SNR": 0.03, "name": "4d4r"}