{"loc": [7, 6, -6], "rotate": [-2.2836158065110777, 0.9191897592017519, -1.5509974986072719], "SNR": 0.03, "name": "4d4r"}