{"loc": [7, -2, 5], "rotate": [2.6243007710838957, 0.9186819426445577, -0.037154714850607375], "SNR": 0.03, "name": "4d4r"}