{"loc": [-7, 5, -4], "rotate": [-3.0723073804140557, 0.6762787005479007, -0.6150004136511401], "SNR": 0.03, "name": "4d4r"}