{"loc": [-3, -7, 5], "rotate": [2.2182959258137043, 1.1448461527797487, 1.0932611862058075], "SNR": 0.03, "name": "4d4r"}