{"loc": [-2, -6, -5], "rotate": [1.8687340266904342, 1.4772855447680853, 0.04284117786741359], "SNR": 0.03, "name": "4d4r"}