{"loc": [-3, -5, 5], "rotate": [-2.522018159714263, 0.9589384632879597, -1.1444821131577358], "SNR": 0.03, "name": "4d4r"}