{"loc": [7, -4, 6], "rotate": [3.0289643895742357, 0.7222994600674074, -0.4358056561716571], "SNR": 0.03, "name": "4d4r"}