{"loc": [-1, -3, 5], "rotate": [-2.8777657780203776, 0.723626498553629, -1.3559832123164746], "SNR": 0.03, "name": "4d4r"}