{"loc": [7, 2, 2], "rotate": [-2.890613186081152, 2.799368970599273, 2.473260136382732], "SNR": 0.03, "name": "4d4r"}