{"loc": [-1, -6, 4], "rotate": [-2.511022888418572, 0.32551885751969856, -1.6946006312485409], "SNR": 0.03, "name": "4d4r"}