{"loc": [-3, -6, 3], "rotate": [2.581323818072393, 1.07880449909749, 0.2504326634790093], "SNR": 0.03, "name": "4d4r"}