{"loc": [-4, -3, 4], "rotate": [2.0361045389565495, 1.1436579699704033, 0.5550591506812143], "SNR": 0.03, "name": "4d4r"}