{"loc": [-5, -7, -2], "rotate": [2.9345733161111824, 0.6006764308460962, -0.5844192538739252], "SNR": 0.03, "name": "4d4r"}