{"loc": [-5, -4, -6], "rotate": [-2.123172553609434, 1.3636463420059102, -2.5210647712690344], "SNR": 0.03, "name": "4d4r"}