{"loc": [2, -4, 0], "rotate": [-2.7939394974226897, 1.227723283818928, -1.4719421957716465], "SNR": 0.03, "name": "4d4r"}