{"loc": [1, -2, 1], "rotate": [-2.0865786494709, 1.333180654563611, -2.198856865654244], "SNR": 0.03, "name": "4d4r"}