{"loc": [0, 5, -4], "rotate": [2.58352734882789, 1.6011890766961094, 0.2948412047302098], "SNR": 0.03, "name": "4d4r"}