{"loc": [7, -7, 5], "rotate": [2.209547615112058, 1.284477571090066, 0.7661232554891557], "SNR": 0.03, "name": "4d4r"}