{"loc": [0, -1, -6], "rotate": [-2.3301666010990623, 1.976027914852272, -3.1115948086129595], "SNR": 0.03, "name": "4d4r"}