{"loc": [1, 4, 1], "rotate": [2.9877147570608997, 0.9211852596610278, -0.8653086641167902], "SNR": 0.03, "name": "4d4r"}