{"loc": [4, 7, -1], "rotate": [2.8072407628045704, 0.6433354535850132, -0.20167554027693413], "SNR": 0.03, "name": "4d4r"}