{"loc": [1, -6, -4], "rotate": [-2.333934951296725, 1.2864366919431989, -2.336814227113894], "SNR": 0.03, "name": "4d4r"}