{"loc": [4, 0, -7], "rotate": [2.5340354517987635, 0.7676179094729043, -0.07204825749891608], "SNR": 0.03, "name": "4d4r"}