{"loc": [-3, -5, -5], "rotate": [-2.8842272759326706, 0.6016161073946896, -0.8475659575908193], "SNR": 0.03, "name": "4d4r"}