{"loc": [1, -4, 0], "rotate": [2.9079101356309627, 0.7607165225677801, -0.23819786300208406], "SNR": 0.03, "name": "4d4r"}