{"loc": [5, 0, 2], "rotate": [-2.1068269777384963, 1.4573548614364882, -2.248800575938128], "SNR": 0.03, "name": "4d4r"}