{"loc": [-7, 5, -5], "rotate": [2.327900249315409, 1.7697193470277006, 0.8520441456929673], "SNR": 0.03, "name": "4d4r"}