{"loc": [2, 6, 6], "rotate": [2.5386391705583726, 0.6791266756796625, -0.1770019656028067], "SNR": 0.03, "name": "4d4r"}