{"loc": [5, 6, 1], "rotate": [2.365241292382632, 0.8782146911567608, 0.30168145274098696], "SNR": 0.03, "name": "4d4r"}