{"loc": [-6, -6, -5], "rotate": [2.330159187861161, 1.2491847240834095, 0.019285202429387065], "SNR": 0.03, "name": "4d4r"}