{"loc": [-7, 5, 0], "rotate": [2.242728424730533, 1.1185655276035067, 0.6528055124194054], "SNR": 0.03, "name": "4d4r"}