{"loc": [1, -7, -4], "rotate": [2.286425778874832, 0.5662313462498716, 0.05075221470342443], "SNR": 0.03, "name": "4d4r"}