{"loc": [-1, -7, -4], "rotate": [-3.1239401659293016, 2.3398962188898054, 2.3743658463501767], "SNR": 0.03, "name": "4d4r"}