{"loc": [4, 1, 0], "rotate": [-2.9155646564365365, 0.43957868958732554, -1.1532791825973083], "SNR": 0.03, "name": "4d4r"}