{"loc": [4, -4, 0], "rotate": [2.623791528283697, 1.0734222114465817, 0.01180628375676916], "SNR": 0.03, "name": "4d4r"}