{"loc": [-7, 4, -7], "rotate": [1.3613633426010343, 2.273515734789427, -2.559066183445148], "SNR": 0.03, "name": "4d4r"}