{"loc": [-6, -7, 5], "rotate": [2.254743781944717, 1.414990880402183, 0.9670702744811384], "SNR": 0.03, "name": "4d4r"}