{"loc": [-1, -4, 7], "rotate": [2.77891044260693, 0.8147947068825144, 0.005511917879182142], "SNR": 0.03, "name": "4d4r"}