{"loc": [5, -6, -6], "rotate": [0.8521859974959758, 1.5896585238305336, -2.8621998483759827], "SNR": 0.03, "name": "4d4r"}