{"loc": [7, 7, 6], "rotate": [-2.6445308603917628, 0.7091992063175055, -1.4981195363589346], "SNR": 0.03, "name": "4d4r"}