{"loc": [-3, 7, 0], "rotate": [-2.1439170238977585, 0.5056995011468967, -2.443995697172055], "SNR": 0.03, "name": "4d4r"}