{"loc": [0, -7, 2], "rotate": [-2.2249683887141956, 1.2910123914093077, -2.318461817536543], "SNR": 0.03, "name": "4d4r"}