{"loc": [3, 0, -1], "rotate": [-2.0736556895416896, 1.2509334640436736, -2.5227985891577993], "SNR": 0.03, "name": "4d4r"}