{"loc": [5, -4, 2], "rotate": [-3.0400302152812393, 0.6506448257780236, -0.8485427905910423], "SNR": 0.03, "name": "4d4r"}