{"loc": [0, 7, 3], "rotate": [2.4472279550354985, 1.2460671945470638, 0.4209748203519324], "SNR": 0.03, "name": "4d4r"}