{"loc": [0, 0, -6], "rotate": [-3.0821259282676943, 0.49601247854768216, -1.042120606426494], "SNR": 0.03, "name": "4d4r"}