{"loc": [1, 2, 0], "rotate": [2.3996382520494843, 1.7430822646843371, 0.7637572569310715], "SNR": 0.03, "name": "4d4r"}