{"loc": [7, 6, 0], "rotate": [-2.241270580757231, 0.8276864092221593, -1.8538827946320022], "SNR": 0.03, "name": "4d4r"}