{"loc": [-2, -4, 2], "rotate": [2.6078532004854407, 0.6936377908211483, 0.01107436194437457], "SNR": 0.03, "name": "4d4r"}