{"loc": [-6, -7, 1], "rotate": [1.9836931636693327, 1.7402651610050797, 1.1646353586803169], "SNR": 0.03, "name": "4d4r"}