{"loc": [5, -3, 4], "rotate": [2.1947049002036882, 1.0297012572287048, 0.5632305344850517], "SNR": 0.03, "name": "4d4r"}