{"loc": [-7, 3, 4], "rotate": [-2.1306237239301065, 0.8408172592020253, -1.9328515812110136], "SNR": 0.03, "name": "4d4r"}