{"loc": [1, -1, 2], "rotate": [2.044817034593574, 1.5602272303440774, 0.7359823220121203], "SNR": 0.03, "name": "4d4r"}