{"loc": [3, -5, -2], "rotate": [2.924924635969887, 0.6443570402842068, -0.4355108905135598], "SNR": 0.03, "name": "4d4r"}