{"loc": [0, -7, 0], "rotate": [2.987924593942794, 0.8731935109297858, -0.5021526098984431], "SNR": 0.03, "name": "4d4r"}