{"loc": [3, 7, -2], "rotate": [-2.4666440936425102, 0.4635221657216737, -1.662174133942667], "SNR": 0.03, "name": "4d4r"}