{"loc": [1, 1, -1], "rotate": [2.158452016363491, 1.118697700632545, 0.5688246571380717], "SNR": 0.03, "name": "4d4r"}