{"loc": [-6, 3, 6], "rotate": [2.53507704226309, 0.5589306082091781, -0.25175774991366134], "SNR": 0.03, "name": "4d4r"}