{"loc": [0, -7, -7], "rotate": [-2.755664141162706, 0.960933295126603, -1.6029647209682831], "SNR": 0.03, "name": "4d4r"}