{"loc": [-2, -7, -7], "rotate": [2.205922265592416, 0.7952457534586324, 0.21336047786579795], "SNR": 0.03, "name": "4d4r"}