{"loc": [6, -1, -7], "rotate": [2.1941081749312588, 1.7044217243507085, 0.975127537510999], "SNR": 0.03, "name": "4d4r"}