{"loc": [6, -2, -3], "rotate": [-2.498803154421294, 2.283849730163749, -2.800150938890331], "SNR": 0.03, "name": "4d4r"}