{"loc": [0, 4, 6], "rotate": [-1.890804212048129, 1.3867786701044713, -2.7033686699775976], "SNR": 0.03, "name": "4d4r"}