{"loc": [-7, 3, -7], "rotate": [-2.3996597581953623, 0.7015242871895594, -1.8485194577433555], "SNR": 0.03, "name": "4d4r"}