{"loc": [-3, -6, 4], "rotate": [-2.8771384729312364, 0.6496268752037769, -1.0505163870047807], "SNR": 0.03, "name": "4d4r"}