{"loc": [4, -7, -2], "rotate": [2.432028563269871, 1.8142873503945418, 0.8759279189337166], "SNR": 0.03, "name": "4d4r"}