{"loc": [0, 3, -1], "rotate": [-2.2782996490902048, 1.2714489937818176, -2.2684035594723446], "SNR": 0.03, "name": "4d4r"}