{"loc": [-2, 0, -7], "rotate": [-3.1167795306763026, 0.6231821117214906, -1.077841276891015], "SNR": 0.03, "name": "4d4r"}