{"loc": [-5, 7, -5], "rotate": [2.1982839388233377, 0.7734558093532061, 0.8593105175170822], "SNR": 0.03, "name": "4d4r"}