{"loc": [-1, 5, 7], "rotate": [2.6968367661881727, 1.8801320225069025, 1.3681765781382476], "SNR": 0.03, "name": "4d4r"}