{"loc": [-4, -1, -6], "rotate": [2.473723834281009, 1.9578265943877489, 0.9548551009336546], "SNR": 0.03, "name": "4d4r"}