{"loc": [6, -5, -3], "rotate": [-2.878302793161619, 1.9817758336624733, 3.009121737364495], "SNR": 0.03, "name": "4d4r"}