{"loc": [2, 6, -2], "rotate": [-2.3218374003429463, 1.0412469512137443, -1.9774920161415717], "SNR": 0.03, "name": "4d4r"}