{"loc": [-4, 3, 1], "rotate": [-3.0846477776726933, 0.3292902201012838, -0.7290722893751168], "SNR": 0.03, "name": "4d4r"}