{"loc": [2, 2, -7], "rotate": [2.0190596548897073, 1.737643179581935, 0.7558458155673216], "SNR": 0.03, "name": "4d4r"}