{"loc": [3, 4, -7], "rotate": [2.642867785800846, 1.0474943721369088, -0.03360563205345813], "SNR": 0.03, "name": "4d4r"}