{"loc": [4, 2, 6], "rotate": [2.2196542549231952, 1.3009527053297152, 0.30183254713873764], "SNR": 0.03, "name": "4d4r"}