{"loc": [5, 7, -6], "rotate": [2.0782923198840213, 1.2562949641466425, 0.34134957897149065], "SNR": 0.03, "name": "4d4r"}