{"loc": [7, 6, -4], "rotate": [2.7094037017815373, 0.8234073463542497, -0.24498950809000966], "SNR": 0.03, "name": "4d4r"}