{"loc": [4, -6, -4], "rotate": [2.0764473757570094, 1.8659426566056305, 0.9106799735906909], "SNR": 0.03, "name": "4d4r"}