{"loc": [0, -7, -4], "rotate": [-2.7517983286925314, 0.4882263261556123, -1.4517031370594695], "SNR": 0.03, "name": "4d4r"}