{"loc": [7, -4, 0], "rotate": [-2.859923670686356, 0.9140442787770015, -0.895295737260228], "SNR": 0.03, "name": "4d4r"}