{"loc": [1, 6, -2], "rotate": [1.9658525226645778, 1.57982330497719, 1.1361108253759824], "SNR": 0.03, "name": "4d4r"}