{"loc": [1, 5, -1], "rotate": [-2.5367489620117913, 0.6301013240991058, -1.345818029343387], "SNR": 0.03, "name": "4d4r"}