{"loc": [-4, -7, 6], "rotate": [2.975844561027934, 1.0269375549623794, -0.04530260780804816], "SNR": 0.03, "name": "4d4r"}