{"loc": [3, -3, 0], "rotate": [2.941276515447621, 0.8752506518562895, -0.2610837970012144], "SNR": 0.03, "name": "4d4r"}