{"loc": [6, 1, -7], "rotate": [2.139548454981261, 1.782233990260475, 1.032135341598224], "SNR": 0.03, "name": "4d4r"}