{"loc": [-4, -1, 6], "rotate": [-3.1083779872691797, 0.6489566168928336, -0.9212280013073024], "SNR": 0.03, "name": "4d4r"}