{"loc": [0, 0, 3], "rotate": [-2.940215427037266, 0.5077949289656655, -0.9177073935196356], "SNR": 0.03, "name": "4d4r"}