{"loc": [-4, 3, 7], "rotate": [2.2271671858754742, 0.9678839314571762, 0.144841246055054], "SNR": 0.03, "name": "4d4r"}