{"loc": [4, 0, 3], "rotate": [2.9314083773318576, 0.8512832409322545, -0.4909143679279159], "SNR": 0.03, "name": "4d4r"}