{"loc": [0, 3, 0], "rotate": [2.7867411438511054, 2.4162169424589846, 2.024870558528201], "SNR": 0.03, "name": "4d4r"}