{"loc": [-6, 1, 0], "rotate": [-3.094506491600346, 0.3973359307781085, -0.5433784040851986], "SNR": 0.03, "name": "4d4r"}