{"loc": [3, 6, 7], "rotate": [-2.477925386960578, 1.3019480747205991, -1.9766043342808963], "SNR": 0.03, "name": "4d4r"}