{"loc": [4, 2, 1], "rotate": [2.461016913559392, 1.812561055967797, 1.2043033214428587], "SNR": 0.03, "name": "4d4r"}