{"loc": [0, -4, 0], "rotate": [2.2278552928275706, 0.9882209035049744, 0.45481340922438235], "SNR": 0.03, "name": "4d4r"}