{"loc": [-1, -1, -6], "rotate": [2.712397237514267, 0.9215146312125365, -0.07551492088816543], "SNR": 0.03, "name": "4d4r"}