{"loc": [7, -7, 4], "rotate": [2.7595415816713835, 0.7932145130963045, 0.020057467805692595], "SNR": 0.03, "name": "4d4r"}