{"loc": [-6, 0, -3], "rotate": [2.6077932985524175, 2.2093766507209938, 1.4479140856417643], "SNR": 0.03, "name": "4d4r"}