{"loc": [0, 5, -7], "rotate": [-2.7290781297842908, 0.5522166750442283, -1.197069516662924], "SNR": 0.03, "name": "4d4r"}