{"loc": [-6, 2, 0], "rotate": [1.950013368854894, 1.5716186979920128, 0.8875890431537695], "SNR": 0.03, "name": "4d4r"}