{"loc": [7, 6, -7], "rotate": [2.3247297826592446, 0.9972323633935057, 0.5008262728479443], "SNR": 0.03, "name": "4d4r"}