{"loc": [1, -1, -2], "rotate": [-2.8605625260463614, 0.5567870296570924, -1.1897543907644328], "SNR": 0.03, "name": "4d4r"}