{"loc": [-2, 7, 5], "rotate": [2.988144945545295, 0.5152514881278075, -0.8184582339287431], "SNR": 0.03, "name": "4d4r"}