{"loc": [2, 1, -4], "rotate": [-2.0854502248525293, 1.821666844389841, -2.47405076614428], "SNR": 0.03, "name": "4d4r"}