{"loc": [-5, 3, 5], "rotate": [3.020815975567839, 0.3815414227708652, -0.550583764873211], "SNR": 0.03, "name": "4d4r"}