{"loc": [-7, -1, -1], "rotate": [2.250363519236863, 1.4352550168312515, 1.3743827605494476], "SNR": 0.03, "name": "4d4r"}