{"loc": [2, -1, 3], "rotate": [2.4667810812580773, 1.3763689484860044, 0.30308531902826724], "SNR": 0.03, "name": "4d4r"}