{"loc": [7, -3, -1], "rotate": [-2.863808298309876, 0.7191890561683643, -0.9184994846300979], "SNR": 0.03, "name": "4d4r"}