{"loc": [2, 6, 4], "rotate": [2.326337239218994, 1.3056184163364601, 0.5482243023302997], "SNR": 0.03, "name": "4d4r"}