{"loc": [2, 1, 1], "rotate": [-2.905037290579322, 0.789404762334763, -0.9967739387737858], "SNR": 0.03, "name": "4d4r"}