{"loc": [-7, 6, 0], "rotate": [2.514350942635091, 1.2639130964218264, 0.08145553021970857], "SNR": 0.03, "name": "4d4r"}