{"loc": [1, -7, -2], "rotate": [-3.0459849785923376, 0.6960742431714676, -1.0917501679901018], "SNR": 0.03, "name": "4d4r"}