{"loc": [-5, 4, 6], "rotate": [-3.1008764135132743, 0.7137027366086114, -0.8014664908933204], "SNR": 0.03, "name": "4d4r"}