{"loc": [1, -1, 1], "rotate": [-2.151298747822891, 1.0054265709096846, -2.305546877932408], "SNR": 0.03, "name": "4d4r"}