{"loc": [-3, 0, 5], "rotate": [2.2747572734080452, 1.6488796962601044, 0.864034723391507], "SNR": 0.03, "name": "4d4r"}