{"loc": [-2, 3, -1], "rotate": [-2.1448423403014276, 2.869691445221642, -2.947648026318577], "SNR": 0.03, "name": "4d4r"}