{"loc": [6, 0, 3], "rotate": [2.6352583420019218, 0.8313243509015252, -0.3493842030773547], "SNR": 0.03, "name": "4d4r"}