{"loc": [1, -6, 5], "rotate": [-2.1620085912023224, 0.7826128370342843, -1.6939880369212923], "SNR": 0.03, "name": "4d4r"}