{"loc": [0, 7, -6], "rotate": [2.2584816466912137, 1.3584898087902713, 0.8047468720862467], "SNR": 0.03, "name": "4d4r"}