{"loc": [3, -4, 1], "rotate": [-2.2853782618031357, 0.9268555039428249, -1.9328972290638355], "SNR": 0.03, "name": "4d4r"}