{"loc": [2, -3, -4], "rotate": [2.1080175896873152, 1.4279359871774733, 0.788164167077037], "SNR": 0.03, "name": "4d4r"}