{"loc": [-3, -5, 5], "rotate": [2.074428581284495, 1.6571455081278814, 0.6586490270583649], "SNR": 0.03, "name": "4d4r"}