{"loc": [0, -5, -6], "rotate": [-2.8921880129501525, 2.9536779360398406, 2.6558956217407705], "SNR": 0.03, "name": "4d4r"}