{"loc": [-7, 0, -5], "rotate": [-2.209284357555236, 1.3250440502790464, -1.8326861374307333], "SNR": 0.03, "name": "4d4r"}