{"loc": [6, -7, -2], "rotate": [2.187942923500977, 1.7047885836984333, 0.9509753187196943], "SNR": 0.03, "name": "4d4r"}