{"loc": [-1, 6, -6], "rotate": [2.491159917956413, 0.5293092412294326, 0.41041692163253585], "SNR": 0.03, "name": "4d4r"}