{"loc": [7, -4, 0], "rotate": [3.0182460922625043, 0.8647848594610493, -0.8607235813885395], "SNR": 0.03, "name": "4d4r"}