{"loc": [-5, 0, 6], "rotate": [2.4154378766023834, 1.0340569677881337, 0.6292277491625661], "SNR": 0.03, "name": "4d4r"}