{"loc": [-2, 2, 5], "rotate": [2.69291728139806, 0.931409441324744, 0.2949775058200287], "SNR": 0.03, "name": "4d4r"}