{"loc": [4, 2, 0], "rotate": [2.6699635890856523, 0.8422034834896663, -0.06807632660689703], "SNR": 0.03, "name": "4d4r"}