{"loc": [-2, 3, 6], "rotate": [-1.992347265289561, 1.3447957203052487, -2.773224725454398], "SNR": 0.03, "name": "4d4r"}