{"loc": [5, -4, -1], "rotate": [-2.034623691577837, 1.0985480651331463, -2.229447741152903], "SNR": 0.03, "name": "4d4r"}