{"loc": [3, -6, 1], "rotate": [-2.5762018190696305, 0.44240075406549684, -1.2673879588899988], "SNR": 0.03, "name": "4d4r"}