{"loc": [0, 6, -2], "rotate": [2.364174843789577, 1.1734641638244827, 0.23709830305829996], "SNR": 0.03, "name": "4d4r"}