{"loc": [-5, -6, 3], "rotate": [-2.28681339505475, 1.229135006500758, -2.2540904400845703], "SNR": 0.03, "name": "4d4r"}