{"loc": [0, -3, 4], "rotate": [2.133605196601019, 1.738901539612911, 0.7351198617845571], "SNR": 0.03, "name": "4d4r"}