{"loc": [-7, -3, -1], "rotate": [2.387978001603637, 1.1563698570993242, 0.4805286196356638], "SNR": 0.03, "name": "4d4r"}