{"loc": [-4, 2, -5], "rotate": [-2.0504763830996304, 1.2673844639676037, -2.471853116420086], "SNR": 0.03, "name": "4d4r"}