{"loc": [-1, 0, 0], "rotate": [-2.2303554277876705, 2.8909134615698155, 2.8092930572044277], "SNR": 0.03, "name": "4d4r"}