{"loc": [0, 1, 4], "rotate": [-1.806180476731748, 0.4230277366373192, -1.7312082673423346], "SNR": 0.03, "name": "4d4r"}