{"loc": [4, -7, -4], "rotate": [-2.598865351958038, 1.0695124744263964, -1.702395550518469], "SNR": 0.03, "name": "4d4r"}