{"loc": [-5, -1, -6], "rotate": [-2.807407458610827, 0.8693096470879031, -1.404511661578718], "SNR": 0.03, "name": "4d4r"}