{"loc": [-5, 6, 0], "rotate": [2.473862702144632, 0.5647494579218387, 0.37634219547234843], "SNR": 0.03, "name": "4d4r"}