{"loc": [-6, 4, 1], "rotate": [2.2999980545229226, 1.2367655117457408, 0.6670277434878079], "SNR": 0.03, "name": "4d4r"}