{"loc": [5, 5, 3], "rotate": [-2.334015099571669, 0.6649183913465001, -1.6090804923778903], "SNR": 0.03, "name": "4d4r"}