{"loc": [1, -2, 7], "rotate": [2.2267336673141545, 1.5841472069173912, 0.8264703505910743], "SNR": 0.03, "name": "4d4r"}