{"loc": [7, -6, -4], "rotate": [-2.937998427089413, 2.406273658577683, 2.971583669864036], "SNR": 0.03, "name": "4d4r"}