{"loc": [1, -3, 0], "rotate": [2.911675135805373, 2.6112745069957723, 1.949269244193468], "SNR": 0.03, "name": "4d4r"}