{"loc": [-7, 5, 5], "rotate": [2.353962225336477, 0.9391407440014953, 0.19683186939493175], "SNR": 0.03, "name": "4d4r"}