{"loc": [7, 0, 7], "rotate": [-2.4039608294912043, 1.1037028588427547, -2.0605856811386194], "SNR": 0.03, "name": "4d4r"}