{"loc": [6, -1, 5], "rotate": [2.842986993560596, 0.9029015632362155, 0.0951217185040505], "SNR": 0.03, "name": "4d4r"}