{"loc": [-4, -3, -1], "rotate": [-2.8625207746839, 0.7473160299007585, -0.6554384950943386], "SNR": 0.03, "name": "4d4r"}