{"loc": [-2, -3, 3], "rotate": [2.3276143899434865, 2.4758564967414434, 1.729643088616865], "SNR": 0.03, "name": "4d4r"}