{"loc": [6, 0, 0], "rotate": [-2.300540382202045, 1.3213234973124872, -2.3818767520170945], "SNR": 0.03, "name": "4d4r"}