{"loc": [4, 0, 4], "rotate": [-2.481763540045108, 0.744068514196195, -1.744705580913946], "SNR": 0.03, "name": "4d4r"}