{"loc": [5, -4, -5], "rotate": [-2.4827145270978073, 0.8286600145221215, -1.0421037357477234], "SNR": 0.03, "name": "4d4r"}