{"loc": [2, -6, -1], "rotate": [2.4272671690393084, 0.6570629508814322, 0.12929009752070347], "SNR": 0.03, "name": "4d4r"}