{"loc": [-3, 2, -1], "rotate": [2.9497430287042024, 0.7941704083142164, -0.26827061570067257], "SNR": 0.03, "name": "4d4r"}