{"loc": [5, -3, -2], "rotate": [2.257531437856062, 0.5400606175873072, 0.43322192595953407], "SNR": 0.03, "name": "4d4r"}