{"loc": [-3, -6, 0], "rotate": [2.3239928919477375, 1.1320779368251295, 0.4620178490754401], "SNR": 0.03, "name": "4d4r"}