{"loc": [-1, 4, 5], "rotate": [2.515341756672345, 0.49950804331083365, 0.21034851976829355], "SNR": 0.03, "name": "4d4r"}