{"loc": [-3, 6, 0], "rotate": [2.9302518513580877, 0.7828261058296212, -0.7096247117230566], "SNR": 0.03, "name": "4d4r"}