{"loc": [0, 2, -7], "rotate": [-2.0062764071160855, 0.846183525703052, -2.192136167892032], "SNR": 0.03, "name": "4d4r"}