{"loc": [-5, 3, 0], "rotate": [-2.2084176536865923, 1.5899905137454742, -2.6712244757508623], "SNR": 0.03, "name": "4d4r"}