{"loc": [-4, 7, 4], "rotate": [2.66047300202686, 2.654787647654481, 1.9405723764083949], "SNR": 0.03, "name": "4d4r"}