{"loc": [0, 3, -4], "rotate": [2.6685916893732244, 0.8854248745163533, 0.10624481241965458], "SNR": 0.03, "name": "4d4r"}