{"loc": [-6, 3, -4], "rotate": [-2.1133903440913806, 1.4772850761381933, -2.0693019293264143], "SNR": 0.03, "name": "4d4r"}