{"loc": [-2, -1, 2], "rotate": [2.0843159950965227, 1.8907857408802966, 0.698362932693836], "SNR": 0.03, "name": "4d4r"}