{"loc": [-7, 1, 2], "rotate": [3.011539175624557, 0.8452773554560287, -0.738700096198342], "SNR": 0.03, "name": "4d4r"}