{"loc": [-4, 5, -4], "rotate": [-2.749028763029407, 0.8057881368218158, -0.953229171868534], "SNR": 0.03, "name": "4d4r"}