{"loc": [0, -6, -7], "rotate": [2.5209515979698445, 0.7723811345732302, -0.10254752079866741], "SNR": 0.03, "name": "4d4r"}