{"loc": [-3, 2, 0], "rotate": [1.838106521913669, 1.9224143338390378, 0.9874159675070401], "SNR": 0.03, "name": "4d4r"}