{"loc": [6, 0, 5], "rotate": [2.631107823356666, 2.0797705462443234, 1.2614156714382128], "SNR": 0.03, "name": "4d4r"}