{"loc": [-6, 0, -7], "rotate": [2.3458050461014723, 1.714573969399735, 1.468991672898095], "SNR": 0.03, "name": "4d4r"}