{"loc": [0, 3, 3], "rotate": [-2.9881921626934065, 0.2339186745061472, -0.9683346214132804], "SNR": 0.03, "name": "4d4r"}