{"loc": [-6, 4, 4], "rotate": [2.6674088411125894, 2.251887075472269, 1.5237660818658036], "SNR": 0.03, "name": "4d4r"}