{"loc": [6, 2, 0], "rotate": [2.6749615771416755, 1.7556768227363082, 1.4756553140735595], "SNR": 0.03, "name": "4d4r"}