{"loc": [5, 1, 5], "rotate": [3.098778414723973, 0.5086011816019059, -0.28720380021769293], "SNR": 0.03, "name": "4d4r"}