{"loc": [7, -7, 0], "rotate": [2.7402494263903807, 0.8151360604472344, -0.5545606761267381], "SNR": 0.03, "name": "4d4r"}