{"loc": [3, -6, -7], "rotate": [-2.440454372317969, 1.1168425716849024, -2.1064728056104784], "SNR": 0.03, "name": "4d4r"}