{"loc": [4, 7, 5], "rotate": [2.572563806410864, 1.2692473629638052, 0.1788022672757369], "SNR": 0.03, "name": "4d4r"}