{"loc": [4, -5, 1], "rotate": [2.2365079458066903, 1.3790053562663689, 0.685761668009449], "SNR": 0.03, "name": "4d4r"}