{"loc": [3, -3, 7], "rotate": [0.27786710438182904, 2.6881922089179753, 2.2503980481513137], "SNR": 0.03, "name": "4d4r"}