{"loc": [0, -2, 3], "rotate": [-2.591944417650248, 2.7783078329414317, 2.4585746933619803], "SNR": 0.03, "name": "4d4r"}