{"loc": [6, 5, 3], "rotate": [2.1445926287861203, 1.3648542001557507, 0.9363509994077466], "SNR": 0.03, "name": "4d4r"}