{"loc": [1, 3, -2], "rotate": [2.4218975086483274, 1.2637314690113488, 0.10146605510212221], "SNR": 0.03, "name": "4d4r"}