{"loc": [-4, 4, 4], "rotate": [2.0093467619295926, 1.5367629683779727, 0.6694117358289021], "SNR": 0.03, "name": "4d4r"}