{"loc": [-5, -5, 0], "rotate": [2.6678759783354926, 0.6602406253598176, -0.10430580460105636], "SNR": 0.03, "name": "4d4r"}