{"loc": [-7, 6, 6], "rotate": [2.3350868930630106, 0.7213766197895662, 0.293571908785033], "SNR": 0.03, "name": "4d4r"}