{"loc": [-2, -4, -5], "rotate": [-2.7502042596827776, 0.9553426865414786, -1.330982489585458], "SNR": 0.03, "name": "4d4r"}