{"loc": [3, -2, -3], "rotate": [2.1629027783835713, 1.0791091929303627, 0.42145865716144587], "SNR": 0.03, "name": "4d4r"}