{"loc": [0, -4, 0], "rotate": [-2.140451043988136, 1.5187582646126434, -2.206294878493126], "SNR": 0.03, "name": "4d4r"}