{"loc": [7, 0, -3], "rotate": [1.9821334082368103, 1.7242999533988963, 1.3735183805987803], "SNR": 0.03, "name": "4d4r"}