{"loc": [3, 4, -3], "rotate": [2.444038045620964, 1.0951927754923418, 0.014215823710400826], "SNR": 0.03, "name": "4d4r"}