{"loc": [0, 0, 6], "rotate": [-2.3173020724612927, 0.8901329041413036, -1.6305944638794287], "SNR": 0.03, "name": "4d4r"}