{"loc": [0, 1, -5], "rotate": [2.3444177938436583, 1.478024441244489, 0.9883171263495422], "SNR": 0.03, "name": "4d4r"}