{"loc": [2, 4, 6], "rotate": [-2.4433079645573574, 0.36910317671412696, -1.2810330702706072], "SNR": 0.03, "name": "4d4r"}