{"loc": [-3, 6, 2], "rotate": [2.4395348623594266, 1.6443509458886072, 0.645447465532241], "SNR": 0.03, "name": "4d4r"}