{"loc": [0, -4, 5], "rotate": [-3.08967327546826, 0.7319724231048824, -0.6593432050380027], "SNR": 0.03, "name": "4d4r"}