{"loc": [0, 6, 0], "rotate": [2.3589395930831785, 1.4153572165580857, 0.3226951311676485], "SNR": 0.03, "name": "4d4r"}