{"loc": [-5, 5, 0], "rotate": [2.559588910250656, 1.1922901399463386, 0.5500827878721012], "SNR": 0.03, "name": "4d4r"}