{"loc": [-4, 0, 5], "rotate": [2.1523356495587596, 1.6005128686570624, 1.0254952083186823], "SNR": 0.03, "name": "4d4r"}