{"loc": [-2, 4, -2], "rotate": [2.6817251176480763, 0.6735781319648646, -0.19749437177335605], "SNR": 0.03, "name": "4d4r"}