{"loc": [3, 7, 6], "rotate": [2.3555886275348907, 1.1156937431243255, 0.4017901984328868], "SNR": 0.03, "name": "4d4r"}