{"loc": [-3, 6, 1], "rotate": [-2.4232820069758443, 2.0839891181872763, 2.8889145662347806], "SNR": 0.03, "name": "4d4r"}