{"loc": [2, 5, -7], "rotate": [-2.578623619998927, 0.4418843770567317, -1.571333768157223], "SNR": 0.03, "name": "4d4r"}