{"loc": [-6, 5, -5], "rotate": [-1.991652416308692, 0.6901555245997579, -1.9951161913024449], "SNR": 0.03, "name": "4d4r"}