{"loc": [5, 5, 7], "rotate": [-2.1324112012269385, 0.55333336829843, -2.0307802932912797], "SNR": 0.03, "name": "4d4r"}