{"loc": [0, -1, -1], "rotate": [-2.592987364819307, 1.2895332425406107, -1.5727939959832544], "SNR": 0.03, "name": "4d4r"}