{"loc": [-3, 0, -5], "rotate": [2.4347075131669746, 1.892622004155362, 1.2355522118271052], "SNR": 0.03, "name": "4d4r"}