{"loc": [6, -4, -2], "rotate": [2.5492895655601946, 1.1786888151018102, 0.254652070804861], "SNR": 0.03, "name": "4d4r"}