{"loc": [7, 6, 6], "rotate": [3.1199325625201273, 0.40629084009654687, -0.8446915197351512], "SNR": 0.03, "name": "4d4r"}