{"loc": [6, -4, -7], "rotate": [-2.2326741316254717, 2.1666327765842346, 3.0408417193919317], "SNR": 0.03, "name": "4d4r"}