{"loc": [3, -3, -5], "rotate": [2.1299578717756504, 1.2146581177675586, 0.7517980292150073], "SNR": 0.03, "name": "4d4r"}