{"loc": [-3, 5, 2], "rotate": [2.261449249100129, 1.5902603631458772, 0.9005517168266459], "SNR": 0.03, "name": "4d4r"}