{"loc": [0, -1, 2], "rotate": [-2.786112593019404, 0.694489616370745, -0.922151859337467], "SNR": 0.03, "name": "4d4r"}