{"loc": [0, 6, 0], "rotate": [-2.2119418137073428, 0.5902709307198764, -1.89852203761125], "SNR": 0.03, "name": "4d4r"}