{"loc": [-3, -1, -2], "rotate": [-2.99692373956366, 0.4631851387594643, -0.5671279515069789], "SNR": 0.03, "name": "4d4r"}