{"loc": [3, 4, -4], "rotate": [2.4417250474643537, 1.1197000771280041, 0.006136138260037792], "SNR": 0.03, "name": "4d4r"}