{"loc": [-5, 0, -5], "rotate": [-2.33925137513153, 1.1034703719882608, -1.956734671662662], "SNR": 0.03, "name": "4d4r"}