{"loc": [-7, 6, -4], "rotate": [-2.196204164958422, 1.4330899703885642, -2.228233967787629], "SNR": 0.03, "name": "4d4r"}