{"loc": [-7, -6, -7], "rotate": [2.4202285653358926, 1.3132360098894602, 0.2942115095936656], "SNR": 0.03, "name": "4d4r"}