{"loc": [0, 3, 2], "rotate": [2.332672087441643, 1.1842131314531985, 0.15596607576047222], "SNR": 0.03, "name": "4d4r"}