{"loc": [5, 0, 6], "rotate": [2.1890443214789377, 1.4848243139822628, 0.6608314196277346], "SNR": 0.03, "name": "4d4r"}