{"loc": [-1, 5, 5], "rotate": [2.234602081423899, 1.53283717332734, 0.7139473276878208], "SNR": 0.03, "name": "4d4r"}