{"loc": [0, 7, -1], "rotate": [-2.019627068030773, 0.9533381333089673, -1.9067509360205968], "SNR": 0.03, "name": "4d4r"}