{"loc": [4, -6, -7], "rotate": [-2.308158592565037, 1.1404717828660267, -1.5877837343154921], "SNR": 0.03, "name": "4d4r"}