{"loc": [6, 6, 6], "rotate": [2.4111006704242213, 1.6812601064896935, 0.9091680310935037], "SNR": 0.03, "name": "4d4r"}