{"loc": [2, -4, -2], "rotate": [-2.076974616447655, 1.3374333633312596, -1.9894030742471664], "SNR": 0.03, "name": "4d4r"}