{"loc": [0, -5, 0], "rotate": [-2.3580079436627965, 0.7868873355915126, -2.1377576998221377], "SNR": 0.03, "name": "4d4r"}