{"loc": [-3, 0, -7], "rotate": [2.4485995220139793, 1.3610922109353492, 0.13668479461866825], "SNR": 0.03, "name": "4d4r"}