{"loc": [-7, 2, 3], "rotate": [-2.4771691323904887, 1.6997343565207852, -2.2968722681271796], "SNR": 0.03, "name": "4d4r"}