{"loc": [4, -4, 2], "rotate": [2.579020110203424, 0.3651543250818821, -0.47427847927708633], "SNR": 0.03, "name": "4d4r"}