{"loc": [4, 0, -2], "rotate": [-2.412831426222049, 0.9250185713315482, -1.9727365853678795], "SNR": 0.03, "name": "4d4r"}