{"loc": [6, -6, 3], "rotate": [-2.6188913410073615, 0.3657039525096964, -1.15370242999666], "SNR": 0.03, "name": "4d4r"}