{"loc": [-3, 2, 1], "rotate": [-2.9684754821478023, 2.406782771647305, 3.058990846642191], "SNR": 0.03, "name": "4d4r"}