{"loc": [-5, 1, 0], "rotate": [-3.1198350484672432, 0.6654090314975947, -1.2172493482776918], "SNR": 0.03, "name": "4d4r"}