{"loc": [-3, 0, 5], "rotate": [-2.5526477775865195, 0.9241504678890203, -1.837194726118113], "SNR": 0.03, "name": "4d4r"}