{"loc": [1, 5, 0], "rotate": [2.0314429392049465, 1.77743205311997, 1.2195508623544993], "SNR": 0.03, "name": "4d4r"}