{"loc": [6, -1, -2], "rotate": [-2.9639441474362105, 0.5322043060281813, -1.258835430636609], "SNR": 0.03, "name": "4d4r"}