{"loc": [-1, 5, 6], "rotate": [2.0759423753155684, 1.609794174504806, 0.7850730124238011], "SNR": 0.03, "name": "4d4r"}