{"loc": [2, 4, 6], "rotate": [-2.3779697438415424, 0.7773875463836283, -1.8432068366714862], "SNR": 0.03, "name": "4d4r"}