{"loc": [1, -6, 2], "rotate": [-2.332082782282726, 0.7323658413835574, -1.5849386486535701], "SNR": 0.03, "name": "4d4r"}