{"loc": [-3, 2, -7], "rotate": [-2.0053629960318475, 1.3545411450341764, -2.272795093686639], "SNR": 0.03, "name": "4d4r"}