{"loc": [-3, 6, 4], "rotate": [2.1600185667639353, 2.1085521474687554, 0.7126602682680405], "SNR": 0.03, "name": "4d4r"}