{"loc": [-4, 5, 1], "rotate": [2.258639738126887, 0.9478082430125375, 0.7535729304834792], "SNR": 0.03, "name": "4d4r"}