{"loc": [6, -4, -7], "rotate": [-2.1597946709804874, 0.6260676220677602, -2.4324200543435874], "SNR": 0.03, "name": "4d4r"}