{"loc": [7, 0, -1], "rotate": [2.0448245209596845, 1.1036917579620735, 0.6872266216637004], "SNR": 0.03, "name": "4d4r"}