{"loc": [-1, 4, 1], "rotate": [-2.5485237699948198, 0.9466144657336723, -1.5937799896623022], "SNR": 0.03, "name": "4d4r"}