{"loc": [4, 3, 2], "rotate": [-2.2642227966980153, 1.9976613289300234, -2.6244218274266164], "SNR": 0.03, "name": "4d4r"}