{"loc": [4, 4, -7], "rotate": [-2.4390262458615903, 0.3003042026510355, -1.1996340934605008], "SNR": 0.03, "name": "4d4r"}