{"loc": [-4, 5, -5], "rotate": [2.1255614258995426, 1.4336555901176806, 0.624987630551226], "SNR": 0.03, "name": "4d4r"}