{"loc": [2, 3, 7], "rotate": [2.267954173053354, 0.956069001748742, 0.5442099084789107], "SNR": 0.03, "name": "4d4r"}