{"loc": [0, -1, -2], "rotate": [-2.6686737863883514, 0.6107873093883184, -1.45364244907261], "SNR": 0.03, "name": "4d4r"}