{"loc": [6, 5, -7], "rotate": [2.16976621257815, 0.35929162643926277, 0.12594404560942343], "SNR": 0.03, "name": "4d4r"}