{"loc": [-1, 6, -5], "rotate": [2.7914846912696207, 1.000364083913641, 0.041470316492616136], "SNR": 0.03, "name": "4d4r"}