{"loc": [-3, 7, 3], "rotate": [2.2370391777672123, 1.7066289032555022, 0.7981983956597071], "SNR": 0.03, "name": "4d4r"}