{"loc": [2, 1, 6], "rotate": [2.4855663178478444, 0.9098193785201392, -0.0024990162742573865], "SNR": 0.03, "name": "4d4r"}