{"loc": [5, 1, 1], "rotate": [2.291695341922907, 1.34434482069594, 0.26970980538603695], "SNR": 0.03, "name": "4d4r"}