{"loc": [0, 0, -1], "rotate": [2.1536544214832665, 1.7271839889672709, 0.7650670115810101], "SNR": 0.03, "name": "4d4r"}