{"loc": [0, -3, 1], "rotate": [-2.4194965680402785, 0.8460364968350418, -1.857972470807982], "SNR": 0.03, "name": "4d4r"}