{"loc": [0, -1, -1], "rotate": [-2.527489597865419, 1.0440185701644225, -1.6905055498119215], "SNR": 0.03, "name": "4d4r"}