{"loc": [4, 2, -1], "rotate": [-2.234521893970341, 0.5018785582914602, -1.967462766206086], "SNR": 0.03, "name": "4d4r"}