{"loc": [5, -4, 4], "rotate": [-2.0746979279307896, 1.0503582621065943, -2.2995793716319097], "SNR": 0.03, "name": "4d4r"}