{"loc": [1, 0, 3], "rotate": [-2.1777031994433647, 1.5924172188280106, -2.0700008242257915], "SNR": 0.03, "name": "4d4r"}