{"loc": [-2, -5, -1], "rotate": [2.918650849012428, 0.5940119592569709, -0.6472710331671427], "SNR": 0.03, "name": "4d4r"}