{"loc": [0, 5, -5], "rotate": [2.3182286707586197, 0.9258038492453691, 0.34954759552563663], "SNR": 0.03, "name": "4d4r"}