{"loc": [6, 4, -2], "rotate": [2.106821371166575, 1.459520986646778, 1.153985494832132], "SNR": 0.03, "name": "4d4r"}