{"loc": [-4, 0, 7], "rotate": [-2.0696394484336516, 0.42454145351458267, -1.8208746733655714], "SNR": 0.03, "name": "4d4r"}