{"loc": [0, -3, 0], "rotate": [-2.8856975006130967, 2.40426575191448, 2.823504881160511], "SNR": 0.03, "name": "4d4r"}