{"loc": [-4, -4, 6], "rotate": [3.1308086438806577, 0.8261304580786981, -0.7362391804102631], "SNR": 0.03, "name": "4d4r"}