{"loc": [-7, 0, -6], "rotate": [-2.5873036913920218, 0.9846758624800513, -1.5147703158692631], "SNR": 0.03, "name": "4d4r"}