{"loc": [7, -6, -4], "rotate": [2.0940847888917364, 1.1824368530295197, 0.684613127287848], "SNR": 0.03, "name": "4d4r"}