{"loc": [6, -5, 3], "rotate": [-2.3800381511640545, 0.8709147100600153, -1.9020545142811294], "SNR": 0.03, "name": "4d4r"}