{"loc": [2, 6, 3], "rotate": [-1.9628934537981413, 2.0938609835377586, -2.189630345841331], "SNR": 0.03, "name": "4d4r"}