{"loc": [-4, 0, 0], "rotate": [2.198344021485371, 0.6492298104556045, 0.11596089441431184], "SNR": 0.03, "name": "4d4r"}