{"loc": [1, 5, 3], "rotate": [-1.9616444644566449, 0.8127049187599852, -2.147498748136154], "SNR": 0.03, "name": "4d4r"}