{"loc": [-5, 6, -7], "rotate": [-2.016642070204795, 1.30580927624063, -2.1107147631914707], "SNR": 0.03, "name": "4d4r"}