{"loc": [0, 0, 3], "rotate": [-2.2742264919608033, 1.2790017475049786, -2.5602761232807594], "SNR": 0.03, "name": "4d4r"}