{"loc": [6, -4, 4], "rotate": [-2.307711942134951, 1.1716414337736385, -1.6740650205196608], "SNR": 0.03, "name": "4d4r"}