{"loc": [-4, -5, -4], "rotate": [2.555926494134008, 1.1094242421412395, -0.12626431513369962], "SNR": 0.03, "name": "4d4r"}