{"loc": [5, 0, 5], "rotate": [-2.087540814155416, 1.6153888329692287, -2.261404081117032], "SNR": 0.03, "name": "4d4r"}