{"loc": [3, 0, 1], "rotate": [2.5309734906478023, 0.7789973708562871, -0.25180467193180367], "SNR": 0.03, "name": "4d4r"}