{"loc": [4, 5, 5], "rotate": [1.838503014725603, 1.2830871473807814, 0.613479175186691], "SNR": 0.03, "name": "4d4r"}