{"loc": [0, 4, -7], "rotate": [2.4835255806348857, 0.9657107235429647, -0.03409561123292805], "SNR": 0.03, "name": "4d4r"}