{"loc": [-4, -1, 6], "rotate": [2.8228999373601216, 0.8156757610174193, -0.46819304962278196], "SNR": 0.03, "name": "4d4r"}