{"loc": [-6, 3, -4], "rotate": [2.62090214140574, 0.9498983162002241, -0.3147213298546218], "SNR": 0.03, "name": "4d4r"}