{"loc": [-3, 6, 0], "rotate": [2.156382425283385, 1.1775116484989125, 0.6764948171082696], "SNR": 0.03, "name": "4d4r"}