{"loc": [1, -5, -6], "rotate": [-1.8801126246594562, 0.27701699100844607, -1.7078304848076102], "SNR": 0.03, "name": "4d4r"}