{"loc": [-5, 6, 2], "rotate": [2.5898533876072944, 1.1442689499536967, -0.14534578448881236], "SNR": 0.03, "name": "4d4r"}