{"loc": [-4, 5, 7], "rotate": [2.4852330474117514, 1.1519926058429206, 0.4783373157760473], "SNR": 0.03, "name": "4d4r"}