{"loc": [-6, 0, -5], "rotate": [-2.7536511832808155, 2.4346768360611053, 3.078937017569527], "SNR": 0.03, "name": "4d4r"}