{"loc": [0, -7, 0], "rotate": [2.0409955923220156, 0.8357317867621514, 0.08737018347816847], "SNR": 0.03, "name": "4d4r"}