{"loc": [-5, 0, 1], "rotate": [0.8811207930028128, 2.8372791069480647, 2.8942199781130684], "SNR": 0.03, "name": "4d4r"}