{"loc": [7, -4, -4], "rotate": [2.7167838339976904, 0.8861927465798356, -0.1268454070767175], "SNR": 0.03, "name": "4d4r"}