{"loc": [-7, -7, 1], "rotate": [2.4741116528944023, 1.4982150440851703, 0.6425805272903913], "SNR": 0.03, "name": "4d4r"}