{"loc": [-1, 7, 6], "rotate": [2.9655227683044427, 0.7719154391171619, -0.5137284316640489], "SNR": 0.03, "name": "4d4r"}