{"loc": [-1, -3, -3], "rotate": [2.0481623712221886, 1.6574968188805712, 0.7841149529207155], "SNR": 0.03, "name": "4d4r"}