{"loc": [0, 6, 3], "rotate": [-2.472800775587101, 0.8775092351204524, -1.5323627291152624], "SNR": 0.03, "name": "4d4r"}