{"loc": [-1, 4, 1], "rotate": [2.8596895429564997, 0.3022395714409383, -0.4529058059816262], "SNR": 0.03, "name": "4d4r"}