{"loc": [1, -7, 1], "rotate": [-2.5210386691237447, 1.0678197726697898, -1.444947637696225], "SNR": 0.03, "name": "4d4r"}