{"loc": [4, -1, -7], "rotate": [-2.203441564911059, 1.09748665755722, -2.433811769049403], "SNR": 0.03, "name": "4d4r"}