{"loc": [-2, 7, 1], "rotate": [2.1817583940452816, 1.6204936938002819, 0.9006025237168443], "SNR": 0.03, "name": "4d4r"}