{"loc": [-7, 1, -4], "rotate": [2.2950678839963703, 1.4162393087778486, 0.2492153683225942], "SNR": 0.03, "name": "4d4r"}