{"loc": [-1, 7, 3], "rotate": [2.827027669734413, 0.8275722818849797, -0.436591676771851], "SNR": 0.03, "name": "4d4r"}