{"loc": [-3, -2, -7], "rotate": [2.021578665620323, 1.5662313015383225, 0.26942647271701686], "SNR": 0.03, "name": "4d4r"}