{"loc": [-5, -6, -5], "rotate": [2.082839643219663, 0.4824643148336732, 0.2565009523610523], "SNR": 0.03, "name": "4d4r"}