{"loc": [-3, 6, -6], "rotate": [-2.7982484327435877, 0.7824388821730796, -1.45975040917057], "SNR": 0.03, "name": "4d4r"}