{"loc": [0, 2, -6], "rotate": [2.061181297050924, 1.5610494250973888, 1.4585373185076018], "SNR": 0.03, "name": "4d4r"}