{"loc": [-7, -1, 4], "rotate": [3.0363694594304, 0.8354093232007872, -0.6891898135774803], "SNR": 0.03, "name": "4d4r"}