{"loc": [-6, 3, -4], "rotate": [2.297535641053576, 1.5970136564588981, 0.5249112149590426], "SNR": 0.03, "name": "4d4r"}