{"loc": [5, -2, -6], "rotate": [-2.4007767146648025, 1.249155978770924, -1.366328832087408], "SNR": 0.03, "name": "4d4r"}