{"loc": [6, 4, -5], "rotate": [-2.525326601819231, 0.5217521193314625, -1.6334665409787328], "SNR": 0.03, "name": "4d4r"}