{"loc": [0, -1, 7], "rotate": [2.2436547787433585, 1.2729939568695026, 0.6541036038810024], "SNR": 0.03, "name": "4d4r"}