{"loc": [7, -2, 7], "rotate": [2.278713470814226, 2.0397591495459833, 1.2271768308023465], "SNR": 0.03, "name": "4d4r"}