{"loc": [-7, -5, 7], "rotate": [2.631408043755844, 0.8827220657286344, 0.16315475855897316], "SNR": 0.03, "name": "4d4r"}