{"loc": [7, -7, 2], "rotate": [-2.3116523624734566, 0.8158225747325156, -1.772683420293792], "SNR": 0.03, "name": "4d4r"}