{"loc": [0, 1, 0], "rotate": [-2.42033634586761, 0.6630895295831296, -1.7532051831101476], "SNR": 0.03, "name": "4d4r"}