{"loc": [1, -6, -7], "rotate": [2.502551307358905, 1.662553111691502, 1.4867583956913328], "SNR": 0.03, "name": "4d4r"}