{"loc": [6, 0, -2], "rotate": [2.11531972188457, 1.5586467420807382, 0.8736993875322491], "SNR": 0.03, "name": "4d4r"}