{"loc": [0, -4, 0], "rotate": [2.085472480237837, 1.060175655904722, 0.505530326063572], "SNR": 0.03, "name": "4d4r"}