{"loc": [-7, 6, 6], "rotate": [2.307074966347669, 0.5344855633857101, 0.3846584793977924], "SNR": 0.03, "name": "4d4r"}