{"loc": [7, 7, -2], "rotate": [-2.6870382727080777, 0.6371190718460384, -1.4513113616288686], "SNR": 0.03, "name": "4d4r"}