{"loc": [0, 3, -3], "rotate": [-2.381792701544829, 2.298937308211535, 2.990538582366501], "SNR": 0.03, "name": "4d4r"}