{"loc": [0, -3, 7], "rotate": [-3.0326104765859676, 0.7182219975198744, -0.949071624185559], "SNR": 0.03, "name": "4d4r"}