{"loc": [-7, -5, -6], "rotate": [-2.7696232012728097, 0.39698626300032397, -0.8681327647505692], "SNR": 0.03, "name": "4d4r"}