{"loc": [-6, -6, 6], "rotate": [1.8252477567691263, 1.5458331410270363, 0.5627695583186124], "SNR": 0.03, "name": "4d4r"}