{"loc": [6, 6, -5], "rotate": [2.188294676866288, 1.2127346343216858, 0.6237341397687963], "SNR": 0.03, "name": "4d4r"}