{"loc": [0, -4, 2], "rotate": [-2.156273604811869, 0.2478764123746252, -1.6674471449335064], "SNR": 0.03, "name": "4d4r"}