{"loc": [1, 3, 4], "rotate": [-1.130472561676546, 1.956037366206385, 0.829607875053825], "SNR": 0.03, "name": "4d4r"}