{"loc": [1, 5, -2], "rotate": [-2.3386522623450285, 1.3533780071467552, -1.544634704544348], "SNR": 0.03, "name": "4d4r"}