{"loc": [-5, -4, 6], "rotate": [-3.1164230371553154, 0.7934084036510812, -1.0158096764170168], "SNR": 0.03, "name": "4d4r"}