{"loc": [-2, -5, -2], "rotate": [2.7787476565383225, 0.7217280494179672, -0.19226169522986514], "SNR": 0.03, "name": "4d4r"}