{"loc": [-1, 4, 1], "rotate": [-2.195497362689807, 0.7419483137964943, -1.8160869712528445], "SNR": 0.03, "name": "4d4r"}