{"loc": [1, 0, -1], "rotate": [-2.1323512807905325, 1.528537780678968, -2.2136974553161695], "SNR": 0.03, "name": "4d4r"}