{"loc": [-4, 7, -3], "rotate": [1.9365490073498608, 1.012153111511879, 0.675671396619423], "SNR": 0.03, "name": "4d4r"}