{"loc": [2, 0, 2], "rotate": [2.306836279166302, 1.3234829507682602, 0.3053014701582765], "SNR": 0.03, "name": "4d4r"}