{"loc": [-7, 5, 4], "rotate": [-1.7798666927793583, 1.01346682607187, -1.8321468897902575], "SNR": 0.03, "name": "4d4r"}