{"loc": [-6, 3, 2], "rotate": [2.365647152118369, 1.1627854186204873, -0.047394332755530635], "SNR": 0.03, "name": "4d4r"}