{"loc": [7, -7, 3], "rotate": [2.1511116025256993, 1.5979996420934703, 0.1151437880483472], "SNR": 0.03, "name": "4d4r"}