{"loc": [1, -1, 6], "rotate": [-2.7633309151219954, 2.6418886062955287, 2.2737188447700967], "SNR": 0.03, "name": "4d4r"}