{"loc": [-2, 5, -6], "rotate": [-2.234978555406432, 1.8754748500801386, -2.420290739115999], "SNR": 0.03, "name": "4d4r"}