{"loc": [5, 7, -5], "rotate": [2.1628897317208637, 1.9903542211820873, 1.3798636427458235], "SNR": 0.03, "name": "4d4r"}