{"loc": [2, 0, -1], "rotate": [2.007764331516463, 1.967393019827782, 0.6466372870795656], "SNR": 0.03, "name": "4d4r"}