{"loc": [1, 6, 6], "rotate": [-2.731635985044055, 2.8014595230860744, 2.3922889478181855], "SNR": 0.03, "name": "4d4r"}