{"loc": [-6, 7, -5], "rotate": [2.065984195606579, 0.7113523994331387, 0.5061259937360754], "SNR": 0.03, "name": "4d4r"}