{"loc": [0, 2, -5], "rotate": [-2.8355141962381096, 0.854925806124202, -1.7763957855441588], "SNR": 0.03, "name": "4d4r"}