{"loc": [3, 6, 6], "rotate": [1.9000830649748115, 1.8413735271659428, 1.10378816915849], "SNR": 0.03, "name": "4d4r"}