{"loc": [4, 7, 0], "rotate": [3.0051343648789275, 1.2347871381920728, -0.01992985737330955], "SNR": 0.03, "name": "4d4r"}