{"loc": [-6, -7, 0], "rotate": [2.0329381544237837, 0.867743597204884, 0.036003708771155385], "SNR": 0.03, "name": "4d4r"}