{"loc": [2, -4, 1], "rotate": [-2.5751237355903864, 2.23628364042842, 3.0747364442874736], "SNR": 0.03, "name": "4d4r"}