{"loc": [-3, 6, -5], "rotate": [2.7185199102683995, 0.9456247544866773, -0.015050410167444912], "SNR": 0.03, "name": "4d4r"}