{"loc": [0, -2, 5], "rotate": [-2.4610898153483878, 2.4945268995906305, -2.666061811743261], "SNR": 0.03, "name": "4d4r"}