{"loc": [-1, 3, -1], "rotate": [2.2450602050219084, 0.6212660162958242, 0.32765622839291536], "SNR": 0.03, "name": "4d4r"}