{"loc": [0, -2, 4], "rotate": [2.549287074221351, 1.4314664392964638, 0.04083865525631475], "SNR": 0.03, "name": "4d4r"}