{"loc": [5, 0, 0], "rotate": [-2.137443561691164, 0.9454797204939464, -1.7483685724692875], "SNR": 0.03, "name": "4d4r"}