{"loc": [3, -4, -7], "rotate": [2.366398897856683, 0.8587650317888553, 0.642863287994287], "SNR": 0.03, "name": "4d4r"}