{"loc": [7, 0, 1], "rotate": [2.3174460311430187, 1.4376798416528929, 0.49283342049668494], "SNR": 0.03, "name": "4d4r"}