{"loc": [4, -2, -2], "rotate": [-2.3649138396040152, 1.9827617695147728, -2.587588431002553], "SNR": 0.03, "name": "4d4r"}