{"loc": [-3, 6, 1], "rotate": [-1.9176035472750768, 2.448558841626653, -3.024174989350237], "SNR": 0.03, "name": "4d4r"}