{"loc": [1, -3, 2], "rotate": [-2.463493527821169, 1.493291626396358, -2.266831194644647], "SNR": 0.03, "name": "4d4r"}