{"loc": [-7, -1, -4], "rotate": [2.372704048445638, 1.7423539367404013, 0.6137732705354819], "SNR": 0.03, "name": "4d4r"}