{"loc": [3, 0, 2], "rotate": [1.9846289787442, 0.26517173689513646, 0.019431497378052463], "SNR": 0.03, "name": "4d4r"}