{"loc": [-3, 2, -6], "rotate": [-2.007745133067487, 0.680682314325736, -1.6925877386922636], "SNR": 0.03, "name": "4d4r"}