{"loc": [-5, 5, -7], "rotate": [-3.1213516720354897, 2.546419619492169, 2.3579906996593527], "SNR": 0.03, "name": "4d4r"}