{"loc": [6, -4, -1], "rotate": [-2.603219613382906, 1.1368902893865327, -1.738495856094709], "SNR": 0.03, "name": "4d4r"}