{"loc": [2, 5, -3], "rotate": [-2.3398673095899536, 0.5079624016154836, -1.7209784732886717], "SNR": 0.03, "name": "4d4r"}