{"loc": [1, 1, -6], "rotate": [2.8156872489279285, 0.6078090245698666, -0.15641470091322185], "SNR": 0.03, "name": "4d4r"}