{"loc": [-6, 0, -3], "rotate": [-2.775407073183424, 0.6649659822730414, -1.0218760907659588], "SNR": 0.03, "name": "4d4r"}