{"loc": [4, 4, -3], "rotate": [-2.1891629823019447, 0.7786325421288395, -2.0545229391249857], "SNR": 0.03, "name": "4d4r"}