{"loc": [-4, -3, 3], "rotate": [2.985627649342143, 0.7134686059241917, -0.3968109768689173], "SNR": 0.03, "name": "4d4r"}