{"loc": [-4, 7, 7], "rotate": [2.1767838223247953, 2.3659776631421296, 1.3475348129654046], "SNR": 0.03, "name": "4d4r"}