{"loc": [-5, 0, 2], "rotate": [-2.2703051829332903, 1.8106876787656878, -3.1209773946683557], "SNR": 0.03, "name": "4d4r"}