{"loc": [3, 4, -3], "rotate": [-1.935284138504779, 1.3126912326864073, -2.0214060163798773], "SNR": 0.03, "name": "4d4r"}