{"loc": [-7, 4, 0], "rotate": [2.542564657190755, 1.2021570409482076, 0.20837302307297478], "SNR": 0.03, "name": "4d4r"}