{"loc": [-6, -4, -2], "rotate": [-2.931427543771378, 0.8000141739815673, -0.7103119142804493], "SNR": 0.03, "name": "4d4r"}