{"loc": [1, 3, -3], "rotate": [2.1872574700091163, 1.5974568401312326, 0.776149397842688], "SNR": 0.03, "name": "4d4r"}