{"loc": [-6, 5, -1], "rotate": [2.422304289465682, 1.6996330917566134, 0.7479558505109601], "SNR": 0.03, "name": "4d4r"}