{"loc": [7, 6, -6], "rotate": [-2.4833637855892823, 0.6953608194249906, -1.321664340321138], "SNR": 0.03, "name": "4d4r"}