{"loc": [-5, -5, -2], "rotate": [2.2146985772833463, 1.608825256875065, 1.0326532807948028], "SNR": 0.03, "name": "4d4r"}