{"loc": [0, 6, 4], "rotate": [-2.4328693106422072, 0.7298752766649276, -1.5934447970294285], "SNR": 0.03, "name": "4d4r"}