{"loc": [7, 5, -7], "rotate": [2.369744500010911, 0.9849089969942566, 0.5129693367281709], "SNR": 0.03, "name": "4d4r"}