{"loc": [3, -3, -2], "rotate": [2.93452877523206, 0.7155020935738259, -0.6249943734337048], "SNR": 0.03, "name": "4d4r"}