{"loc": [0, 2, 2], "rotate": [1.9346191756110573, 0.32789740427480935, 0.6544538571680751], "SNR": 0.03, "name": "4d4r"}