{"loc": [-5, -7, 3], "rotate": [-2.834689829573085, 0.7918601782570522, -1.1672761357380093], "SNR": 0.03, "name": "4d4r"}