{"loc": [-6, 0, -1], "rotate": [2.4928567115782996, 0.8525958789742825, -0.08183327411785221], "SNR": 0.03, "name": "4d4r"}