{"loc": [-6, -3, 2], "rotate": [3.0279645962146398, 1.2139596205776462, -0.11441652857381523], "SNR": 0.03, "name": "4d4r"}