{"loc": [-5, -4, -7], "rotate": [2.4630250413751362, 1.5028361839283377, 0.7399161355658048], "SNR": 0.03, "name": "4d4r"}