{"loc": [-6, -6, 7], "rotate": [2.3975895946588124, 1.5108109981084628, 0.29673320636877243], "SNR": 0.03, "name": "4d4r"}