{"loc": [5, 6, 6], "rotate": [-2.3428534250869086, 1.0595231119161197, -2.0157690197437454], "SNR": 0.03, "name": "4d4r"}