{"loc": [3, 5, -7], "rotate": [-2.9980164673163245, 1.0774595619186724, -1.3446170715791947], "SNR": 0.03, "name": "4d4r"}