{"loc": [1, 6, 7], "rotate": [3.0464743025510876, 0.5343090425575296, -0.5316128888049906], "SNR": 0.03, "name": "4d4r"}