{"loc": [-3, 6, -4], "rotate": [2.9789531463911354, 0.4386384104360356, -0.4684473016494614], "SNR": 0.03, "name": "4d4r"}