{"loc": [2, 0, -3], "rotate": [-2.557247539992475, 0.8972086361858769, -1.7995594964800778], "SNR": 0.03, "name": "4d4r"}