{"loc": [0, 0, 6], "rotate": [-2.8498670648968196, 0.31638043925611187, -1.0570150067267532], "SNR": 0.03, "name": "4d4r"}