{"loc": [1, 4, -3], "rotate": [2.6501428761724357, 0.6751146554927872, -0.17143063239963016], "SNR": 0.03, "name": "4d4r"}