{"loc": [-6, 6, -4], "rotate": [2.294974437673616, 2.0302705240070074, 1.2099681507288902], "SNR": 0.03, "name": "4d4r"}