{"loc": [-6, 4, 1], "rotate": [-2.5379003967674736, 1.0114646143921995, -1.7259440700854418], "SNR": 0.03, "name": "4d4r"}