{"loc": [2, -6, 1], "rotate": [2.7745325624907466, 0.8107515573681907, -0.2914059498158088], "SNR": 0.03, "name": "4d4r"}