{"loc": [-6, 6, 2], "rotate": [2.673014237270307, 1.3687527968209492, 0.4385815783293521], "SNR": 0.03, "name": "4d4r"}