{"loc": [-5, 4, -1], "rotate": [2.593976742466903, 0.6169643354167227, -0.33111120406405], "SNR": 0.03, "name": "4d4r"}