{"loc": [-2, -5, -7], "rotate": [2.2886136234635743, 0.4449803288870707, 0.07093840976546614], "SNR": 0.03, "name": "4d4r"}