{"loc": [3, 0, -3], "rotate": [2.100166478971724, 1.588495291339012, 0.7869121773966019], "SNR": 0.03, "name": "4d4r"}