{"loc": [5, -7, 1], "rotate": [-2.4662878752121804, 1.0885249952308071, -1.6399828058631376], "SNR": 0.03, "name": "4d4r"}