{"loc": [-2, 0, 5], "rotate": [-2.8318393586344794, 0.49571836638978967, -1.178639575280824], "SNR": 0.03, "name": "4d4r"}