{"loc": [5, -6, -3], "rotate": [-2.1107758245142074, 1.840091638784883, -2.3564235337497674], "SNR": 0.03, "name": "4d4r"}