{"loc": [-3, 0, -6], "rotate": [-1.9933719350399148, 1.4579534028176326, -2.3899369067619416], "SNR": 0.03, "name": "4d4r"}