{"loc": [-1, 3, -1], "rotate": [2.3711131156469616, 1.4448786145774264, 0.5446828337623776], "SNR": 0.03, "name": "4d4r"}