{"loc": [-4, -5, -7], "rotate": [-2.9915760083665393, 2.407903315138431, 2.9257471056139095], "SNR": 0.03, "name": "4d4r"}