{"loc": [-2, -6, 5], "rotate": [2.9412435602015092, 0.9813061461102732, -0.3401424364024103], "SNR": 0.03, "name": "2ldb"}