{"loc": [-2, -7, -4], "rotate": [-1.9477872754224612, 1.49014631454243, -2.375292590095086], "SNR": 0.03, "name": "2ldb"}