{"loc": [-2, -1, 0], "rotate": [2.648506645521841, 1.0390906645176234, 0.07213373521553998], "SNR": 0.03, "name": "2ldb"}