{"loc": [-6, -4, 6], "rotate": [-2.802550043933184, 2.3864395872415485, 2.8234848478819967], "SNR": 0.03, "name": "2ldb"}