{"loc": [5, 2, -7], "rotate": [-2.625857623438941, 0.6759754062383497, -1.2841378092437685], "SNR": 0.03, "name": "2ldb"}