{"loc": [-3, 0, 3], "rotate": [2.2662575228532393, 1.5223664548882585, 0.6583639063900733], "SNR": 0.03, "name": "2ldb"}