{"loc": [-6, 0, 3], "rotate": [2.331524779639217, 1.210602674204616, 0.538571087538694], "SNR": 0.03, "name": "2ldb"}