{"loc": [0, 5, 2], "rotate": [1.9461740615937142, 1.568565068660903, 0.658040069937268], "SNR": 0.03, "name": "2ldb"}