{"loc": [-1, -6, 1], "rotate": [2.195692638397098, 1.4727118612468526, 0.6012965359902086], "SNR": 0.03, "name": "2ldb"}