{"loc": [6, -2, -2], "rotate": [-1.427901578483669, 1.461065213591587, 0.2636367121393624], "SNR": 0.03, "name": "2ldb"}