{"loc": [7, 3, 1], "rotate": [-2.043743779532758, 1.0391270470332996, -2.3386270524298363], "SNR": 0.03, "name": "2ldb"}