{"loc": [-2, -1, 0], "rotate": [2.038154803772859, 1.4731245811596998, 1.0442029320600765], "SNR": 0.03, "name": "2ldb"}