{"loc": [2, -5, 3], "rotate": [-2.009962115296138, 1.1902575211717974, -2.566470894735416], "SNR": 0.03, "name": "2ldb"}