{"loc": [-7, 3, -3], "rotate": [-2.824927380163033, 0.652371667472305, -1.2235234218673012], "SNR": 0.03, "name": "2ldb"}