{"loc": [-1, -6, 6], "rotate": [-2.389576387113424, 0.762199265117738, -1.8831552283147144], "SNR": 0.03, "name": "2ldb"}