{"loc": [-7, -1, -2], "rotate": [3.1314238559899263, 0.7772112986932591, -0.31469498978236815], "SNR": 0.03, "name": "2ldb"}