{"loc": [-7, 5, 0], "rotate": [-2.6548791918112995, 0.7779802390269182, -1.5178333598959557], "SNR": 0.03, "name": "2ldb"}