{"loc": [1, 2, -2], "rotate": [1.9485075021169942, 0.9368413553898544, 0.26670808395316614], "SNR": 0.03, "name": "2ldb"}