{"loc": [0, -3, -5], "rotate": [-2.1833351324202233, 1.2184009060376824, -1.938204120663074], "SNR": 0.03, "name": "2ldb"}