{"loc": [-7, -4, -4], "rotate": [-2.9364316887040993, 1.2223923883365042, -1.1588946501765223], "SNR": 0.03, "name": "2ldb"}