{"loc": [3, -7, -6], "rotate": [2.530792049020258, 0.5788821097427962, 0.23536573171089323], "SNR": 0.03, "name": "2ldb"}