{"loc": [-6, -7, 2], "rotate": [-3.1167241996342545, 0.8880714966703408, -1.0262960121604345], "SNR": 0.03, "name": "2ldb"}