{"loc": [-4, 5, -3], "rotate": [2.574561905783471, 2.2579751695922563, 1.7446512059407255], "SNR": 0.03, "name": "2ldb"}