{"loc": [-2, -1, -7], "rotate": [-2.65335737278276, 0.9697407539221969, -1.9290779853736773], "SNR": 0.03, "name": "2ldb"}