{"loc": [-6, 1, 4], "rotate": [2.4290396383255684, 2.138105088528357, 0.9844199472248698], "SNR": 0.03, "name": "2ldb"}