{"loc": [-2, 4, -2], "rotate": [-2.0973569746112877, 1.469156082588734, -2.2978084243516683], "SNR": 0.03, "name": "2ldb"}