{"loc": [0, -2, 3], "rotate": [-1.9439795901987555, 1.1323095366248448, -2.224108471189002], "SNR": 0.03, "name": "2ldb"}