{"loc": [-1, -5, -6], "rotate": [-2.5750788403546885, 1.4878287561732524, -1.8288314032440007], "SNR": 0.03, "name": "2ldb"}