{"loc": [5, -2, -1], "rotate": [2.770430865638011, 1.8047321646387107, 1.1346006281174055], "SNR": 0.03, "name": "2ldb"}