{"loc": [-6, -5, 6], "rotate": [2.3841317952892602, 1.036096402615557, -0.02294209022464378], "SNR": 0.03, "name": "2ldb"}