{"loc": [2, 4, 4], "rotate": [-3.1305388849843627, 0.8727748644532433, -0.8554519598232851], "SNR": 0.03, "name": "2ldb"}