{"loc": [3, 0, 1], "rotate": [-2.986875754628671, 0.4058698578308424, -0.9440241162960908], "SNR": 0.03, "name": "2ldb"}