{"loc": [0, 5, 0], "rotate": [-2.568954118265459, 0.49002747998666235, -1.4058800043871], "SNR": 0.03, "name": "2ldb"}