{"loc": [2, 2, -4], "rotate": [2.2572903534864954, 0.8778905754198306, -0.03010934714019854], "SNR": 0.03, "name": "2ldb"}