{"loc": [3, 6, 5], "rotate": [2.099886657528202, 2.078742147523438, 1.3574422718257888], "SNR": 0.03, "name": "2ldb"}