{"loc": [-6, 6, -1], "rotate": [2.316987504138212, 0.7932313612889904, -0.1604850610972899], "SNR": 0.03, "name": "2ldb"}