{"loc": [-6, 6, -4], "rotate": [-2.8611749637998187, 2.434408577644533, 2.4927047654384165], "SNR": 0.03, "name": "2ldb"}