{"loc": [1, 6, 3], "rotate": [3.1194224965389656, 0.8827563090833065, -0.32504885470527495], "SNR": 0.03, "name": "2ldb"}