{"loc": [4, -4, 6], "rotate": [2.1372127100892464, 1.2507603964775171, 0.96320674523574], "SNR": 0.03, "name": "2ldb"}