{"loc": [6, -6, 2], "rotate": [-2.2877795240975836, 1.4490461099598426, -1.6900792084884144], "SNR": 0.03, "name": "2ldb"}