{"loc": [3, -4, 0], "rotate": [2.9801132246033357, 0.6299016605227271, -0.5269223736649161], "SNR": 0.03, "name": "2ldb"}