{"loc": [5, -7, -2], "rotate": [2.07663429053276, 0.7093646514774071, 0.5324775113559425], "SNR": 0.03, "name": "2ldb"}