{"loc": [-6, 4, -5], "rotate": [2.9899964491849773, 0.8416008907365145, -0.8579328464957673], "SNR": 0.03, "name": "2ldb"}