{"loc": [-1, 0, 7], "rotate": [-3.0858906610042487, 0.939319994822565, -0.5822047030560068], "SNR": 0.03, "name": "2ldb"}