{"loc": [4, 6, 0], "rotate": [-2.7551412614353366, 0.9565890528717037, -1.4200790335817277], "SNR": 0.03, "name": "2ldb"}