{"loc": [0, -5, 4], "rotate": [-2.18636052915022, 1.2383495217404372, -2.3105591298278476], "SNR": 0.03, "name": "2ldb"}