{"loc": [-4, 4, 0], "rotate": [2.0934785813568793, 0.9260850244062293, 0.462126604154023], "SNR": 0.03, "name": "2ldb"}