{"loc": [-4, 7, -1], "rotate": [2.1198484219313007, 1.5004231640666705, 0.8116775391611847], "SNR": 0.03, "name": "2ldb"}