{"loc": [-3, 1, -1], "rotate": [-2.2247213031026805, 1.3016401433941764, -1.6564233226584746], "SNR": 0.03, "name": "2ldb"}