{"loc": [0, 1, -6], "rotate": [-2.1765599668904523, 1.0676755549776293, -2.1867495797087497], "SNR": 0.03, "name": "2ldb"}