{"loc": [5, -6, 7], "rotate": [1.8400209844891138, 0.7466645819415481, 0.6138167936183336], "SNR": 0.03, "name": "2ldb"}