{"loc": [0, 4, 5], "rotate": [0.5183386385838739, 2.596615785628498, 2.9817442499559195], "SNR": 0.03, "name": "2ldb"}