{"loc": [5, 4, -2], "rotate": [-2.527841905264756, 1.0405917206488025, -1.3257221702059399], "SNR": 0.03, "name": "2ldb"}