{"loc": [5, 4, 2], "rotate": [-2.2735104302850946, 1.400432018629868, -2.2186626891352073], "SNR": 0.03, "name": "2ldb"}