{"loc": [3, -1, 0], "rotate": [-3.098614902131218, 0.7561982288056216, -0.6774651074120012], "SNR": 0.03, "name": "2ldb"}