{"loc": [3, -1, 1], "rotate": [-2.0592703404807966, 0.6520386453077239, -2.287945058306339], "SNR": 0.03, "name": "2ldb"}