{"loc": [5, 2, 7], "rotate": [-2.62366195142068, 1.0240688046906579, -1.3140772520376922], "SNR": 0.03, "name": "2ldb"}