{"loc": [-6, 4, -3], "rotate": [2.4705234531172513, 1.6017775520291042, 0.7620107478146307], "SNR": 0.03, "name": "2ldb"}