{"loc": [0, -1, -6], "rotate": [-2.7468668893522605, 0.6348021185797752, -1.5817870467945794], "SNR": 0.03, "name": "2ldb"}