{"loc": [-3, -5, 6], "rotate": [2.5983436859587035, 1.1592592157183617, -0.14458447815364742], "SNR": 0.03, "name": "2ldb"}