{"loc": [2, -3, 4], "rotate": [-2.6158526352825864, 0.685459720661949, -1.4004960480879813], "SNR": 0.03, "name": "2ldb"}