{"loc": [-4, 5, 1], "rotate": [2.1431609257392727, 1.6229543426811364, 0.5016506905555961], "SNR": 0.03, "name": "2ldb"}