{"loc": [6, 5, 0], "rotate": [2.904281904015611, 0.23203025229130508, -0.36612111195186176], "SNR": 0.03, "name": "2ldb"}