{"loc": [0, 0, -2], "rotate": [2.802298071725365, 0.6838820588574362, -0.46785456071587217], "SNR": 0.03, "name": "2ldb"}