{"loc": [0, 0, 5], "rotate": [-2.1867113287231157, 1.9772277788709314, -2.480199760149737], "SNR": 0.03, "name": "2ldb"}