{"loc": [-1, -6, -3], "rotate": [2.677519498536499, 0.8051685789608097, 0.06328031030100013], "SNR": 0.03, "name": "2ldb"}