{"loc": [-2, -4, 6], "rotate": [-2.1736096020563545, 0.7259282703436553, -1.5443643280827322], "SNR": 0.03, "name": "2ldb"}