{"loc": [-7, -6, -2], "rotate": [2.0250820615415357, 1.2985130534642297, 0.18446498376872808], "SNR": 0.03, "name": "2ldb"}