{"loc": [0, -7, 6], "rotate": [-2.475711135149152, 0.9071292129741669, -1.8531031643004052], "SNR": 0.03, "name": "2ldb"}