{"loc": [-1, -6, -7], "rotate": [2.3564830683540894, 1.1089850610521184, 0.616703777915545], "SNR": 0.03, "name": "2ldb"}