{"loc": [-2, -5, 2], "rotate": [-2.4127105342909947, 1.5296980328459189, -2.100006135188463], "SNR": 0.03, "name": "2ldb"}