{"loc": [0, 0, 7], "rotate": [2.299100392561667, 1.1804854394344102, 0.22548866218276697], "SNR": 0.03, "name": "2ldb"}