{"loc": [2, 2, -6], "rotate": [-2.545028057283806, 1.771939267248034, -2.6073500955072886], "SNR": 0.03, "name": "2ldb"}