{"loc": [4, -7, -3], "rotate": [-2.267672489413724, 1.283875651782163, -1.87820126597039], "SNR": 0.03, "name": "2ldb"}