{"loc": [6, 4, 0], "rotate": [-2.48321919555105, 0.9580381541571232, -1.6188025669429782], "SNR": 0.03, "name": "2ldb"}