{"loc": [-4, -7, 3], "rotate": [-2.4387689462550672, 1.5680596432642042, -2.1144602772489764], "SNR": 0.03, "name": "2ldb"}