{"loc": [3, -3, -5], "rotate": [-2.4265099670068735, 0.6343630906255825, -1.7659828692605137], "SNR": 0.03, "name": "2ldb"}