{"loc": [1, -1, -4], "rotate": [-2.4895019087007557, 1.669727662680025, -2.2989352076434244], "SNR": 0.03, "name": "2ldb"}