{"loc": [-5, -2, 4], "rotate": [2.1370747031337656, 1.3904701948348595, 0.6319976273996035], "SNR": 0.03, "name": "2ldb"}