{"loc": [7, 0, -5], "rotate": [2.433580880417793, 0.8163936859450487, -0.0493865035421418], "SNR": 0.03, "name": "2ldb"}