{"loc": [2, -2, 0], "rotate": [-2.8888749213628495, 0.7012182636161085, -1.0737288286433333], "SNR": 0.03, "name": "2ldb"}