{"loc": [-7, 2, 0], "rotate": [2.4034676095482963, 1.9470590539241905, 1.117339993761439], "SNR": 0.03, "name": "2ldb"}