{"loc": [5, -5, 3], "rotate": [-2.5254251972944335, 0.6616872527078903, -1.5286652339819304], "SNR": 0.03, "name": "2ldb"}