{"loc": [7, 0, -7], "rotate": [-2.1830087996395653, 1.8544795156996914, -2.4517057364885355], "SNR": 0.03, "name": "2ldb"}