{"loc": [-4, 0, 1], "rotate": [1.8301896518055525, 1.2129308074421967, 0.1626039535301934], "SNR": 0.03, "name": "2ldb"}