{"loc": [4, -1, -4], "rotate": [-1.9971666716042633, 1.014523622368533, -1.8298743369606174], "SNR": 0.03, "name": "2ldb"}