{"loc": [4, 5, -1], "rotate": [2.6585109778074663, 0.6275605924077646, -0.15098969835585882], "SNR": 0.03, "name": "2ldb"}