{"loc": [0, -4, 1], "rotate": [2.669622229112964, 0.17367945463438278, -0.3698347419029687], "SNR": 0.03, "name": "2ldb"}