{"loc": [4, 1, 2], "rotate": [-2.555125121936361, 0.5835417278864771, -1.2559210191628392], "SNR": 0.03, "name": "2ldb"}