{"loc": [5, -2, -3], "rotate": [-2.726475845153839, 0.7354478586514406, -1.0154672291327485], "SNR": 0.03, "name": "2ldb"}