{"loc": [-7, -7, -6], "rotate": [2.4542580766820143, 0.7768029189301917, 0.17296122034977116], "SNR": 0.03, "name": "2ldb"}