{"loc": [-6, 0, 1], "rotate": [-2.2246382279191166, 1.0343076808271647, -2.111667690987611], "SNR": 0.03, "name": "2ldb"}