{"loc": [1, -1, -7], "rotate": [2.701904328149211, 0.8601948557702178, -0.29173688678678567], "SNR": 0.03, "name": "2ldb"}