{"loc": [2, -5, -5], "rotate": [-2.293265493633174, 1.4939148969862814, -1.7953744076279126], "SNR": 0.03, "name": "2ldb"}