{"loc": [-2, -3, -3], "rotate": [2.3279559083497237, 1.6154794370096264, 0.6247555978934098], "SNR": 0.03, "name": "2ldb"}