{"loc": [-6, -6, 0], "rotate": [-2.044948979527164, 1.9734178321987992, -2.8702195899208975], "SNR": 0.03, "name": "2ldb"}