{"loc": [-2, 4, 2], "rotate": [-2.4557050227954105, 0.818948556794178, -1.2754746558945564], "SNR": 0.03, "name": "2ldb"}