{"loc": [0, 5, -6], "rotate": [2.1260950321333323, 1.3233869389197355, 0.7190795056441501], "SNR": 0.03, "name": "2ldb"}