{"loc": [6, -2, -6], "rotate": [2.8545628401392, 1.031190796096502, -0.24183438835855722], "SNR": 0.03, "name": "2ldb"}