{"loc": [4, 3, 6], "rotate": [-2.525725387083522, 0.9030850838591878, -1.4461439656243869], "SNR": 0.03, "name": "2ldb"}