{"loc": [-1, 7, 7], "rotate": [2.6942980093826088, 0.35594234788384765, -0.09712860657280632], "SNR": 0.03, "name": "2ldb"}