{"loc": [4, 1, 0], "rotate": [2.20389055721831, 1.5188004803195456, 0.8561228451698224], "SNR": 0.03, "name": "2ldb"}