{"loc": [1, 3, -2], "rotate": [2.3855052514664923, 1.264285984396279, 0.6192779019493897], "SNR": 0.03, "name": "2ldb"}