{"loc": [7, -1, 4], "rotate": [-3.0262247493428394, 0.6341032397904098, -0.23884559283533668], "SNR": 0.03, "name": "2ldb"}