{"loc": [2, 6, 0], "rotate": [-2.192169597374305, 1.7539158508191777, -3.0254330834737835], "SNR": 0.03, "name": "2ldb"}