{"loc": [4, -1, 4], "rotate": [2.0237777363805716, 1.877929772558938, 0.8229169012545021], "SNR": 0.03, "name": "2ldb"}