{"loc": [7, 7, 3], "rotate": [-2.9344785813028613, 0.9367010633033009, -1.2078127767536149], "SNR": 0.03, "name": "2ldb"}