{"loc": [-6, -1, 3], "rotate": [2.3589559306709127, 1.224368378660276, 1.0205151691764285], "SNR": 0.03, "name": "2ldb"}