{"loc": [1, 4, 2], "rotate": [-2.167881970530177, 0.9961952458438378, -2.0852814814626703], "SNR": 0.03, "name": "2ldb"}