{"loc": [-6, 6, -4], "rotate": [2.16123164093346, 1.7445389076087519, 0.9470811387953961], "SNR": 0.03, "name": "2ldb"}