{"loc": [0, 1, 0], "rotate": [-3.010013127574112, 0.3679523689607188, -0.8672686957697647], "SNR": 0.03, "name": "2ldb"}