{"loc": [1, -3, -4], "rotate": [-2.6009365207493866, 0.9255564422745312, -1.085984029181091], "SNR": 0.03, "name": "2ldb"}