{"loc": [-5, -6, -1], "rotate": [-2.3638395537692536, 1.3229708735262549, -2.11032997085578], "SNR": 0.03, "name": "2ldb"}