{"loc": [-2, -5, 6], "rotate": [2.4237544084399034, 0.698537892411054, -0.07676160934612129], "SNR": 0.03, "name": "2ldb"}