{"loc": [4, 1, -4], "rotate": [2.2106760658253988, 1.6801791035929732, 0.21845751506972969], "SNR": 0.03, "name": "2ldb"}