{"loc": [1, 3, -5], "rotate": [2.65759438010613, 0.45128818310995095, -0.5164763073572323], "SNR": 0.03, "name": "2ldb"}