{"loc": [5, -5, -4], "rotate": [2.2045924415249694, 0.9736417322470516, 0.4461522362534388], "SNR": 0.03, "name": "2ldb"}