{"loc": [-7, 0, -2], "rotate": [-2.392384660261501, 1.3788838807264874, -2.494182785534559], "SNR": 0.03, "name": "2ldb"}