{"loc": [-5, 0, 7], "rotate": [2.28309718161934, 0.5174694557042862, 0.26750333606620663], "SNR": 0.03, "name": "2ldb"}