{"loc": [7, -2, 1], "rotate": [-2.2488094429670524, 0.9718990506862748, -2.0029020128508583], "SNR": 0.03, "name": "2ldb"}