{"loc": [1, -7, 6], "rotate": [2.8120507627792852, 0.879655400120215, -0.19317710165480442], "SNR": 0.03, "name": "2ldb"}