{"loc": [-1, 5, -1], "rotate": [3.1026515899593154, 0.8060943963098931, -0.2663540743379219], "SNR": 0.03, "name": "2ldb"}