{"loc": [-1, 3, 2], "rotate": [2.592497388686071, 0.8139029272163761, -0.005118537230795968], "SNR": 0.03, "name": "2ldb"}