{"loc": [-3, 7, -2], "rotate": [-2.896956496180971, 0.6435847938775139, -1.0838312759357154], "SNR": 0.03, "name": "2ldb"}