{"loc": [-2, 0, -6], "rotate": [0.15853475880235976, 0.7424170024612736, -1.4123715982593081], "SNR": 0.03, "name": "2ldb"}