{"loc": [-3, -5, 5], "rotate": [2.310793418420321, 1.3458402501876165, 0.6658448901687802], "SNR": 0.03, "name": "2ldb"}