{"loc": [-6, 5, 1], "rotate": [2.3552604366621153, 1.169447623252757, 0.5778488138698105], "SNR": 0.03, "name": "2ldb"}