{"loc": [7, 5, -1], "rotate": [-2.8121073631269122, 0.5318640808155783, -1.2182900155716179], "SNR": 0.03, "name": "2ldb"}