{"loc": [3, 7, 0], "rotate": [-1.95742869117314, 1.6288997918833064, -2.3499251869586186], "SNR": 0.03, "name": "2ldb"}