{"loc": [0, -3, 7], "rotate": [2.794265712217267, 0.5687660978648554, -0.06510277604521007], "SNR": 0.03, "name": "2ldb"}