{"loc": [6, 7, 0], "rotate": [1.9707008176112732, 1.0797046286577785, 0.4823549317385929], "SNR": 0.03, "name": "2ldb"}