{"loc": [-2, -3, 0], "rotate": [2.79078216940992, 1.1069109275075033, -0.38806516740384184], "SNR": 0.03, "name": "2ldb"}