{"loc": [3, 6, -4], "rotate": [-2.088238717797572, 1.7326057237793762, -2.6759283044377393], "SNR": 0.03, "name": "2ldb"}