{"loc": [3, 5, 2], "rotate": [2.5996632430677495, 0.8003660093291283, -0.28061438920109366], "SNR": 0.03, "name": "2ldb"}