{"loc": [4, 5, -4], "rotate": [-3.0528054126490085, 0.9195813890952703, -1.2375088297074317], "SNR": 0.03, "name": "2ldb"}