{"loc": [2, 2, 0], "rotate": [2.153505474228482, 1.613316125849906, 0.9037133961349824], "SNR": 0.03, "name": "2ldb"}