{"loc": [-4, -1, 3], "rotate": [2.2518221574047663, 0.9181851826624983, 0.7404386690377283], "SNR": 0.03, "name": "2ldb"}