{"loc": [-2, 4, -4], "rotate": [-2.741620644515853, 1.0621868666413692, -1.305513852557339], "SNR": 0.03, "name": "2ldb"}