{"loc": [-6, 5, -4], "rotate": [2.7672480031294016, 0.9891026451637148, -0.3999642323542525], "SNR": 0.03, "name": "2ldb"}