{"loc": [-6, 3, -3], "rotate": [-2.1904494362321807, 1.062319249518151, -2.500963091566848], "SNR": 0.03, "name": "2ldb"}