{"loc": [6, 5, -4], "rotate": [2.202695337026932, 0.6674663845961182, 0.3238650235531535], "SNR": 0.03, "name": "2ldb"}