{"loc": [6, -1, 0], "rotate": [-2.5889883953365973, 0.6331671241092315, -1.5629790340767056], "SNR": 0.03, "name": "2ldb"}