{"loc": [-2, -3, 0], "rotate": [2.7265909014256042, 0.36750019410720747, -0.5871010470056963], "SNR": 0.03, "name": "2ldb"}