{"loc": [1, -6, 2], "rotate": [-2.2533707538176344, 0.6923287298193566, -1.9319224992171697], "SNR": 0.03, "name": "2ldb"}