{"loc": [-7, 1, 7], "rotate": [2.629647384436934, 0.6325127611190325, -0.6473907726322998], "SNR": 0.03, "name": "2ldb"}