{"loc": [0, 6, 6], "rotate": [-2.708965714529186, 0.6190247426547857, -1.3238401688275063], "SNR": 0.03, "name": "2ldb"}