{"loc": [-4, -3, 1], "rotate": [1.9974140476189652, 1.0830636646953806, 0.709177465985228], "SNR": 0.03, "name": "2ldb"}