{"loc": [-3, 0, -5], "rotate": [2.2934681654691267, 0.969711017646231, 0.09572568184714568], "SNR": 0.03, "name": "2ldb"}