{"loc": [-5, -3, -4], "rotate": [2.371539976644155, 1.1537886859579125, 0.3470551746574221], "SNR": 0.03, "name": "2ldb"}