{"loc": [-6, 6, -2], "rotate": [2.696353100981072, 0.7368326773297983, -0.27990277687244286], "SNR": 0.03, "name": "2ldb"}