{"loc": [3, -7, 0], "rotate": [-2.8136147747118643, 2.4562608332976885, 2.810392435521138], "SNR": 0.03, "name": "2ldb"}