{"loc": [-1, -6, -4], "rotate": [-2.703685105192571, 2.4554290435029404, 3.1161061338686], "SNR": 0.03, "name": "2ldb"}