{"loc": [6, -4, 0], "rotate": [2.4419619343032113, 1.4541737203005967, 0.5433791629517588], "SNR": 0.03, "name": "2ldb"}