{"loc": [-6, 5, 0], "rotate": [2.190540181040934, 1.1834996004666412, 0.5704316168589894], "SNR": 0.03, "name": "2ldb"}