{"loc": [2, 6, -4], "rotate": [-2.30929953403573, 1.3502540125540143, -1.5379239005946905], "SNR": 0.03, "name": "2ldb"}