{"loc": [-6, 5, 4], "rotate": [1.9249061437188748, 1.8117413452313391, 0.8448122458017139], "SNR": 0.03, "name": "2ldb"}