{"loc": [-1, -2, 0], "rotate": [2.563301794814954, 0.7956933798416418, -0.7241476389826341], "SNR": 0.03, "name": "2ldb"}