{"loc": [-6, -6, 5], "rotate": [2.889968892316629, 0.8036021433390282, -0.8302130792582891], "SNR": 0.03, "name": "2ldb"}