{"loc": [-4, -5, 1], "rotate": [2.5169922038402213, 0.7210526216252894, -0.02876716200511542], "SNR": 0.03, "name": "2ldb"}