{"loc": [7, -1, 3], "rotate": [2.652597193024329, 0.24985011308976415, -0.25078271514896905], "SNR": 0.03, "name": "2ldb"}