{"loc": [7, -7, -3], "rotate": [2.1165107854328515, 0.8567011386195209, 0.26427997131936504], "SNR": 0.03, "name": "2ldb"}