{"loc": [0, 7, -3], "rotate": [2.8482791221037913, 2.8112432411227264, 2.177403285549017], "SNR": 0.03, "name": "2ldb"}