{"loc": [6, 6, 1], "rotate": [2.0846548756680296, 1.29235524266321, 0.3284554300641493], "SNR": 0.03, "name": "2ldb"}