{"loc": [3, 3, -1], "rotate": [2.3124326914997684, 1.3449890150758157, 0.5486056644911234], "SNR": 0.03, "name": "2ldb"}