{"loc": [3, 7, -4], "rotate": [2.597861818061939, 1.5071554645364662, 1.1718402027688077], "SNR": 0.03, "name": "2ldb"}