{"loc": [7, -4, -6], "rotate": [-2.835191352316027, 2.6340044385746824, 2.5199627144215695], "SNR": 0.03, "name": "2ldb"}