{"loc": [7, 6, -1], "rotate": [2.5385865095365436, 1.637784840672954, 0.6119705329571064], "SNR": 0.03, "name": "2ldb"}