{"loc": [-1, -3, 7], "rotate": [-0.8276335496184903, 2.142347845054911, 0.919341575765233], "SNR": 0.03, "name": "2ldb"}