{"loc": [-3, -5, 1], "rotate": [2.4049708213702745, 2.117155741370856, 1.4090384504418232], "SNR": 0.03, "name": "2ldb"}