{"loc": [6, 3, 2], "rotate": [-2.1912921169723334, 0.9267091413588164, -2.074794126807189], "SNR": 0.03, "name": "2ldb"}