{"loc": [-1, 2, -1], "rotate": [2.444141559548208, 1.1272855779984912, 0.27767072381628655], "SNR": 0.03, "name": "2ldb"}