{"loc": [-2, 7, -6], "rotate": [3.0091855676665094, 0.6623208825488127, -0.8473287004904868], "SNR": 0.03, "name": "2ldb"}