{"loc": [1, -7, -4], "rotate": [2.2373369150090126, 2.5782665762967687, 1.2318616589475144], "SNR": 0.03, "name": "2ldb"}