{"loc": [-7, -6, -3], "rotate": [1.8833791972779113, 0.988260959140268, 0.7972671396401215], "SNR": 0.03, "name": "2ldb"}