{"loc": [-7, -7, -7], "rotate": [-2.2852689401553063, 1.2861542414369473, -1.9722760408254645], "SNR": 0.03, "name": "2ldb"}