{"loc": [-6, 0, 7], "rotate": [2.437105518212066, 0.6770875273473473, 0.1277413828676959], "SNR": 0.03, "name": "2ldb"}