{"loc": [0, 3, -3], "rotate": [-2.3451068050515316, 0.9802173729895028, -2.019344178808381], "SNR": 0.03, "name": "2ldb"}