{"loc": [3, 5, -3], "rotate": [2.4463688977681897, 2.088007376802101, 0.9613032829637017], "SNR": 0.03, "name": "2ldb"}