{"loc": [-5, -1, 6], "rotate": [2.4348487292694982, 1.1999559199454344, -0.12923100824681794], "SNR": 0.03, "name": "2ldb"}