{"loc": [5, -7, -6], "rotate": [-2.7860307840448675, 0.7273323928479147, -1.0206071301098163], "SNR": 0.03, "name": "2ldb"}