{"loc": [7, -3, 5], "rotate": [-2.1835801698884594, 0.7083883037321341, -1.6417449941029882], "SNR": 0.03, "name": "2ldb"}