{"loc": [-7, 0, -3], "rotate": [2.1283956740528938, 1.3462373992485794, 0.3778803475702003], "SNR": 0.03, "name": "2ldb"}