{"loc": [4, 6, -2], "rotate": [2.4395835212581107, 1.72453772578383, 1.0990249339885942], "SNR": 0.03, "name": "2ldb"}