{"loc": [-7, 4, 4], "rotate": [1.7990914982279742, 1.2096796766392126, 0.6249581093385504], "SNR": 0.03, "name": "2ldb"}