{"loc": [1, -5, -2], "rotate": [2.4512090532137387, 1.2202112198336192, 0.5226927474202423], "SNR": 0.03, "name": "2ldb"}