{"loc": [4, 0, -3], "rotate": [-2.3649396530674665, 2.3594064003603643, 2.802734151967882], "SNR": 0.03, "name": "2ldb"}