{"loc": [6, 0, -4], "rotate": [-2.2595164565816366, 1.311709127104672, -2.5344365111636677], "SNR": 0.03, "name": "2ldb"}