{"loc": [6, 0, -4], "rotate": [-2.350892332064639, 1.076333624878402, -2.054489975361284], "SNR": 0.03, "name": "2ldb"}