{"loc": [1, -6, -7], "rotate": [-1.9910877406288838, 1.1346488634465246, -2.037393179001852], "SNR": 0.03, "name": "2ldb"}