{"loc": [-7, 6, 3], "rotate": [-2.3765019081985495, 1.416992313039974, -1.954761364910194], "SNR": 0.03, "name": "2ldb"}