{"loc": [0, -2, -6], "rotate": [2.4755658609855202, 1.0760398945270337, 0.07792965129704035], "SNR": 0.03, "name": "2ldb"}