{"loc": [1, -3, 0], "rotate": [-2.609414316620861, 1.0074849094341247, -1.4598246812904887], "SNR": 0.03, "name": "2ldb"}