{"loc": [1, -7, -5], "rotate": [2.2975427570564664, 2.0607128962218413, 1.0152339342665082], "SNR": 0.03, "name": "2ldb"}