{"loc": [1, -1, 0], "rotate": [2.9083482755566963, 0.7203876084129245, -0.45272757232935473], "SNR": 0.03, "name": "2ldb"}