{"loc": [-1, 1, 1], "rotate": [2.10883064065712, 1.8373625673999017, 0.7292187598705939], "SNR": 0.03, "name": "2ldb"}