{"loc": [3, 4, -5], "rotate": [3.0742366913628487, 0.6758410946187169, -0.9291838930566828], "SNR": 0.03, "name": "2ldb"}