{"loc": [-4, -3, -6], "rotate": [-1.9958822346407659, 0.9608513975533653, -1.8417510369852996], "SNR": 0.03, "name": "2ldb"}