{"loc": [-6, -1, -1], "rotate": [-2.1691272548012215, 0.5684872374726699, -2.1176762313065978], "SNR": 0.03, "name": "2ldb"}