{"loc": [4, 4, -3], "rotate": [2.426231782731992, 1.7120298683308597, 1.3245387112549263], "SNR": 0.03, "name": "2ldb"}