{"loc": [-7, 0, -7], "rotate": [2.0647783083625533, 1.5374751830835465, 0.9859655903820951], "SNR": 0.03, "name": "2ldb"}