{"loc": [7, 3, -4], "rotate": [-2.784392067046112, 0.9250004764454758, -0.9386542796780659], "SNR": 0.03, "name": "2ldb"}