{"loc": [-2, -7, -4], "rotate": [0.7392509821758799, 2.0060013751878003, -3.0094565988651474], "SNR": 0.03, "name": "2ldb"}