{"loc": [-6, -7, 1], "rotate": [-2.6352787311238246, 0.6999279429778669, -1.471842433495201], "SNR": 0.03, "name": "2ldb"}