{"loc": [-4, -3, 4], "rotate": [2.496896922661607, 1.4137738350855322, 0.18964662638888402], "SNR": 0.03, "name": "2ldb"}