{"loc": [-4, 3, -2], "rotate": [2.083253038471744, 1.3514778466326498, 0.372667214731346], "SNR": 0.03, "name": "2ldb"}