{"loc": [3, 0, 3], "rotate": [1.9513712746840988, 0.8158650441207054, 0.9028910020921195], "SNR": 0.03, "name": "2ldb"}