{"loc": [-7, 1, 0], "rotate": [-2.4656429623437726, 1.0082418896788914, -1.799461780550784], "SNR": 0.03, "name": "2ldb"}