{"loc": [-1, -1, 5], "rotate": [-2.1370965154924075, 1.4645028639720707, -2.157106929395732], "SNR": 0.03, "name": "2ldb"}