{"loc": [2, 4, -5], "rotate": [2.5655322745497227, 1.3033255718367518, 0.1397962469369721], "SNR": 0.03, "name": "2ldb"}