{"loc": [-3, -1, 7], "rotate": [-2.205565741108311, 1.1177112691088378, -1.785881134488667], "SNR": 0.03, "name": "2ldb"}