{"loc": [1, 2, -1], "rotate": [3.1220058621040763, 0.6929557180388024, -0.6780121114304652], "SNR": 0.03, "name": "2ldb"}