{"loc": [-2, 1, -3], "rotate": [-2.223873454708374, 1.3859646244532453, -2.25923999549882], "SNR": 0.03, "name": "2ldb"}