{"loc": [6, -4, 4], "rotate": [-2.8297655793917578, 0.7271841409180501, -1.445477212718177], "SNR": 0.03, "name": "2ldb"}