{"loc": [6, -5, -4], "rotate": [2.072969796328644, 1.4724458502462654, 0.7297529489435173], "SNR": 0.03, "name": "2ldb"}