{"loc": [-2, 6, 4], "rotate": [-3.0634869186314857, 0.8069550805590295, -0.42198141642013315], "SNR": 0.03, "name": "2ldb"}