{"loc": [2, 1, -2], "rotate": [2.9925154065549218, 0.45765550336840705, -0.7908146463036443], "SNR": 0.03, "name": "2ldb"}