{"loc": [1, 6, 0], "rotate": [2.14194546577516, 1.7784836917765499, 0.9389709083021099], "SNR": 0.03, "name": "2ldb"}