{"loc": [-5, 2, 3], "rotate": [-2.192340763984622, 0.9394476150317572, -1.7772516385087573], "SNR": 0.03, "name": "2ldb"}