{"loc": [-7, 6, 0], "rotate": [2.793807944854386, 0.6666974176231768, -0.5837319120735516], "SNR": 0.03, "name": "2ldb"}