{"loc": [-1, 6, -4], "rotate": [2.581881950025317, 1.0433484208407802, 0.21510192833230887], "SNR": 0.03, "name": "2ldb"}