{"loc": [5, -5, 0], "rotate": [-2.6186159889055234, 0.9936915720240003, -1.8710219710984932], "SNR": 0.03, "name": "2ldb"}