{"loc": [-4, 0, -3], "rotate": [2.527413717557707, 0.8673675012817713, 0.03252928778407112], "SNR": 0.03, "name": "2ldb"}