{"loc": [-1, -2, -4], "rotate": [-2.461490251942725, 1.5573350114619657, -1.6314502829597932], "SNR": 0.03, "name": "2ldb"}