{"loc": [5, 4, -7], "rotate": [-2.560617205585205, 0.8630652260652483, -1.4852003959845845], "SNR": 0.03, "name": "2ldb"}