{"loc": [-3, -2, 1], "rotate": [-2.263926065263021, 1.3043051776718393, -2.2096085643637964], "SNR": 0.03, "name": "2ldb"}