{"loc": [0, 4, 3], "rotate": [2.2193452962331484, 2.3982741224919004, 1.011624638682785], "SNR": 0.03, "name": "2ldb"}