{"loc": [-4, 0, 1], "rotate": [-2.2017931616549933, 1.115157768358085, -2.0046205552869], "SNR": 0.03, "name": "2ldb"}