{"loc": [-7, 4, -7], "rotate": [-2.317660984362789, 1.1946707089486612, -1.9675812858901158], "SNR": 0.03, "name": "2ldb"}