{"loc": [-7, 3, -6], "rotate": [-2.217326421794102, 0.7499409296473235, -2.0553521744989136], "SNR": 0.03, "name": "2ldb"}