{"loc": [4, -3, -6], "rotate": [2.5532915649184615, 0.7254169704894119, 0.17112525354613836], "SNR": 0.03, "name": "2ldb"}