{"loc": [-2, 0, 6], "rotate": [2.480854920525131, 0.8969067879492483, -0.1695981979745082], "SNR": 0.03, "name": "2ldb"}