{"loc": [-7, 7, -5], "rotate": [-2.211152472023032, 1.6206478585542652, -2.492406091658998], "SNR": 0.03, "name": "2ldb"}