{"loc": [4, 4, 5], "rotate": [2.210076338474769, 1.9011230458388124, 0.9740243146263353], "SNR": 0.03, "name": "2ldb"}