{"loc": [-6, 0, -7], "rotate": [1.969367870318965, 0.7109844776546996, 0.06237366570942552], "SNR": 0.03, "name": "2ldb"}