{"loc": [5, -2, -3], "rotate": [2.257653295180161, 1.610093812896315, 0.641682436903055], "SNR": 0.03, "name": "2ldb"}