{"loc": [0, 6, 6], "rotate": [-3.098157997531797, 0.2668710482241324, -0.784319727496617], "SNR": 0.03, "name": "2ldb"}