{"loc": [-6, -6, -7], "rotate": [1.962931990717276, 1.4118573737467925, 0.7027175998618588], "SNR": 0.03, "name": "2ldb"}