{"loc": [7, -7, -6], "rotate": [2.031311171795462, 1.0728014158811856, 0.758430344011886], "SNR": 0.03, "name": "2ldb"}