{"loc": [1, 5, 0], "rotate": [-2.1446013094870984, 0.6532018400790817, -1.862440461882738], "SNR": 0.03, "name": "2ldb"}