{"loc": [2, 4, -6], "rotate": [2.3710023097738477, 1.081305573553833, 0.40193657773736396], "SNR": 0.03, "name": "2ldb"}