{"loc": [-5, 7, -1], "rotate": [1.973002119946655, 1.9784860852096142, 0.7602259247686551], "SNR": 0.03, "name": "2ldb"}