{"loc": [7, 6, -2], "rotate": [-2.45851244944227, 0.842199168478669, -1.6725103290097467], "SNR": 0.03, "name": "2ldb"}