{"loc": [-6, -5, 4], "rotate": [-2.8598223735008825, 0.7400423815145274, -0.9726120786086667], "SNR": 0.03, "name": "2ldb"}