{"loc": [-2, 7, 1], "rotate": [2.148940887090381, 1.4145847679973005, 0.4839189800430502], "SNR": 0.03, "name": "2ldb"}