{"loc": [-4, -1, -1], "rotate": [3.0313027756285345, 0.2772288872814179, -0.7713043944119128], "SNR": 0.03, "name": "2ldb"}