{"loc": [1, 4, 2], "rotate": [2.0329024245697354, 1.3856766424554816, 0.8639559441943476], "SNR": 0.03, "name": "2ldb"}