{"loc": [-7, 3, 0], "rotate": [2.294697160520961, 1.5372583631113919, 0.8683312051284169], "SNR": 0.03, "name": "2ldb"}