{"loc": [0, -6, 4], "rotate": [-2.410126968023318, 0.8853210332232273, -2.163656876193323], "SNR": 0.03, "name": "2ldb"}