{"loc": [3, -7, 2], "rotate": [-2.695677421806878, 2.211334979720722, 2.7333681069949365], "SNR": 0.03, "name": "2ldb"}