{"loc": [7, -3, 2], "rotate": [-2.6296012264205637, 0.7619695497914509, -1.462349043067714], "SNR": 0.03, "name": "2ldb"}