{"loc": [5, 5, -3], "rotate": [2.498607272262516, 0.9786960746440028, -0.07278571130438352], "SNR": 0.03, "name": "2ldb"}