{"loc": [-5, -7, -2], "rotate": [2.1995708502658338, 0.8995367352119086, 0.5422663764533279], "SNR": 0.03, "name": "2ldb"}