{"loc": [-2, -1, 7], "rotate": [-2.6701811076804516, 0.7752700705541706, -1.5731219654937953], "SNR": 0.03, "name": "2ldb"}