{"loc": [3, 6, -1], "rotate": [-3.063904825519862, 0.5968246907359757, -1.1535866244108315], "SNR": 0.03, "name": "2ldb"}