{"loc": [1, 6, -7], "rotate": [2.292338032566272, 1.1577411408239295, 0.705752794048276], "SNR": 0.03, "name": "2ldb"}