{"loc": [-2, -7, -3], "rotate": [-2.9940419400028833, 0.7379711770521009, -0.9872180330763644], "SNR": 0.03, "name": "2ldb"}