{"loc": [-5, 6, -4], "rotate": [1.8999852972636189, 0.9685860912045043, 0.6891740757673999], "SNR": 0.03, "name": "2ldb"}