{"loc": [-3, 1, 2], "rotate": [2.6061847285845143, 0.9858776953309731, -0.30760868405918224], "SNR": 0.03, "name": "2ldb"}