{"loc": [7, 0, -4], "rotate": [2.671438828083694, 0.7489625987061039, -0.1308510548247273], "SNR": 0.03, "name": "2ldb"}