{"loc": [3, 6, -4], "rotate": [2.321594230449489, 0.5965569631951662, 0.1389259942174763], "SNR": 0.03, "name": "2ldb"}