{"loc": [1, 2, 4], "rotate": [2.3579080600267517, 1.489976426889498, 0.7775144878768138], "SNR": 0.03, "name": "2ldb"}