{"loc": [-7, 5, -6], "rotate": [2.0647600705199425, 1.3031377649156963, 0.33812171866315993], "SNR": 0.03, "name": "2ldb"}