{"loc": [0, -6, -5], "rotate": [-2.8623347158902916, 0.7235493606415848, -1.065919011423342], "SNR": 0.03, "name": "2ldb"}