{"loc": [7, -6, 5], "rotate": [2.4254519684831877, 1.5242650268210565, 0.17872973154631322], "SNR": 0.03, "name": "2ldb"}