{"loc": [-1, 4, -1], "rotate": [2.1814647892569714, 1.290979059919703, 0.7645228866688666], "SNR": 0.03, "name": "2ldb"}