{"loc": [5, 7, 6], "rotate": [2.261103897160147, 1.8824207290172832, 1.1899393322900695], "SNR": 0.03, "name": "2ldb"}