{"loc": [3, -6, 2], "rotate": [2.288242755982601, 1.469348610286815, 0.32826409036494086], "SNR": 0.03, "name": "2ldb"}