{"loc": [4, -7, 3], "rotate": [-2.5848227125810035, 0.49780280760616136, -1.2013503732890236], "SNR": 0.03, "name": "2ldb"}