{"loc": [4, -3, 1], "rotate": [-2.833815338456665, 0.8534631204657732, -0.6269113360329965], "SNR": 0.03, "name": "2ldb"}