{"loc": [7, 2, 0], "rotate": [-2.118898769859228, 1.154826833056455, -2.4311037275115837], "SNR": 0.03, "name": "2ldb"}