{"loc": [-4, -5, 6], "rotate": [3.1185991089605447, 2.377071673425842, 2.989704103197655], "SNR": 0.03, "name": "2ldb"}