{"loc": [6, -7, 6], "rotate": [2.4568376214804544, 1.0612491119202894, 0.0964900711735433], "SNR": 0.03, "name": "2ldb"}