{"loc": [5, 0, -1], "rotate": [2.432543335421367, 1.7165153146128127, 0.5251601108648939], "SNR": 0.03, "name": "2ldb"}