{"loc": [0, 1, 6], "rotate": [2.470490040386454, 0.8772102381721103, 0.45508277455389107], "SNR": 0.03, "name": "2ldb"}