{"loc": [7, -6, -6], "rotate": [2.361441618353145, 1.101042471680443, -0.08856194541008021], "SNR": 0.03, "name": "2ldb"}