{"loc": [4, 6, -3], "rotate": [-2.279674464437564, 1.237371706623472, -2.3688617585119216], "SNR": 0.03, "name": "2ldb"}