{"loc": [-2, 0, 7], "rotate": [-3.0965389725394674, 0.3980650028104594, -0.8177306580173475], "SNR": 0.03, "name": "2ldb"}