{"loc": [-2, 3, 5], "rotate": [2.0054025932095936, 0.8435024924203597, 0.7836476790285152], "SNR": 0.03, "name": "2ldb"}