{"loc": [-1, -4, -1], "rotate": [-2.6680224292828925, 0.995665055479588, -1.1602586364956824], "SNR": 0.03, "name": "2ldb"}