{"loc": [0, -4, 1], "rotate": [2.33087624975612, 1.521038416412926, 0.6712208492143257], "SNR": 0.03, "name": "2ldb"}