{"loc": [-7, -3, -6], "rotate": [2.163542093369136, 1.1046199185658954, 0.7657505352086745], "SNR": 0.03, "name": "2ldb"}