{"loc": [-3, 3, 5], "rotate": [-1.738419360648235, 2.210578473931313, -2.3921086081521166], "SNR": 0.03, "name": "2ldb"}