{"loc": [7, -5, -3], "rotate": [2.604604515559009, 0.9901876321142042, 0.6575519174063722], "SNR": 0.03, "name": "2ldb"}