{"loc": [-4, 2, 2], "rotate": [-2.084177723062553, 1.3871225351950276, -2.5505172542923042], "SNR": 0.03, "name": "2ldb"}