{"loc": [2, -7, 6], "rotate": [-2.2908863096656957, 1.182136094284439, -2.287303971245547], "SNR": 0.03, "name": "2ldb"}