{"loc": [0, 0, -2], "rotate": [2.7824182329305462, 0.6097080884282553, -0.19668644846492928], "SNR": 0.03, "name": "2ldb"}