{"loc": [1, 0, -3], "rotate": [2.5430063505567455, 0.7568525106737104, 0.16525027577144347], "SNR": 0.03, "name": "2ldb"}