{"loc": [-3, -3, -6], "rotate": [2.544616357711643, 0.7156857875239923, -0.21141445478386672], "SNR": 0.03, "name": "2ldb"}