{"loc": [-7, 7, 4], "rotate": [2.810149623084815, 0.9532893242169572, 0.06982542946223136], "SNR": 0.03, "name": "2ldb"}