{"loc": [0, 3, -1], "rotate": [-2.4623536285588776, 0.6066598509759255, -1.37967010069789], "SNR": 0.03, "name": "2ldb"}