{"loc": [6, 2, -7], "rotate": [2.1645026977400494, 1.6832197805186644, 1.292392369426259], "SNR": 0.03, "name": "2ldb"}