{"loc": [7, 3, 1], "rotate": [2.6575398216117643, 0.7154582953940465, -0.2950358236734841], "SNR": 0.03, "name": "2ldb"}