{"loc": [-1, 3, -6], "rotate": [2.1308998660458274, 1.3292795708067182, 0.7341829194403444], "SNR": 0.03, "name": "2ldb"}