{"loc": [2, 5, -3], "rotate": [-2.545075966168721, 2.3489953353543918, -3.091416123658053], "SNR": 0.03, "name": "2ldb"}