{"loc": [-2, 1, -5], "rotate": [2.4753494881589604, 2.511349121591829, 1.659053462100404], "SNR": 0.03, "name": "2ldb"}