{"loc": [2, -7, 2], "rotate": [2.664031677645316, 1.0240789686178295, -0.1449438041362204], "SNR": 0.03, "name": "2ldb"}