{"loc": [1, 4, -6], "rotate": [2.228830640294872, 1.8080317885463106, 1.1863993929630219], "SNR": 0.03, "name": "2ldb"}