{"loc": [6, -3, -3], "rotate": [2.9548088384871396, 0.9816338160314797, -0.5919904975014313], "SNR": 0.03, "name": "2ldb"}