{"loc": [-2, 1, 1], "rotate": [2.408429326634168, 1.0289307547773692, 0.46775865003976264], "SNR": 0.03, "name": "2ldb"}