{"loc": [1, 7, -2], "rotate": [2.28271790269015, 1.4886736020875344, 0.6479673810063101], "SNR": 0.03, "name": "2ldb"}