{"loc": [2, 6, 6], "rotate": [2.901559452429762, 0.4676514787996319, -0.3741556150594101], "SNR": 0.03, "name": "2ldb"}