{"loc": [-5, 4, 3], "rotate": [-1.931761922685938, 1.7718934909097201, -2.4213843031925246], "SNR": 0.03, "name": "2ldb"}