{"loc": [5, 2, 7], "rotate": [2.155870438888222, 1.164584103236112, 0.7342600657034885], "SNR": 0.03, "name": "2ldb"}