{"loc": [-3, -2, 0], "rotate": [-2.4464273891953177, 1.1772832650371319, -1.5444961720164478], "SNR": 0.03, "name": "2ldb"}