{"loc": [-6, -1, -7], "rotate": [-2.3735600881317804, 0.4349892927654242, -1.9520597691364356], "SNR": 0.03, "name": "2ldb"}