{"loc": [0, -7, -7], "rotate": [2.3972439676225306, 1.6160323058180956, 0.22596734260136278], "SNR": 0.03, "name": "2ldb"}