{"loc": [0, -4, 2], "rotate": [2.1001207207908825, 1.459839453449311, 0.04323900712256308], "SNR": 0.03, "name": "2ldb"}