{"loc": [-2, 4, 7], "rotate": [-2.6351489164667674, 0.45562992086787824, -1.1699610294453213], "SNR": 0.03, "name": "2ldb"}