{"loc": [0, -2, 7], "rotate": [-2.4789531944205945, 0.8911088854673981, -1.715686277605856], "SNR": 0.03, "name": "2ldb"}