{"loc": [-7, -3, 5], "rotate": [-2.720470438994814, 2.055830333888201, 2.6519066790155934], "SNR": 0.03, "name": "2ldb"}