{"loc": [-2, 0, 1], "rotate": [-2.324972015851453, 0.5983765934502845, -1.5699796506508508], "SNR": 0.03, "name": "2ldb"}