{"loc": [2, -6, 7], "rotate": [2.5292537610246963, 0.9977943297775439, 0.5680204163495238], "SNR": 0.03, "name": "2ldb"}