{"loc": [-3, -6, -4], "rotate": [-2.304445906156327, 1.1540865926981727, -2.1225013190849884], "SNR": 0.03, "name": "2ldb"}