{"loc": [3, 2, -3], "rotate": [2.489149570187837, 0.9725729394708782, 0.02454212595880387], "SNR": 0.03, "name": "2ldb"}