{"loc": [-5, -7, 3], "rotate": [2.2359816895423794, 0.5514030277602335, 0.2678271715858197], "SNR": 0.03, "name": "2ldb"}