{"loc": [-5, -4, 0], "rotate": [-2.9998257194217115, 0.8529185746378296, -1.0348114220626947], "SNR": 0.03, "name": "2ldb"}