{"loc": [6, 7, -1], "rotate": [-2.7471663712859775, 0.874598352905543, -1.1702155969627666], "SNR": 0.03, "name": "2ldb"}