{"loc": [7, 1, 0], "rotate": [-2.6911547094587593, 0.8404363741288983, -1.2118760619111202], "SNR": 0.03, "name": "2ldb"}