{"loc": [-1, -7, 7], "rotate": [-2.3357897456809242, 1.7282714777223958, -2.2303033135536103], "SNR": 0.03, "name": "2ldb"}