{"loc": [-6, 4, -6], "rotate": [-2.467601704261493, 1.0832252055222822, -1.7755344293712678], "SNR": 0.03, "name": "2ldb"}