{"loc": [7, -3, 3], "rotate": [-2.38574575308475, 1.2186285916828503, -1.9654179843316928], "SNR": 0.03, "name": "2ldb"}