{"loc": [-4, 1, -5], "rotate": [2.167939119365468, 1.1770139451526092, 0.7044673490281781], "SNR": 0.03, "name": "2ldb"}