{"loc": [-1, -2, -5], "rotate": [-2.198909182410881, 1.2090540025619314, -1.8583982130481045], "SNR": 0.03, "name": "2ldb"}