{"loc": [-4, 5, -1], "rotate": [1.8801136556236042, 0.6542021618221591, 1.1169167297159897], "SNR": 0.03, "name": "2ldb"}