{"loc": [-7, 3, 2], "rotate": [2.4472308072490585, 1.8574583903642272, 0.987862577667456], "SNR": 0.03, "name": "2ldb"}