{"loc": [-1, -3, 2], "rotate": [2.4059734704334357, 1.645489202894638, 1.3160781445537215], "SNR": 0.03, "name": "2ldb"}