{"loc": [-7, -2, 5], "rotate": [2.1261939788311786, 1.2599786523887153, 0.7025990123389296], "SNR": 0.03, "name": "2ldb"}