{"loc": [0, 2, -1], "rotate": [-2.3058323998910306, 0.9018230617037845, -1.7662942926530656], "SNR": 0.03, "name": "2ldb"}