{"loc": [-5, 1, -5], "rotate": [2.1732883991185803, 1.658515447607899, 0.9299304434711961], "SNR": 0.03, "name": "2ldb"}