{"loc": [6, -6, 7], "rotate": [-2.4413364502074204, 1.6069271534630098, -2.0300103114399217], "SNR": 0.03, "name": "2ldb"}