{"loc": [-1, -2, -2], "rotate": [-2.896273905796229, 0.5050291612085462, -0.9503963327835534], "SNR": 0.03, "name": "2ldb"}