{"loc": [-6, 2, -5], "rotate": [2.3138634333857833, 1.0700376580329956, 0.48112682619269626], "SNR": 0.03, "name": "2ldb"}