{"loc": [1, -1, 4], "rotate": [-2.1405613739730716, 0.569966561424558, -2.0561855414856396], "SNR": 0.03, "name": "2ldb"}