{"loc": [1, 4, 4], "rotate": [-3.063289353329398, 0.523285602308005, -0.6244226684090854], "SNR": 0.03, "name": "2ldb"}