{"loc": [7, -7, 6], "rotate": [2.1524614286844606, 0.9509923120777034, 0.5197680384234898], "SNR": 0.03, "name": "2ldb"}