{"loc": [0, -6, 2], "rotate": [2.701979249557019, 1.7975356437576089, 1.622536297775318], "SNR": 0.03, "name": "2ldb"}