{"loc": [-5, 3, 1], "rotate": [2.3005208799469, 1.3919536031011592, 0.7998055327302396], "SNR": 0.03, "name": "2ldb"}