{"loc": [3, 5, 0], "rotate": [1.9814197243214218, 1.3683665667317177, 0.5991631688805146], "SNR": 0.03, "name": "2ldb"}