{"loc": [6, -7, 2], "rotate": [2.1745483147138125, 1.5151373148635074, 0.6966989365865423], "SNR": 0.03, "name": "2ldb"}