{"loc": [2, 7, -3], "rotate": [2.2055189404291573, 1.6587008042403792, 1.064420612976382], "SNR": 0.03, "name": "2ldb"}