{"loc": [-3, 6, 3], "rotate": [1.883694933803416, 2.475567946964313, 1.169217250852019], "SNR": 0.03, "name": "2ldb"}