{"loc": [-2, 0, 3], "rotate": [2.4507387075191467, 2.1006340966069303, 1.3241611996741112], "SNR": 0.03, "name": "2ldb"}