{"loc": [-2, -2, -2], "rotate": [-2.3759111060148195, 0.8597431623006843, -1.2189659048059784], "SNR": 0.03, "name": "2ldb"}