{"loc": [-7, -2, -4], "rotate": [2.8019828123007566, 2.343547150252665, 2.0451037457126136], "SNR": 0.03, "name": "2ldb"}