{"loc": [-4, 4, 6], "rotate": [-2.6418658747773804, 2.2012466523081824, -2.949044131182327], "SNR": 0.03, "name": "2ldb"}