{"loc": [-1, -1, -4], "rotate": [1.979648179418519, 1.6987896153908153, 0.9231817120411039], "SNR": 0.03, "name": "2ldb"}