{"loc": [-4, 5, -3], "rotate": [-2.3052299352475685, 1.2332712520288778, -2.120829664853852], "SNR": 0.03, "name": "2ldb"}