{"loc": [-3, -3, -6], "rotate": [2.4653275607403518, 1.3668475773017679, 0.7785422290694418], "SNR": 0.03, "name": "2ldb"}