{"loc": [-7, -6, 2], "rotate": [2.3466361990514937, 1.9863708758070517, 1.3194782727789678], "SNR": 0.03, "name": "2ldb"}