{"loc": [7, 0, 5], "rotate": [-2.312037765167164, 1.1940325392393027, -2.0722044491560534], "SNR": 0.03, "name": "2ldb"}