{"loc": [-1, 5, -3], "rotate": [-2.7452032423987456, 2.522834068765672, 2.888119105631978], "SNR": 0.03, "name": "2ldb"}