{"loc": [-6, 7, 1], "rotate": [-2.169094343258541, 1.1793619704121465, -2.141629069845972], "SNR": 0.03, "name": "2ldb"}