{"loc": [1, 6, -6], "rotate": [2.1767450772893957, 1.603347747995815, 1.2530214489891578], "SNR": 0.03, "name": "2ldb"}