{"loc": [4, 7, -2], "rotate": [-2.903372770139897, 0.49280362557768875, -1.2062619741896987], "SNR": 0.03, "name": "2ldb"}