{"loc": [-3, 7, 3], "rotate": [-1.8659864778826665, 1.4199479289267114, -1.9910040002332492], "SNR": 0.03, "name": "2ldb"}