{"loc": [5, 0, 3], "rotate": [2.5338798312198354, 0.570339316535687, 0.1614196460446566], "SNR": 0.03, "name": "2ldb"}