{"loc": [-1, -7, 3], "rotate": [2.970950830180899, 0.7384408078356044, -0.9193692631541516], "SNR": 0.03, "name": "2ldb"}