{"loc": [1, 1, 7], "rotate": [-2.425443712054734, 0.9753061698505922, -1.7615846883253021], "SNR": 0.03, "name": "2ldb"}