{"loc": [-5, 0, -3], "rotate": [2.655233568128381, 0.5360063832939821, 0.008413157279498797], "SNR": 0.03, "name": "2ldb"}