{"loc": [3, -6, 6], "rotate": [-2.5614438709926457, 0.9409466460885063, -1.5920217549360876], "SNR": 0.03, "name": "2ldb"}