{"loc": [4, -2, 6], "rotate": [2.785955555488161, 0.8977166981793512, -0.6734406819862286], "SNR": 0.03, "name": "2ldb"}