{"loc": [0, -5, -2], "rotate": [-2.1385486003917666, 1.0158829532688658, -2.1815403205614357], "SNR": 0.03, "name": "2ldb"}