{"loc": [-7, 6, 1], "rotate": [2.234416668059187, 1.2606806596671543, 0.6965230316078316], "SNR": 0.03, "name": "2ldb"}