{"loc": [6, 4, 0], "rotate": [-2.7160684696505455, 0.6502057367131623, -1.3947584975360487], "SNR": 0.03, "name": "2ldb"}