{"loc": [-6, 3, -5], "rotate": [2.684430018005735, 0.9637237854405948, -0.19511634657746352], "SNR": 0.03, "name": "2ldb"}