{"loc": [1, 0, 5], "rotate": [3.1233067352965906, 0.4089128700662374, -0.546453397371956], "SNR": 0.03, "name": "2ldb"}