{"loc": [-6, -4, 6], "rotate": [-2.1073645966381562, 1.5288270754893176, -2.332780350497308], "SNR": 0.03, "name": "2ldb"}