{"loc": [0, -5, 0], "rotate": [-2.176431452666261, 0.947136022562311, -1.917959141470516], "SNR": 0.03, "name": "2ldb"}