{"loc": [5, 4, 2], "rotate": [-2.5352310839299883, 0.755271808352871, -1.5351729940720833], "SNR": 0.03, "name": "2ldb"}