{"loc": [-4, 3, 5], "rotate": [-2.416918556922416, 0.7750518557460531, -1.7851096196775555], "SNR": 0.03, "name": "2ldb"}