{"loc": [-1, 4, -3], "rotate": [1.9062090500371436, 1.6942404624203709, 0.9118838673502292], "SNR": 0.03, "name": "2ldb"}