{"loc": [7, 0, -2], "rotate": [2.942176153684715, 0.8542893212879015, -0.5437559123243904], "SNR": 0.03, "name": "2ldb"}