{"loc": [0, 7, 0], "rotate": [2.5623575221826997, 1.1170141325734364, 0.2337957205499961], "SNR": 0.03, "name": "2ldb"}