{"loc": [-3, -5, 6], "rotate": [-1.8552356450407173, 1.1749343705515567, -2.2401315247604052], "SNR": 0.03, "name": "2ldb"}