{"loc": [-3, -6, -3], "rotate": [-2.3485823178738254, 0.9021895069561101, -1.9047192456618833], "SNR": 0.03, "name": "2ldb"}