{"loc": [1, -1, -2], "rotate": [2.7016623607793147, 1.1641571366945096, -0.13186645288820412], "SNR": 0.03, "name": "2ldb"}