{"loc": [-7, 0, 5], "rotate": [-2.7040938779399184, 0.622323600347966, -1.4353774392458436], "SNR": 0.03, "name": "2ldb"}