{"loc": [7, -7, 7], "rotate": [2.3015910987119947, 1.2411159954573132, 0.4037576710524608], "SNR": 0.03, "name": "2ldb"}