{"loc": [7, -5, -7], "rotate": [2.904886200769239, 0.5899732057017407, -0.6109717878029467], "SNR": 0.03, "name": "2ldb"}