{"loc": [7, -6, -3], "rotate": [-2.454599490921892, 1.169538129967543, -1.381811240025183], "SNR": 0.03, "name": "2ldb"}