{"loc": [-7, -7, -5], "rotate": [-2.455087448966439, 2.216721538605814, -2.6680998917435277], "SNR": 0.03, "name": "2ldb"}