{"loc": [-5, -5, 6], "rotate": [2.5227540604396106, 1.1940600984169716, 0.32969145820701273], "SNR": 0.03, "name": "2ldb"}