{"loc": [4, 7, 3], "rotate": [2.086645833706517, 1.7250793031557976, 0.6361594581060077], "SNR": 0.03, "name": "2ldb"}