{"loc": [-3, 5, 1], "rotate": [2.0144674087967753, 1.572588688515986, 0.7517039856759694], "SNR": 0.03, "name": "2ldb"}