{"loc": [4, -5, 7], "rotate": [-1.986634964707986, 1.7192299667601656, -2.2352935796349103], "SNR": 0.03, "name": "2ldb"}