{"loc": [-5, -6, -6], "rotate": [-2.225656740803654, 1.340283091668978, -1.80906667596509], "SNR": 0.03, "name": "2ldb"}