{"loc": [-4, 0, -3], "rotate": [2.151756583857774, 1.5360170666376187, 0.7039698132069607], "SNR": 0.03, "name": "2ldb"}