{"loc": [7, 0, -6], "rotate": [-1.986551122249832, 1.0120736121634881, -1.5407403383498073], "SNR": 0.03, "name": "2ldb"}