{"loc": [6, 4, 5], "rotate": [2.2137034774655167, 0.6255807949093257, 0.09398744211595156], "SNR": 0.03, "name": "2ldb"}