{"loc": [1, -6, 4], "rotate": [2.62878587828163, 0.2794297412409247, -0.29902432084821473], "SNR": 0.03, "name": "2ldb"}