{"loc": [5, -5, -1], "rotate": [2.800632084775372, 0.4042177445381848, -0.3150400068836884], "SNR": 0.03, "name": "2ldb"}