{"loc": [7, 4, -5], "rotate": [2.4945188339632667, 0.2711899425097333, -0.2077350104535885], "SNR": 0.03, "name": "2ldb"}