{"loc": [6, 3, 3], "rotate": [-2.0335811276751525, 1.0043418170222953, -2.0541898129775826], "SNR": 0.03, "name": "2ldb"}