{"loc": [3, -4, -6], "rotate": [1.8551553290262455, 1.4551803382833357, 1.1800928023402288], "SNR": 0.03, "name": "2ldb"}