{"loc": [-2, 0, -1], "rotate": [-2.9839669710521677, 0.4538388688683306, -1.2033257868679899], "SNR": 0.03, "name": "2ldb"}