{"loc": [-5, -2, 0], "rotate": [2.3704839474994293, 1.4710167431509191, 0.7902926958366832], "SNR": 0.03, "name": "2ldb"}