{"loc": [1, 0, 0], "rotate": [2.754491846383599, 0.9766322642714509, -0.3026816519677993], "SNR": 0.03, "name": "2ldb"}