{"loc": [3, -4, 5], "rotate": [-2.52259829710583, 0.3855321345203538, -1.1778896867056523], "SNR": 0.03, "name": "2ldb"}