{"loc": [0, 3, 2], "rotate": [-2.4708066396112507, 2.5243544181231528, -2.827093106877887], "SNR": 0.03, "name": "2ldb"}