{"loc": [6, 6, 5], "rotate": [-2.1520372172362925, 1.0698646773406653, -1.9585343403047093], "SNR": 0.03, "name": "2ldb"}