{"loc": [-2, -1, 1], "rotate": [2.352145650164976, 0.7706830860377093, 0.019435601221232453], "SNR": 0.03, "name": "2ldb"}