{"loc": [-3, 6, 1], "rotate": [2.4526872682707093, 1.064012662006019, 0.3854359414533042], "SNR": 0.03, "name": "2ldb"}