{"loc": [5, 1, 5], "rotate": [1.9819859240120699, 1.5370427520756624, 0.5975426358080926], "SNR": 0.03, "name": "2ldb"}