{"loc": [-4, -3, 0], "rotate": [1.8297373324705803, 1.39260532404681, 0.5569259932998077], "SNR": 0.03, "name": "2ldb"}