{"loc": [1, -2, -5], "rotate": [-2.2273960244660107, 1.263679693482115, -2.000279149537687], "SNR": 0.03, "name": "2ldb"}