{"loc": [5, 4, -7], "rotate": [2.996547845858376, 0.713890537304783, -0.27031391487810186], "SNR": 0.03, "name": "2ldb"}