{"loc": [6, 3, -2], "rotate": [2.762045356465023, 0.5845072009467127, 0.008559527281117212], "SNR": 0.03, "name": "2ldb"}