{"loc": [-5, 6, -4], "rotate": [-2.8310219564500088, 0.5488470416262542, -1.10680888248577], "SNR": 0.03, "name": "2ldb"}