{"loc": [3, -5, -2], "rotate": [-2.2756867710739885, 1.0429093305693065, -1.8540863167532378], "SNR": 0.03, "name": "2ldb"}