{"loc": [1, 6, 0], "rotate": [-2.8125911281099545, 0.8428100688095906, -1.1832988796775799], "SNR": 0.03, "name": "2ldb"}