{"loc": [1, -3, 0], "rotate": [-2.4386565499982114, 0.37022184443912604, -1.3393509509695967], "SNR": 0.03, "name": "2ldb"}