{"loc": [0, -2, 0], "rotate": [0.4856140557059842, 0.14269476026621977, -0.9620005263528092], "SNR": 0.03, "name": "2ldb"}