{"loc": [2, 5, 5], "rotate": [1.913217930363306, 1.270173574106125, 0.4003339674957884], "SNR": 0.03, "name": "2ldb"}