{"loc": [-5, 3, -3], "rotate": [2.0084218731027703, 1.6086908832199702, 0.43350442086202146], "SNR": 0.03, "name": "2ldb"}