{"loc": [7, -1, 2], "rotate": [-2.500361163863977, 0.7960413666828045, -1.3809737427256115], "SNR": 0.03, "name": "2ldb"}