{"loc": [2, 1, -7], "rotate": [2.1503359413631378, 1.6676069075095186, 0.7364663896545671], "SNR": 0.03, "name": "2ldb"}