{"loc": [0, -7, -5], "rotate": [2.4689119352999866, 1.7253038501391649, 0.9025945995148614], "SNR": 0.03, "name": "2ldb"}