{"loc": [-3, 7, 4], "rotate": [2.285512413351254, 1.4235268432356463, 0.46418635017389914], "SNR": 0.03, "name": "2ldb"}