{"loc": [1, 5, 7], "rotate": [1.9070091768797757, 0.7604297943154413, 0.4898058146610723], "SNR": 0.03, "name": "2ldb"}