{"loc": [6, 6, 6], "rotate": [2.9828077310828918, 0.7274733725812842, -0.6381690525773609], "SNR": 0.03, "name": "2ldb"}