{"loc": [-5, 2, 6], "rotate": [2.7968622816932998, 1.0584558886682847, -0.08115448760369715], "SNR": 0.03, "name": "2ldb"}