{"loc": [7, -2, 0], "rotate": [-3.0022449804172138, 0.6762366133832477, -1.0889199100258902], "SNR": 0.03, "name": "2ldb"}