{"loc": [-4, 3, -4], "rotate": [-2.025051453168362, 1.0722467486485998, -1.9362381439796286], "SNR": 0.03, "name": "2ldb"}