{"loc": [-5, -4, -2], "rotate": [2.3505374119928444, 0.9279688763487207, -0.015616528897460813], "SNR": 0.03, "name": "2ldb"}