{"loc": [6, -3, 0], "rotate": [2.009645419370128, 1.738754078978024, 0.8206173633692622], "SNR": 0.03, "name": "2ldb"}