{"loc": [-3, -3, -2], "rotate": [-3.031825197077756, 2.5678189079213634, 1.9945791750553685], "SNR": 0.03, "name": "2ldb"}