{"loc": [-7, 2, 0], "rotate": [1.814824749014267, 1.5334467982921685, 0.825454822651361], "SNR": 0.03, "name": "2ldb"}