{"loc": [0, 2, -3], "rotate": [-2.767869312167003, 0.8342403277266303, -1.2561896798048604], "SNR": 0.03, "name": "2ldb"}