{"loc": [3, 1, 0], "rotate": [2.940951826298356, 0.5660429979022467, -0.11644394136918201], "SNR": 0.03, "name": "2ldb"}