{"loc": [7, 2, -1], "rotate": [2.183283054457625, 1.2867623390919862, 0.9161567004817077], "SNR": 0.03, "name": "2ldb"}