{"loc": [3, -2, 0], "rotate": [3.0171244371637784, 0.5288277680551174, -0.7101832305512193], "SNR": 0.03, "name": "2ldb"}