{"loc": [-3, 0, -6], "rotate": [-2.0520793832509914, 0.9780961317500632, -2.0776018794008926], "SNR": 0.03, "name": "2ldb"}