{"loc": [-1, 6, 6], "rotate": [2.2586304393033805, 0.7930373065957222, -0.2098147257039979], "SNR": 0.03, "name": "2ldb"}