{"loc": [-4, 0, 0], "rotate": [2.3886248853401213, 1.5512169821131836, 0.1822654441627084], "SNR": 0.03, "name": "2ldb"}