{"loc": [4, 6, 7], "rotate": [2.45260388688358, 1.5133942366029791, 1.4254467630173544], "SNR": 0.03, "name": "2ldb"}