{"loc": [7, 5, -3], "rotate": [-2.9396829547060292, 0.5136742371464045, -0.7279912782746973], "SNR": 0.03, "name": "2ldb"}