{"loc": [2, -1, 0], "rotate": [-3.089575954745239, 0.8791972129634685, -0.7839034600416175], "SNR": 0.03, "name": "2ldb"}