{"loc": [7, 3, 0], "rotate": [2.9846997003511824, 0.8537545550125322, -0.3093302286239886], "SNR": 0.03, "name": "2ldb"}