{"loc": [0, 0, -3], "rotate": [3.0838739072645147, 0.7076948499121355, -0.39280941267675906], "SNR": 0.03, "name": "2ldb"}