{"loc": [-7, -7, 3], "rotate": [2.6325061627565223, 1.1869129413510882, -0.09064989564700213], "SNR": 0.03, "name": "2ldb"}