{"loc": [-6, 0, 4], "rotate": [3.127938581769988, 0.9356076205149195, -1.1194818073539794], "SNR": 0.03, "name": "2ldb"}