{"loc": [-4, 7, -7], "rotate": [2.9552980194679455, 0.6301022218060005, -1.0276071084426293], "SNR": 0.03, "name": "2ldb"}