{"loc": [1, -6, 3], "rotate": [2.8742105932402624, 0.7528052091390111, -1.0183750384158698], "SNR": 0.03, "name": "2ldb"}