{"loc": [0, -2, -1], "rotate": [2.446262017109998, 1.8436117502130864, 1.1223112495939036], "SNR": 0.03, "name": "2ldb"}