{"loc": [4, 3, 7], "rotate": [-2.896693833031118, 0.4721200040550995, -1.1728689180741498], "SNR": 0.03, "name": "2ldb"}