{"loc": [-6, -7, -2], "rotate": [-2.7223847116132327, 0.8296775602321812, -1.1465462436726788], "SNR": 0.03, "name": "2ldb"}