{"loc": [6, -6, -7], "rotate": [-2.7019334063976346, 1.2816613609499778, -1.4236377009463723], "SNR": 0.03, "name": "2ldb"}