{"loc": [5, -3, -7], "rotate": [-2.2652784488087727, 1.05156776503822, -2.138317589043092], "SNR": 0.03, "name": "2ldb"}