{"loc": [-1, 4, 1], "rotate": [-3.0676528278986566, 0.7526103586843412, -0.8506366283009418], "SNR": 0.03, "name": "2ldb"}