{"loc": [-7, -5, 0], "rotate": [2.4763353167651134, 0.9367832923537898, -0.015106492411257187], "SNR": 0.03, "name": "2ldb"}