{"loc": [-5, 2, 4], "rotate": [-2.1636676446342187, 1.6700913263601234, -2.2626426795767416], "SNR": 0.03, "name": "2ldb"}