{"loc": [1, -2, -3], "rotate": [2.8670636946779324, 0.5217850818201182, -0.6282440751664509], "SNR": 0.03, "name": "2ldb"}