{"loc": [5, -3, -6], "rotate": [-2.3144381035256547, 0.4047238185887658, -1.641581428177561], "SNR": 0.03, "name": "2ldb"}