{"loc": [5, 0, 0], "rotate": [2.4285440857654135, 0.6852069922204351, 0.443912874355904], "SNR": 0.03, "name": "2ldb"}