{"loc": [-1, -6, 5], "rotate": [1.9787981853676724, 0.9077709836395015, 0.35305705706163154], "SNR": 0.03, "name": "2ldb"}