{"loc": [-2, 2, -3], "rotate": [-2.667500051351257, 1.1345104411565456, -1.588323439259107], "SNR": 0.03, "name": "2ldb"}