{"loc": [-1, 2, -4], "rotate": [-2.046606447893838, 1.3433812544156984, -2.3775779476185757], "SNR": 0.03, "name": "2ldb"}