{"loc": [1, -5, -3], "rotate": [-3.017529196553658, 0.4475687758100216, -1.082288104062755], "SNR": 0.03, "name": "2ldb"}