{"loc": [4, 2, -7], "rotate": [2.942015881662675, 0.8004399581262348, 0.16217299400262203], "SNR": 0.03, "name": "2ldb"}