{"loc": [-3, 4, 1], "rotate": [2.3043678426383334, 0.10096251861893904, 0.0014879106434621616], "SNR": 0.03, "name": "2ldb"}