{"loc": [5, -7, -6], "rotate": [2.4697076838537724, 2.0631550753073333, 1.3287667755187422], "SNR": 0.03, "name": "2ldb"}