{"loc": [-2, 7, -5], "rotate": [2.164717215056459, 1.293949603637807, 0.2527840460420066], "SNR": 0.03, "name": "2ldb"}