{"loc": [-4, -3, 7], "rotate": [-2.2656983042014827, 0.8893683257115721, -1.6190980367321355], "SNR": 0.03, "name": "2ldb"}