{"loc": [-2, -3, 1], "rotate": [-2.8227186898566434, 0.697404531049918, -1.3479446185221293], "SNR": 0.03, "name": "2ldb"}