{"loc": [5, -4, -1], "rotate": [2.636363791580885, 2.2737115068977434, 1.2252921392159588], "SNR": 0.03, "name": "2ldb"}