{"loc": [7, -3, 5], "rotate": [-2.2003318177002207, 0.6587968612359223, -1.7310939156665022], "SNR": 0.03, "name": "2ldb"}