{"loc": [5, 0, 1], "rotate": [2.7929066475131994, 1.8816764057718656, 1.47073061849301], "SNR": 0.03, "name": "2ldb"}