{"loc": [0, 0, 5], "rotate": [1.9219054639286426, 0.7815167478291347, 0.3176561045302614], "SNR": 0.03, "name": "2ldb"}