{"loc": [-3, 1, -7], "rotate": [2.5232666656389173, 0.5819154536867919, -0.09443986336506853], "SNR": 0.03, "name": "2ldb"}