{"loc": [1, -6, 0], "rotate": [-2.2139892126698992, 0.9478929537025399, -2.1300490849018896], "SNR": 0.03, "name": "2ldb"}