{"loc": [5, -5, 2], "rotate": [-2.1469906672161465, 0.866570812437919, -1.8850565670961204], "SNR": 0.03, "name": "2ldb"}