{"loc": [4, -1, 5], "rotate": [2.1929287996650864, 1.6877887385801305, 1.2394238083162414], "SNR": 0.03, "name": "2ldb"}