{"loc": [-4, 6, -4], "rotate": [2.32854729065667, 0.8783124730051521, 0.7647553800484571], "SNR": 0.03, "name": "2ldb"}