{"loc": [0, 2, -6], "rotate": [2.098404831535644, 0.8259323974323725, 0.20990579792027347], "SNR": 0.03, "name": "2ldb"}