{"loc": [1, -4, 4], "rotate": [2.818570496100842, 0.9884305466545052, -0.021577506970738944], "SNR": 0.03, "name": "2ldb"}