{"loc": [0, 3, 4], "rotate": [2.1236834149485113, 1.8276330953832203, 0.856329775992287], "SNR": 0.03, "name": "2ldb"}