{"loc": [6, -4, 5], "rotate": [-2.4282499842670764, 1.2238836459446183, -1.858267832329124], "SNR": 0.03, "name": "2ldb"}