{"loc": [-4, 1, -4], "rotate": [2.2317232093284534, 1.976388931157945, 1.0765849182776446], "SNR": 0.03, "name": "2ldb"}