{"loc": [-3, -1, 0], "rotate": [2.17292363669783, 1.4634129980349218, 0.35630581273110973], "SNR": 0.03, "name": "2ldb"}