{"loc": [4, -4, -5], "rotate": [-2.2921475546660455, 1.6040629088117484, -2.5088222741970627], "SNR": 0.03, "name": "2ldb"}