{"loc": [0, -3, 1], "rotate": [-2.3927047250188203, 1.2840109164820503, -1.8511233052051463], "SNR": 0.03, "name": "2ldb"}