{"loc": [-1, -4, 1], "rotate": [2.369998456134595, 1.0194812248641725, 0.5154374152520214], "SNR": 0.03, "name": "2ldb"}