{"loc": [1, -5, 5], "rotate": [-1.9303632929723542, 1.5250302464643313, -1.748857574512685], "SNR": 0.03, "name": "2ldb"}