{"loc": [7, -7, 0], "rotate": [2.811305094921484, 2.0779276622365717, 1.5744776033257557], "SNR": 0.03, "name": "2ldb"}