{"loc": [6, -2, 2], "rotate": [2.898486711648557, 0.6793316553093551, -0.6287215050411601], "SNR": 0.03, "name": "2ldb"}