{"loc": [1, -6, 1], "rotate": [2.222675654843797, 1.3125763190319009, 1.076125281221844], "SNR": 0.03, "name": "2ldb"}