{"loc": [7, -4, 0], "rotate": [2.6631714959817385, 1.408741741882551, 0.7617393960559227], "SNR": 0.03, "name": "2ldb"}