{"loc": [1, 7, -3], "rotate": [-2.938886042400632, 0.6740385699094276, -1.2644570030783473], "SNR": 0.03, "name": "2ldb"}