{"loc": [5, 0, 0], "rotate": [3.138018100360717, 0.3741056923516691, -0.7419466630733063], "SNR": 0.03, "name": "2ldb"}