{"loc": [5, 4, -1], "rotate": [-2.048417055209755, 0.7286686880507518, -1.8153733052201857], "SNR": 0.03, "name": "2ldb"}