{"loc": [-3, 0, -6], "rotate": [-1.9941609141596814, 0.9470889270736554, -2.2446613643714994], "SNR": 0.03, "name": "2ldb"}