{"loc": [0, 3, -2], "rotate": [-2.985284374621027, 0.7527687261504971, -1.051304711596532], "SNR": 0.03, "name": "2ldb"}