{"loc": [6, -7, 0], "rotate": [-2.2522346282174643, 0.885549995964467, -1.9946748053178547], "SNR": 0.03, "name": "2ldb"}