{"loc": [-5, -3, -6], "rotate": [2.447575741433244, 0.27033579880015224, -0.45914025906570805], "SNR": 0.05, "name": "1f1b"}