{"loc": [6, 0, 0], "rotate": [2.518324610722195, 1.110241118137031, 0.12917188308316596], "SNR": 0.05, "name": "1f1b"}