{"loc": [-5, 7, -2], "rotate": [2.3834822208373816, 0.8263649126902087, 0.1675730833816454], "SNR": 0.05, "name": "1f1b"}