{"loc": [-1, 7, 5], "rotate": [-2.433839090807406, 2.47135335387514, -2.844285416114594], "SNR": 0.05, "name": "1f1b"}