{"loc": [2, -1, 0], "rotate": [2.7269839120457315, 0.742182268411735, -0.16448022773368617], "SNR": 0.05, "name": "1f1b"}