{"loc": [-7, 3, -7], "rotate": [-2.2051914692218877, 1.4389815062071083, -2.285095589438886], "SNR": 0.05, "name": "1f1b"}