{"loc": [-5, -5, 1], "rotate": [1.9493978975164823, 1.5533409821789463, 0.4544373963014789], "SNR": 0.05, "name": "1f1b"}