{"loc": [6, 3, 7], "rotate": [3.129329177494537, 0.15280417932017246, -1.3311888127682387], "SNR": 0.05, "name": "1f1b"}