{"loc": [2, 2, -7], "rotate": [2.322333217873473, 1.6756365419235744, 1.1348458643170158], "SNR": 0.05, "name": "1f1b"}