{"loc": [3, -6, -2], "rotate": [2.380825546709943, 1.8183036471185847, 0.9879214551270463], "SNR": 0.05, "name": "1f1b"}