{"loc": [-6, 5, 1], "rotate": [-1.9081302122757366, 1.47630596235962, -2.3757960264976714], "SNR": 0.05, "name": "1f1b"}