{"loc": [-2, 7, 7], "rotate": [-2.4102487329780464, 2.2423901383909883, 3.0913139247270265], "SNR": 0.05, "name": "1f1b"}