{"loc": [-2, -6, 0], "rotate": [-2.948686515774779, 0.19433218109401007, -0.9469502928207966], "SNR": 0.05, "name": "1f1b"}