{"loc": [-4, 1, 2], "rotate": [2.856079924820874, 2.3415889314486305, 1.902040232403645], "SNR": 0.05, "name": "1f1b"}