{"loc": [0, 4, -6], "rotate": [2.6352842107388015, 0.299266325742061, -0.7665269603740186], "SNR": 0.05, "name": "1f1b"}