{"loc": [0, 0, 0], "rotate": [2.425005248303471, 0.7506535116353137, -0.11510543654192251], "SNR": 0.05, "name": "1f1b"}