{"loc": [0, -3, 7], "rotate": [-2.069097939678864, 1.119888351113901, -1.8223498444904], "SNR": 0.05, "name": "1f1b"}