{"loc": [3, 0, -2], "rotate": [2.0925255309134534, 1.7038401834104784, 0.976806256663493], "SNR": 0.05, "name": "1f1b"}