{"loc": [-3, 0, -2], "rotate": [-2.9780777182113423, 0.5999083969016623, -1.405859933920951], "SNR": 0.05, "name": "1f1b"}