{"loc": [0, -5, 1], "rotate": [2.927887848326663, 0.5672011605622359, -0.5329011750229161], "SNR": 0.05, "name": "1f1b"}