{"loc": [7, -4, -4], "rotate": [-2.2915931012398545, 1.1195006173728272, -1.8671050515415009], "SNR": 0.05, "name": "1f1b"}