{"loc": [7, 0, -1], "rotate": [-2.6070429397496437, 0.5719816573111524, -1.3681229992344954], "SNR": 0.05, "name": "1f1b"}