{"loc": [-1, 5, -1], "rotate": [-2.243068403498057, 1.1420226073019875, -1.7701932075623417], "SNR": 0.05, "name": "1f1b"}