{"loc": [2, 3, -3], "rotate": [2.0954669417993497, 1.7706985081852644, 0.8757024817836643], "SNR": 0.05, "name": "1f1b"}