{"loc": [-4, 2, -2], "rotate": [2.1616014577404536, 0.9194063417134691, 0.5385846803872563], "SNR": 0.05, "name": "1f1b"}