{"loc": [3, 5, -7], "rotate": [2.3243971022725067, 1.8368181791645561, 0.7619845711827686], "SNR": 0.05, "name": "1f1b"}