{"loc": [-1, 0, -1], "rotate": [2.215724165113432, 1.6318133986175998, 0.8370417069442683], "SNR": 0.05, "name": "1f1b"}