{"loc": [-5, -6, 6], "rotate": [-3.048532788882602, 0.4174606286710444, -0.9403558489077399], "SNR": 0.05, "name": "1f1b"}