{"loc": [4, 4, 2], "rotate": [3.029840646246751, 2.738905366208356, 2.269054659641725], "SNR": 0.05, "name": "1f1b"}