{"loc": [0, -2, 4], "rotate": [-2.209666289557153, 2.5395508597460266, -2.716235451048954], "SNR": 0.05, "name": "1f1b"}