{"loc": [6, 3, -4], "rotate": [-2.338382357643052, 1.2108246054545209, -2.2058956152977096], "SNR": 0.05, "name": "1f1b"}