{"loc": [-2, 2, 7], "rotate": [-2.408790793982656, 2.449808822309812, -2.9892786141535366], "SNR": 0.05, "name": "1f1b"}