{"loc": [7, 2, 0], "rotate": [-2.429996547890737, 2.1906875939981956, -2.838159654949444], "SNR": 0.05, "name": "1f1b"}