{"loc": [4, 0, 1], "rotate": [2.447981535947874, 1.6125244021302811, 0.7693568572449397], "SNR": 0.05, "name": "1f1b"}