{"loc": [2, 2, 6], "rotate": [2.6256774391470437, 0.6285162151894061, -0.16727059223706975], "SNR": 0.05, "name": "1f1b"}