{"loc": [-7, 3, -4], "rotate": [2.684682071727643, 0.727079978383355, 0.19895256152330545], "SNR": 0.05, "name": "1f1b"}