{"loc": [-3, 7, 0], "rotate": [2.3864805813657632, 1.5965283654774032, 0.06320909230809052], "SNR": 0.05, "name": "1f1b"}