{"loc": [-1, -1, 6], "rotate": [2.1494184804947523, 0.807050486674047, 0.5882375605860433], "SNR": 0.05, "name": "1f1b"}