{"loc": [-6, 6, -6], "rotate": [-2.3921968280603245, 0.7349464108896847, -1.5846454566766721], "SNR": 0.05, "name": "1f1b"}