{"loc": [-5, 1, -2], "rotate": [-2.561695710509893, 0.5182525653588488, -1.3544462575560072], "SNR": 0.05, "name": "1f1b"}