{"loc": [-5, -2, 1], "rotate": [-2.732518292169356, 0.6124699139201149, -1.325156866983632], "SNR": 0.05, "name": "1f1b"}