{"loc": [-4, 4, 0], "rotate": [2.284525137488557, 1.804851597864818, 1.382849523742782], "SNR": 0.05, "name": "1f1b"}