{"loc": [5, 2, 5], "rotate": [2.641694027327971, 0.798809828084847, -0.4884078645231466], "SNR": 0.05, "name": "1f1b"}