{"loc": [-7, 1, 5], "rotate": [2.4368028169220453, 1.2677246744939195, 0.6795877764292426], "SNR": 0.05, "name": "1f1b"}