{"loc": [-4, -6, -7], "rotate": [-2.0762285194947765, 0.5300943840236959, -1.9607301519804283], "SNR": 0.05, "name": "1f1b"}