{"loc": [4, -2, -5], "rotate": [-1.8167893907372668, 1.0615878080152, -2.1875745171870857], "SNR": 0.05, "name": "1f1b"}