{"loc": [6, 0, 1], "rotate": [2.1030428348328596, 1.9548743262200683, 0.8360667951676621], "SNR": 0.05, "name": "1f1b"}