{"loc": [1, -5, -4], "rotate": [2.1144932666281386, 1.20186462497441, 0.8114488693182238], "SNR": 0.05, "name": "1f1b"}