{"loc": [2, -1, -3], "rotate": [2.418023149372591, 1.1164759202627077, 0.30911946598542506], "SNR": 0.05, "name": "1f1b"}