{"loc": [0, -3, -6], "rotate": [2.147293393395141, 1.85283846143402, 0.8466849856004561], "SNR": 0.05, "name": "1f1b"}