{"loc": [2, -4, 7], "rotate": [-3.02817661831909, 0.29251539821337363, -0.925039505821076], "SNR": 0.05, "name": "1f1b"}