{"loc": [5, -1, 0], "rotate": [2.4347359593720777, 0.8035268210670349, 0.3441358373143974], "SNR": 0.05, "name": "1f1b"}