{"loc": [2, 0, -3], "rotate": [-3.1221255045785097, 0.7156844967662435, -0.861123706090698], "SNR": 0.05, "name": "1f1b"}