{"loc": [5, 0, -5], "rotate": [2.5298976259713926, 0.39058054702219347, -0.11581304289140898], "SNR": 0.05, "name": "1f1b"}