{"loc": [5, -1, 2], "rotate": [-2.916931988664383, 0.6024873932713873, -1.0496780202559814], "SNR": 0.05, "name": "1f1b"}