{"loc": [4, 5, -6], "rotate": [2.090138270619615, 1.0923663980733478, 0.1048007176434886], "SNR": 0.05, "name": "1f1b"}