{"loc": [-4, -3, 0], "rotate": [-2.0658242094648087, 2.128441818642254, -2.7813221674835957], "SNR": 0.05, "name": "1f1b"}