{"loc": [5, -7, -5], "rotate": [2.225647601614918, 1.3999885752471966, 0.8875132965389982], "SNR": 0.05, "name": "1f1b"}