{"loc": [5, 4, 5], "rotate": [-2.6258774918944563, 0.8334863341408195, -1.9045652223176142], "SNR": 0.05, "name": "1f1b"}