{"loc": [1, -2, -2], "rotate": [-2.69546404055761, 1.268512787957825, -1.815345687178388], "SNR": 0.05, "name": "1f1b"}