{"loc": [4, -2, -5], "rotate": [-2.818327215578997, 0.7314057235069983, -0.8742214206105358], "SNR": 0.05, "name": "1f1b"}