{"loc": [3, -5, -2], "rotate": [3.0816145922845215, 0.6575454083282569, -0.9145869683059715], "SNR": 0.05, "name": "1f1b"}