{"loc": [-4, -7, 2], "rotate": [-2.414064014819597, 0.6894797359098175, -1.785488251093648], "SNR": 0.05, "name": "1f1b"}