{"loc": [6, 6, -2], "rotate": [-2.7891642787262776, 0.8257952229088222, -1.0089756559889727], "SNR": 0.05, "name": "1f1b"}