{"loc": [1, -2, 6], "rotate": [-2.6876820497355265, 0.6667984968497452, -1.165236317236403], "SNR": 0.05, "name": "1f1b"}