{"loc": [-4, -6, 7], "rotate": [-2.486489009331255, 1.818840661096965, -2.982729907222455], "SNR": 0.05, "name": "1f1b"}