{"loc": [-5, -7, 4], "rotate": [-2.5049408550626593, 2.2020609560650777, -2.753283030909029], "SNR": 0.05, "name": "1f1b"}