{"loc": [0, 0, 0], "rotate": [-2.238933351286683, 0.9347851373909116, -1.5049938243128698], "SNR": 0.05, "name": "1f1b"}