{"loc": [-6, 0, -1], "rotate": [-2.246145460797085, 2.095036811621444, -2.7368902116800813], "SNR": 0.05, "name": "1f1b"}