{"loc": [-4, -6, 3], "rotate": [-1.9664180387332955, 1.6582385302406242, -2.2999121958473787], "SNR": 0.05, "name": "1f1b"}