{"loc": [-1, 2, -1], "rotate": [-2.5004353853267265, 1.4353426421285211, -1.9116401933588574], "SNR": 0.05, "name": "1f1b"}