{"loc": [3, 4, 0], "rotate": [2.0836555817402282, 1.5732724254724335, 0.7588032993486222], "SNR": 0.05, "name": "1f1b"}