{"loc": [2, 6, -6], "rotate": [-2.425761692684051, 1.1240765879227514, -1.5996162902631421], "SNR": 0.05, "name": "1f1b"}