{"loc": [-1, 0, 1], "rotate": [-2.631384876559367, 1.1369893763319643, -1.5156081411194937], "SNR": 0.05, "name": "1f1b"}