{"loc": [-1, 0, -2], "rotate": [3.0173481893091303, 0.8605729679981071, -0.5231822175344735], "SNR": 0.05, "name": "1f1b"}