{"loc": [-1, 2, 5], "rotate": [3.0800348517718534, 0.5876660247621636, -0.7196359332030812], "SNR": 0.05, "name": "1f1b"}