{"loc": [4, -7, 7], "rotate": [-2.6012596879271537, 2.3165738364881308, 2.858020926289296], "SNR": 0.05, "name": "1f1b"}