{"loc": [-3, 2, -1], "rotate": [-2.3091917369030988, 0.8686892528540651, -1.3910581723940076], "SNR": 0.05, "name": "1f1b"}