{"loc": [3, -6, 5], "rotate": [-2.7128742434953668, 0.8365900684608765, -1.2850544662171184], "SNR": 0.05, "name": "1f1b"}