{"loc": [7, -3, -2], "rotate": [3.027785864970916, 0.6450515109657873, -0.19427410665707115], "SNR": 0.05, "name": "1f1b"}