{"loc": [4, -4, 2], "rotate": [-2.96790812092803, 0.49516825508836376, -0.8239411287754334], "SNR": 0.05, "name": "1f1b"}