{"loc": [-7, -1, -6], "rotate": [2.1873717802409995, 1.8209340185215748, 1.235448638918085], "SNR": 0.05, "name": "1f1b"}