{"loc": [-6, -1, 5], "rotate": [-1.8749123700362982, 1.125563322998595, -2.1648390980108543], "SNR": 0.05, "name": "1f1b"}