{"loc": [4, 0, 0], "rotate": [-2.9920564877530467, 0.7573591288316363, -0.7090820127882257], "SNR": 0.05, "name": "1f1b"}