{"loc": [5, 0, -5], "rotate": [2.10409402694104, 1.4208347801193393, 0.44275848247109606], "SNR": 0.05, "name": "1f1b"}