{"loc": [-2, 3, 0], "rotate": [-2.413155025931572, 1.0571990350791718, -2.002321305288718], "SNR": 0.05, "name": "1f1b"}