{"loc": [-4, -7, 0], "rotate": [2.2432525693639707, 1.6448841283535418, 0.9908429353107294], "SNR": 0.05, "name": "1f1b"}