{"loc": [2, 6, 5], "rotate": [2.1386782277896836, 1.5485474956885894, 0.751501773638797], "SNR": 0.05, "name": "1f1b"}