{"loc": [-4, 4, 0], "rotate": [2.944439177547627, 0.9149672614482649, -0.25316251337089657], "SNR": 0.05, "name": "1f1b"}