{"loc": [0, 0, 1], "rotate": [2.4526278463383844, 0.8724716781467312, 0.3719767910242424], "SNR": 0.05, "name": "1f1b"}