{"loc": [6, 5, 6], "rotate": [-2.4063961445559694, 0.6432466876211911, -1.84587562103083], "SNR": 0.05, "name": "1f1b"}