{"loc": [-7, 3, -6], "rotate": [-1.8230631346209758, 1.3189109230505398, -2.053508006307659], "SNR": 0.05, "name": "1f1b"}