{"loc": [-1, 0, 1], "rotate": [-2.5225692968771662, 2.101439784411047, 2.928413859666878], "SNR": 0.05, "name": "1f1b"}