{"loc": [-1, 3, 3], "rotate": [2.0948316277020447, 1.6002563969950445, 0.6722383302299522], "SNR": 0.05, "name": "1f1b"}