{"loc": [-6, -3, 5], "rotate": [2.0749461804703064, 0.8951245409216159, 0.43602156916565793], "SNR": 0.05, "name": "1f1b"}