{"loc": [0, -4, -7], "rotate": [2.301882975724981, 1.733057944315591, 0.6221388487804325], "SNR": 0.05, "name": "1f1b"}