{"loc": [7, -2, -3], "rotate": [2.125312611851391, 0.7728514430464087, 0.15480687964326023], "SNR": 0.05, "name": "1f1b"}