{"loc": [-2, -6, -2], "rotate": [2.363104551117856, 0.9792862067846629, 0.2580643030527655], "SNR": 0.05, "name": "1f1b"}