{"loc": [2, 7, -3], "rotate": [-2.182644701729325, 0.9916492696467712, -1.9906435732133325], "SNR": 0.05, "name": "1f1b"}