{"loc": [-5, 1, 0], "rotate": [-2.5578322753270566, 1.4532049614942586, -2.123479064768706], "SNR": 0.05, "name": "1f1b"}