{"loc": [-2, -6, -3], "rotate": [-2.263007219424482, 1.3459160639706758, -2.0755466127441937], "SNR": 0.05, "name": "1f1b"}