{"loc": [1, -5, -6], "rotate": [2.716514426474218, 1.1822645972939645, 0.025492573687788705], "SNR": 0.05, "name": "1f1b"}