{"loc": [3, -6, 5], "rotate": [2.3316078136484886, 1.729372834256455, 0.3367437003874058], "SNR": 0.05, "name": "1f1b"}