{"loc": [-4, 2, -2], "rotate": [-2.0377940871875655, 2.190826411839421, -2.3266352074990957], "SNR": 0.05, "name": "1f1b"}