{"loc": [0, 4, -2], "rotate": [-2.1606715622873747, 1.2271367649798997, -2.144006059538355], "SNR": 0.05, "name": "1f1b"}