{"loc": [0, -5, 2], "rotate": [2.284966165971637, 0.8995777621962145, 0.04834598577297532], "SNR": 0.05, "name": "1f1b"}