{"loc": [0, -1, 0], "rotate": [2.7188976872996826, 0.7670909733552532, -0.036227250120564186], "SNR": 0.05, "name": "1f1b"}