{"loc": [-7, 2, -5], "rotate": [2.566997167528633, 1.4213858916001738, 0.4560329197296864], "SNR": 0.05, "name": "1f1b"}