{"loc": [2, 2, -1], "rotate": [2.4126754929333334, 1.4434311540215445, 0.6186370669818565], "SNR": 0.05, "name": "1f1b"}