{"loc": [-2, -1, 1], "rotate": [2.3871345096220016, 1.3058780751581764, 0.3619076977210625], "SNR": 0.05, "name": "1f1b"}