{"loc": [-5, -5, 0], "rotate": [2.9897259251067507, 0.9617172619516514, -0.8763428775879398], "SNR": 0.05, "name": "1f1b"}