{"loc": [5, -7, 7], "rotate": [-2.2182457853543913, 1.1059485220790897, -1.7367345779111603], "SNR": 0.05, "name": "1f1b"}