{"loc": [-1, -1, -4], "rotate": [-2.2772366980110315, 0.6881860235320918, -1.7771406324721626], "SNR": 0.05, "name": "1f1b"}