{"loc": [-5, 4, 1], "rotate": [2.141205659223951, 0.9693709201043296, 0.3794115037076383], "SNR": 0.05, "name": "1f1b"}