{"loc": [3, 4, -7], "rotate": [2.018285440364554, 1.2964400001948142, 0.1778169957195275], "SNR": 0.05, "name": "1f1b"}