{"loc": [2, 0, -7], "rotate": [2.765423927543893, 0.6251819742077894, -0.24902414093227285], "SNR": 0.05, "name": "1f1b"}