{"loc": [2, 0, 3], "rotate": [2.141011808243845, 1.1522972977818504, 0.6631096548169105], "SNR": 0.05, "name": "1f1b"}