{"loc": [-5, -7, -2], "rotate": [-1.8451869221843522, 0.5926659478272477, -2.231051160830179], "SNR": 0.05, "name": "1f1b"}