{"loc": [6, -3, 0], "rotate": [2.174839640053722, 1.3011839980881057, 0.3492313162883219], "SNR": 0.05, "name": "1f1b"}