{"loc": [5, 2, 7], "rotate": [1.9162927265502325, 1.82650663222021, 1.5447314720458323], "SNR": 0.05, "name": "1f1b"}