{"loc": [4, -6, -3], "rotate": [-2.3891432448940133, 0.9719188479089704, -1.6465666540322936], "SNR": 0.05, "name": "1f1b"}