{"loc": [-2, 5, 0], "rotate": [-2.0690286430763773, 1.3715829808204953, -2.569802291133843], "SNR": 0.05, "name": "1f1b"}