{"loc": [-4, -2, 6], "rotate": [2.3325799510019114, 1.234253433014648, 0.9914396990524155], "SNR": 0.05, "name": "1f1b"}