{"loc": [-4, -4, 4], "rotate": [-2.6301815252438248, 0.29814053314188754, -1.353564115487146], "SNR": 0.05, "name": "1f1b"}