{"loc": [-7, 4, 0], "rotate": [2.654526398235822, 1.6197874414294136, 1.3997831204926652], "SNR": 0.05, "name": "1f1b"}