{"loc": [-7, -1, 0], "rotate": [-2.3874144430708895, 0.6291731505616237, -1.5656230484415872], "SNR": 0.05, "name": "1f1b"}