{"loc": [-3, -7, 1], "rotate": [-2.6265508976570295, 0.6406768973816197, -1.403015361514371], "SNR": 0.05, "name": "1f1b"}