{"loc": [1, -5, 0], "rotate": [2.6717732355759245, 0.8561149507310775, 0.10833680312870943], "SNR": 0.05, "name": "1f1b"}