{"loc": [5, 0, 2], "rotate": [2.4161110956546126, 1.2918817129328768, 0.374876647931543], "SNR": 0.05, "name": "1f1b"}