{"loc": [-7, 1, 1], "rotate": [2.3787203795465466, 0.9167842746008662, 0.26543511375023676], "SNR": 0.05, "name": "1f1b"}