{"loc": [1, -4, -7], "rotate": [-2.5025840230762126, 1.0456192359564835, -1.8764475998940144], "SNR": 0.05, "name": "1f1b"}