{"loc": [4, -5, -2], "rotate": [-2.2540027435197763, 0.9735457308443178, -2.3000462454533075], "SNR": 0.05, "name": "1f1b"}