{"loc": [6, -7, 5], "rotate": [-2.3181756605562502, 0.5706748102277232, -1.7136899453225805], "SNR": 0.05, "name": "1f1b"}