{"loc": [0, 1, 2], "rotate": [2.3612845705599086, 0.8749020416192176, 0.20637230388999267], "SNR": 0.05, "name": "1f1b"}