{"loc": [4, -3, 4], "rotate": [2.701764098525789, 2.1990325335382392, 1.2341769025204143], "SNR": 0.05, "name": "1f1b"}