{"loc": [-3, -3, 6], "rotate": [-2.7512479882059835, 0.7805785027555773, -1.0933435091214887], "SNR": 0.05, "name": "1f1b"}