{"loc": [-6, 3, -6], "rotate": [2.540209176957557, 1.0438951530809693, 0.11149702778816138], "SNR": 0.05, "name": "1f1b"}