{"loc": [2, 1, -6], "rotate": [2.1997734319920372, 1.5169712332561056, 0.7648833910151311], "SNR": 0.05, "name": "1f1b"}