{"loc": [-2, 0, -7], "rotate": [1.9320998057869105, 1.4423421847174738, 0.8303928097458857], "SNR": 0.05, "name": "1f1b"}