{"loc": [-3, 3, 5], "rotate": [2.00865411143075, 0.9153424820059736, 0.8322188049148611], "SNR": 0.05, "name": "1f1b"}