{"loc": [6, -3, -1], "rotate": [-2.0881882954125848, 0.9617965540789081, -1.8208590611502349], "SNR": 0.05, "name": "1f1b"}