{"loc": [6, -4, 2], "rotate": [2.24368210850144, 1.6215003110443997, 1.2203523153890754], "SNR": 0.05, "name": "1f1b"}