{"loc": [-2, 2, 1], "rotate": [-2.393234712057051, 1.1126541619042898, -1.8657916553777825], "SNR": 0.05, "name": "1f1b"}