{"loc": [0, -4, -4], "rotate": [2.5919604141354413, 0.8498217348505501, -0.2694882725475688], "SNR": 0.05, "name": "1f1b"}