{"loc": [-1, 3, -1], "rotate": [-2.3365386086345716, 0.9494162860551916, -1.9349954106463971], "SNR": 0.05, "name": "1f1b"}