{"loc": [-5, 0, -1], "rotate": [2.688265083363392, 1.0455617956150198, -0.297967455553334], "SNR": 0.05, "name": "1f1b"}