{"loc": [0, 2, -6], "rotate": [-2.266926000682009, 1.0616410206088773, -1.5877435359309466], "SNR": 0.05, "name": "1f1b"}