{"loc": [-7, -2, -3], "rotate": [3.1278392442790452, 0.8437070879892006, -1.2836649990008915], "SNR": 0.05, "name": "1f1b"}