{"loc": [-5, -4, -2], "rotate": [1.0459249535586868, 1.8344264945826445, -2.8179573523056143], "SNR": 0.05, "name": "1f1b"}