{"loc": [-5, 0, 2], "rotate": [2.9503250580804607, 0.6215127743238612, -0.5167318813056111], "SNR": 0.05, "name": "1f1b"}