{"loc": [-7, 5, 0], "rotate": [1.9247292000121203, 1.1119998829544644, 0.08793307207269381], "SNR": 0.05, "name": "1f1b"}