{"loc": [-6, 5, -1], "rotate": [-2.8204822658150546, 2.775323135574149, 2.8983413599752748], "SNR": 0.05, "name": "1f1b"}