{"loc": [1, -6, -5], "rotate": [2.19456424595539, 0.505884136135967, 0.349187826001416], "SNR": 0.05, "name": "1f1b"}