{"loc": [6, -7, 3], "rotate": [-1.9379134425947908, 0.9091882203680595, -2.2044954903314697], "SNR": 0.05, "name": "1f1b"}