{"loc": [-4, 0, 6], "rotate": [2.128119076870521, 1.7376254867307432, 0.8983992138430463], "SNR": 0.05, "name": "1f1b"}