{"loc": [-4, 1, 0], "rotate": [2.547526573688386, 0.9043593665980139, -0.31204355266360956], "SNR": 0.05, "name": "1f1b"}