{"loc": [-2, -3, -5], "rotate": [2.272860137549029, 0.3904638638400049, -0.0005908559296011514], "SNR": 0.05, "name": "1f1b"}