{"loc": [4, 6, -5], "rotate": [2.4584199453343265, 0.815315434386789, 0.3154521327724371], "SNR": 0.05, "name": "1f1b"}