{"loc": [3, 6, -4], "rotate": [2.8266852478352043, 2.4191716571638278, 1.544716814843313], "SNR": 0.05, "name": "1f1b"}