{"loc": [2, -4, -7], "rotate": [-1.9186688024952445, 1.419432727767975, -2.3265019982051864], "SNR": 0.05, "name": "1f1b"}