{"loc": [6, 7, 3], "rotate": [2.2877257843523657, 0.8508051481302418, 0.005863754231504705], "SNR": 0.05, "name": "1f1b"}