{"loc": [-3, -3, 4], "rotate": [0.9464281703647388, 0.9921294761653704, -1.7940133705380186], "SNR": 0.05, "name": "1f1b"}