{"loc": [0, 7, 1], "rotate": [-2.7419267293478935, 1.0233131133450004, -1.578806755483191], "SNR": 0.05, "name": "1f1b"}