{"loc": [-6, -2, -4], "rotate": [2.2343812885434264, 1.6157406345485472, 0.9505543591936872], "SNR": 0.05, "name": "1f1b"}