{"loc": [2, 0, -1], "rotate": [2.585797732270212, 1.0967005279516209, 0.20061668888276402], "SNR": 0.05, "name": "1f1b"}