{"loc": [0, 6, -7], "rotate": [2.56106572273656, 0.8132757620848187, 0.19413850287537088], "SNR": 0.05, "name": "1f1b"}