{"loc": [4, 2, -5], "rotate": [-2.9950332076724724, 2.535492582908299, 2.19083666805946], "SNR": 0.05, "name": "1f1b"}