{"loc": [-7, 2, 5], "rotate": [-2.529579229898515, 1.0396428229874866, -1.7528529915547963], "SNR": 0.05, "name": "1f1b"}