{"loc": [2, -7, -3], "rotate": [2.499814886044025, 1.4679629562841274, 0.653474389806238], "SNR": 0.05, "name": "1f1b"}