{"loc": [-6, 7, 7], "rotate": [2.1501775228322733, 1.377397533674057, 1.0967154847507943], "SNR": 0.05, "name": "1f1b"}