{"loc": [-5, 0, -4], "rotate": [-2.178959076377797, 0.9918038254160796, -1.8296015869061226], "SNR": 0.05, "name": "1f1b"}