{"loc": [-6, 5, 0], "rotate": [2.2910928196238527, 2.6527244043227363, 1.3856222742014048], "SNR": 0.05, "name": "1f1b"}