{"loc": [-7, -6, 4], "rotate": [2.0660336510492283, 1.4226242513270961, 0.3560497482855931], "SNR": 0.05, "name": "1f1b"}