{"loc": [-1, 6, -7], "rotate": [-2.500961707533765, 0.8631700637994003, -2.0226350028728617], "SNR": 0.05, "name": "1f1b"}