{"loc": [2, 2, -6], "rotate": [2.2056995568214584, 1.09885051206401, 0.6345597096198149], "SNR": 0.05, "name": "1f1b"}