{"loc": [7, 4, -7], "rotate": [3.116926326245577, 0.45801842675391574, -0.8083873496187011], "SNR": 0.05, "name": "1f1b"}