{"loc": [6, 6, 6], "rotate": [2.2663327638067123, 0.3039314834062593, -0.15233736837552994], "SNR": 0.05, "name": "1f1b"}