{"loc": [-4, -3, -5], "rotate": [2.0396184373237314, 1.0783659128511447, 0.632077126224687], "SNR": 0.05, "name": "1f1b"}