{"loc": [-5, -7, -3], "rotate": [-2.403761667076246, 1.4381424378939194, -2.067309069075959], "SNR": 0.05, "name": "1f1b"}