{"loc": [-2, -3, 0], "rotate": [1.82743894880731, 1.4737142420279696, 0.5729266544401445], "SNR": 0.05, "name": "1f1b"}