{"loc": [5, 2, 5], "rotate": [2.0984848492533072, 1.3640081649808378, 0.7668770864493492], "SNR": 0.05, "name": "1f1b"}