{"loc": [0, -1, 6], "rotate": [-1.922692266517967, 1.5812451992568508, -2.351716192628945], "SNR": 0.05, "name": "1f1b"}