{"loc": [-7, -3, 2], "rotate": [-2.2134412923725884, 1.7704158138647292, -2.44615887719701], "SNR": 0.05, "name": "1f1b"}