{"loc": [-7, 0, 4], "rotate": [2.2779987584491317, 1.5163384854283453, 0.7164796167497224], "SNR": 0.05, "name": "1f1b"}