{"loc": [-1, 7, 5], "rotate": [2.4015676836614026, 1.1129351181067118, -0.20847715310529852], "SNR": 0.05, "name": "1f1b"}