{"loc": [-1, -2, 4], "rotate": [2.1913555562039333, 1.3395135103437665, 0.9188003186523825], "SNR": 0.05, "name": "1f1b"}