{"loc": [-3, 4, 4], "rotate": [-2.9812131055618676, 0.9617294374081357, -1.148097721349803], "SNR": 0.05, "name": "1f1b"}