{"loc": [4, 5, -4], "rotate": [-2.0434802359474324, 0.8021543965835114, -1.9754147810948814], "SNR": 0.05, "name": "1f1b"}