{"loc": [-6, 3, 7], "rotate": [-2.493257028545565, 0.9709971681531054, -2.0757142736958873], "SNR": 0.05, "name": "1f1b"}