{"loc": [-7, -7, 6], "rotate": [2.1632823788147886, 1.1501451884565665, 0.18441263169838787], "SNR": 0.05, "name": "1f1b"}