{"loc": [-7, 5, 4], "rotate": [1.9796247925941357, 0.9970609311624639, 0.6711241520874832], "SNR": 0.05, "name": "1f1b"}