{"loc": [4, -6, 6], "rotate": [2.1020718058194774, 1.5174798738895547, 0.8147316863864679], "SNR": 0.05, "name": "1f1b"}