{"loc": [3, 5, 6], "rotate": [2.749231539418056, 1.2105137624452822, -0.359759423900452], "SNR": 0.05, "name": "1f1b"}