{"loc": [-3, 5, 1], "rotate": [-2.263728386602573, 0.8898561842675784, -2.0528357399950696], "SNR": 0.05, "name": "1f1b"}