{"loc": [-4, 0, -1], "rotate": [-2.8110941030874876, 0.8072277873929584, -1.341475856576658], "SNR": 0.05, "name": "1f1b"}