{"loc": [0, -1, -5], "rotate": [-2.542965152071414, 0.40674348785858055, -1.456439475156978], "SNR": 0.05, "name": "1f1b"}