{"loc": [0, -3, 1], "rotate": [-2.9543325388429493, 1.290904761341633, -1.4612223608283232], "SNR": 0.05, "name": "1f1b"}