{"loc": [0, 2, -2], "rotate": [2.2470622803537705, 1.0934225347513902, 0.2929962663241002], "SNR": 0.05, "name": "1f1b"}