{"loc": [5, 2, -5], "rotate": [2.2096101961557695, 1.525283631992739, 1.0047415016850492], "SNR": 0.05, "name": "1f1b"}