{"loc": [-7, -7, -7], "rotate": [2.7144415777139472, 0.6846546192453159, 0.05795159345813909], "SNR": 0.05, "name": "1f1b"}