{"loc": [3, 0, -5], "rotate": [-2.2162579154443756, 0.8701204280448017, -1.9812856356478246], "SNR": 0.05, "name": "1f1b"}