{"loc": [-3, -3, 0], "rotate": [-2.445350356138973, 2.152294792535482, 3.117511752637776], "SNR": 0.05, "name": "1f1b"}