{"loc": [7, 0, 2], "rotate": [2.395120549470182, 1.024895667628863, 0.5171882788592792], "SNR": 0.05, "name": "1f1b"}