{"loc": [2, -3, -1], "rotate": [2.68509848557949, 0.727958435951442, -0.27891775965285337], "SNR": 0.05, "name": "1f1b"}