{"loc": [2, 0, 2], "rotate": [-2.439949967198974, 0.915582356711722, -1.8434022348717816], "SNR": 0.05, "name": "1f1b"}