{"loc": [0, 2, 1], "rotate": [-2.343586006491436, 2.2523977076699024, -2.764966283737029], "SNR": 0.05, "name": "1f1b"}