{"loc": [-5, 2, 6], "rotate": [2.42633205857404, 1.243963936240796, 0.5090165649024685], "SNR": 0.05, "name": "1f1b"}