{"loc": [4, -7, 5], "rotate": [-2.3716839259300153, 0.8591165833458395, -1.6106910715571092], "SNR": 0.05, "name": "1f1b"}