{"loc": [-1, 7, -1], "rotate": [2.5530146531157936, 1.9956694458589057, 1.0518293767168445], "SNR": 0.05, "name": "1f1b"}