{"loc": [-3, -1, 0], "rotate": [-1.903757009068184, 1.5875198045872285, -1.8895784660956936], "SNR": 0.05, "name": "1f1b"}