{"loc": [0, -3, 5], "rotate": [-2.4830556493260048, 1.055158284680498, -1.83678013285772], "SNR": 0.05, "name": "1f1b"}