{"loc": [-7, -1, 0], "rotate": [2.3498339765667557, 1.9947164939242084, 1.0523479076706515], "SNR": 0.05, "name": "1f1b"}