{"loc": [1, 3, -4], "rotate": [-2.155187862228368, 2.2490820253821804, -2.8317057079121515], "SNR": 0.05, "name": "1f1b"}