{"loc": [4, 6, 1], "rotate": [2.9794440615803626, 2.447093158529433, 1.912838452890265], "SNR": 0.05, "name": "1f1b"}