{"loc": [5, 7, -3], "rotate": [1.7120384060639597, 1.6567015291792193, 0.9990821602756894], "SNR": 0.05, "name": "1f1b"}