{"loc": [6, -3, 2], "rotate": [2.5233508928964272, 0.6918079711987302, -0.19315705194066646], "SNR": 0.05, "name": "1f1b"}