{"loc": [4, 6, -7], "rotate": [2.896584646116214, 1.3587218895541664, 0.5902956550264526], "SNR": 0.05, "name": "1f1b"}