{"loc": [-2, 1, -6], "rotate": [-2.3838282838575293, 0.26449203839469887, -1.313872598884939], "SNR": 0.05, "name": "1f1b"}