{"loc": [4, 1, 6], "rotate": [-2.8183609363263344, 2.6695259311152326, 2.8570167512208116], "SNR": 0.05, "name": "1f1b"}