{"loc": [-7, -6, 4], "rotate": [-2.6762290325060603, 2.029389504083813, 2.8463608729312218], "SNR": 0.05, "name": "1f1b"}