{"loc": [-3, -1, 1], "rotate": [3.0876844411231437, 0.4493246503127689, -0.7647495077939326], "SNR": 0.05, "name": "1f1b"}