{"loc": [-5, -2, 4], "rotate": [-2.188662917524626, 1.4377866403994437, -2.3372691529931364], "SNR": 0.05, "name": "1f1b"}