{"loc": [4, 0, -7], "rotate": [3.0301587837870403, 0.5146460370657469, -0.8075956085194683], "SNR": 0.05, "name": "1f1b"}