{"loc": [-3, -3, -6], "rotate": [2.158621293713561, 0.6701864052261838, 0.07365917486163716], "SNR": 0.05, "name": "1f1b"}