{"loc": [6, 1, -4], "rotate": [-2.9671754584363907, 0.5940951729117062, -0.4802206868711195], "SNR": 0.05, "name": "1f1b"}