{"loc": [-3, 4, 0], "rotate": [2.820051619604514, 0.19032970652353454, -0.43841819490986383], "SNR": 0.05, "name": "1f1b"}