{"loc": [3, 3, 6], "rotate": [2.4634210171742184, 0.7871752768876616, 0.1354628367931859], "SNR": 0.05, "name": "1f1b"}