{"loc": [0, -7, -3], "rotate": [3.068989991291839, 0.6074831629191159, -1.0085516968176023], "SNR": 0.05, "name": "1f1b"}