{"loc": [-6, 3, -1], "rotate": [2.4017341181038714, 1.6907562810082641, 1.0032368339745332], "SNR": 0.05, "name": "1f1b"}