{"loc": [5, 7, 5], "rotate": [-2.7249389061237403, 2.4278812738586746, -3.10986916150571], "SNR": 0.05, "name": "1f1b"}