{"loc": [5, 7, -1], "rotate": [-2.12910156219854, 1.32963945060555, -2.1839542490686585], "SNR": 0.05, "name": "1f1b"}