{"loc": [2, 5, 1], "rotate": [3.088910168512944, 0.5912546618101501, -0.6484997727764786], "SNR": 0.05, "name": "1f1b"}