{"loc": [-7, -2, 7], "rotate": [2.169011886592952, 0.977865529092872, 0.4400569459713233], "SNR": 0.05, "name": "1f1b"}