{"loc": [3, -2, 1], "rotate": [2.575309261976165, 1.2530867235477177, 0.2461780039150139], "SNR": 0.05, "name": "1f1b"}