{"loc": [-6, -3, -7], "rotate": [-2.140952933321503, 0.8376820869841461, -1.8011869739159874], "SNR": 0.05, "name": "1f1b"}