{"loc": [6, -7, -4], "rotate": [-2.9514172043560594, 1.0108897339323377, -0.7053837563912353], "SNR": 0.05, "name": "1f1b"}