{"loc": [-2, 0, 3], "rotate": [-2.29910694653814, 1.5742298104601904, -1.7345462427023586], "SNR": 0.05, "name": "1f1b"}