{"loc": [-1, -7, -2], "rotate": [1.8712561596874857, 1.0955907590627372, 0.7364516926468729], "SNR": 0.05, "name": "1f1b"}