{"loc": [6, 4, -4], "rotate": [2.4918036021841474, 1.4797417424627897, 0.5709911173353193], "SNR": 0.05, "name": "1f1b"}