{"loc": [2, 6, 7], "rotate": [-2.2800463605654078, 2.3843397653160303, -2.601389035084875], "SNR": 0.05, "name": "1f1b"}