{"loc": [2, 0, -5], "rotate": [1.7272940436475712, 1.4436889919578118, 0.7324518879022532], "SNR": 0.05, "name": "1f1b"}