{"loc": [1, -6, 4], "rotate": [2.3999853912379177, 1.3740273972071237, 0.7697011072829135], "SNR": 0.05, "name": "1f1b"}