{"loc": [2, 5, -5], "rotate": [-2.217812572227243, 1.2857535318651434, -2.226120725022672], "SNR": 0.05, "name": "1f1b"}