{"loc": [3, 7, 4], "rotate": [-2.789766986507634, 0.930829779829785, -1.1750342372405416], "SNR": 0.05, "name": "1f1b"}