{"loc": [-4, -7, 3], "rotate": [2.414865198353616, 0.7706015032974506, 0.5613263708918634], "SNR": 0.05, "name": "1f1b"}