{"loc": [0, -1, -6], "rotate": [2.164361433035614, 0.8639079229656407, 0.7026149703352418], "SNR": 0.05, "name": "1f1b"}