{"loc": [0, 1, 0], "rotate": [2.1166971578066254, 1.4706741365077471, 0.5676224155998165], "SNR": 0.05, "name": "1f1b"}