{"loc": [4, -4, 7], "rotate": [2.102781981857747, 1.82306211649697, 0.7784861407360308], "SNR": 0.05, "name": "1f1b"}