{"loc": [1, -3, 0], "rotate": [-1.9261657955641636, 0.7864796086261837, -2.1955359972129505], "SNR": 0.05, "name": "1f1b"}