{"loc": [2, -3, 0], "rotate": [2.949663016529591, 0.45895976740168365, -0.8855056275199795], "SNR": 0.05, "name": "1f1b"}