{"loc": [-2, 0, 2], "rotate": [-2.238892599008522, 2.3364921384668933, -3.012477885563313], "SNR": 0.05, "name": "1f1b"}