{"loc": [-6, -2, -1], "rotate": [3.075424516634165, 0.8419731419828203, -0.707888669273948], "SNR": 0.05, "name": "1f1b"}