{"loc": [0, 0, -5], "rotate": [2.796129629975008, 0.5328363237874586, -0.6220240862138422], "SNR": 0.05, "name": "1f1b"}