{"loc": [-5, 7, 2], "rotate": [-1.3383750693987293, 1.6359910543609764, 1.1785530816542666], "SNR": 0.05, "name": "1f1b"}