{"loc": [7, 7, 7], "rotate": [2.5590080429953774, 0.7355184877155381, 0.07059339338202382], "SNR": 0.05, "name": "1f1b"}