{"loc": [0, -6, -2], "rotate": [2.8480265778648755, 0.7065283243816929, -0.26548034394478776], "SNR": 0.05, "name": "1f1b"}