{"loc": [4, -1, 4], "rotate": [3.017863061895286, 0.4977456772777925, -0.7411980587128149], "SNR": 0.05, "name": "1f1b"}