{"loc": [0, 6, 3], "rotate": [2.014846966718173, 1.603058496501939, 0.8924146661611065], "SNR": 0.05, "name": "1f1b"}