{"loc": [-6, 4, 0], "rotate": [-2.5030157327140325, 2.992815265428473, -2.8159850290005277], "SNR": 0.05, "name": "1f1b"}