{"loc": [-3, -3, 0], "rotate": [2.168926276506426, 0.943762244172545, 0.5914965442181768], "SNR": 0.05, "name": "1f1b"}