{"loc": [1, 5, 1], "rotate": [2.579192349707988, 0.7321019535542669, -0.02000535971169281], "SNR": 0.05, "name": "1f1b"}