{"loc": [6, 4, 6], "rotate": [-2.4203122306861067, 2.293146745507011, -3.0376044534876803], "SNR": 0.05, "name": "1f1b"}