{"loc": [6, 3, -2], "rotate": [2.6452790503606716, 2.8573439711608435, 1.6223468539793375], "SNR": 0.05, "name": "1f1b"}