{"loc": [-7, 0, 3], "rotate": [-2.270954642649012, 1.110567976105671, -1.729656763261844], "SNR": 0.05, "name": "1f1b"}