{"loc": [2, 6, -1], "rotate": [2.474212383547235, 1.3233505517933657, 0.26129325791293373], "SNR": 0.05, "name": "1f1b"}