{"loc": [2, 4, -6], "rotate": [2.429501895801457, 2.7822963770061166, 1.6108865361608504], "SNR": 0.05, "name": "1f1b"}