{"loc": [0, 3, -5], "rotate": [2.1918282428792706, 1.0236735702547757, 0.4914957118758403], "SNR": 0.05, "name": "1f1b"}