{"loc": [-6, -2, -3], "rotate": [-2.9459165354038856, 0.11531707651985203, -1.0236917034363784], "SNR": 0.05, "name": "1f1b"}