{"loc": [-3, -3, -7], "rotate": [-2.4052136694815496, 1.0667363293891725, -1.9720118322243403], "SNR": 0.05, "name": "1f1b"}