{"loc": [7, -1, -6], "rotate": [2.373667043784225, 1.5372456114561077, 0.8998717568072655], "SNR": 0.05, "name": "1f1b"}