{"loc": [-6, -3, 2], "rotate": [2.6452499105609095, 1.802050555430213, 1.4554130562033154], "SNR": 0.05, "name": "1f1b"}