{"loc": [6, -3, 1], "rotate": [-1.9887023631877334, 1.281550043620047, -1.9919175888580787], "SNR": 0.05, "name": "1f1b"}