{"loc": [-6, -2, -4], "rotate": [-2.102273865002081, 1.4831192009616985, -1.799763706005224], "SNR": 0.05, "name": "1f1b"}