{"loc": [6, -4, -4], "rotate": [-2.3998350775459185, 2.163149826700145, -2.6778452337324894], "SNR": 0.05, "name": "1f1b"}