{"loc": [6, -5, 6], "rotate": [2.2128545470735057, 0.9147495036801171, 0.3060581009493912], "SNR": 0.05, "name": "1f1b"}