{"loc": [1, -4, 6], "rotate": [-2.6303889456295426, 0.7962080184094489, -1.4366047467478373], "SNR": 0.05, "name": "1f1b"}