{"loc": [1, -1, -4], "rotate": [-2.136022145344438, 1.4315435654821898, -2.0577832653792867], "SNR": 0.05, "name": "1f1b"}