{"loc": [0, -7, 3], "rotate": [2.4640366685629265, 0.8408163562990568, 0.08281679443690683], "SNR": 0.05, "name": "1f1b"}