{"loc": [4, 0, 0], "rotate": [2.2366003028516763, 0.47484449675533325, 0.3026768099814214], "SNR": 0.05, "name": "1f1b"}