{"loc": [2, -6, -1], "rotate": [-2.1115262130298236, 1.236546893896252, -2.2099368665587336], "SNR": 0.05, "name": "1f1b"}