{"loc": [-4, -2, 7], "rotate": [2.3863600487905052, 0.8731702280815918, 0.4243794645658169], "SNR": 0.05, "name": "1f1b"}