{"loc": [7, 0, -7], "rotate": [2.251572741449764, 0.7916634469118506, 0.21634306536908374], "SNR": 0.05, "name": "1f1b"}