{"loc": [0, -2, 5], "rotate": [-2.2578307246184357, 1.1231734417638517, -1.5309244900301548], "SNR": 0.05, "name": "1f1b"}