{"loc": [5, 0, -3], "rotate": [-2.5677815454892476, 1.1222509163349168, -2.1135004272916325], "SNR": 0.05, "name": "1f1b"}