{"loc": [-7, 4, 3], "rotate": [-2.6676185719149057, 0.6367593148138809, -1.4920685175298354], "SNR": 0.05, "name": "1f1b"}