{"loc": [5, -3, 3], "rotate": [-2.7646762724144724, 0.7606680102216631, -1.3416348210317206], "SNR": 0.05, "name": "1f1b"}