{"loc": [1, 1, 1], "rotate": [2.3862486226650184, 2.062249776867855, 1.5553710063133825], "SNR": 0.05, "name": "1f1b"}