{"loc": [-7, -7, -4], "rotate": [1.812797177760863, 1.711613797979197, 0.8467476559615525], "SNR": 0.05, "name": "1f1b"}