{"loc": [3, 2, -2], "rotate": [2.877518024522677, 1.9494227160816477, 1.4288353950720085], "SNR": 0.05, "name": "1f1b"}