{"loc": [-4, 4, 6], "rotate": [-2.452343820733511, 0.7495635967088349, -1.765612903920682], "SNR": 0.05, "name": "1f1b"}