{"loc": [-2, 2, -1], "rotate": [2.815195247890526, 0.8820149380223774, -0.0990746840058841], "SNR": 0.05, "name": "1f1b"}