{"loc": [-5, -5, 5], "rotate": [-1.8535872575747738, 1.1775860884067393, -2.1467632595687727], "SNR": 0.05, "name": "1f1b"}