{"loc": [-1, 1, -3], "rotate": [1.8707845004563828, 1.5495367912003997, 0.4826225226388703], "SNR": 0.05, "name": "1f1b"}