{"loc": [0, 2, 5], "rotate": [3.135079105856037, 0.3651755955903255, -0.7414150147809273], "SNR": 0.05, "name": "1f1b"}