{"loc": [5, -3, -3], "rotate": [2.895469708312036, 0.4580144521199056, -0.2681666274222522], "SNR": 0.05, "name": "1f1b"}