{"loc": [-2, -6, 5], "rotate": [-2.4022739452901747, 1.11852187274574, -1.8629719920103143], "SNR": 0.05, "name": "1f1b"}