{"loc": [0, -5, -6], "rotate": [2.462952992180238, 1.394000635201045, 0.7721245507142093], "SNR": 0.05, "name": "1f1b"}