{"loc": [5, 3, -4], "rotate": [-2.4059705013686767, 0.7085430988179714, -1.7618279167354336], "SNR": 0.05, "name": "1f1b"}