{"loc": [4, 4, -3], "rotate": [2.464067623439782, 1.3856332342704887, 0.44982856716790326], "SNR": 0.05, "name": "1f1b"}