{"loc": [-5, -4, -6], "rotate": [-2.400646839985771, 0.9431648814450707, -1.887080408279522], "SNR": 0.05, "name": "1f1b"}