{"loc": [-5, 5, 2], "rotate": [-3.0396733297212375, 0.8129841610484793, -0.9005894599521513], "SNR": 0.05, "name": "1f1b"}