{"loc": [5, 1, 1], "rotate": [2.3160371541853886, 1.8581646399049632, 0.9847538046647887], "SNR": 0.05, "name": "1f1b"}