{"loc": [-1, 6, 3], "rotate": [-2.164389813615997, 1.106441277014607, -2.475901975514575], "SNR": 0.05, "name": "1f1b"}