{"loc": [-2, 4, 0], "rotate": [2.136248598986651, 0.3563354433429233, 0.03810990763422985], "SNR": 0.05, "name": "1f1b"}