{"loc": [-4, 5, -1], "rotate": [-2.5843798633784796, 2.277489728744593, -3.061158094151515], "SNR": 0.05, "name": "1f1b"}