{"loc": [7, -4, -4], "rotate": [2.3798288759713, 0.5303580189127591, -0.05156138425437118], "SNR": 0.05, "name": "1f1b"}