{"loc": [-2, 6, -3], "rotate": [-2.615358245529849, 0.8389574560495124, -1.4498627591992619], "SNR": 0.05, "name": "1f1b"}