{"loc": [0, -3, 6], "rotate": [-2.6922390345370255, 2.615265714847295, -2.9657835722661567], "SNR": 0.05, "name": "1f1b"}