{"loc": [-5, -6, 1], "rotate": [2.531750247439181, 0.8100906164732515, -0.33301783201107266], "SNR": 0.05, "name": "1f1b"}