{"loc": [4, -1, -3], "rotate": [2.646826409936183, 1.07046832134413, 0.28343379451389505], "SNR": 0.05, "name": "1f1b"}