{"loc": [-2, -2, -6], "rotate": [2.780885066344196, 0.6142412349927686, -0.018806042627225534], "SNR": 0.05, "name": "1f1b"}