{"loc": [-5, 5, -4], "rotate": [-2.5957032018481367, 2.289674537412622, 3.090355977015263], "SNR": 0.05, "name": "1f1b"}