{"loc": [-5, 4, -3], "rotate": [-2.440958553598259, 1.3157819326341331, -1.7055943136991902], "SNR": 0.05, "name": "1f1b"}