{"loc": [-5, 2, 4], "rotate": [2.418174218533938, 2.220366322369325, 1.5456171673952932], "SNR": 0.05, "name": "1f1b"}