{"loc": [-4, -4, 7], "rotate": [-2.464458145997616, 1.1437228644065414, -1.948204744471788], "SNR": 0.05, "name": "1f1b"}