{"loc": [-3, -7, 3], "rotate": [3.054246634103799, 0.48271290644125464, -0.995930411843098], "SNR": 0.05, "name": "1f1b"}