{"loc": [5, -7, 5], "rotate": [1.9864320161214408, 1.0830751000519736, 0.805745326849836], "SNR": 0.05, "name": "1f1b"}