{"loc": [4, -7, 3], "rotate": [2.505360130638234, 0.33166747988310863, -0.2920193169313134], "SNR": 0.05, "name": "1f1b"}