{"loc": [-4, 5, 2], "rotate": [2.1220586139117366, 1.028810550035511, 0.7198724156026473], "SNR": 0.05, "name": "1f1b"}