{"loc": [1, -4, -4], "rotate": [-2.649910464199233, 1.277032374758507, -1.6583596041162165], "SNR": 0.05, "name": "1f1b"}