{"loc": [5, 0, 7], "rotate": [3.086478602785675, 0.5530525033327655, -0.318093942473714], "SNR": 0.05, "name": "1f1b"}