{"loc": [-7, 0, -3], "rotate": [2.6458519016913287, 1.432144453385226, 0.40821181298924153], "SNR": 0.05, "name": "1f1b"}