{"loc": [-1, -2, 4], "rotate": [2.3633106970474205, 0.8389629413820507, 0.031595027608271646], "SNR": 0.05, "name": "1f1b"}