{"loc": [-5, -2, 1], "rotate": [-2.045545681139008, 1.431889831360289, -2.118341972124227], "SNR": 0.05, "name": "1f1b"}