{"loc": [-4, -6, 1], "rotate": [2.2650139517776227, 1.3515533907654154, -0.0012974000584009006], "SNR": 0.05, "name": "1f1b"}