{"loc": [-6, -3, 4], "rotate": [-1.9138979584164468, 0.9710404751418725, -2.284389243873614], "SNR": 0.05, "name": "1f1b"}