{"loc": [0, 6, 4], "rotate": [-2.8098919822599995, 1.6000194685908622, -2.2514628532435723], "SNR": 0.05, "name": "1f1b"}