{"loc": [5, 6, -3], "rotate": [-2.5031303105145444, 0.6802023738390206, -1.7051501078492883], "SNR": 0.05, "name": "1f1b"}