{"loc": [0, -4, 2], "rotate": [1.9886129427479864, 0.7729592812172602, 0.3544344292472254], "SNR": 0.05, "name": "1f1b"}