{"loc": [5, 0, 6], "rotate": [2.741065107930329, 1.3813149494315948, 0.04818982136995499], "SNR": 0.05, "name": "1f1b"}