{"loc": [7, -5, -3], "rotate": [0.8396358698431685, 0.6043889013607692, -1.9271442339973897], "SNR": 0.05, "name": "1f1b"}