{"loc": [-1, 5, 6], "rotate": [3.010978032806834, 0.7195657631191616, -0.26898494924820204], "SNR": 0.05, "name": "1f1b"}