{"loc": [-2, 2, -5], "rotate": [2.211534098097581, 2.090416332300637, 1.166225651070476], "SNR": 0.05, "name": "1f1b"}