{"loc": [2, -6, -6], "rotate": [2.561873621203372, 0.4020138860166901, -0.6050411823013455], "SNR": 0.05, "name": "1f1b"}