{"loc": [1, 0, 7], "rotate": [3.0034523418608594, 2.576488411420549, 1.8576387744804654], "SNR": 0.05, "name": "1f1b"}