{"loc": [-7, -6, -6], "rotate": [2.128713971606024, 0.6182152100593749, 0.07032722879681218], "SNR": 0.05, "name": "1f1b"}