{"loc": [-7, 2, 3], "rotate": [2.751479769712883, 1.0217821886161584, 0.18087120054638617], "SNR": 0.05, "name": "1f1b"}