{"loc": [-2, 7, 7], "rotate": [-2.415781250730722, 2.2043471538284902, -2.8508352399051757], "SNR": 0.05, "name": "1f1b"}