{"loc": [-6, -3, -3], "rotate": [2.140374163297741, 1.4711030771308022, 0.5999619442163004], "SNR": 0.05, "name": "1f1b"}