{"loc": [-3, 6, -5], "rotate": [2.6430022944042264, 0.6186959438743882, -0.2280559512790122], "SNR": 0.05, "name": "1f1b"}