{"loc": [6, 0, 4], "rotate": [-2.5866889506758546, 0.8107895164204869, -1.7672346941686043], "SNR": 0.05, "name": "1f1b"}