{"loc": [-3, -4, 1], "rotate": [-2.066052418728273, 1.1181844439608424, -1.9733463998026373], "SNR": 0.05, "name": "1f1b"}