{"loc": [0, 5, -7], "rotate": [2.2983090767758076, 0.8084230064850441, 0.3297731257736188], "SNR": 0.05, "name": "1f1b"}