{"loc": [-2, 1, 0], "rotate": [3.0491788001057123, 0.8010745499428883, -0.6451123366868503], "SNR": 0.05, "name": "1f1b"}