{"loc": [-6, 6, 5], "rotate": [-2.327067584197608, 0.584818356689219, -1.3303100474708947], "SNR": 0.05, "name": "1f1b"}