{"loc": [-3, -2, 4], "rotate": [2.8861446250215517, 0.7584106889900147, 0.005011296708958736], "SNR": 0.05, "name": "1f1b"}