{"loc": [4, -1, 2], "rotate": [-2.9260645735508657, 2.670421318176872, 2.2574769556236025], "SNR": 0.05, "name": "1f1b"}