{"loc": [-6, -3, -6], "rotate": [2.0876583637092816, 1.6978091026214404, 0.5889898490805147], "SNR": 0.05, "name": "1f1b"}