{"loc": [-1, 0, -5], "rotate": [2.4863426921817635, 0.6460822190029268, 0.10211102995486968], "SNR": 0.05, "name": "1f1b"}