{"loc": [-7, -4, 3], "rotate": [-2.879236799898204, 0.6558260008421057, -1.2069948590985924], "SNR": 0.05, "name": "1f1b"}