{"loc": [-7, -2, 0], "rotate": [2.0453220777946055, 1.159969631994068, 0.6116242357078042], "SNR": 0.05, "name": "1f1b"}