{"loc": [1, -6, -1], "rotate": [2.022184257124416, 1.7691957108467127, 1.4095386936148724], "SNR": 0.05, "name": "1f1b"}