{"loc": [2, 1, 4], "rotate": [-2.1618354440732426, 1.2204681704327498, -2.2903485621768467], "SNR": 0.05, "name": "1f1b"}