{"loc": [1, 0, -7], "rotate": [1.0523340053482009, 1.5001665714506958, -1.9471383699597173], "SNR": 0.05, "name": "1f1b"}