{"loc": [3, 5, -4], "rotate": [-2.626794986438089, 0.8791808686782402, -1.3134623589057959], "SNR": 0.05, "name": "1f1b"}