{"loc": [3, -6, 0], "rotate": [-2.2279796891025367, 1.0098505989854802, -1.9505861546129208], "SNR": 0.05, "name": "1f1b"}