{"loc": [0, 0, -6], "rotate": [2.2259155387990166, 1.2810918417970314, 0.5095625199924899], "SNR": 0.05, "name": "1f1b"}