{"loc": [-6, 0, -6], "rotate": [1.8626314958257737, 1.362797020062682, 0.8631983958843805], "SNR": 0.05, "name": "1f1b"}