{"loc": [-3, 7, -6], "rotate": [-2.8986428168052933, 0.4601416824767064, -1.2997272620491962], "SNR": 0.05, "name": "1f1b"}