{"loc": [1, 2, 5], "rotate": [2.5828655764406463, 0.8094982215678401, 0.29801743114776913], "SNR": 0.05, "name": "1f1b"}