{"loc": [2, 5, 4], "rotate": [-2.9486147561782343, 2.5366297982223833, 2.3256470658617108], "SNR": 0.05, "name": "1f1b"}