{"loc": [4, -6, -3], "rotate": [-2.191440788891937, 0.726057341352029, -1.8752540939225242], "SNR": 0.05, "name": "1f1b"}