{"loc": [0, 0, -2], "rotate": [2.7175810912610125, 0.8001300688899743, -0.015290695570981698], "SNR": 0.05, "name": "1f1b"}