{"loc": [4, -2, 0], "rotate": [2.2650859090735516, 0.11664495507195041, -0.006764249839241948], "SNR": 0.05, "name": "1f1b"}