{"loc": [6, -4, 7], "rotate": [3.01183787945098, 1.0172585795328188, -0.5658590128618329], "SNR": 0.05, "name": "1f1b"}