{"loc": [0, -4, 1], "rotate": [-1.9724254562851158, 1.693903068532445, -2.915623396899035], "SNR": 0.05, "name": "1f1b"}