{"loc": [1, 0, 6], "rotate": [2.096959685248494, 1.3621306512399267, 0.6386987965272123], "SNR": 0.05, "name": "1f1b"}