{"loc": [5, 5, -3], "rotate": [2.0330510709207124, 2.1441802524343303, 0.8300092079813347], "SNR": 0.05, "name": "1f1b"}