{"loc": [0, 0, 1], "rotate": [2.3237572878511847, 0.9012833886311584, 0.23621371382788178], "SNR": 0.05, "name": "1f1b"}