{"loc": [4, -5, 4], "rotate": [-2.3209094741736016, 0.8337115372998368, -1.7612897649492103], "SNR": 0.05, "name": "1f1b"}