{"loc": [7, 0, -5], "rotate": [2.560700237225758, 0.641954903557508, 0.08974054844763699], "SNR": 0.05, "name": "1f1b"}