{"loc": [-3, 6, -2], "rotate": [-2.5878433274255466, 1.443067884505585, -1.618632555515537], "SNR": 0.05, "name": "1f1b"}