{"loc": [3, -1, -3], "rotate": [2.616102363205669, 0.8497796899062965, 0.16206004040743033], "SNR": 0.05, "name": "1f1b"}