{"loc": [-7, -5, -4], "rotate": [2.215990394899154, 2.3488501742951944, 1.0180841858500562], "SNR": 0.05, "name": "1f1b"}