{"loc": [-2, 5, -2], "rotate": [1.7951819722006368, 1.7667607565695738, 0.8547475714798174], "SNR": 0.05, "name": "1f1b"}