{"loc": [6, 0, 1], "rotate": [2.3995364239643964, 1.2076726503344142, 0.2638524067480479], "SNR": 0.05, "name": "1f1b"}