{"loc": [-6, 5, 3], "rotate": [-2.543054048255424, 0.4708685211354069, -1.470878486047458], "SNR": 0.05, "name": "1f1b"}