{"loc": [-6, -2, 5], "rotate": [-2.383780457504933, 0.6529502886081161, -2.0943936602144264], "SNR": 0.05, "name": "1f1b"}