{"loc": [-5, 2, -5], "rotate": [2.1404219889365463, 1.6940253961026757, 0.9759594895088475], "SNR": 0.05, "name": "1f1b"}