{"loc": [-1, -4, 1], "rotate": [3.0529212552417007, 0.5320545794527763, -0.5172081890512576], "SNR": 0.05, "name": "1f1b"}