{"loc": [4, 6, -4], "rotate": [-2.711162700168719, 0.8033724180722817, -1.095989655181656], "SNR": 0.05, "name": "1f1b"}