{"loc": [-5, 0, 3], "rotate": [2.5428306130949747, 0.8360713600705183, 0.3282811523769217], "SNR": 0.05, "name": "1f1b"}