{"loc": [2, 3, -2], "rotate": [-2.1125917058452615, 1.310748209330647, -2.3434811512666274], "SNR": 0.05, "name": "1f1b"}