{"loc": [1, -7, 5], "rotate": [1.9229500588211044, 2.185381622934402, 0.972352831657496], "SNR": 0.05, "name": "1f1b"}