{"loc": [-5, -1, 5], "rotate": [2.7117552775143094, 0.4549731049031033, -0.05005220971148419], "SNR": 0.05, "name": "1f1b"}