{"loc": [1, 4, 6], "rotate": [-2.178333655392398, 1.4200688634982481, -2.253866091790077], "SNR": 0.05, "name": "1f1b"}