{"loc": [0, -6, 2], "rotate": [-2.829078126224494, 1.1554762034100376, -1.3173449115644238], "SNR": 0.05, "name": "1f1b"}