{"loc": [0, 7, -5], "rotate": [2.1530421773666353, 0.6765897647077882, 0.3876249895119724], "SNR": 0.05, "name": "1f1b"}