{"loc": [7, -2, -6], "rotate": [-2.00199310688188, 1.5602279074694034, -2.3897886162875652], "SNR": 0.05, "name": "1f1b"}