{"loc": [-1, 3, 3], "rotate": [2.3352240569191536, 1.0566844711749368, 0.4620108049770625], "SNR": 0.05, "name": "1f1b"}