{"loc": [3, -4, 0], "rotate": [2.1070680428397184, 1.4854764769443154, 1.1772839828234314], "SNR": 0.05, "name": "1f1b"}