{"loc": [5, 7, 0], "rotate": [-2.852942763457123, 0.9015291648894412, -1.1622502311643292], "SNR": 0.05, "name": "1f1b"}