{"loc": [-7, -7, 3], "rotate": [-2.4936056088317424, 0.3609085468001404, -1.3187792210995417], "SNR": 0.05, "name": "1f1b"}