{"loc": [2, 4, -7], "rotate": [2.479853963775713, 0.8214912381545248, 0.25007577907554795], "SNR": 0.05, "name": "1f1b"}