{"loc": [0, 5, 1], "rotate": [-2.329449106424644, 1.2710513303920363, -2.5480287641290147], "SNR": 0.05, "name": "1f1b"}