{"loc": [4, 1, 2], "rotate": [1.9015926925621078, 1.8670869240884584, 1.3022760009448646], "SNR": 0.05, "name": "1f1b"}