{"loc": [-6, 3, -1], "rotate": [2.04980563695185, 1.064471629993056, 0.01608387309775616], "SNR": 0.05, "name": "1f1b"}