{"loc": [3, 0, 2], "rotate": [1.9445274050534638, 1.4468308999763626, 0.7010731751057385], "SNR": 0.05, "name": "1f1b"}