{"loc": [-2, 1, -3], "rotate": [2.2067903571782024, 1.407057520423066, 1.1592216450383457], "SNR": 0.05, "name": "1f1b"}