{"loc": [4, -2, -5], "rotate": [2.89455855235284, 0.9631095991390737, -0.4189898107620039], "SNR": 0.05, "name": "1f1b"}