{"loc": [-2, -7, -5], "rotate": [-1.8734251775441142, 1.5926887380466885, -2.0789367772885226], "SNR": 0.05, "name": "1f1b"}