{"loc": [2, 7, -4], "rotate": [-3.133367065882502, 0.8044071843987728, -0.5750646679881349], "SNR": 0.05, "name": "1f1b"}