{"loc": [-3, 5, 2], "rotate": [2.719231846267108, 0.8491275844429981, 0.16167722138365204], "SNR": 0.05, "name": "1f1b"}