{"loc": [7, 5, 4], "rotate": [-2.696361384594426, 0.6735202953808835, -1.7816493091673604], "SNR": 0.05, "name": "1f1b"}