{"loc": [-5, 5, 3], "rotate": [-2.0116790020664226, 1.4652163974742003, -2.080861840509888], "SNR": 0.05, "name": "1f1b"}