{"loc": [7, 7, -5], "rotate": [2.035138316970559, 0.9104399224881765, 0.584188016256527], "SNR": 0.05, "name": "1f1b"}