{"loc": [3, 2, 4], "rotate": [2.1304806551859174, 2.6975332833824033, 0.9907275010123909], "SNR": 0.05, "name": "1f1b"}