{"loc": [-1, -7, 4], "rotate": [-1.9733051964165547, 1.3553927961566403, -2.823023597740156], "SNR": 0.05, "name": "1f1b"}