{"loc": [4, 7, 0], "rotate": [1.9139574364833227, 1.4654674941435344, 0.6181617462279106], "SNR": 0.05, "name": "1f1b"}