{"loc": [3, -5, 0], "rotate": [2.89462735636965, 0.9468835103660831, 0.0830028174865032], "SNR": 0.05, "name": "1f1b"}