{"loc": [-6, -1, 3], "rotate": [-1.8879923120368116, 1.5217952449017966, -2.3998435204349753], "SNR": 0.05, "name": "1f1b"}