{"loc": [-5, 3, -2], "rotate": [-2.920710994586793, 0.6630470567094525, -0.9736902812195383], "SNR": 0.05, "name": "1f1b"}