{"loc": [2, -5, -2], "rotate": [-2.672517817640563, 0.7222552011490574, -1.7419091082924305], "SNR": 0.05, "name": "1f1b"}