{"loc": [4, 3, -2], "rotate": [2.202762235901791, 1.4605943434044968, 0.6091655711129318], "SNR": 0.05, "name": "1f1b"}