{"loc": [-2, 4, 6], "rotate": [2.976321108086895, 0.7143655501254264, -0.8370706625445348], "SNR": 0.05, "name": "1f1b"}