{"loc": [-3, 5, 0], "rotate": [-3.007671230469206, 0.6568960816958633, -0.8124219384937408], "SNR": 0.05, "name": "1f1b"}