{"loc": [1, -2, 6], "rotate": [-2.4046174290921654, 0.7355375222280326, -1.0935638015567144], "SNR": 0.05, "name": "1f1b"}