{"loc": [5, 1, -2], "rotate": [2.064159783080754, 1.6551824819843728, 0.7797727356671001], "SNR": 0.05, "name": "1f1b"}