{"loc": [1, -7, -3], "rotate": [-2.981022319958121, 0.8245367090020043, -1.0722523761920986], "SNR": 0.05, "name": "1f1b"}