{"loc": [0, 2, 7], "rotate": [2.4538413815979374, 1.8956244101168582, 1.4006670641897518], "SNR": 0.05, "name": "1f1b"}