{"loc": [0, 6, 0], "rotate": [-2.887491126212593, 0.7143235501753024, -1.0634536219573913], "SNR": 0.05, "name": "1f1b"}