{"loc": [5, -4, -7], "rotate": [2.226035393784172, 1.3851365770690347, 0.10594884856081448], "SNR": 0.05, "name": "1f1b"}