{"loc": [-2, -4, 1], "rotate": [-2.749799533843982, 0.8008702202706515, -1.2798485544414338], "SNR": 0.05, "name": "1f1b"}