{"loc": [3, -2, 5], "rotate": [2.5902491556416694, 0.8417348895820832, -0.3766237368417844], "SNR": 0.05, "name": "1f1b"}