{"loc": [0, -7, 2], "rotate": [-2.0617285510831027, 1.7451360817567185, -2.9289167894633077], "SNR": 0.05, "name": "1f1b"}