{"loc": [6, 4, -6], "rotate": [2.580057325438549, 0.7186257096284886, -0.058199098811747875], "SNR": 0.05, "name": "1f1b"}