{"loc": [-4, -1, -4], "rotate": [2.187942118859396, 0.9759247023655659, 0.4393233053631158], "SNR": 0.05, "name": "1f1b"}