{"loc": [0, 5, 3], "rotate": [-2.3321921157523087, 1.4932703942202652, -2.1862212618109855], "SNR": 0.05, "name": "1f1b"}