{"loc": [-3, 7, -2], "rotate": [2.4627764077729166, 0.6017481625729211, 0.08025302328259169], "SNR": 0.05, "name": "1f1b"}