{"loc": [2, 7, -3], "rotate": [2.036100639714467, 2.0146330380903, 0.9258667441217496], "SNR": 0.05, "name": "1f1b"}