{"loc": [5, 6, 5], "rotate": [3.0655982489137563, 0.594377428256336, -0.43991304850018453], "SNR": 0.05, "name": "1f1b"}