{"loc": [7, 4, -5], "rotate": [2.299017964503786, 0.981224925732608, 0.1243527471087247], "SNR": 0.05, "name": "1f1b"}