{"loc": [5, 2, -1], "rotate": [-2.4743209318782013, 0.8834261040804252, -1.7473428420397774], "SNR": 0.05, "name": "1f1b"}