{"loc": [-1, 6, 7], "rotate": [-2.3206739004008856, 0.6790717024933635, -1.3209201831788726], "SNR": 0.05, "name": "1f1b"}