{"loc": [-6, -6, 0], "rotate": [-2.259086827742214, 0.6300868048476673, -1.9473386501907048], "SNR": 0.05, "name": "1f1b"}