{"loc": [-6, 6, 6], "rotate": [2.1317705101664366, 1.2926937392340976, 0.6811126340779623], "SNR": 0.05, "name": "1f1b"}