{"loc": [5, -7, 7], "rotate": [2.5530822081888838, 0.9288571036464365, 0.39828515625163513], "SNR": 0.05, "name": "1f1b"}