{"loc": [-3, 0, 2], "rotate": [2.7183398977439466, 0.12327015016742889, -0.5393930087644624], "SNR": 0.05, "name": "1f1b"}