{"loc": [4, -7, 1], "rotate": [-2.5478194268298147, 0.9466570469982909, -1.6850690746856611], "SNR": 0.05, "name": "1f1b"}