{"loc": [7, -6, -5], "rotate": [-2.1392789149215754, 1.0012330472863578, -2.0281728228038394], "SNR": 0.05, "name": "1f1b"}