{"loc": [1, 0, 0], "rotate": [1.825926215822299, 0.5606324210779751, 0.11521464102617564], "SNR": 0.05, "name": "1f1b"}