{"loc": [4, 1, 1], "rotate": [2.3925363296978213, 1.4631850516307368, 0.41145720873255354], "SNR": 0.05, "name": "1f1b"}