{"loc": [0, -5, 0], "rotate": [-2.3577155564799366, 0.6644647995655848, -1.9254965383296838], "SNR": 0.05, "name": "1f1b"}