{"loc": [0, -3, -7], "rotate": [-2.217522304457327, 0.9501571321126765, -1.605097515288584], "SNR": 0.05, "name": "1f1b"}