{"loc": [6, -5, -7], "rotate": [2.2821328901527114, 1.2588833532005919, 1.1070075790935434], "SNR": 0.05, "name": "1f1b"}