{"loc": [0, -2, -1], "rotate": [2.5425272399864443, 0.8439135285452961, -0.26196446747498386], "SNR": 0.05, "name": "1f1b"}