{"loc": [-6, -1, 2], "rotate": [2.4016171216252102, 2.780946645869812, 1.806359813977778], "SNR": 0.05, "name": "1f1b"}