{"loc": [-6, 4, 0], "rotate": [-2.670645996235628, 0.8366576841838291, -1.5239597447272109], "SNR": 0.05, "name": "1f1b"}