{"loc": [4, 0, 2], "rotate": [2.6998927687639225, 0.7737561254796675, -0.4150083939019722], "SNR": 0.05, "name": "1f1b"}