{"loc": [-6, 0, 3], "rotate": [-3.0802523783926237, 0.4603054940642508, -1.04558737687302], "SNR": 0.05, "name": "1f1b"}