{"loc": [-7, 7, 0], "rotate": [2.010008595442193, 1.3164604538106897, 0.7885345648565595], "SNR": 0.05, "name": "1f1b"}