{"loc": [0, 5, 0], "rotate": [2.159296911212091, 0.7512108280802821, 0.4426418560682143], "SNR": 0.05, "name": "1f1b"}