{"loc": [-4, 7, -1], "rotate": [-1.9354727266516343, 0.9557134411637865, -2.40281394679746], "SNR": 0.05, "name": "1f1b"}