{"loc": [6, 5, 7], "rotate": [-1.863905052286335, 1.5482529067257071, -2.14150264610908], "SNR": 0.05, "name": "1f1b"}