{"loc": [4, 2, -2], "rotate": [3.102276277446429, 0.5619989067870707, -0.6699982892559326], "SNR": 0.05, "name": "1f1b"}