{"loc": [1, -6, -7], "rotate": [2.9672675531549584, 0.4288439714716748, -0.45953049622556863], "SNR": 0.05, "name": "1f1b"}