{"loc": [5, 7, -2], "rotate": [2.9606707835543715, 0.577602185966048, -0.9308167029084384], "SNR": 0.05, "name": "1f1b"}