{"loc": [-5, 0, -7], "rotate": [-2.693657197740231, 0.6013549057459499, -1.0916014771045404], "SNR": 0.05, "name": "1f1b"}