{"loc": [6, -5, -1], "rotate": [-1.8147218362409927, 1.5146274732725085, -2.1343498620982033], "SNR": 0.05, "name": "1f1b"}