{"loc": [3, -5, -4], "rotate": [2.3256213057603805, 1.4537950509354134, 0.3191627023041764], "SNR": 0.05, "name": "1f1b"}