{"loc": [1, 5, 2], "rotate": [1.795139005205457, 1.0397032844841392, 0.5725474974315466], "SNR": 0.05, "name": "1f1b"}