{"loc": [-7, 3, 1], "rotate": [-2.98516417965575, 2.694953252626752, 2.604819097463621], "SNR": 0.05, "name": "1f1b"}