{"loc": [0, -7, -6], "rotate": [1.9498914035699406, 0.4109198115499407, 0.11467825658557439], "SNR": 0.05, "name": "1f1b"}