{"loc": [-6, 7, 1], "rotate": [-2.082242070187807, 0.8863633758413646, -2.0168584523140503], "SNR": 0.05, "name": "1f1b"}