{"loc": [4, -1, -6], "rotate": [2.2630520657300877, 0.9954236024137035, 0.22014978943465438], "SNR": 0.05, "name": "1f1b"}