{"loc": [-6, -2, 0], "rotate": [-2.39905636771101, 1.0927903931709992, -1.5868773087078938], "SNR": 0.05, "name": "1f1b"}