{"loc": [-1, -2, -4], "rotate": [2.3562703170038852, 1.1747714943188203, 0.6792894084926728], "SNR": 0.05, "name": "1f1b"}