{"loc": [-7, 6, 3], "rotate": [2.2916368925844566, 1.724978735617344, 0.527777107492988], "SNR": 0.05, "name": "1f1b"}