{"loc": [3, -7, -1], "rotate": [2.7914661767221887, 0.6668369606841221, 0.21193217752358534], "SNR": 0.05, "name": "1f1b"}