{"loc": [-7, 1, -2], "rotate": [2.0328375533689576, 1.126598385844044, 0.1641540351193755], "SNR": 0.05, "name": "1f1b"}