{"loc": [2, -5, -7], "rotate": [3.0161761932514666, 2.7956162431330855, 1.669472989179778], "SNR": 0.05, "name": "1f1b"}