{"loc": [-2, 1, -3], "rotate": [1.9889465973372862, 1.3575064114758792, 0.30114499890573976], "SNR": 0.05, "name": "1f1b"}