{"loc": [2, -7, -4], "rotate": [2.168231887884846, 1.9624671155690685, 0.8108560338979705], "SNR": 0.05, "name": "1f1b"}