{"loc": [5, 0, -2], "rotate": [-3.052816955988025, 2.5100571989771328, 2.251058106904469], "SNR": 0.05, "name": "1f1b"}