{"loc": [4, -4, 0], "rotate": [2.7410453399730286, 0.9154604314245701, 0.009613296614776152], "SNR": 0.05, "name": "1f1b"}