{"loc": [-4, -2, 7], "rotate": [2.9036146325619323, 2.4637048286280763, 1.6590329645270236], "SNR": 0.05, "name": "1f1b"}