{"loc": [-4, 7, -2], "rotate": [-3.001808690838747, 0.5167198618943513, -0.9950977742097963], "SNR": 0.05, "name": "1f1b"}