{"loc": [-2, 4, 6], "rotate": [-2.119056041915449, 0.72237635979223, -1.5214274082736916], "SNR": 0.05, "name": "1f1b"}