{"loc": [-5, -1, 1], "rotate": [0.7989332095324866, 2.4499063039003515, -3.1048408278291983], "SNR": 0.05, "name": "1f1b"}