{"loc": [6, 6, 3], "rotate": [-2.496344001845525, 0.5751308661863092, -2.0123094341526846], "SNR": 0.05, "name": "1f1b"}