{"loc": [5, 6, -5], "rotate": [2.641803426471877, 0.6356867323423786, -0.4932907211496269], "SNR": 0.05, "name": "1f1b"}