{"loc": [-2, -7, 6], "rotate": [-2.797790889261784, 2.401655419098682, 2.694944381496431], "SNR": 0.05, "name": "1f1b"}