{"loc": [5, 6, -5], "rotate": [2.365397803840869, 1.2585225395319406, 0.8102814428885731], "SNR": 0.05, "name": "1f1b"}