{"loc": [-4, -5, -5], "rotate": [-2.291847345310872, 1.1589085190394426, -1.9128106172115917], "SNR": 0.05, "name": "1f1b"}