{"loc": [2, -1, -2], "rotate": [2.097888111844294, 1.3992555123968369, 0.834155864997563], "SNR": 0.05, "name": "1f1b"}