{"loc": [-4, -6, -2], "rotate": [-2.3243553667458365, 1.2151617101592855, -1.6484187112854876], "SNR": 0.05, "name": "1f1b"}