{"loc": [5, -6, 2], "rotate": [-2.9578451479306027, 2.815093171865891, 2.7227704972292526], "SNR": 0.05, "name": "1f1b"}