{"loc": [0, -7, -2], "rotate": [0.7222754982521035, 1.949316440195205, -2.8407285611790867], "SNR": 0.05, "name": "1f1b"}