{"loc": [5, 3, 0], "rotate": [2.165328602671802, 0.8287377622363186, 0.20621655710899464], "SNR": 0.05, "name": "1f1b"}