{"loc": [3, 0, -5], "rotate": [-3.124552328983524, 0.7060009262508505, -1.131365019686332], "SNR": 0.05, "name": "1f1b"}