{"loc": [3, -5, -2], "rotate": [-2.5370104876686526, 0.8175264909316545, -1.867377864376879], "SNR": 0.05, "name": "1f1b"}