{"loc": [6, -6, 2], "rotate": [-2.152708062197067, 0.5579435476014282, -1.5161998378966266], "SNR": 500000, "name": "1yg6"}