{"loc": [-6, -3, -4], "rotate": [1.7340879188176264, 1.3578772993995856, 0.39017763978073183], "SNR": 500000, "name": "1yg6"}