{"loc": [-6, -1, -7], "rotate": [2.5505272201141427, 1.3136339501812413, 0.2644152619279053], "SNR": 500000, "name": "1yg6"}