{"loc": [0, 4, 0], "rotate": [-2.7102397830098104, 0.8283113882919801, -1.6447029644735298], "SNR": 500000, "name": "1yg6"}