{"loc": [2, 0, -3], "rotate": [3.0871687302800157, 0.6638120299877662, -0.8923102400065009], "SNR": 500000, "name": "1yg6"}