{"loc": [0, 3, -3], "rotate": [-2.159991396837142, 1.158317077686251, -2.2111896316717052], "SNR": 500000, "name": "1yg6"}