{"loc": [-3, -3, -2], "rotate": [2.080536284673193, 1.3600587241980975, 0.6074377621472212], "SNR": 500000, "name": "1yg6"}