{"loc": [5, 1, -2], "rotate": [2.760416340004332, 0.9362850268983465, -0.33087240862648426], "SNR": 500000, "name": "1yg6"}