{"loc": [-4, -4, -1], "rotate": [-2.544518949748496, 0.5778306119005585, -1.7764970767199166], "SNR": 500000, "name": "1yg6"}