{"loc": [4, 2, -3], "rotate": [-1.7619631590554639, 1.3883091575756745, -2.1506516587196365], "SNR": 500000, "name": "1yg6"}