{"loc": [-5, 6, -2], "rotate": [2.8036017696075612, 1.1190824407985385, -0.3147219476620267], "SNR": 500000, "name": "1yg6"}