{"loc": [-1, -7, -2], "rotate": [-2.439357915922897, 1.3144460628836965, -1.941169536731818], "SNR": 500000, "name": "1yg6"}