{"loc": [-5, 2, 3], "rotate": [2.0608344584540403, 1.8217651539810638, 0.8956991781897535], "SNR": 500000, "name": "1yg6"}