{"loc": [-7, -7, -6], "rotate": [2.3698951061789737, 0.7009506836004434, 0.440758484851294], "SNR": 500000, "name": "1yg6"}