{"loc": [-2, 4, 0], "rotate": [-2.3727690102956562, 1.0056124970193776, -1.8383500734361873], "SNR": 500000, "name": "1yg6"}