{"loc": [1, -2, -6], "rotate": [2.539592640116388, 0.8275513026142073, 0.45196007977261876], "SNR": 500000, "name": "1yg6"}