{"loc": [-7, -3, 5], "rotate": [-2.2967599520212376, 1.058093125617414, -1.529091513740458], "SNR": 500000, "name": "1yg6"}