{"loc": [-3, 6, 7], "rotate": [2.1109018248129847, 1.8471735518235217, 1.078908802891228], "SNR": 500000, "name": "1yg6"}