{"loc": [0, -5, -4], "rotate": [2.2758645668492146, 1.375252115655872, 0.2692225388229285], "SNR": 500000, "name": "1yg6"}