{"loc": [4, 3, -7], "rotate": [-2.2762051434969734, 1.118606890914539, -1.5304432533709385], "SNR": 500000, "name": "1yg6"}