{"loc": [5, -3, 3], "rotate": [1.8255341258435913, 2.4190764074815707, 0.872407551115013], "SNR": 500000, "name": "1yg6"}