{"loc": [5, 6, -3], "rotate": [2.083776392184679, 0.9792726741470063, 0.5006535444953576], "SNR": 500000, "name": "1yg6"}