{"loc": [-3, 5, 3], "rotate": [2.262783671875156, 1.9326716809932274, 0.8619576567149406], "SNR": 500000, "name": "1yg6"}