{"loc": [-7, -6, 2], "rotate": [-2.6126257176659995, 0.16758674663092935, -1.32352752315377], "SNR": 500000, "name": "1yg6"}