{"loc": [-2, -2, 6], "rotate": [1.7489079363614328, 1.0774604249922977, 0.6811875913744478], "SNR": 500000, "name": "1yg6"}