{"loc": [-7, 2, 1], "rotate": [-2.3638704473971224, 1.1763186859252464, -1.702204590183435], "SNR": 500000, "name": "1yg6"}