{"loc": [-1, -1, 2], "rotate": [-2.5914374269460376, 0.9285158623953415, -1.6073184113837575], "SNR": 500000, "name": "1yg6"}