{"loc": [6, -3, 4], "rotate": [2.3713353792629936, 0.316406091834686, 0.0720441722556625], "SNR": 500000, "name": "1yg6"}