{"loc": [2, 1, 2], "rotate": [-2.5415753984113483, 1.0061851152209575, -1.7131361868473989], "SNR": 500000, "name": "1yg6"}