{"loc": [0, 4, 0], "rotate": [0.521706208256384, 2.6691364247399822, 2.7972826669889588], "SNR": 500000, "name": "1yg6"}