{"loc": [1, 1, -4], "rotate": [-2.414565189994207, 0.8722413180538093, -1.5474521642503054], "SNR": 500000, "name": "1yg6"}