{"loc": [5, 3, 1], "rotate": [2.3304486184859647, 2.2567905427943824, 1.160357336764739], "SNR": 500000, "name": "1yg6"}