{"loc": [3, 7, 0], "rotate": [-2.4624583810454426, 1.1433442393006354, -1.8426927666077624], "SNR": 500000, "name": "1yg6"}