{"loc": [7, 6, -2], "rotate": [2.7216817475543302, 0.4738673208072272, -0.5016507579732622], "SNR": 500000, "name": "1yg6"}