{"loc": [1, 1, -4], "rotate": [-2.5403757016621866, 0.8892281729323521, -1.752395353743399], "SNR": 500000, "name": "1yg6"}