{"loc": [7, -4, 2], "rotate": [2.370707107197654, 0.5651236934206821, 0.22217035959593545], "SNR": 500000, "name": "1yg6"}