{"loc": [-7, -6, 5], "rotate": [-2.082330644130623, 1.034862511630371, -2.0222724904016673], "SNR": 500000, "name": "1yg6"}