{"loc": [3, 5, 0], "rotate": [-2.7296030528113238, 0.3391725324536089, -1.3549091893167673], "SNR": 500000, "name": "1yg6"}