{"loc": [7, 0, -6], "rotate": [2.9047203172568916, 0.6896713154353704, -0.40955574944823653], "SNR": 500000, "name": "1yg6"}