{"loc": [5, 6, 1], "rotate": [1.81610738053423, 2.4027209472962707, 0.7622991877851771], "SNR": 500000, "name": "1yg6"}