{"loc": [0, 5, 1], "rotate": [-2.3280563586226983, 1.1085615625672443, -1.9462251755095792], "SNR": 500000, "name": "1yg6"}