{"loc": [6, 0, 4], "rotate": [-2.7914876270588924, 0.6342969744689341, -1.1861771780997958], "SNR": 500000, "name": "1yg6"}