{"loc": [-1, 0, 7], "rotate": [2.4323205690182217, 0.9067132619122934, 0.4708687611793441], "SNR": 500000, "name": "1yg6"}