{"loc": [-6, -5, -2], "rotate": [-2.856415119486498, 0.5119779643417717, -1.2516203129404633], "SNR": 500000, "name": "1yg6"}