{"loc": [-5, -4, 2], "rotate": [2.616852407875004, 0.8332159470931745, 0.29228113894580815], "SNR": 500000, "name": "1yg6"}