{"loc": [5, 0, -7], "rotate": [-2.470647968245423, 1.1581858538808656, -2.205774064833897], "SNR": 500000, "name": "1yg6"}