{"loc": [5, 4, -4], "rotate": [-3.1285129771055757, 0.7751618740149394, -0.5163678392161555], "SNR": 500000, "name": "1yg6"}