{"loc": [-4, -2, 3], "rotate": [-2.4671035292651493, 0.8432190482871924, -1.6187786864219946], "SNR": 500000, "name": "1yg6"}