{"loc": [-2, -4, 4], "rotate": [2.0983037373390805, 1.4950957782187921, 0.458732761976936], "SNR": 500000, "name": "1yg6"}