{"loc": [-7, 0, 0], "rotate": [2.0740352867257923, 1.527471067297529, 0.7050021498134984], "SNR": 500000, "name": "1yg6"}