{"loc": [0, -1, -5], "rotate": [-2.531179785000279, 1.3192026610555794, -1.9497393517224766], "SNR": 500000, "name": "1yg6"}