{"loc": [-2, 1, 3], "rotate": [2.426268910483467, 1.8698600874740507, 1.6423154777154003], "SNR": 500000, "name": "1yg6"}