{"loc": [7, 3, -5], "rotate": [2.1262352236328956, 0.8787164049054625, 0.00856899804978617], "SNR": 500000, "name": "1yg6"}