{"loc": [-6, -6, 5], "rotate": [2.4759409765747673, 0.8678913420538981, 0.17551988546485242], "SNR": 500000, "name": "1yg6"}