{"loc": [1, 7, 3], "rotate": [2.779704945902571, 0.9447024843220785, 0.2181957543754822], "SNR": 500000, "name": "1yg6"}