{"loc": [0, -3, -4], "rotate": [2.448204498404449, 0.48954194904307186, 0.2591017598185221], "SNR": 500000, "name": "1yg6"}