{"loc": [-6, 3, -3], "rotate": [-2.675661721080207, 0.5622107863856081, -1.461724466946052], "SNR": 500000, "name": "1yg6"}