{"loc": [-2, 6, 0], "rotate": [-2.4203053952749465, 1.283263126093718, -1.9042054017192749], "SNR": 500000, "name": "1yg6"}