{"loc": [-2, 0, 1], "rotate": [2.15902490579482, 1.5823041750898226, 0.1928246095743108], "SNR": 500000, "name": "1yg6"}