{"loc": [2, 3, -4], "rotate": [2.015601566606462, 1.4338045029318252, 0.21433760402265398], "SNR": 500000, "name": "1yg6"}