{"loc": [-1, 0, -6], "rotate": [-2.2789830766213455, 1.1557492416761028, -1.8543089027652664], "SNR": 500000, "name": "1yg6"}