{"loc": [0, 5, 0], "rotate": [2.5817712352810194, 1.0531470634755167, 0.22655851519181375], "SNR": 500000, "name": "1yg6"}