{"loc": [5, 3, 6], "rotate": [2.0778531697325953, 1.1500539919566364, 0.10382885076539577], "SNR": 500000, "name": "1yg6"}