{"loc": [-4, -7, -2], "rotate": [-2.7027736158180735, 1.1863074975282848, -1.9716842032127446], "SNR": 500000, "name": "1yg6"}