{"loc": [4, -6, -6], "rotate": [2.003619150091415, 1.4518561504649994, 0.8766309626045928], "SNR": 500000, "name": "1yg6"}