{"loc": [0, -3, 0], "rotate": [-2.240865365657429, 1.6017755915867822, -2.4150462337755205], "SNR": 500000, "name": "1yg6"}