{"loc": [5, 0, -3], "rotate": [1.8694902414245687, 1.9035720993478675, 0.6676995925726582], "SNR": 500000, "name": "1yg6"}