{"loc": [-1, 1, -2], "rotate": [2.1935543622851186, 1.1572579272306573, 0.8256006692407553], "SNR": 500000, "name": "1yg6"}