{"loc": [-6, 0, -4], "rotate": [2.7732294459775777, 0.9087786160592094, -0.26029589857897806], "SNR": 500000, "name": "1yg6"}