{"loc": [4, 7, -6], "rotate": [-1.9986963952311392, 1.7089173461613953, -2.2947187010649817], "SNR": 500000, "name": "1yg6"}