{"loc": [-2, -1, -5], "rotate": [2.3166526576903688, 1.393641547469435, 0.46928085037049516], "SNR": 500000, "name": "1yg6"}