{"loc": [3, -2, 0], "rotate": [-2.5317793328920257, 1.3388751573312474, -2.111839655866943], "SNR": 500000, "name": "1yg6"}