{"loc": [4, -3, -4], "rotate": [2.444553204067953, 2.1461920604740814, 1.5125753173696983], "SNR": 500000, "name": "1yg6"}