{"loc": [-5, -1, 0], "rotate": [-2.783661712736761, 0.889413457696765, -1.486155473725053], "SNR": 500000, "name": "1yg6"}