{"loc": [-1, -6, 7], "rotate": [2.2828904182868572, 0.8336468176103494, 0.279673436974292], "SNR": 500000, "name": "1yg6"}