{"loc": [-7, 0, 4], "rotate": [-1.961955852867872, 0.598270007886924, -2.026445800100848], "SNR": 500000, "name": "1yg6"}