{"loc": [-7, 5, 0], "rotate": [-2.4625148932493457, 1.1499993781225992, -1.6732724627738293], "SNR": 500000, "name": "1yg6"}