{"loc": [7, 0, -3], "rotate": [-2.1711546251721705, 0.7959868608789603, -1.476091182194043], "SNR": 500000, "name": "1yg6"}