{"loc": [-4, -2, 4], "rotate": [2.178856855045928, 0.9117225183156815, 0.23744692492939884], "SNR": 500000, "name": "1yg6"}