{"loc": [2, -7, -3], "rotate": [2.3183955081263115, 1.3456181653797763, 0.974968406309335], "SNR": 500000, "name": "1yg6"}