{"loc": [4, 0, 2], "rotate": [-2.3383049777373506, 0.8185476472535356, -2.047217995066346], "SNR": 500000, "name": "1yg6"}