{"loc": [-4, 3, 3], "rotate": [1.9642584972539372, 1.581030398569051, 0.5485400624162423], "SNR": 500000, "name": "1yg6"}