{"loc": [-2, 6, 0], "rotate": [-3.0576756210917257, 0.745842263447585, -1.023659435497401], "SNR": 500000, "name": "1yg6"}