{"loc": [-3, -2, -5], "rotate": [-3.0586122896014203, 0.6919252447033649, -0.44036219354849027], "SNR": 500000, "name": "1yg6"}