{"loc": [-6, -1, -3], "rotate": [-2.613562813560463, 0.8526574905306419, -1.6033834350908438], "SNR": 500000, "name": "1yg6"}