{"loc": [-1, 5, 0], "rotate": [2.0146025840539137, 0.8216681756209874, 0.6169181720919377], "SNR": 500000, "name": "1yg6"}