{"loc": [-4, -6, -2], "rotate": [-2.2674371950749945, 1.3382372138911534, -2.375292762931082], "SNR": 500000, "name": "1yg6"}