{"loc": [3, -6, 3], "rotate": [-2.6661057944146327, 0.39740570284143745, -1.3399421984550477], "SNR": 500000, "name": "1yg6"}