{"loc": [-1, -2, -1], "rotate": [2.2581668716937027, 2.18927767484237, 1.146510943438186], "SNR": 500000, "name": "1yg6"}