{"loc": [5, 0, -6], "rotate": [2.4794571135489925, 1.2538675868229328, -0.0018069812134869354], "SNR": 500000, "name": "1yg6"}