{"loc": [2, 6, 5], "rotate": [2.2976568042210634, 1.5990010335920928, 0.8210872198043204], "SNR": 500000, "name": "1yg6"}