{"loc": [-5, -5, 4], "rotate": [1.8362053253301067, 1.5692428142790311, 0.858107768634927], "SNR": 500000, "name": "1yg6"}