{"loc": [3, -3, 1], "rotate": [-2.2988734007087186, 1.0808242750199835, -2.169556319120912], "SNR": 500000, "name": "1yg6"}