{"loc": [-3, 0, 7], "rotate": [2.108773216550648, 1.1254090990179981, 0.5376542152029037], "SNR": 500000, "name": "1yg6"}