{"loc": [3, -2, -7], "rotate": [-2.9160469710115287, 0.38897951422782884, -0.9940483957559302], "SNR": 500000, "name": "1yg6"}