{"loc": [-1, 4, 5], "rotate": [-2.359799823491005, 0.5646595471818171, -1.4359849210541418], "SNR": 500000, "name": "1yg6"}