{"loc": [-1, 3, -3], "rotate": [-2.1669714504090836, 0.5708541010323027, -1.6787432945791416], "SNR": 500000, "name": "1yg6"}