{"loc": [-5, 3, -4], "rotate": [2.761839178686633, 2.161659278408222, 1.6868245715476518], "SNR": 500000, "name": "1yg6"}