{"loc": [-2, -5, 1], "rotate": [2.4530210528269425, 1.7593076411014603, 1.5807930898100018], "SNR": 500000, "name": "1yg6"}