{"loc": [2, -6, -7], "rotate": [2.9853700614452827, 0.13279653531058058, -0.6270923222557006], "SNR": 500000, "name": "1yg6"}