{"loc": [-4, -7, -1], "rotate": [-2.177448178213968, 1.2644466529493656, -1.919011804417615], "SNR": 500000, "name": "1yg6"}