{"loc": [-7, 5, -2], "rotate": [2.7774018774216476, 0.7478550647894899, -0.21315449750076199], "SNR": 500000, "name": "1yg6"}