{"loc": [1, -6, 2], "rotate": [2.9376419280545436, 2.232396798757913, 1.6571491921260868], "SNR": 500000, "name": "1yg6"}