{"loc": [-2, 3, 3], "rotate": [-1.9530205882919067, 1.5151516480584655, -2.3214589966743264], "SNR": 500000, "name": "1yg6"}