{"loc": [0, -1, -6], "rotate": [-2.4328119712479817, 0.7564262116786042, -1.5669651450586701], "SNR": 500000, "name": "1yg6"}