{"loc": [4, -2, 3], "rotate": [-2.6691048258249555, 0.6640738308882118, -1.3602927283318664], "SNR": 500000, "name": "1yg6"}