{"loc": [-1, -7, 0], "rotate": [-2.1608319090800436, 1.187633995725239, -1.978647850085019], "SNR": 500000, "name": "1yg6"}