{"loc": [7, -6, 0], "rotate": [-2.2470618391867534, 2.4529346093877615, -2.764785503375592], "SNR": 500000, "name": "1yg6"}