{"loc": [0, -5, 7], "rotate": [2.049319056116873, 1.505270673367219, 0.9093959242547074], "SNR": 500000, "name": "1yg6"}