{"loc": [-1, 3, -6], "rotate": [-2.1500785698514884, 1.188100961973701, -2.146016358582904], "SNR": 500000, "name": "1yg6"}