{"loc": [-6, 1, -1], "rotate": [2.4700278724145743, 0.7059146912900639, -0.2803293441471299], "SNR": 500000, "name": "1yg6"}