{"loc": [-5, -6, -1], "rotate": [2.6034137232214127, 0.7738500752103264, -0.04792516817087882], "SNR": 500000, "name": "1yg6"}