{"loc": [1, -6, 7], "rotate": [-2.9481744798167933, 0.682310676961462, -1.1639281803174053], "SNR": 500000, "name": "1yg6"}