{"loc": [5, -3, 1], "rotate": [-1.9440615927600027, 1.534558091283374, -2.2540868783409422], "SNR": 500000, "name": "1yg6"}