{"loc": [3, -4, 3], "rotate": [1.9720256271390244, 1.8007750438107397, 1.0737245232637063], "SNR": 500000, "name": "1yg6"}