{"loc": [3, 0, -4], "rotate": [-2.105929304776537, 0.9079657389570779, -1.8914375171118503], "SNR": 500000, "name": "1yg6"}