{"loc": [1, 2, -1], "rotate": [2.2427320182875783, 1.223956972515084, 0.11867905292929848], "SNR": 500000, "name": "1yg6"}