{"loc": [0, -6, 3], "rotate": [2.3248079113606037, 1.8349856169491205, 0.6152750455118791], "SNR": 500000, "name": "1yg6"}