{"loc": [3, -6, 3], "rotate": [2.0175736832199997, 0.771410446478076, 0.7296924756920814], "SNR": 500000, "name": "1yg6"}