{"loc": [-6, -6, -1], "rotate": [2.5765269972328158, 1.6834412426736864, 1.099117746322705], "SNR": 500000, "name": "1yg6"}