{"loc": [2, -6, -4], "rotate": [-2.535788158624179, 0.7237225081564423, -1.9160477745468298], "SNR": 500000, "name": "1yg6"}