{"loc": [0, 4, -5], "rotate": [2.0791467014817218, 1.285674339818947, 0.8436300365804802], "SNR": 500000, "name": "1yg6"}