{"loc": [2, -6, 6], "rotate": [-2.2548505282871796, 1.5534942263867582, -2.77045695118673], "SNR": 500000, "name": "1yg6"}