{"loc": [4, 5, -5], "rotate": [2.4712773500757175, 1.3621347859393125, -0.030653408807154475], "SNR": 500000, "name": "1yg6"}