{"loc": [-7, 3, 6], "rotate": [-2.1376010517527155, 1.288240916863134, -2.0382628226642594], "SNR": 500000, "name": "1yg6"}