{"loc": [-3, 0, 6], "rotate": [-2.7859227112373164, 0.5694018647307847, -1.1139827344422188], "SNR": 500000, "name": "1yg6"}