{"loc": [-3, 0, 7], "rotate": [2.4365238226266346, 0.8824316343353605, 0.5900748255047953], "SNR": 500000, "name": "1yg6"}