{"loc": [-7, 1, 0], "rotate": [2.4330682217971984, 0.6964744642965518, 0.42194235183886913], "SNR": 500000, "name": "1yg6"}