{"loc": [2, 0, -3], "rotate": [2.9082138381939213, 2.1263268240193374, 1.7380277118969458], "SNR": 500000, "name": "1yg6"}