{"loc": [0, 0, 0], "rotate": [2.0102873815642757, 0.6446335209671427, 0.6613554261436367], "SNR": 500000, "name": "1yg6"}