{"loc": [4, -2, 5], "rotate": [-2.230303140099237, 1.8967710630282413, -2.747230366378345], "SNR": 500000, "name": "1yg6"}