{"loc": [-2, -2, -3], "rotate": [-2.344383505146069, 0.8382220741056176, -1.4821497461698379], "SNR": 500000, "name": "1yg6"}