{"loc": [-5, -7, 3], "rotate": [1.9917432216227557, 0.9579867181386731, 0.999554869080742], "SNR": 500000, "name": "1yg6"}