{"loc": [0, 1, -2], "rotate": [2.7623801634421428, 0.7801120746446082, -0.4043378829997578], "SNR": 500000, "name": "1yg6"}