{"loc": [0, -1, 5], "rotate": [-2.0279459934831987, 1.3547002345471328, -2.422730855124307], "SNR": 500000, "name": "1yg6"}