{"loc": [-1, 3, -7], "rotate": [-1.7383769954884418, 0.6286962963883007, -2.179646914142404], "SNR": 500000, "name": "1yg6"}