{"loc": [0, 7, 1], "rotate": [2.271688488598129, 1.2109655853064438, 0.7344475785477111], "SNR": 500000, "name": "1yg6"}