{"loc": [0, -1, 3], "rotate": [-2.139923918948408, 1.4307153003301036, -1.7591502065725428], "SNR": 500000, "name": "1yg6"}