{"loc": [6, 0, 1], "rotate": [-2.9236710365504304, 0.5545115398924158, -1.2481773528890339], "SNR": 500000, "name": "1yg6"}