{"loc": [-1, 7, -5], "rotate": [-2.3401805747860185, 1.1677420298955035, -2.1382486200421025], "SNR": 500000, "name": "1yg6"}