{"loc": [1, -1, 0], "rotate": [2.0395704747506125, 1.0366698606725162, 0.31742542539793983], "SNR": 500000, "name": "1yg6"}