{"loc": [0, -6, -1], "rotate": [2.168281102224729, 1.6137384747764947, 0.6355616696980502], "SNR": 500000, "name": "1yg6"}