{"loc": [-1, 3, -2], "rotate": [-2.143562579065743, 0.9533536564839094, -1.759560082297524], "SNR": 500000, "name": "1yg6"}