{"loc": [5, 0, 0], "rotate": [-2.1772415726727163, 1.0960278407137283, -2.175862952387528], "SNR": 500000, "name": "1yg6"}