{"loc": [7, -5, 0], "rotate": [-2.4624816004578896, 1.1489224012814523, -1.7125015984458398], "SNR": 500000, "name": "1yg6"}