{"loc": [-1, -4, -3], "rotate": [2.674976504853511, 0.7855433923257552, 0.0885689983602269], "SNR": 500000, "name": "1yg6"}