{"loc": [-7, 7, 0], "rotate": [-2.4014758605171016, 0.6834422211537413, -1.5137092570346866], "SNR": 500000, "name": "1yg6"}