{"loc": [-7, 2, 1], "rotate": [-3.0055000469626205, 0.4754412602296565, -1.102409360821171], "SNR": 500000, "name": "1yg6"}