{"loc": [0, -7, 0], "rotate": [2.433560727392399, 0.8452689646336633, -0.037597878183864564], "SNR": 500000, "name": "1yg6"}