{"loc": [0, -1, 0], "rotate": [-2.8629285988629323, 1.189116298697667, -1.6969776492972382], "SNR": 500000, "name": "1yg6"}