{"loc": [-2, 0, -3], "rotate": [2.258825765013146, 1.1581408942862341, 0.6858637604863872], "SNR": 500000, "name": "1yg6"}