{"loc": [3, 0, 0], "rotate": [3.072089900399876, 0.4783453498633364, -0.6982962290494794], "SNR": 500000, "name": "1yg6"}