{"loc": [7, -2, 5], "rotate": [2.0622117598405603, 1.45372936892733, 0.7859256174102613], "SNR": 500000, "name": "1yg6"}