{"loc": [-5, -4, 5], "rotate": [2.8672642980518557, 0.2614035824992446, -0.5687091426178082], "SNR": 500000, "name": "1yg6"}