{"loc": [-2, 5, -4], "rotate": [3.0654333100466427, 2.3046570209516397, 2.271224109041936], "SNR": 500000, "name": "1yg6"}