{"loc": [6, 3, 5], "rotate": [-2.3636962439014533, 1.214941624099426, -1.9693572260417425], "SNR": 500000, "name": "1yg6"}