{"loc": [0, -3, -4], "rotate": [2.788661786487146, 0.7520341605778819, -0.0033101852497787743], "SNR": 500000, "name": "1yg6"}