{"loc": [4, 5, -3], "rotate": [-2.4369453410855164, 1.034050179093799, -1.7641697621603845], "SNR": 500000, "name": "1yg6"}