{"loc": [6, -5, 6], "rotate": [-2.8362127034137554, 0.5641100547661154, -1.5078416826043803], "SNR": 500000, "name": "1yg6"}