{"loc": [-5, -7, 0], "rotate": [-1.9637939046442145, 1.214410681171694, -2.4334410528458976], "SNR": 500000, "name": "1yg6"}