{"loc": [-2, 2, 6], "rotate": [-2.6541281679226025, 1.0716562354104153, -1.3728820796476955], "SNR": 500000, "name": "1yg6"}