{"loc": [-2, 7, -7], "rotate": [-0.042068144949225846, 2.505175097992087, 2.328759747510791], "SNR": 500000, "name": "1yg6"}