{"loc": [3, 0, 6], "rotate": [2.7773658007976194, 0.46721955538907745, -0.7556400263491081], "SNR": 500000, "name": "1yg6"}