{"loc": [0, 7, 6], "rotate": [2.397199063501761, 2.364648875204144, 1.4391445849089197], "SNR": 500000, "name": "1yg6"}