{"loc": [0, 4, -4], "rotate": [-1.9357176875169888, 1.3142392644329064, -2.1655565097330607], "SNR": 500000, "name": "1yg6"}