{"loc": [-5, 6, -5], "rotate": [2.3253829827289483, 0.8415979254404905, -0.17069130047406184], "SNR": 500000, "name": "1yg6"}