{"loc": [-7, 3, 0], "rotate": [2.4402371893364454, 2.380644596213852, 1.1645791013693643], "SNR": 500000, "name": "1yg6"}