{"loc": [0, -2, -5], "rotate": [-0.40943988930909114, 0.724579918558163, 0.18628688338310612], "SNR": 500000, "name": "1yg6"}