{"loc": [0, 0, -6], "rotate": [1.0552381469856702, 1.1501205172870688, -2.33086735574217], "SNR": 500000, "name": "1yg6"}