{"loc": [-5, -7, -1], "rotate": [1.927805914981017, 1.1120604642621696, 0.4393408223488538], "SNR": 500000, "name": "1yg6"}