{"loc": [0, -6, 3], "rotate": [2.302309467817683, 1.0192926993196505, -0.1477586787249677], "SNR": 500000, "name": "1yg6"}