{"loc": [1, 0, -1], "rotate": [-2.6186745200819486, 1.0021436285993228, -1.524046854365027], "SNR": 500000, "name": "1yg6"}