{"loc": [-4, -4, -6], "rotate": [2.3121803402390197, 1.1273863558921082, 0.4354422355730053], "SNR": 500000, "name": "1yg6"}