{"loc": [-3, 4, 2], "rotate": [2.272213582860197, 1.2909135166626502, 0.8706495042573157], "SNR": 500000, "name": "1yg6"}