{"loc": [-3, 6, -1], "rotate": [2.1508209016998965, 1.2287231765326276, 0.6313805395578191], "SNR": 500000, "name": "1yg6"}