{"loc": [-5, -7, -1], "rotate": [2.3551167116601337, 1.5846030634651125, 0.9055831305126679], "SNR": 500000, "name": "1yg6"}