{"loc": [-5, 2, 4], "rotate": [-2.1315594650171135, 1.0210631918948385, -2.1857670041788944], "SNR": 500000, "name": "1yg6"}