{"loc": [6, 1, -4], "rotate": [-2.0752148369289225, 1.2536653904428754, -2.013201544447202], "SNR": 500000, "name": "1yg6"}