{"loc": [-2, 3, -5], "rotate": [2.2045887371547512, 0.97183670126432, 0.3699860217150742], "SNR": 500000, "name": "1yg6"}