{"loc": [0, 0, -2], "rotate": [2.4362874581441596, 1.2981530819678369, 0.9112062747830008], "SNR": 500000, "name": "1yg6"}