{"loc": [7, -2, -5], "rotate": [2.340012413898505, 1.225912681702474, 0.6382711353959483], "SNR": 500000, "name": "1yg6"}