{"loc": [-6, -7, -1], "rotate": [2.441273399832433, 0.9362286609629388, -0.009086478501967312], "SNR": 500000, "name": "1yg6"}