{"loc": [-6, -2, -3], "rotate": [2.46094776455377, 0.7448759531498337, 0.2564126308230065], "SNR": 500000, "name": "1yg6"}