{"loc": [7, -2, -2], "rotate": [-2.0796799213000927, 1.2094546633214809, -1.9274219372734205], "SNR": 500000, "name": "1yg6"}