{"loc": [-2, -2, -5], "rotate": [2.1913213710899853, 1.5991366769385855, 0.9170240742687658], "SNR": 500000, "name": "1yg6"}