{"loc": [0, -1, 7], "rotate": [-2.5192292599063966, 0.9652519644003301, -1.2993960358900682], "SNR": 500000, "name": "1yg6"}