{"loc": [7, -4, -5], "rotate": [-2.07082973185844, 1.3656354028924271, -2.3446489959649357], "SNR": 500000, "name": "1yg6"}