{"loc": [1, -6, -4], "rotate": [2.465867621784846, 0.9459257172195679, 0.5023488459895387], "SNR": 500000, "name": "1yg6"}