{"loc": [1, 3, -7], "rotate": [-2.7699658658691555, 1.474748237922853, -1.6896863710662666], "SNR": 500000, "name": "1yg6"}