{"loc": [-5, -5, -4], "rotate": [-2.7601432596957536, 0.6875544731723396, -1.1869751228710144], "SNR": 500000, "name": "1yg6"}