{"loc": [0, -2, 0], "rotate": [2.224557864573129, 1.4751190608740123, 0.38134596102083457], "SNR": 500000, "name": "1yg6"}