{"loc": [4, -4, -1], "rotate": [2.02690825428475, 1.248747302367313, 0.9447227748886775], "SNR": 500000, "name": "1yg6"}