{"loc": [2, 2, 4], "rotate": [-2.051224293166405, 1.3562792806758566, -2.1526713292226396], "SNR": 500000, "name": "1yg6"}