{"loc": [-5, -3, 0], "rotate": [3.057172452789587, 1.0028000731309659, -0.45059277261817027], "SNR": 500000, "name": "1yg6"}