{"loc": [-5, -5, 2], "rotate": [2.549582301734725, 1.067420022329669, 0.3502711751115548], "SNR": 500000, "name": "1yg6"}