{"loc": [2, -2, -5], "rotate": [2.3363655612418976, 1.1027496522416524, 0.6227083834486816], "SNR": 500000, "name": "1yg6"}