{"loc": [3, 6, -5], "rotate": [2.2621188558263277, 1.1294434819915598, 0.3525772841197447], "SNR": 500000, "name": "1yg6"}