{"loc": [5, -5, 2], "rotate": [2.426512492039176, 1.9085252836322708, 1.0164566036032963], "SNR": 500000, "name": "1yg6"}