{"loc": [-5, -7, -2], "rotate": [-1.877650207376468, 2.0136350479786347, -2.6299259574931915], "SNR": 500000, "name": "1yg6"}