{"loc": [4, 0, 5], "rotate": [-2.935511933351563, 0.9848827873719375, -1.4185944627472782], "SNR": 500000, "name": "1yg6"}