{"loc": [6, 0, -2], "rotate": [2.4809905044143976, 1.4295653917699231, 0.8648944242886734], "SNR": 500000, "name": "1yg6"}