{"loc": [-1, 0, 2], "rotate": [3.058429622566709, 0.4293923976614078, -0.7766659625825508], "SNR": 500000, "name": "1yg6"}