{"loc": [-7, -3, -7], "rotate": [1.9891254131123237, 1.5526782214169141, 0.6105911224677607], "SNR": 500000, "name": "1yg6"}