{"loc": [-5, -2, 7], "rotate": [2.72264749201551, 0.7401966784625594, -0.3826546376597062], "SNR": 500000, "name": "1yg6"}