{"loc": [7, -2, 1], "rotate": [2.016462285068441, 1.5986745116728338, 0.7513074114840911], "SNR": 500000, "name": "1yg6"}