{"loc": [2, 0, 0], "rotate": [-2.5416916796125237, 2.7352097194497076, 2.768364987824983], "SNR": 500000, "name": "1yg6"}