{"loc": [0, -4, 0], "rotate": [-2.1562064017862324, 1.522032068230655, -2.4402348279198613], "SNR": 500000, "name": "1yg6"}