{"loc": [-1, 5, 1], "rotate": [-2.0801043641854338, 1.0882710502210189, -1.5995686723408722], "SNR": 500000, "name": "1yg6"}