{"loc": [0, 1, 1], "rotate": [2.3702407281086724, 0.7563247911580476, 0.18785394938834468], "SNR": 500000, "name": "1yg6"}