{"loc": [-3, 3, -3], "rotate": [2.339276074846706, 1.3592926793222828, 0.36897057714801634], "SNR": 500000, "name": "1yg6"}