{"loc": [6, -4, -1], "rotate": [-2.0664158706374502, 1.012282615483568, -2.382863546684135], "SNR": 500000, "name": "1yg6"}