{"loc": [7, 7, 1], "rotate": [-2.042846008547221, 1.6986630867191235, -2.896057303993336], "SNR": 500000, "name": "1yg6"}