{"loc": [7, 6, -4], "rotate": [-2.6117419405342037, 0.7286297567616665, -1.6971180765942355], "SNR": 500000, "name": "1yg6"}