{"loc": [-5, 0, -5], "rotate": [2.340753701439889, 1.4916334139869787, 0.6377297552154652], "SNR": 500000, "name": "1yg6"}