{"loc": [-1, -4, 4], "rotate": [-0.4312932215506944, 2.550274212262709, 1.8534854047381555], "SNR": 500000, "name": "1yg6"}