{"loc": [-3, 1, 2], "rotate": [2.482614436154637, 0.7521818066364434, 0.2690464516762174], "SNR": 500000, "name": "1yg6"}