{"loc": [4, 0, -2], "rotate": [2.248008486423764, 1.751023741599966, 0.6520475945766437], "SNR": 500000, "name": "1yg6"}