{"loc": [1, -7, -1], "rotate": [-1.842838077828236, 0.9787229021035033, -2.192666791630825], "SNR": 500000, "name": "1yg6"}