{"loc": [-7, -5, -3], "rotate": [-1.7859182808151195, 1.3563302732825202, -2.196868133503118], "SNR": 500000, "name": "1yg6"}