{"loc": [5, -3, -1], "rotate": [1.8390566157502883, 1.0322437253564545, 0.8316304468452644], "SNR": 500000, "name": "1yg6"}