{"loc": [-3, 7, -1], "rotate": [-2.0570450436897834, 2.1981932446727073, -2.59878356144223], "SNR": 500000, "name": "1yg6"}