{"loc": [4, 0, -4], "rotate": [-2.632447757330525, 0.8712202154387042, -1.6324493256230455], "SNR": 500000, "name": "1yg6"}