{"loc": [-2, -6, 4], "rotate": [-2.617313616004088, 0.8018529650615266, -1.5257777659159544], "SNR": 500000, "name": "1yg6"}