{"loc": [7, 7, 1], "rotate": [-2.113528974125129, 0.9854647420886008, -2.1734810617915903], "SNR": 500000, "name": "1yg6"}