{"loc": [4, 5, 5], "rotate": [2.344719692227872, 0.8080696891432725, 0.6498330100038103], "SNR": 500000, "name": "1yg6"}