{"loc": [1, -1, 0], "rotate": [-2.2285620188777906, 1.6180483640636014, -2.191510988071313], "SNR": 500000, "name": "1yg6"}