{"loc": [6, -5, -6], "rotate": [2.8378630200779864, 0.5651593149475167, -0.15417666976255878], "SNR": 500000, "name": "1yg6"}