{"loc": [-2, 0, 0], "rotate": [2.427483344682559, 0.7779311635655898, 0.06570283625501724], "SNR": 500000, "name": "1yg6"}