{"loc": [0, -2, -1], "rotate": [2.009021867276235, 1.4774108421317, 0.3341671902984122], "SNR": 500000, "name": "1yg6"}