{"loc": [-6, 3, 3], "rotate": [3.122591159925163, 0.5580332806592129, -1.1460400276483302], "SNR": 500000, "name": "1yg6"}