{"loc": [0, 4, -6], "rotate": [-1.890430679092153, 1.4700121966035846, -2.4187483579299314], "SNR": 500000, "name": "1yg6"}