{"loc": [7, -6, 5], "rotate": [2.2831828498935227, 1.45574576078664, 0.8607677718579712], "SNR": 500000, "name": "1yg6"}