{"loc": [3, 7, 6], "rotate": [-2.702095885849252, 0.8901967700431994, -1.5239481125573318], "SNR": 500000, "name": "1yg6"}