{"loc": [3, -1, 7], "rotate": [-2.242322854636577, 1.1020464910426033, -1.771765846414881], "SNR": 500000, "name": "1yg6"}