{"loc": [-5, -2, 3], "rotate": [-2.553772087706245, 1.1681102800093415, -1.5613619935814622], "SNR": 500000, "name": "1yg6"}