{"loc": [-2, 2, 1], "rotate": [-2.8777584395328435, 2.5910458660071822, 2.779572380117426], "SNR": 500000, "name": "1yg6"}