{"loc": [-4, -1, 7], "rotate": [2.410117430854868, 1.2304272334137343, 0.756515717358496], "SNR": 500000, "name": "1yg6"}