{"loc": [-5, -3, -7], "rotate": [-1.8691468250791003, 1.1229679461526496, -2.368964126874365], "SNR": 500000, "name": "1yg6"}