{"loc": [-5, -4, -4], "rotate": [-2.123452734156581, 1.0093695932754219, -1.4971403035396766], "SNR": 500000, "name": "1yg6"}