{"loc": [-5, 7, 4], "rotate": [1.7366825334812532, 0.8909912448545417, 1.0514350090520115], "SNR": 500000, "name": "1yg6"}