{"loc": [-7, 0, 3], "rotate": [2.2444585585940406, 1.4649704220173998, 0.565086718717894], "SNR": 500000, "name": "1yg6"}