{"loc": [-4, -3, 7], "rotate": [-3.0586943787307947, 0.4531920448853011, -0.4697224568581449], "SNR": 500000, "name": "1yg6"}