{"loc": [-6, -3, -3], "rotate": [-3.035595602021109, 0.7303983682994316, -1.1757748886555721], "SNR": 500000, "name": "1yg6"}