{"loc": [1, 7, -6], "rotate": [2.19389845532917, 1.194850213896554, 0.9148101038228059], "SNR": 500000, "name": "1yg6"}