{"loc": [0, 2, -5], "rotate": [-2.465807539299158, 0.4767838447857131, -1.449555043856006], "SNR": 500000, "name": "1yg6"}