{"loc": [-5, -5, -3], "rotate": [2.7938433559570406, 2.1640631253418303, 1.4559622689488798], "SNR": 500000, "name": "1yg6"}