{"loc": [2, 5, 3], "rotate": [2.2282023624317313, 1.090300988030236, 0.6456616622285569], "SNR": 500000, "name": "1yg6"}