{"loc": [1, 5, -3], "rotate": [2.9282904409752835, 0.8126974258790852, -0.37954695085838497], "SNR": 500000, "name": "1yg6"}