{"loc": [-4, 4, -6], "rotate": [2.399157975792415, 0.87720876293828, 0.2564990118729118], "SNR": 500000, "name": "1yg6"}