{"loc": [5, 2, 3], "rotate": [2.1744446821362824, 1.0474415794757668, 0.18101921200195162], "SNR": 500000, "name": "1yg6"}