{"loc": [4, 7, 3], "rotate": [2.500320585672402, 2.5682546738311087, 1.416690997908853], "SNR": 500000, "name": "1yg6"}