{"loc": [7, 2, 0], "rotate": [-2.290875818841282, 1.1208502534884974, -1.8793478286919327], "SNR": 500000, "name": "1yg6"}