{"loc": [-4, 7, 1], "rotate": [-2.253225376902959, 1.0803371872030743, -2.143130798020101], "SNR": 500000, "name": "1yg6"}