{"loc": [1, 2, 5], "rotate": [-3.059284139294432, 0.509431236957687, -0.6772193047522731], "SNR": 500000, "name": "1yg6"}