{"loc": [-5, 4, 5], "rotate": [-2.576800622695445, 0.5191115802447525, -1.775234672979389], "SNR": 500000, "name": "1yg6"}