{"loc": [1, 0, 6], "rotate": [2.0330535605550133, 1.5232294633668955, 0.3813084804251225], "SNR": 500000, "name": "1yg6"}