{"loc": [-3, -6, -4], "rotate": [-2.2750793223943004, 0.9012412105136263, -1.6148887989788927], "SNR": 500000, "name": "1yg6"}