{"loc": [2, -5, 7], "rotate": [-2.6843260843212864, 0.9237469380861505, -1.3980540710209404], "SNR": 500000, "name": "1yg6"}