{"loc": [-4, 2, 1], "rotate": [2.4415214890720507, 0.7620285197980008, -0.04381939819025158], "SNR": 500000, "name": "1yg6"}