{"loc": [2, -7, -2], "rotate": [-2.8937197356292392, 0.7900006487896817, -0.8703586106073106], "SNR": 500000, "name": "1yg6"}