{"loc": [-3, 7, 1], "rotate": [-2.473298370564618, 2.3283752065667915, -2.8808648778807986], "SNR": 500000, "name": "1yg6"}