{"loc": [-6, 3, -2], "rotate": [2.664771652249073, 1.0131627693202572, -0.2667461108118558], "SNR": 500000, "name": "1yg6"}