{"loc": [-5, 6, 7], "rotate": [-2.8866555566439813, 0.8739951923816309, -0.8716071096433744], "SNR": 500000, "name": "1yg6"}