{"loc": [-7, -3, 3], "rotate": [2.3879790005568897, 1.1460967788952334, 0.28251078483278463], "SNR": 500000, "name": "1yg6"}