{"loc": [-7, 6, 2], "rotate": [-1.9919874936381452, 1.6295523482832033, -2.2021120983933025], "SNR": 500000, "name": "1yg6"}