{"loc": [-6, 0, -1], "rotate": [2.617866116952316, 2.3379509915891585, 1.9726830684252779], "SNR": 500000, "name": "1yg6"}