{"loc": [-3, -3, -3], "rotate": [2.189274313989412, 0.908204911853885, 0.6092653204697926], "SNR": 500000, "name": "1yg6"}