{"loc": [0, 3, -7], "rotate": [-2.7361788051649443, 0.22173076032209474, -1.012094177680451], "SNR": 500000, "name": "1yg6"}