{"loc": [-2, 4, 6], "rotate": [2.2015711894819847, 0.7865696825720063, 0.20345089248012366], "SNR": 500000, "name": "1yg6"}