{"loc": [-6, 0, 4], "rotate": [2.501740704122421, 0.3950543317493353, -0.1653478232594947], "SNR": 500000, "name": "1yg6"}