{"loc": [-4, 4, -7], "rotate": [-2.492528050694806, 1.3223236900028972, -1.6303947761443087], "SNR": 500000, "name": "1yg6"}