{"loc": [1, 4, -3], "rotate": [2.465555195337776, 0.9145191029285806, -0.1119154680024994], "SNR": 500000, "name": "1yg6"}