{"loc": [0, -2, -4], "rotate": [-2.033745375266879, 1.4930037247170658, -1.6036367676362042], "SNR": 500000, "name": "1yg6"}