{"loc": [7, -2, 5], "rotate": [-2.3922535323258325, 1.0089915517391257, -1.6879240669413493], "SNR": 500000, "name": "1yg6"}