{"loc": [7, -7, 7], "rotate": [-3.1171161479110996, 2.7663505099790044, 2.390034832934124], "SNR": 500000, "name": "1yg6"}