{"loc": [4, 2, 0], "rotate": [-2.038602123501954, 0.6874650898787311, -2.0612322735271005], "SNR": 500000, "name": "1yg6"}