{"loc": [2, -6, -2], "rotate": [-2.7751895211323268, 0.6801331846902817, -1.7053815282638833], "SNR": 500000, "name": "1yg6"}