{"loc": [-3, -6, 0], "rotate": [2.4598590101528397, 1.0506505535906814, -0.012662086532915662], "SNR": 500000, "name": "1yg6"}