{"loc": [-6, -5, -2], "rotate": [-2.0368571204831807, 1.7623788326596266, -2.192150136541238], "SNR": 500000, "name": "1yg6"}