{"loc": [-4, -3, 0], "rotate": [2.003046039208269, 1.4868553245581109, 0.83149453539095], "SNR": 500000, "name": "1yg6"}