{"loc": [0, 5, 1], "rotate": [-3.0156612254484814, 0.7575026767725711, -1.0099659424752785], "SNR": 500000, "name": "1yg6"}