{"loc": [0, -2, -5], "rotate": [2.450153283416565, 0.8992382912664009, 0.12064562900548335], "SNR": 500000, "name": "1yg6"}