{"loc": [7, -4, 5], "rotate": [-2.2631753950313347, 2.246944640575738, -2.38743633452301], "SNR": 500000, "name": "1yg6"}