{"loc": [4, -6, 0], "rotate": [-2.3381139340888786, 2.5996904087837414, -3.0625660546257714], "SNR": 500000, "name": "1yg6"}