{"loc": [7, -4, 3], "rotate": [2.2696232998342225, 0.91371226495548, 0.29030661207138575], "SNR": 500000, "name": "1yg6"}