{"loc": [-2, -6, -5], "rotate": [1.9132772413256518, 1.3526221429560175, 0.7542605617130016], "SNR": 500000, "name": "1yg6"}