{"loc": [6, -3, -7], "rotate": [-2.14427466514624, 1.2086656493208885, -2.058841972383172], "SNR": 500000, "name": "1yg6"}