{"loc": [-5, 1, -6], "rotate": [2.203343654950954, 1.6511265636579966, 0.6705331803831863], "SNR": 500000, "name": "1yg6"}