{"loc": [1, -1, 2], "rotate": [2.258360956691246, 1.3706110929317903, 0.18201285735188705], "SNR": 500000, "name": "1yg6"}