{"loc": [-2, -7, 0], "rotate": [1.8386901569999978, 1.2294391577729464, 0.8916559296345292], "SNR": 500000, "name": "1yg6"}