{"loc": [5, 3, 7], "rotate": [-2.5295480302370743, 1.1059575423088186, -2.089745882765928], "SNR": 500000, "name": "1yg6"}