{"loc": [3, 1, 6], "rotate": [2.061001305983865, 1.389660256631135, 0.72261944323638], "SNR": 500000, "name": "1yg6"}