{"loc": [4, 1, -4], "rotate": [2.806050103456211, 0.7518711157388632, 0.0508614289522891], "SNR": 500000, "name": "1yg6"}