{"loc": [0, -4, 4], "rotate": [-2.4148174664154705, 2.271168940398729, -2.887443143643861], "SNR": 500000, "name": "1yg6"}