{"loc": [-7, -7, 3], "rotate": [2.3718242871256408, 1.9594511994164918, 1.1974261932562071], "SNR": 500000, "name": "1yg6"}