{"loc": [-4, -2, -3], "rotate": [1.8311117879569967, 1.2304840390002354, 0.7580925467308919], "SNR": 500000, "name": "1yg6"}