{"loc": [0, 0, 4], "rotate": [2.3807463059627905, 0.4399053636198656, -0.027167683662817542], "SNR": 500000, "name": "1yg6"}