{"loc": [5, -1, -2], "rotate": [-2.309441557995358, 1.221803055596627, -2.1747290123245713], "SNR": 500000, "name": "1yg6"}