{"loc": [-3, 2, 2], "rotate": [-2.0611386372121356, 1.5263070115442519, -2.155411551998003], "SNR": 500000, "name": "1yg6"}