{"loc": [-7, -1, -4], "rotate": [1.8833149252205474, 1.0939140176339783, 0.33644645330665185], "SNR": 500000, "name": "1yg6"}