{"loc": [6, -4, 2], "rotate": [-2.414358364231609, 0.5394711556694826, -1.5990561191577555], "SNR": 500000, "name": "1yg6"}