{"loc": [4, -2, 6], "rotate": [1.934816992088455, 0.5456484512267034, 0.42612550103234886], "SNR": 500000, "name": "1yg6"}