{"loc": [4, -1, -1], "rotate": [2.208371022653603, 1.7658946373748752, 1.0804351243712003], "SNR": 500000, "name": "1yg6"}