{"loc": [-5, -3, 3], "rotate": [-2.5428556967403897, 2.185948372119069, 2.7947159305909772], "SNR": 500000, "name": "1yg6"}