{"loc": [0, 6, 3], "rotate": [-2.50031865843959, 0.5721697322652857, -1.5947536707428767], "SNR": 500000, "name": "1yg6"}