{"loc": [-7, -6, 4], "rotate": [2.3525968661889087, 1.1451225367153175, 0.8851757440616137], "SNR": 500000, "name": "1yg6"}