{"loc": [-5, 2, -3], "rotate": [2.3074446060084295, 0.41258449572442385, 0.169152656840571], "SNR": 500000, "name": "1yg6"}