{"loc": [-4, -1, -6], "rotate": [2.1175568968538263, 1.3756679468077262, 0.6398152744622648], "SNR": 500000, "name": "1yg6"}