{"loc": [6, 0, -1], "rotate": [-2.263227506956325, 1.0573138331581053, -1.6223208870632064], "SNR": 500000, "name": "1yg6"}