{"loc": [3, -7, 3], "rotate": [2.2948921003944394, 1.1704377272068813, -0.023686990690429732], "SNR": 500000, "name": "1yg6"}