{"loc": [5, -3, -4], "rotate": [2.5659158982792936, 1.2884272393531426, -0.16208114696772805], "SNR": 500000, "name": "1yg6"}