{"loc": [-3, 0, -5], "rotate": [-3.1023541340891536, 0.5463844404377266, -1.0447311541035678], "SNR": 500000, "name": "1yg6"}