{"loc": [2, 0, -3], "rotate": [2.423057266205612, 1.4457620323715368, 0.25630416212740537], "SNR": 500000, "name": "1yg6"}