{"loc": [5, 0, 6], "rotate": [-2.7535632152638994, 0.7072566280527227, -0.922911061491609], "SNR": 500000, "name": "1yg6"}