{"loc": [1, -1, -5], "rotate": [1.9975511361432303, 1.048968496406797, 0.3913847762497147], "SNR": 500000, "name": "1yg6"}