{"loc": [0, -6, 7], "rotate": [2.4336353139835305, 0.8697517296960992, 0.04084010807630708], "SNR": 500000, "name": "1yg6"}