{"loc": [-5, 0, 2], "rotate": [-2.573301660378917, 0.8077147865009553, -1.1403791780515642], "SNR": 500000, "name": "1yg6"}