{"loc": [6, 6, 2], "rotate": [2.276569451323888, 1.710362877030393, 0.39490914137847416], "SNR": 500000, "name": "1yg6"}