{"loc": [5, 1, 7], "rotate": [-2.5980445574811677, 0.8589252112636458, -1.8943538547445116], "SNR": 500000, "name": "1yg6"}