{"loc": [-5, -7, 2], "rotate": [2.2490906711270826, 1.4094665955005627, 0.7255210888564078], "SNR": 500000, "name": "1yg6"}