{"loc": [-1, -3, 5], "rotate": [2.5471736437151535, 1.0182241535247365, 0.05714475143843534], "SNR": 500000, "name": "1yg6"}