{"loc": [-2, -1, 0], "rotate": [-2.7864186048177606, 2.00991230992708, 2.982783152650569], "SNR": 500000, "name": "1yg6"}