{"loc": [-2, -2, 6], "rotate": [2.1483912454206515, 2.4772445964478345, 1.0443741579453414], "SNR": 500000, "name": "1yg6"}