{"loc": [2, 0, -1], "rotate": [2.7323261988229235, 0.8814913281224348, 0.28299585895871476], "SNR": 500000, "name": "1yg6"}