{"loc": [3, -3, -4], "rotate": [-2.079130733644838, 1.1620246870249442, -2.261704961328145], "SNR": 500000, "name": "1yg6"}