{"loc": [4, -1, -3], "rotate": [-2.29842605622779, 0.47009328079207685, -1.7307974606591854], "SNR": 500000, "name": "1yg6"}