{"loc": [6, 7, -1], "rotate": [-2.844836631612421, 0.7744653393523206, -0.9155429806674138], "SNR": 500000, "name": "1yg6"}