{"loc": [-2, -1, -6], "rotate": [-2.0996428790661326, 1.3589801666144152, -2.4577628168538004], "SNR": 500000, "name": "1yg6"}