{"loc": [1, -2, 0], "rotate": [2.2401233110932495, 1.5746085508098178, 0.22779441108746856], "SNR": 500000, "name": "1yg6"}