{"loc": [3, -6, -4], "rotate": [2.291493644089308, 1.3604680021467954, 0.24384632364782513], "SNR": 500000, "name": "1yg6"}