{"loc": [4, -2, -1], "rotate": [1.831914699116854, 0.6669915084453879, 0.32564987897473496], "SNR": 500000, "name": "1yg6"}