{"loc": [2, 3, -1], "rotate": [2.666297798873201, 0.7876141643529723, -0.26440902511595255], "SNR": 500000, "name": "1yg6"}