{"loc": [-4, 5, -3], "rotate": [2.0438050725244294, 2.0919846512695774, 0.6169204123690953], "SNR": 500000, "name": "1yg6"}