{"loc": [-3, -6, -1], "rotate": [2.1755946227905127, 1.6124485056560474, 0.8464915601829245], "SNR": 500000, "name": "1yg6"}