{"loc": [6, 7, -3], "rotate": [-2.674234346412551, 0.7131350825394386, -1.3861179922391191], "SNR": 500000, "name": "1yg6"}