{"loc": [-1, 7, 3], "rotate": [-2.676218417999141, 2.5132827419419725, 2.976909097016993], "SNR": 500000, "name": "1yg6"}