{"loc": [-5, 5, 1], "rotate": [2.749240537134193, 1.6122943623597765, 1.3453951634518282], "SNR": 500000, "name": "1yg6"}