{"loc": [-5, -5, 3], "rotate": [-2.382368312694575, 0.599072228292011, -1.5307341364947997], "SNR": 500000, "name": "1yg6"}