{"loc": [-3, -5, -1], "rotate": [-2.1087677112148753, 0.6338487921874105, -1.934363168621787], "SNR": 500000, "name": "1yg6"}