{"loc": [6, 0, -1], "rotate": [2.5441789873927427, 0.9015613223807142, 0.17412154071675937], "SNR": 500000, "name": "1yg6"}