{"loc": [-6, 3, -3], "rotate": [-2.787683479834872, 0.6866700976771477, -1.3984150128660742], "SNR": 500000, "name": "1yg6"}