{"loc": [-7, -4, 5], "rotate": [2.467360748214237, 0.810269651866756, 0.2550958727504453], "SNR": 500000, "name": "1yg6"}