{"loc": [1, 3, 3], "rotate": [2.1684047245449505, 1.8842994938144577, 0.7679351014974268], "SNR": 500000, "name": "1yg6"}