{"loc": [3, -4, -2], "rotate": [-2.158425275217877, 1.0740920394103115, -1.529735296082966], "SNR": 500000, "name": "1yg6"}