{"loc": [-2, 2, 2], "rotate": [2.505550539798714, 0.7899058849902567, 0.12453877523012842], "SNR": 500000, "name": "1yg6"}