{"loc": [-7, 2, -6], "rotate": [2.9898003068659174, 0.6594875369139037, -0.4144590189597897], "SNR": 500000, "name": "1yg6"}