{"loc": [5, 7, 0], "rotate": [2.298634628805742, 1.1336563491247083, 0.5899155904923125], "SNR": 500000, "name": "1yg6"}