{"loc": [7, -5, 5], "rotate": [0.47214692892096694, 2.232078783183569, 2.832491823220077], "SNR": 500000, "name": "1yg6"}