{"loc": [1, 1, 2], "rotate": [-1.9734509514372254, 1.039706616839525, -2.7411070516502356], "SNR": 500000, "name": "1yg6"}