{"loc": [0, -5, 0], "rotate": [-2.319426527195304, 1.198337746233613, -1.8828548175723658], "SNR": 500000, "name": "1yg6"}