{"loc": [2, -5, -5], "rotate": [2.4947114783345685, 0.6494404463255317, 0.09353020689345277], "SNR": 500000, "name": "1yg6"}