{"loc": [5, -5, 1], "rotate": [2.8577062785787097, 1.0347598531446112, -0.5681583546171977], "SNR": 500000, "name": "1yg6"}