{"loc": [2, 2, 6], "rotate": [2.086270877725591, 0.6218572859899502, 0.6048614434885722], "SNR": 500000, "name": "1yg6"}