{"loc": [-5, -4, 3], "rotate": [-3.1356196455894225, 0.9407668077871527, -0.8828842044920366], "SNR": 500000, "name": "1yg6"}