{"loc": [-5, -6, 1], "rotate": [2.100943071582749, 1.3611031724427753, 0.6190486297028834], "SNR": 500000, "name": "1yg6"}