{"loc": [-1, -4, 6], "rotate": [2.1379606437012364, 1.5626493304472968, 1.2894044187467502], "SNR": 500000, "name": "1yg6"}