{"loc": [3, 0, 1], "rotate": [-2.4721802352349584, 0.42901871865584684, -1.0785267141245445], "SNR": 500000, "name": "1yg6"}