{"loc": [4, -5, 3], "rotate": [2.234858940353145, 1.8791158702837407, 0.9224266790429367], "SNR": 500000, "name": "1yg6"}