{"loc": [7, -3, -6], "rotate": [2.772590818376701, 0.9179674661474887, -0.47011180698083793], "SNR": 500000, "name": "1yg6"}