{"loc": [1, 7, -3], "rotate": [-2.4858144487380445, 0.8793950893375344, -1.5805576504906451], "SNR": 500000, "name": "1yg6"}