{"loc": [-1, 7, -1], "rotate": [2.508774365915559, 1.068021736955814, 0.6216105446403091], "SNR": 500000, "name": "1yg6"}