{"loc": [-5, 7, 3], "rotate": [-1.9832629361533105, 1.6063391973041734, -2.3771258543266907], "SNR": 500000, "name": "1yg6"}