{"loc": [1, 1, -5], "rotate": [2.0752182948454427, 1.3012103448067147, 0.6436179961320415], "SNR": 500000, "name": "1yg6"}