{"loc": [6, 6, 5], "rotate": [2.3194186851394782, 1.2628258061470619, 0.9915028279781117], "SNR": 500000, "name": "1yg6"}