{"loc": [4, 1, 0], "rotate": [-2.542048302475187, 2.6819844375018937, -2.999221573709896], "SNR": 500000, "name": "1yg6"}