{"loc": [-7, 3, 0], "rotate": [2.591790730050929, 0.8411755433668919, 0.08245125761465563], "SNR": 500000, "name": "1yg6"}