{"loc": [-1, -2, 7], "rotate": [-2.4677133498832773, 1.1891594748373218, -2.1676842495911512], "SNR": 500000, "name": "1yg6"}