{"loc": [3, 3, 4], "rotate": [2.6120000709574054, 1.1622658458532333, -0.323313956439484], "SNR": 500000, "name": "1yg6"}