{"loc": [6, -7, -2], "rotate": [-2.562156765522704, 0.43100244434903895, -1.4713555014814736], "SNR": 500000, "name": "1yg6"}