{"loc": [-7, 4, 0], "rotate": [2.2491301293146644, 0.9017667125229392, 0.19193855792314052], "SNR": 500000, "name": "1yg6"}