{"loc": [-4, 1, 0], "rotate": [3.0614395629054925, 0.36079025372147616, -0.6171724927777231], "SNR": 500000, "name": "1yg6"}