{"loc": [0, 2, -7], "rotate": [2.6446678441962974, 2.61846764005949, 1.704733846748947], "SNR": 500000, "name": "1yg6"}