{"loc": [-6, 6, 0], "rotate": [1.9814699878217594, 1.1600752822667353, 0.4852736876426206], "SNR": 500000, "name": "1yg6"}