{"loc": [-7, -4, 7], "rotate": [2.961494046456393, 0.5941653178303357, -0.8188783274541286], "SNR": 500000, "name": "1yg6"}