{"loc": [0, 3, -7], "rotate": [-2.7037422739432526, 0.5442783562061104, -1.0973644666586924], "SNR": 500000, "name": "1yg6"}