{"loc": [-4, 4, 0], "rotate": [2.1998369734483467, 1.1350979246000006, 0.7204649554124362], "SNR": 500000, "name": "1yg6"}