{"loc": [6, 0, -1], "rotate": [-2.108840541241392, 1.1748354694111103, -2.2037456972667058], "SNR": 500000, "name": "1yg6"}