{"loc": [1, -2, -2], "rotate": [-2.4080348948578045, 0.9371149510969331, -1.360929547175188], "SNR": 500000, "name": "1yg6"}