{"loc": [7, -7, -4], "rotate": [2.8277695415306563, 0.9237863276474255, -0.20252653254137], "SNR": 500000, "name": "1yg6"}