{"loc": [-2, 4, 6], "rotate": [2.7548257208070064, 0.6366622056480205, -0.3966525843546048], "SNR": 500000, "name": "1yg6"}