{"loc": [0, 1, -1], "rotate": [2.9749531681430064, 2.635702847758076, 2.0968345074946604], "SNR": 500000, "name": "1yg6"}