{"loc": [-3, -6, 7], "rotate": [2.450693348564338, 1.4401387018833403, 0.12747316935751912], "SNR": 500000, "name": "1yg6"}