{"loc": [6, 3, -3], "rotate": [2.297866753724549, 1.6265681794229316, 0.32046940296629456], "SNR": 500000, "name": "1yg6"}