{"loc": [7, -1, -3], "rotate": [2.3822616325001094, 1.3225006864704585, 0.5823140599675577], "SNR": 500000, "name": "1yg6"}