{"loc": [3, -1, -5], "rotate": [2.4309835057779696, 1.2752925970684226, 0.8367923184270699], "SNR": 500000, "name": "1yg6"}