{"loc": [4, -2, 6], "rotate": [-3.0217546233071353, 2.473849946344503, 2.3928078158396784], "SNR": 500000, "name": "1yg6"}