{"loc": [-4, -6, 5], "rotate": [-2.4498776934371596, 0.4134316107134362, -1.634209478384246], "SNR": 500000, "name": "1yg6"}