{"loc": [-6, -5, -1], "rotate": [1.9419022354398474, 1.5216806830774685, 0.5100482000755899], "SNR": 500000, "name": "1yg6"}