{"loc": [1, -7, -1], "rotate": [-2.436998560516455, 0.8993059682566639, -1.7529565260639317], "SNR": 500000, "name": "1yg6"}