{"loc": [-5, 6, 2], "rotate": [2.091099221357785, 1.1921796353250793, 0.5453116247678338], "SNR": 500000, "name": "1yg6"}