{"loc": [-3, 0, 6], "rotate": [2.540071341320907, 0.593096782520721, 0.3141017465549431], "SNR": 500000, "name": "1yg6"}