{"loc": [6, 4, 6], "rotate": [1.9773704013661406, 1.2147110427400187, 0.5230744934365124], "SNR": 500000, "name": "1yg6"}