{"loc": [0, 3, -4], "rotate": [2.0099950390739205, 1.0242129862584661, 0.8179358693145758], "SNR": 500000, "name": "1yg6"}