{"loc": [-1, -2, -6], "rotate": [2.537455217924825, 0.7595813817141248, -0.21369880436702388], "SNR": 500000, "name": "1yg6"}