{"loc": [6, -7, -4], "rotate": [1.938259494282434, 1.4476262308938064, 0.6505911194646262], "SNR": 500000, "name": "1yg6"}