{"loc": [3, -3, -7], "rotate": [3.071263538819098, 0.24971718592473485, -0.8816994886666805], "SNR": 500000, "name": "1yg6"}