{"loc": [5, 6, -6], "rotate": [-1.710693491297637, 1.0145644342849078, -2.196345035793259], "SNR": 500000, "name": "1yg6"}