{"loc": [6, -4, -3], "rotate": [2.0129309002610376, 1.5850465020908302, 0.8869722021004167], "SNR": 500000, "name": "1yg6"}