{"loc": [-3, -3, -3], "rotate": [-3.0790623556096572, 0.6481995867268403, -0.5286610017952356], "SNR": 500000, "name": "1yg6"}