{"loc": [7, -6, -4], "rotate": [2.4288705769342998, 1.3225920263077882, 0.18860700375066125], "SNR": 500000, "name": "1yg6"}