{"loc": [-2, 3, -6], "rotate": [2.8285317484756294, 0.9146552350330368, -0.2171261453654051], "SNR": 500000, "name": "1yg6"}