{"loc": [-1, 7, 0], "rotate": [-2.6456728007688253, 1.2007488922428362, -1.8509324944012104], "SNR": 500000, "name": "1yg6"}