{"loc": [-3, 0, -7], "rotate": [2.2385043190675504, 0.6186081229968879, 0.18009372189575565], "SNR": 500000, "name": "1yg6"}