{"loc": [7, 7, 5], "rotate": [-2.2094337358258254, 0.4519231116844759, -1.7245492571284926], "SNR": 500000, "name": "1yg6"}