{"loc": [1, -5, 7], "rotate": [2.8901333038851846, 0.7951023571609435, -0.7505534016997268], "SNR": 500000, "name": "1yg6"}