{"loc": [3, -6, 0], "rotate": [2.5287748877376193, 2.071005624751438, 1.4923851432222326], "SNR": 500000, "name": "1yg6"}