{"loc": [-3, 0, -4], "rotate": [2.146082260101266, 1.3321635810332766, 0.6677664707358992], "SNR": 500000, "name": "1yg6"}