{"loc": [-7, 1, 6], "rotate": [2.980646286843227, 0.21429869431346113, -0.8198365904160534], "SNR": 500000, "name": "1yg6"}