{"loc": [6, 0, -1], "rotate": [2.520159650053375, 0.8962672124932617, 0.4589488022876364], "SNR": 500000, "name": "1yg6"}