{"loc": [4, 7, -5], "rotate": [2.7403104728098975, 2.238920671124336, 1.5386297120606354], "SNR": 500000, "name": "1yg6"}