{"loc": [-3, 5, -6], "rotate": [2.8697017897998855, 2.522296377262257, 1.8753703061964286], "SNR": 500000, "name": "1yg6"}