{"loc": [3, 7, 6], "rotate": [2.502454189373676, 2.0653773242457723, 1.2186598705259817], "SNR": 500000, "name": "1yg6"}