{"loc": [5, -1, 3], "rotate": [2.806695308738185, 0.7707178450419286, -0.4570501238298308], "SNR": 500000, "name": "1yg6"}