{"loc": [-4, 5, 6], "rotate": [2.271286600074605, 0.757974734109026, 0.17708192182102936], "SNR": 500000, "name": "1yg6"}