{"loc": [-7, 0, 1], "rotate": [-2.6684803249478093, 0.9237597479103067, -1.635820019197718], "SNR": 500000, "name": "1yg6"}