{"loc": [4, -1, -6], "rotate": [-2.0667828460709896, 0.9450470985975267, -2.48059020151417], "SNR": 500000, "name": "1yg6"}