{"loc": [-1, -3, -5], "rotate": [2.2541434023938276, 2.235611795949197, 1.3473787722080777], "SNR": 500000, "name": "1yg6"}