{"loc": [0, 3, 0], "rotate": [-2.1055088431228643, 1.3584926768104517, -1.9006501229381139], "SNR": 500000, "name": "1yg6"}