{"loc": [3, 7, 6], "rotate": [1.98099349472043, 1.2040970017931973, 0.6858983118213078], "SNR": 500000, "name": "1yg6"}