{"loc": [-6, 7, -6], "rotate": [-2.803143828678708, 0.49606617594502916, -1.1078168057112427], "SNR": 500000, "name": "1yg6"}