{"loc": [-7, 0, 4], "rotate": [-2.2398704204025144, 1.708051771229037, -2.2052543002523537], "SNR": 500000, "name": "1yg6"}