{"loc": [0, 0, -3], "rotate": [2.6099543019341382, 0.8768292787675943, -0.020579371708578358], "SNR": 500000, "name": "1yg6"}