{"loc": [-1, -3, -4], "rotate": [-3.0261075140922538, 0.900785176982478, -0.7513018854060876], "SNR": 500000, "name": "1yg6"}