{"loc": [-1, 0, 1], "rotate": [-1.9997871339566362, 0.5931401348810116, -1.993883594161972], "SNR": 500000, "name": "1yg6"}