{"loc": [2, 1, 5], "rotate": [2.319443960149557, 1.4168766204628984, 1.1746876446097014], "SNR": 500000, "name": "1yg6"}