{"loc": [-1, -2, -5], "rotate": [2.3366470587830737, 1.2170417326429828, 0.5857784744005307], "SNR": 500000, "name": "1yg6"}