{"loc": [4, 6, -1], "rotate": [2.1671510798829727, 1.5415146940212028, 0.9755219887764492], "SNR": 500000, "name": "1yg6"}