{"loc": [4, -6, -5], "rotate": [2.4729221027329062, 0.8799909747551771, -0.046991856018822324], "SNR": 500000, "name": "1yg6"}