{"loc": [0, 4, 1], "rotate": [1.9164188088534728, 0.29380554442516543, 0.9411851235042651], "SNR": 500000, "name": "1yg6"}