{"loc": [1, 5, 6], "rotate": [-2.7081528838782423, 1.000735940666135, -1.4640427159865315], "SNR": 500000, "name": "1yg6"}