{"loc": [4, 0, -5], "rotate": [2.413849590226981, 0.6712055332036855, -0.1979274180291968], "SNR": 500000, "name": "1yg6"}