{"loc": [5, 3, 3], "rotate": [-1.93075996839834, 0.7887287738361828, -1.814724221101263], "SNR": 500000, "name": "1yg6"}