{"loc": [0, -7, 6], "rotate": [2.6185675237875112, 1.7014213079166547, 1.330010067899777], "SNR": 500000, "name": "1yg6"}