{"loc": [0, -5, -7], "rotate": [2.194134024087257, 1.958971836029531, 0.4221877878749349], "SNR": 500000, "name": "1yg6"}