{"loc": [-5, 3, 2], "rotate": [-2.488581780552196, 0.9303809853612841, -1.7604729225683016], "SNR": 500000, "name": "1yg6"}