{"loc": [4, 5, 2], "rotate": [2.531968360933042, 1.1196137448292878, -0.027875760068353624], "SNR": 500000, "name": "1yg6"}