{"loc": [-6, -6, 5], "rotate": [-2.5179287269718147, 1.4758834816453732, -1.861384070654726], "SNR": 500000, "name": "1yg6"}