{"loc": [-1, 4, -4], "rotate": [2.310577215861983, 1.368920875706865, 0.2802424967838033], "SNR": 500000, "name": "1yg6"}