{"loc": [4, -3, 7], "rotate": [2.9695250243802955, 0.27195481081138845, -0.6923851232594966], "SNR": 500000, "name": "1yg6"}