{"loc": [-1, 3, 1], "rotate": [-2.324603801291978, 1.2609506610085992, -1.9057002545804476], "SNR": 500000, "name": "1yg6"}