{"loc": [2, 0, 3], "rotate": [1.9280374259958304, 1.5187447214677974, 0.8573339273805541], "SNR": 500000, "name": "1yg6"}