{"loc": [-2, 3, 0], "rotate": [-2.757990868953107, 0.5383304905408326, -1.293677796831486], "SNR": 500000, "name": "1yg6"}