{"loc": [3, -1, 0], "rotate": [2.2164210179142496, 0.5201500035618428, -0.14123876883447983], "SNR": 500000, "name": "1yg6"}