{"loc": [3, 6, 2], "rotate": [-3.105834076816212, 0.5248025168588325, -0.974505469697124], "SNR": 500000, "name": "1yg6"}