{"loc": [-3, -4, -6], "rotate": [2.566058684913086, 0.9308023031213952, 0.05334752500337538], "SNR": 500000, "name": "1yg6"}