{"loc": [2, -2, 3], "rotate": [2.2866104505048015, 1.6885447194620786, 0.4690775258199228], "SNR": 500000, "name": "1yg6"}