{"loc": [0, -4, -4], "rotate": [3.1141487460808612, 2.827227535383641, 2.3752767175930227], "SNR": 500000, "name": "1yg6"}