{"loc": [2, -6, -5], "rotate": [2.2289247700731645, 1.420510172017033, 0.7878453678702688], "SNR": 500000, "name": "1yg6"}