{"loc": [3, 0, 3], "rotate": [-2.8409808806809895, 2.3162769141420965, 2.889772916664822], "SNR": 500000, "name": "1yg6"}