{"loc": [-3, -6, 3], "rotate": [-2.2997812909143827, 1.2218511726071202, -1.4799061833591127], "SNR": 500000, "name": "1yg6"}