{"loc": [-1, 3, -7], "rotate": [2.1313265207512426, 1.163122346055488, 0.7448421695943918], "SNR": 500000, "name": "1yg6"}