{"loc": [-1, -3, 2], "rotate": [2.413095764709512, 1.461529174632521, 0.6871886480446048], "SNR": 500000, "name": "1yg6"}