{"loc": [-6, 1, -5], "rotate": [2.5221031807195238, 0.6166696284036595, -0.3516713560968084], "SNR": 500000, "name": "1yg6"}