{"loc": [-5, -1, -4], "rotate": [2.9604509042920344, 0.497460056859685, -0.5134942944359172], "SNR": 500000, "name": "1yg6"}