{"loc": [1, 4, -2], "rotate": [2.3283668285625745, 0.6776307048889196, 0.19812286552806585], "SNR": 500000, "name": "1yg6"}