{"loc": [7, 7, 0], "rotate": [-2.6541271671738036, 0.6086852691936034, -1.7572051072639756], "SNR": 500000, "name": "1yg6"}