{"loc": [7, -2, 0], "rotate": [0.873705433482912, 1.2789801222719754, -2.107619520729573], "SNR": 500000, "name": "1yg6"}