{"loc": [6, 0, -3], "rotate": [-2.269078158231004, 0.7146878336866161, -1.7940881741290804], "SNR": 500000, "name": "1yg6"}