{"loc": [-4, 0, 7], "rotate": [2.840552332589189, 0.5808703899795705, -0.21073232037038472], "SNR": 500000, "name": "1yg6"}