{"loc": [2, 0, -7], "rotate": [2.099262640377419, 1.3471512349859995, 0.6570667705534782], "SNR": 500000, "name": "1yg6"}