{"loc": [-7, -5, 2], "rotate": [1.9018440237522531, 0.9184949347865168, 0.6390700442108341], "SNR": 500000, "name": "1yg6"}