{"loc": [5, 5, -5], "rotate": [-2.4032601146726575, 0.9197158951467754, -1.8470820287339809], "SNR": 500000, "name": "1yg6"}