{"loc": [4, -7, 0], "rotate": [2.3093887987924995, 2.5897562426570753, 1.3538995515728933], "SNR": 500000, "name": "1yg6"}