{"loc": [7, -6, -2], "rotate": [-2.804824411301388, 0.27267045920733884, -0.8757750992679264], "SNR": 500000, "name": "1yg6"}