{"loc": [-6, -6, 1], "rotate": [2.7025880840648173, 0.8555054159456245, -0.465953672262944], "SNR": 500000, "name": "1yg6"}