{"loc": [1, 5, 3], "rotate": [2.0843228456535208, 1.076547534444825, 0.5459804283573307], "SNR": 500000, "name": "1yg6"}