{"loc": [-1, 0, -5], "rotate": [2.8750485750088197, 0.10953648873749211, -0.6435433401105061], "SNR": 500000, "name": "1yg6"}