{"loc": [2, -4, 0], "rotate": [2.1896608869744503, 1.1981480277349699, 0.6722890758471647], "SNR": 500000, "name": "1yg6"}