{"loc": [5, 0, 2], "rotate": [-2.258995144977344, 0.9000979633258552, -2.310118582509673], "SNR": 500000, "name": "1yg6"}