{"loc": [-7, 1, -1], "rotate": [-2.685900389117288, 0.1184166314917268, -1.3698065453534183], "SNR": 500000, "name": "1yg6"}