{"loc": [-7, -7, -2], "rotate": [-2.2407260738480863, 1.130673629722111, -1.9832900781854064], "SNR": 500000, "name": "1yg6"}