{"loc": [1, -3, 3], "rotate": [-2.8743802645891474, 0.4864185412920377, -1.14987003663145], "SNR": 500000, "name": "1yg6"}