{"loc": [0, -6, 1], "rotate": [-2.240528020902341, 1.48384920893653, -2.206065790823589], "SNR": 500000, "name": "1yg6"}