{"loc": [-2, 1, 2], "rotate": [-1.83303740340823, 0.8636251367379468, -2.009786888449361], "SNR": 500000, "name": "1yg6"}