{"loc": [1, 6, 0], "rotate": [2.2275013123657628, 1.2489685990664985, 0.38304216514025496], "SNR": 500000, "name": "1yg6"}