{"loc": [-5, 7, 6], "rotate": [2.584420275064853, 0.7055239278250103, -0.12204007949139165], "SNR": 500000, "name": "1yg6"}