{"loc": [4, 7, 1], "rotate": [2.711498277010718, 1.6119940050455792, 0.4106911656357815], "SNR": 500000, "name": "1yg6"}