{"loc": [0, 0, 0], "rotate": [2.281144659624342, 1.7912026040122098, 0.6241365449957511], "SNR": 500000, "name": "1yg6"}