{"loc": [-1, 7, 0], "rotate": [-2.5524109960447228, 1.3112306547868544, -2.2088237281638383], "SNR": 0.05, "name": "2ldb"}