{"loc": [0, 4, -5], "rotate": [2.691053226975544, 1.5519018821982657, 0.4297890335011908], "SNR": 0.05, "name": "2ldb"}