{"loc": [0, -3, -5], "rotate": [2.612246523604639, 0.7228539211572284, -0.03711623189536974], "SNR": 0.05, "name": "2ldb"}