{"loc": [-1, 1, -1], "rotate": [-1.9416298003733043, 0.962899768088664, -2.2149605128548795], "SNR": 0.05, "name": "2ldb"}