{"loc": [-1, 4, 4], "rotate": [-2.5050620000546595, 1.3760805812461818, -1.7009567419931158], "SNR": 0.05, "name": "2ldb"}