{"loc": [2, -2, 2], "rotate": [2.287121978419875, 1.0746299881281873, 0.5355330100240429], "SNR": 0.05, "name": "2ldb"}