{"loc": [2, -5, -2], "rotate": [-2.510635547137272, 1.5071711056212787, -2.54929879375578], "SNR": 0.05, "name": "2ldb"}