{"loc": [0, -7, 5], "rotate": [1.910035535554892, 0.7058168347377625, 0.06172183584609869], "SNR": 0.05, "name": "2ldb"}