{"loc": [7, -1, 5], "rotate": [-1.9788261542940502, 0.6670163304894596, -2.122610360527554], "SNR": 0.05, "name": "2ldb"}