{"loc": [2, 7, -2], "rotate": [2.5581938327735907, 0.6585711564022166, -0.2502753021236062], "SNR": 0.05, "name": "2ldb"}