{"loc": [-4, -7, 1], "rotate": [-2.4814149000148915, 0.8473268803563186, -1.983807440672268], "SNR": 0.05, "name": "2ldb"}