{"loc": [-5, 1, 3], "rotate": [2.5445355185427827, 0.8768070365979967, 0.05783567490874553], "SNR": 0.05, "name": "2ldb"}