{"loc": [-7, 6, -5], "rotate": [2.3422575077622065, 1.1468788827493892, 0.7947162298832422], "SNR": 0.05, "name": "2ldb"}