{"loc": [-2, -4, 4], "rotate": [2.0851749193276223, 1.4406562446912767, 0.8040393344748943], "SNR": 0.05, "name": "2ldb"}