{"loc": [-2, -1, 7], "rotate": [2.1192385210197444, 1.5646832374611426, 0.621791184579174], "SNR": 0.05, "name": "2ldb"}