{"loc": [3, -7, 0], "rotate": [2.320427526835617, 1.239283490005294, 0.0749731032494564], "SNR": 0.05, "name": "2ldb"}