{"loc": [-5, -3, 6], "rotate": [-2.835590549590808, 0.4439726936492588, -1.2668201680052664], "SNR": 0.05, "name": "2ldb"}