{"loc": [2, -3, 6], "rotate": [2.239577044566326, 1.882320169074318, 0.8565858698013481], "SNR": 0.05, "name": "2ldb"}