{"loc": [-1, 7, 6], "rotate": [0.9036262138706199, 1.3965774633897776, -1.7780867475479347], "SNR": 0.05, "name": "2ldb"}