{"loc": [6, -5, -6], "rotate": [2.048520189770587, 1.3034831194413596, 0.35257782747018673], "SNR": 0.05, "name": "2ldb"}