{"loc": [-4, 0, -6], "rotate": [-2.7922341066066045, 0.8338343191123729, -1.0508292529602214], "SNR": 0.05, "name": "2ldb"}