{"loc": [-1, 6, 4], "rotate": [-1.957308089116872, 1.119396565870332, -1.9439758594845395], "SNR": 0.05, "name": "2ldb"}