{"loc": [-1, 2, 6], "rotate": [0.8822516967002308, 1.1068538309130853, -2.530141369342455], "SNR": 0.05, "name": "2ldb"}