{"loc": [0, -3, 3], "rotate": [2.448450446255798, 1.1750036549766258, 0.3376909997728595], "SNR": 0.05, "name": "2ldb"}