{"loc": [1, 7, -2], "rotate": [1.860729650692458, 2.1069262833990714, 0.9234117209457059], "SNR": 0.05, "name": "2ldb"}