{"loc": [-6, 7, -5], "rotate": [2.6748273559625932, 0.9462559465727689, -0.38403350536343034], "SNR": 0.05, "name": "2ldb"}