{"loc": [0, 5, -2], "rotate": [-2.6350756441710286, 0.8611253322092564, -1.631923481571839], "SNR": 0.05, "name": "2ldb"}