{"loc": [4, -1, -6], "rotate": [2.7829659503620587, 1.3869643195556085, 0.23052223681950754], "SNR": 0.05, "name": "2ldb"}