{"loc": [-5, 6, 4], "rotate": [2.4144184721534465, 1.979706475797384, 1.2082352438848551], "SNR": 0.05, "name": "2ldb"}