{"loc": [1, 0, 0], "rotate": [2.2876910755333415, 1.587819777984979, 0.16996048226709787], "SNR": 0.05, "name": "2ldb"}