{"loc": [-2, 0, -2], "rotate": [-3.0984160710353756, 0.9206035859103265, -0.8296113673822098], "SNR": 0.05, "name": "2ldb"}