{"loc": [-6, 4, -4], "rotate": [2.4253722897260737, 1.1570521369277071, 0.26304433159689716], "SNR": 0.05, "name": "2ldb"}