{"loc": [0, 4, -2], "rotate": [2.891712055585336, 0.5119663113280545, -0.3110700330990184], "SNR": 0.05, "name": "2ldb"}