{"loc": [5, -4, -1], "rotate": [-3.0303831798585223, 0.9994638411347745, -0.6303940154942744], "SNR": 0.05, "name": "2ldb"}