{"loc": [0, -6, 7], "rotate": [-2.04628166380313, 1.2682704972881071, -2.3332669581856544], "SNR": 0.05, "name": "2ldb"}