{"loc": [-5, -3, -3], "rotate": [-2.466583244118964, 0.7510556831411827, -1.6161039351495783], "SNR": 0.05, "name": "2ldb"}