{"loc": [1, -5, -4], "rotate": [2.2809211654593313, 1.1538571000271507, 0.7725636882740862], "SNR": 0.05, "name": "2ldb"}