{"loc": [5, -2, 6], "rotate": [3.1035675378518452, 2.836844437513381, 2.2642898008555887], "SNR": 0.05, "name": "2ldb"}