{"loc": [0, 0, 5], "rotate": [2.2309550027558673, 1.1858577124872833, 0.30701560000645445], "SNR": 0.05, "name": "2ldb"}