{"loc": [4, 0, 5], "rotate": [-2.5688405156034047, 0.5283369119444459, -1.7017465713677555], "SNR": 0.05, "name": "2ldb"}