{"loc": [7, -2, 6], "rotate": [2.9124571762125346, 0.813102980984496, 0.08915766982826834], "SNR": 0.05, "name": "2ldb"}