{"loc": [-6, 7, 5], "rotate": [2.0520869025810904, 1.5022616193088156, 1.3089779823809664], "SNR": 0.05, "name": "2ldb"}