{"loc": [-7, 5, 2], "rotate": [2.7100272254741693, 2.2664920378302336, 1.4399604133254833], "SNR": 0.05, "name": "2ldb"}