{"loc": [-7, 6, -1], "rotate": [2.3848184945297253, 1.1351620686705128, 0.7509118299566394], "SNR": 0.05, "name": "2ldb"}