{"loc": [0, -5, 1], "rotate": [2.2874490359476036, 1.7880248028930217, 0.7067450241812301], "SNR": 0.05, "name": "2ldb"}