{"loc": [2, -2, 3], "rotate": [2.1575129118189174, 1.714020803481082, 0.9958820303163791], "SNR": 0.05, "name": "2ldb"}