{"loc": [-6, 0, -6], "rotate": [3.076644711526272, 2.527355273058722, 2.0157998509609554], "SNR": 0.05, "name": "2ldb"}