{"loc": [7, -1, 3], "rotate": [1.9915076548206914, 1.6911544929186368, 0.929760972501649], "SNR": 0.05, "name": "2ldb"}