{"loc": [7, -7, 0], "rotate": [2.6261590178511507, 2.428704286627834, 1.3221112808652553], "SNR": 0.05, "name": "2ldb"}