{"loc": [6, -5, -4], "rotate": [2.0403632036906147, 1.2131740267021769, 0.66755492033446], "SNR": 0.05, "name": "2ldb"}