{"loc": [-7, -7, 0], "rotate": [-2.456907925759119, 1.0235952010445206, -2.1638188825975098], "SNR": 0.05, "name": "2ldb"}