{"loc": [-2, 4, 7], "rotate": [-2.9389738486725494, 2.373778922272995, 2.83902115808774], "SNR": 0.05, "name": "2ldb"}