{"loc": [-5, 2, -3], "rotate": [-2.0066957010364823, 2.108595941188758, -2.476081307181184], "SNR": 0.05, "name": "2ldb"}