{"loc": [3, 1, 0], "rotate": [-2.8047278047393625, 0.2583255857602742, -1.179720869275887], "SNR": 0.05, "name": "2ldb"}