{"loc": [0, -3, -5], "rotate": [-2.7437276362974923, 0.8415444652414217, -1.6270033918765086], "SNR": 0.05, "name": "2ldb"}