{"loc": [2, 0, -2], "rotate": [-2.235724535325929, 0.7252222321101233, -1.411739366558691], "SNR": 0.05, "name": "2ldb"}