{"loc": [3, -1, 7], "rotate": [-2.303910392705805, 1.0327909405106643, -1.9359036766245854], "SNR": 0.05, "name": "2ldb"}