{"loc": [6, -3, -4], "rotate": [-2.027577006821575, 1.7722970412824695, -2.9161041438612005], "SNR": 0.05, "name": "2ldb"}