{"loc": [-3, 0, -6], "rotate": [2.6262831918767477, 0.6134886095658003, -0.3702616998327452], "SNR": 0.05, "name": "2ldb"}