{"loc": [7, 3, -7], "rotate": [-2.2131124992921207, 1.2507618002559668, -2.3410918849590123], "SNR": 0.05, "name": "2ldb"}