{"loc": [2, 0, 2], "rotate": [-2.331335461367225, 1.5212127136405051, -2.609406207383738], "SNR": 0.05, "name": "2ldb"}