{"loc": [0, 5, 7], "rotate": [2.5646775302383507, 0.7023567023963794, -0.24728433040661238], "SNR": 0.05, "name": "2ldb"}