{"loc": [-5, -2, 4], "rotate": [2.645219790838775, 0.757481272182771, -0.09587533553303665], "SNR": 0.05, "name": "2ldb"}