{"loc": [6, -7, 0], "rotate": [1.9865219655728314, 0.8344826873879725, 0.5923174411874351], "SNR": 0.05, "name": "2ldb"}