{"loc": [-3, 1, 0], "rotate": [2.5455427424506807, 0.7511389850063478, -0.10418609969961277], "SNR": 0.05, "name": "2ldb"}