{"loc": [-1, -6, 5], "rotate": [1.878557337495936, 1.5158580739807834, 0.8408908668469199], "SNR": 0.05, "name": "2ldb"}