{"loc": [5, 3, 0], "rotate": [-2.252887064492248, 0.8089797963866371, -2.0916358541343136], "SNR": 0.05, "name": "2ldb"}