{"loc": [0, 1, 4], "rotate": [2.7384011267070583, 0.7173184032909417, -0.1172984908422414], "SNR": 0.05, "name": "2ldb"}