{"loc": [0, -1, -2], "rotate": [-0.7085832375860283, 2.2939247974366053, 1.2823594454506277], "SNR": 0.05, "name": "2ldb"}