{"loc": [7, -6, -1], "rotate": [-2.2349806582314926, 0.6243731836682754, -1.854101116847741], "SNR": 0.05, "name": "2ldb"}