{"loc": [0, 7, 0], "rotate": [2.0951691408597366, 1.6236006928883873, 0.9042269018421522], "SNR": 0.05, "name": "2ldb"}