{"loc": [-5, 4, 6], "rotate": [2.5449972720300407, 1.0005820371964032, 0.02653057870922226], "SNR": 0.05, "name": "2ldb"}