{"loc": [-6, 0, 2], "rotate": [3.0418955557985576, 0.44383434181258047, -0.5919946408330796], "SNR": 0.05, "name": "2ldb"}