{"loc": [1, 0, 6], "rotate": [-2.1334724047403846, 1.1918116718045424, -1.7835291967605285], "SNR": 0.05, "name": "2ldb"}