{"loc": [-6, 7, 0], "rotate": [-1.6999816368143086, 1.2953092408963176, -2.2504993120761476], "SNR": 0.05, "name": "2ldb"}