{"loc": [5, 5, 3], "rotate": [2.209110598353388, 1.1110458097329443, -0.02782174229483409], "SNR": 0.05, "name": "2ldb"}