{"loc": [-4, 4, -6], "rotate": [2.1345675769796366, 1.4018007837856519, 0.04808841214579593], "SNR": 0.05, "name": "2ldb"}