{"loc": [2, -1, 1], "rotate": [-2.6102936587341903, 0.7460587918709257, -1.1569748017800123], "SNR": 0.05, "name": "2ldb"}