{"loc": [1, -7, -4], "rotate": [1.9956688306492874, 1.7413568243413473, 0.6421481651074387], "SNR": 0.05, "name": "2ldb"}