{"loc": [-3, 6, 7], "rotate": [-2.4077829093672896, 0.9478031789854454, -2.0192134217902176], "SNR": 0.05, "name": "2ldb"}