{"loc": [-4, 7, 7], "rotate": [-2.126835621507282, 1.1989558186580034, -2.199324613543368], "SNR": 0.05, "name": "2ldb"}