{"loc": [-5, 0, 6], "rotate": [-2.812203176294766, 0.3480564485961886, -1.0550534466436832], "SNR": 0.05, "name": "2ldb"}