{"loc": [-4, -2, 6], "rotate": [1.9320042073624417, 1.7289691531186369, 0.6725992170055956], "SNR": 0.05, "name": "2ldb"}