{"loc": [4, 6, 6], "rotate": [2.992178091018813, 0.5610810518438756, -0.7646240534558362], "SNR": 0.05, "name": "2ldb"}