{"loc": [0, -2, 0], "rotate": [-2.6366537532164687, 0.6792536200353317, -1.4599957351713326], "SNR": 0.05, "name": "2ldb"}