{"loc": [-4, -7, 6], "rotate": [2.461233160000243, 1.0270173500120043, 0.09169819448943078], "SNR": 0.05, "name": "2ldb"}