{"loc": [-1, 5, -4], "rotate": [-2.4823613431420055, 0.7083757286218184, -1.5551984447685034], "SNR": 0.05, "name": "2ldb"}