{"loc": [1, 5, 4], "rotate": [-2.5180494375614253, 1.135167069628021, -2.106303535836815], "SNR": 0.05, "name": "2ldb"}