{"loc": [3, 0, 6], "rotate": [2.2590400936384514, 1.0893532234676626, 0.2889086794569058], "SNR": 0.05, "name": "2ldb"}