{"loc": [-2, -7, 7], "rotate": [2.5484635575914276, 1.6859110525840477, 0.8586063452432978], "SNR": 0.05, "name": "2ldb"}