{"loc": [5, 3, -3], "rotate": [-2.984902812051234, 0.6784941861293363, -1.3464077231710947], "SNR": 0.05, "name": "2ldb"}