{"loc": [-1, -1, -1], "rotate": [2.275832840933895, 1.027366186263322, 0.46663802277627214], "SNR": 0.05, "name": "2ldb"}