{"loc": [-2, 2, 1], "rotate": [2.300474011433534, 0.789339883040352, 0.1644616467301156], "SNR": 0.05, "name": "2ldb"}