{"loc": [5, -7, 1], "rotate": [-2.4615394097781036, 0.8667886851784692, -1.773463294774523], "SNR": 0.05, "name": "2ldb"}