{"loc": [-3, 1, 5], "rotate": [2.8515549160156275, 1.873001121475071, 1.6806436103139544], "SNR": 0.05, "name": "2ldb"}