{"loc": [-2, -3, -1], "rotate": [2.3693201912476782, 0.48889251771772685, -0.15147343876885508], "SNR": 0.05, "name": "2ldb"}