{"loc": [0, 6, -3], "rotate": [2.1806644530662798, 1.297920885425574, 0.33252470933868905], "SNR": 0.05, "name": "2ldb"}