{"loc": [6, 6, -6], "rotate": [-2.192313460757419, 1.1124445230678166, -2.1717016196322874], "SNR": 0.05, "name": "2ldb"}