{"loc": [4, -2, -3], "rotate": [2.0737944806431243, 0.6385504856012805, 0.0171949876802007], "SNR": 0.05, "name": "2ldb"}