{"loc": [2, 1, 4], "rotate": [3.1214739713358832, 2.3670909891658702, 2.061777827822151], "SNR": 0.05, "name": "2ldb"}