{"loc": [0, -1, 7], "rotate": [2.30321546946949, 1.6325633322957427, 0.9043568344796731], "SNR": 0.05, "name": "2ldb"}