{"loc": [1, -3, 5], "rotate": [-2.718313202924392, 0.7991473780440006, -1.242355567667], "SNR": 0.05, "name": "2ldb"}