{"loc": [-5, 0, 0], "rotate": [2.1378648883960256, 0.8843431179860683, 0.3565475588050495], "SNR": 0.05, "name": "2ldb"}