{"loc": [6, 6, -1], "rotate": [2.738492950569173, 0.6384509486912278, -0.6261087796602023], "SNR": 0.05, "name": "2ldb"}