{"loc": [-2, 1, 2], "rotate": [-2.9156949267165717, 1.023849743176809, -0.6909388266462375], "SNR": 0.05, "name": "2ldb"}