{"loc": [0, -3, 1], "rotate": [2.018435718856587, 1.6076632751793627, 1.3731375708838571], "SNR": 0.05, "name": "2ldb"}