{"loc": [6, -4, 7], "rotate": [-0.9934876278730087, 2.095285199116353, 0.9699520795958084], "SNR": 0.05, "name": "2ldb"}