{"loc": [-5, -4, 0], "rotate": [-3.0268292664732868, 0.3498853295357881, -0.9586356686579431], "SNR": 0.05, "name": "2ldb"}