{"loc": [3, -4, -2], "rotate": [-2.2656485436542533, 1.3894748629173388, -1.7951406623780461], "SNR": 0.05, "name": "2ldb"}