{"loc": [4, 5, 5], "rotate": [2.305055824531129, 1.1260186509121088, 0.3401235006828939], "SNR": 0.05, "name": "2ldb"}