{"loc": [-6, -4, 2], "rotate": [1.9393466381944957, 2.0313915143530603, 1.0681436688411148], "SNR": 0.05, "name": "2ldb"}