{"loc": [5, 7, 1], "rotate": [-2.2900584365592107, 1.2485987286839273, -2.1843714747404053], "SNR": 0.05, "name": "2ldb"}