{"loc": [5, 4, -2], "rotate": [-2.481650986780797, 0.8807950092883398, -1.6943310421238196], "SNR": 0.05, "name": "2ldb"}