{"loc": [0, 7, 5], "rotate": [-2.5604203237540104, 0.7059826623058371, -1.4845049383656141], "SNR": 0.05, "name": "2ldb"}