{"loc": [0, -6, 5], "rotate": [-2.4640066726442913, 1.0127710127920533, -2.0589243158927157], "SNR": 0.05, "name": "2ldb"}