{"loc": [-5, 0, 3], "rotate": [2.461444868085954, 1.2087204882421392, 0.21443190193721265], "SNR": 0.05, "name": "2ldb"}