{"loc": [-2, 4, -3], "rotate": [-3.096199327526974, 0.8199662992832231, -0.5915843054395257], "SNR": 0.05, "name": "2ldb"}