{"loc": [-1, 3, -2], "rotate": [-2.61671160455025, 0.5388384907959458, -1.501551422815132], "SNR": 0.05, "name": "2ldb"}