{"loc": [5, 6, 5], "rotate": [-2.609411824666283, 0.8150709265070625, -1.0815801877491198], "SNR": 0.05, "name": "2ldb"}