{"loc": [-3, -7, 7], "rotate": [-1.8439298269047664, 1.8373300722483465, -2.3271418887013], "SNR": 0.05, "name": "2ldb"}