{"loc": [4, -7, 6], "rotate": [-2.2745844245750946, 1.0352530924053782, -1.675752692362748], "SNR": 0.05, "name": "2ldb"}