{"loc": [-2, -2, -5], "rotate": [-2.073504934071429, 1.5580265698996125, -2.5246561038326827], "SNR": 0.05, "name": "2ldb"}