{"loc": [1, 4, 1], "rotate": [-2.2190837625923807, 1.6967648313567985, -2.0741172760727813], "SNR": 0.05, "name": "2ldb"}