{"loc": [-7, -1, 6], "rotate": [1.892914664173864, 1.8236111921731128, 1.109707255478781], "SNR": 0.05, "name": "2ldb"}