{"loc": [4, 6, 4], "rotate": [-3.007494263413237, 0.6534594752101822, -0.9466541239695488], "SNR": 0.05, "name": "2ldb"}