{"loc": [6, -4, 7], "rotate": [2.398037492774414, 1.4886859561732158, 0.20626990623941027], "SNR": 0.05, "name": "2ldb"}