{"loc": [6, 0, -7], "rotate": [-2.928001578565736, 0.6728485554570353, -1.2251636361362659], "SNR": 0.05, "name": "2ldb"}