{"loc": [7, -5, -5], "rotate": [2.186342193020786, 1.1474591337227322, -0.008343178447164087], "SNR": 0.05, "name": "2ldb"}