{"loc": [0, 1, -5], "rotate": [1.9845502871509284, 1.4312779661049333, 1.0081840914182567], "SNR": 0.05, "name": "2ldb"}