{"loc": [3, -4, 2], "rotate": [-2.6976041470027785, 1.0026498055138875, -1.7339894195378507], "SNR": 0.05, "name": "2ldb"}