{"loc": [-4, -2, -2], "rotate": [-2.021240129472772, 1.077966102913292, -2.59199301547271], "SNR": 0.05, "name": "2ldb"}