{"loc": [7, -7, -1], "rotate": [-2.1840657354406465, 0.9838274003624411, -2.0899532594863115], "SNR": 0.05, "name": "2ldb"}