{"loc": [5, -7, -6], "rotate": [-2.5665060666125545, 0.721597235221695, -1.4352639746306401], "SNR": 0.05, "name": "2ldb"}