{"loc": [-3, 6, 5], "rotate": [2.320898823825712, 1.1366285051193852, 0.11364744708890556], "SNR": 0.05, "name": "2ldb"}