{"loc": [1, 2, -6], "rotate": [2.438939787802865, 1.875912824069425, 1.1776818049921784], "SNR": 0.05, "name": "2ldb"}