{"loc": [0, 2, 0], "rotate": [-2.482877656988927, 1.1737609033643248, -2.1653685536674416], "SNR": 0.05, "name": "2ldb"}