{"loc": [4, -3, 5], "rotate": [2.1278184045568627, 1.6313205441336096, 0.9165222539663186], "SNR": 0.05, "name": "2ldb"}