{"loc": [-7, 5, -5], "rotate": [-2.972396885458061, 0.7784750092050541, -0.9791742305735983], "SNR": 0.05, "name": "2ldb"}