{"loc": [5, -5, -3], "rotate": [-2.766512910778853, 0.7225198566246275, -1.8423382231323124], "SNR": 0.05, "name": "2ldb"}