{"loc": [-4, -6, 0], "rotate": [2.773866260158519, 2.4872637498625965, 1.592518166663072], "SNR": 0.05, "name": "2ldb"}