{"loc": [-2, 2, -7], "rotate": [2.7420508529069076, 0.6328278816348825, -0.681080153676547], "SNR": 0.05, "name": "2ldb"}