{"loc": [5, 1, 1], "rotate": [2.376036126330884, 0.9956125834369822, 0.10352811755895018], "SNR": 0.05, "name": "2ldb"}