{"loc": [-3, 7, -4], "rotate": [2.833065714896044, 2.700152058090694, 2.024678308103444], "SNR": 0.05, "name": "2ldb"}