{"loc": [0, -5, -4], "rotate": [-2.245606892478931, 0.430260124410939, -1.8883440848083863], "SNR": 0.05, "name": "2ldb"}