{"loc": [-1, 4, -5], "rotate": [2.3416236820860847, 0.9106780733846688, 0.010144392454946308], "SNR": 0.05, "name": "2ldb"}