{"loc": [-6, 1, -7], "rotate": [-2.476379097364349, 0.9936372943450769, -1.5725640640991647], "SNR": 0.05, "name": "2ldb"}