{"loc": [5, 1, 6], "rotate": [2.4475496271296544, 1.405983908351105, 0.23956917414166679], "SNR": 0.05, "name": "2ldb"}