{"loc": [0, 1, 0], "rotate": [2.1370207891661477, 1.3835184258159852, 0.7281291582854698], "SNR": 0.05, "name": "2ldb"}