{"loc": [0, -1, 7], "rotate": [-2.3494521769446814, 2.3468278384912664, 3.071411878548557], "SNR": 0.05, "name": "2ldb"}