{"loc": [-5, 4, 3], "rotate": [-1.8994676661638579, 0.30787884758083967, -2.0657646128146547], "SNR": 0.05, "name": "2ldb"}