{"loc": [-2, 2, 3], "rotate": [2.4541030221982174, 1.6610025403702044, 1.3297523134256404], "SNR": 0.05, "name": "2ldb"}