{"loc": [-5, 4, -6], "rotate": [2.833055139580907, 1.6453170615235795, 1.1566326591415712], "SNR": 0.05, "name": "2ldb"}