{"loc": [6, -5, 2], "rotate": [2.3653746281599384, 1.8387413043662344, 0.8340481625730823], "SNR": 0.05, "name": "2ldb"}