{"loc": [0, -2, 0], "rotate": [-1.8810576082045627, 0.6601852612737655, -1.6296291412528587], "SNR": 0.05, "name": "2ldb"}