{"loc": [-6, -5, 3], "rotate": [2.2540860287524964, 1.7561906409828694, 0.48781195430240504], "SNR": 0.05, "name": "2ldb"}