{"loc": [3, -7, 4], "rotate": [2.254852547671553, 0.8459601039071885, 0.48257908336411104], "SNR": 0.05, "name": "2ldb"}