{"loc": [-7, 1, 2], "rotate": [2.071729434427947, 1.3422434696489758, 0.8784779977854976], "SNR": 0.05, "name": "2ldb"}