{"loc": [-6, 6, -7], "rotate": [2.146719171728145, 1.2783662312678092, 1.1246550612680657], "SNR": 0.05, "name": "2ldb"}