{"loc": [-2, -4, -5], "rotate": [2.6391240016225956, 2.2853203557706485, 1.4235108094950515], "SNR": 0.05, "name": "2ldb"}