{"loc": [0, 5, 6], "rotate": [-2.181422790487142, 1.0099425779996574, -1.746279917648459], "SNR": 0.05, "name": "2ldb"}