{"loc": [7, -7, -3], "rotate": [2.396390792756031, 1.4337914974938066, 0.602956672838532], "SNR": 0.05, "name": "2ldb"}