{"loc": [-2, 2, -4], "rotate": [2.094814709012294, 1.0342288189999875, 0.5597178387968178], "SNR": 0.05, "name": "2ldb"}