{"loc": [-5, 2, -4], "rotate": [2.246067057311816, 1.2795909585702132, 0.3572591012039554], "SNR": 0.05, "name": "2ldb"}