{"loc": [-4, -3, -6], "rotate": [-2.3208192263318606, 0.9135061251864053, -1.5487099806527125], "SNR": 0.05, "name": "2ldb"}