{"loc": [-3, 1, 1], "rotate": [1.7100822429200424, 0.9829545039494628, 0.45841980921829967], "SNR": 0.05, "name": "2ldb"}