{"loc": [0, 5, -1], "rotate": [2.2488913491458162, 1.4268480228316516, 0.4309133536077857], "SNR": 0.05, "name": "2ldb"}