{"loc": [-5, -4, -7], "rotate": [3.13759143750071, 0.46296286660397756, -1.0503867404142233], "SNR": 0.05, "name": "2ldb"}