{"loc": [-2, 0, -4], "rotate": [-2.3990305752021523, 0.903838243237468, -1.5594159025868697], "SNR": 0.05, "name": "2ldb"}