{"loc": [3, -7, 0], "rotate": [2.370810969092941, 1.3475541343764617, 0.2882245179846962], "SNR": 0.05, "name": "2ldb"}