{"loc": [3, 7, -1], "rotate": [2.220933706958111, 1.46080476087018, 0.615601453514676], "SNR": 0.05, "name": "2ldb"}