{"loc": [0, -6, -2], "rotate": [2.32984001729375, 1.0471140378047636, 0.37537975887581815], "SNR": 0.05, "name": "2ldb"}