{"loc": [1, 0, -6], "rotate": [2.05762199433184, 1.381683840709759, 1.1310134642418697], "SNR": 0.05, "name": "2ldb"}