{"loc": [6, -5, 0], "rotate": [2.253808567729975, 1.2034842835866837, 0.5999426287613775], "SNR": 0.05, "name": "2ldb"}