{"loc": [0, -7, 6], "rotate": [-3.0343075300063282, 0.7562344559331144, -0.9697384468015179], "SNR": 0.05, "name": "2ldb"}