{"loc": [6, -4, 5], "rotate": [-2.7008926363201264, 0.6028269096855141, -1.585073726126692], "SNR": 0.05, "name": "2ldb"}