{"loc": [-5, 4, -6], "rotate": [3.1390222528917313, 1.0473010223325503, -0.2985722755731747], "SNR": 0.05, "name": "2ldb"}