{"loc": [-6, 2, -4], "rotate": [2.512939979229803, 0.8457512919403566, -0.05214517446919762], "SNR": 0.05, "name": "2ldb"}