{"loc": [6, -1, 1], "rotate": [2.599369456333436, 0.8550839368918876, 0.1505125584084179], "SNR": 0.05, "name": "2ldb"}