{"loc": [5, -7, 5], "rotate": [1.9754242087567218, 1.0288283954505721, 0.3971741580460328], "SNR": 0.05, "name": "2ldb"}