{"loc": [-7, -6, 5], "rotate": [2.060559915971003, 0.8117559872532405, 0.21547114751492114], "SNR": 0.05, "name": "2ldb"}