{"loc": [-3, 2, 7], "rotate": [2.706313081590794, 1.4340036170577697, 0.2489175127736389], "SNR": 0.05, "name": "2ldb"}