{"loc": [0, -4, -2], "rotate": [2.3693445786724263, 0.9804089458694748, 0.21652894868164804], "SNR": 0.05, "name": "2ldb"}