{"loc": [-6, -7, -7], "rotate": [2.623767472348947, 1.0139121889482343, 0.03474735903040124], "SNR": 0.05, "name": "2ldb"}