{"loc": [4, 0, 0], "rotate": [-2.1962674024162645, 0.862472327797149, -1.502363195919193], "SNR": 0.05, "name": "2ldb"}