{"loc": [-5, -6, -5], "rotate": [2.028837866840506, 0.8297973082945495, 0.7882398753825104], "SNR": 0.05, "name": "2ldb"}