{"loc": [0, -3, 3], "rotate": [2.4534227045208192, 1.5942542820496062, 1.076858897973592], "SNR": 0.05, "name": "2ldb"}