{"loc": [-4, -3, -7], "rotate": [2.5784108836249797, 0.7208196450321739, -0.4993012812345575], "SNR": 0.05, "name": "2ldb"}