{"loc": [3, -6, 6], "rotate": [-2.1935620197659014, 0.6937711904723015, -1.826681704583369], "SNR": 0.05, "name": "2ldb"}