{"loc": [3, -1, 6], "rotate": [-2.3930738000908796, 1.1239101752674423, -1.7499766693437135], "SNR": 0.05, "name": "2ldb"}