{"loc": [-4, -2, -6], "rotate": [2.158379578858011, 0.8803406100293868, -0.04945666823281843], "SNR": 0.05, "name": "2ldb"}