{"loc": [0, 5, 7], "rotate": [-2.9634269770833637, 1.0482093296509214, -1.0650919993236574], "SNR": 0.05, "name": "2ldb"}