{"loc": [1, -1, 0], "rotate": [3.1126203653800797, 0.6347740789362075, -0.6000729026241033], "SNR": 0.05, "name": "2ldb"}