{"loc": [-7, -7, -5], "rotate": [2.4526018514016292, 2.3657380599952536, 1.3173707651808149], "SNR": 0.05, "name": "2ldb"}