{"loc": [6, -1, 7], "rotate": [-2.692603162512321, 0.7118671759957282, -1.240350181195233], "SNR": 0.05, "name": "2ldb"}