{"loc": [-6, 6, -6], "rotate": [2.949911438970498, 2.148432048391661, 1.9874217462583275], "SNR": 0.05, "name": "2ldb"}