{"loc": [-2, -6, 6], "rotate": [2.5361612286963666, 1.2807129015514176, 0.9130699351724434], "SNR": 0.05, "name": "2ldb"}