{"loc": [-6, 1, 4], "rotate": [-2.5319142934588483, 2.421099115174567, -2.886906233960616], "SNR": 0.05, "name": "2ldb"}