{"loc": [-6, 5, 3], "rotate": [-2.2399213563019447, 1.1868313085233444, -2.2521310875263576], "SNR": 0.05, "name": "2ldb"}