{"loc": [3, 4, -7], "rotate": [2.2210171444012596, 1.5334574087774144, 1.329381509467704], "SNR": 0.05, "name": "2ldb"}