{"loc": [6, -5, -4], "rotate": [-2.322475902460861, 0.9583549230295048, -2.1571612388650827], "SNR": 0.05, "name": "2ldb"}