{"loc": [-7, 4, -3], "rotate": [2.0771306311287256, 1.7899593548281802, 0.9289955056526368], "SNR": 0.05, "name": "2ldb"}