{"loc": [-6, -6, -2], "rotate": [-2.6597553739798214, 0.8093305486644847, -1.4612519052367534], "SNR": 0.05, "name": "2ldb"}