{"loc": [-1, 4, 0], "rotate": [2.156044760114708, 1.174147143904174, 0.32082502202118146], "SNR": 0.05, "name": "2ldb"}