{"loc": [-1, -1, -5], "rotate": [2.2959398171854297, 1.1199186651063324, 0.4024443058647978], "SNR": 0.05, "name": "2ldb"}