{"loc": [-6, 1, -7], "rotate": [-1.8897937154801023, 1.64141020451888, -2.375201044142338], "SNR": 0.05, "name": "2ldb"}