{"loc": [-4, 1, -4], "rotate": [2.463382407276206, 0.6415801833480509, -0.13191805856536484], "SNR": 0.05, "name": "2ldb"}