{"loc": [-4, -7, -5], "rotate": [-2.603238718824478, 0.29091982038467074, -1.4246148769675995], "SNR": 0.05, "name": "2ldb"}