{"loc": [5, 4, 0], "rotate": [2.060724538410037, 1.1236468630894294, 0.8539088552783388], "SNR": 0.05, "name": "2ldb"}