{"loc": [1, 1, 6], "rotate": [-2.8004990100636165, 0.656360332225387, -0.9629024007611453], "SNR": 0.05, "name": "2ldb"}