{"loc": [5, -7, -1], "rotate": [2.5550388392745162, 1.5292634288048879, 0.5741900497137022], "SNR": 0.05, "name": "2ldb"}