{"loc": [1, -7, -5], "rotate": [-2.4947955567887914, 0.5859984562460913, -1.7466911420394313], "SNR": 0.05, "name": "2ldb"}