{"loc": [-5, 2, 4], "rotate": [-2.232250118688272, 0.8727179612485033, -1.3286563236369853], "SNR": 0.05, "name": "2ldb"}