{"loc": [3, 2, -6], "rotate": [2.207915065304971, 0.8684642323077756, 0.3811678571132557], "SNR": 0.05, "name": "2ldb"}