{"loc": [4, -4, 1], "rotate": [-2.7438761544436594, 0.9314153186948539, -1.1681590842786176], "SNR": 0.05, "name": "2ldb"}