{"loc": [0, 1, -5], "rotate": [2.3055843601916677, 1.0246815685388229, 0.21576599897868015], "SNR": 0.05, "name": "2ldb"}