{"loc": [6, 5, 6], "rotate": [-3.055449110077649, 0.7827880952238434, -0.9392888295340005], "SNR": 0.05, "name": "2ldb"}