{"loc": [0, -5, -7], "rotate": [1.8395020078871893, 1.7063761978903473, 1.397554501803208], "SNR": 0.05, "name": "2ldb"}