{"loc": [4, -5, -2], "rotate": [2.4217943995407856, 0.8489960985416702, 0.2792635327883013], "SNR": 0.05, "name": "2ldb"}