{"loc": [-4, 0, -6], "rotate": [-2.005685540161135, 0.26196541806947826, -1.9435341560079773], "SNR": 0.05, "name": "2ldb"}