{"loc": [-3, 3, 2], "rotate": [2.737351073684694, 0.989235680531608, -0.49241523904544005], "SNR": 0.05, "name": "2ldb"}