{"loc": [0, 1, 0], "rotate": [2.3285812921386624, 2.0982088752297248, 1.3964116645229452], "SNR": 0.05, "name": "2ldb"}