{"loc": [2, 4, 5], "rotate": [-2.891750675014827, 1.0808131099148475, -0.8615975102499198], "SNR": 0.05, "name": "2ldb"}