{"loc": [3, -5, 6], "rotate": [-2.9785831132098486, 0.9017705566724571, -1.2265818088540157], "SNR": 0.05, "name": "2ldb"}