{"loc": [-4, -6, 3], "rotate": [2.674159404999823, 1.9081205529892797, 1.8289837139801732], "SNR": 0.05, "name": "2ldb"}