{"loc": [3, 7, 4], "rotate": [-2.2090957676482534, 0.8885268911926208, -1.5676119889146118], "SNR": 0.05, "name": "2ldb"}