{"loc": [1, 3, 2], "rotate": [-2.3023669025955593, 1.788145271630565, -2.386969912233357], "SNR": 0.05, "name": "2ldb"}