{"loc": [7, -1, 7], "rotate": [1.8944556389762433, 1.9302472750600916, 0.6809798618890575], "SNR": 0.05, "name": "2ldb"}