{"loc": [7, -7, 7], "rotate": [2.947910133979825, 0.7506472981175153, -1.16796523123707], "SNR": 0.05, "name": "2ldb"}