{"loc": [5, -3, 1], "rotate": [2.078540679860569, 1.5315209553051112, 0.4698155806571214], "SNR": 0.05, "name": "2ldb"}