{"loc": [3, 1, -4], "rotate": [2.1430062969197894, 1.2432096485946396, 0.47329267732606367], "SNR": 0.05, "name": "2ldb"}