{"loc": [1, 4, -6], "rotate": [2.941748174514247, 1.2436584039117058, -0.6134001703806206], "SNR": 0.05, "name": "2ldb"}