{"loc": [4, 1, 2], "rotate": [1.9122802439389948, 1.7463926010806987, 1.0442703971407516], "SNR": 0.05, "name": "2ldb"}