{"loc": [0, 7, -6], "rotate": [2.132127061454702, 0.5126460832897985, 0.2599931665297644], "SNR": 0.05, "name": "2ldb"}