{"loc": [-1, 1, 0], "rotate": [2.9122146779395197, 0.743506950240108, -1.040709955361089], "SNR": 0.05, "name": "2ldb"}