{"loc": [-6, -4, 3], "rotate": [1.9597807953377842, 1.175819851736098, 0.9766848309119607], "SNR": 0.05, "name": "2ldb"}