{"loc": [-5, -7, 2], "rotate": [-1.9530572013836456, 0.6624894057368832, -2.241847906931644], "SNR": 0.05, "name": "2ldb"}