{"loc": [3, -3, 2], "rotate": [-2.7840634220862697, 1.4461414100063097, -2.1020803048315457], "SNR": 0.05, "name": "2ldb"}