{"loc": [0, 6, -1], "rotate": [2.993267558551495, 0.7406574160438238, -0.44837489294787103], "SNR": 0.05, "name": "2ldb"}