{"loc": [5, 5, -1], "rotate": [2.4537718545659963, 1.2994821871699014, 0.7011817114389813], "SNR": 0.05, "name": "2ldb"}