{"loc": [-1, 4, -7], "rotate": [-2.695729264973914, 0.7258941969904397, -1.2701426404300444], "SNR": 0.05, "name": "2ldb"}