{"loc": [-6, 4, 3], "rotate": [-2.256550301137155, 1.1109392214665221, -1.785158180741689], "SNR": 0.05, "name": "2ldb"}