{"loc": [-4, 0, 0], "rotate": [-2.241695175237629, 0.33487662583887473, -1.86803877043591], "SNR": 0.05, "name": "2ldb"}