{"loc": [-1, 2, -6], "rotate": [-3.021268084666212, 0.5938595609617789, -1.008706307775788], "SNR": 0.05, "name": "2ldb"}