{"loc": [-7, 2, 0], "rotate": [-2.434287885208631, 0.6401525128790921, -1.379313081737292], "SNR": 0.05, "name": "2ldb"}