{"loc": [0, -7, -3], "rotate": [2.074118439071004, 0.4877048200923324, 0.5099854521184876], "SNR": 0.05, "name": "2ldb"}