{"loc": [-2, 6, -6], "rotate": [-2.083792556712226, 1.3022848739715187, -2.283914094984805], "SNR": 0.05, "name": "2ldb"}