{"loc": [3, -1, -3], "rotate": [2.549958363223137, 1.6340817037235222, 1.4893243779460175], "SNR": 0.05, "name": "2ldb"}