{"loc": [-6, 1, -4], "rotate": [2.4791794320272693, 0.9580368583265675, 0.6082505494397671], "SNR": 0.05, "name": "2ldb"}