{"loc": [-4, 0, 5], "rotate": [-2.472762480918903, 0.5999362749879362, -1.48337596920639], "SNR": 0.05, "name": "2ldb"}