{"loc": [6, -2, 1], "rotate": [-2.7239205431313063, 2.2659952247708084, 3.120244012925544], "SNR": 0.05, "name": "2ldb"}