{"loc": [-6, 6, 6], "rotate": [-2.9076260961357825, 2.477564092208714, 2.4773441372782288], "SNR": 0.05, "name": "2ldb"}