{"loc": [-2, 2, -5], "rotate": [-2.3918332361440977, 0.9675825397898833, -1.8122762546980467], "SNR": 0.05, "name": "2ldb"}