{"loc": [4, 1, -7], "rotate": [2.7530491909106454, 0.7129811742959522, -0.3415487811688553], "SNR": 0.05, "name": "2ldb"}