{"loc": [1, 3, -6], "rotate": [-1.8844231776761853, 1.2425607870517057, -2.1836150991039687], "SNR": 0.05, "name": "2ldb"}