{"loc": [-6, 1, 1], "rotate": [2.0992520533334003, 0.9718939509574279, 0.5610360726651643], "SNR": 0.05, "name": "2ldb"}