{"loc": [-6, -3, 3], "rotate": [2.5024532658889056, 1.374432890272298, 0.034367075101734444], "SNR": 0.05, "name": "2ldb"}