{"loc": [1, 5, 1], "rotate": [-2.896314537589625, 0.6836888512445256, -0.8530440746101244], "SNR": 0.05, "name": "2ldb"}