{"loc": [-2, -2, 0], "rotate": [3.0246104288725086, 0.8075320029138784, -0.8019150628582024], "SNR": 0.05, "name": "2ldb"}