{"loc": [-5, 1, 7], "rotate": [2.312856385217827, 1.5897987158040447, 1.0454520548474084], "SNR": 0.05, "name": "2ldb"}