{"loc": [-1, 0, 0], "rotate": [2.672375516389934, 0.9781215971037197, 0.16737032052122627], "SNR": 0.05, "name": "2ldb"}