{"loc": [0, 5, -2], "rotate": [2.9187883679809987, 0.6166360458808251, -0.540647418973395], "SNR": 0.05, "name": "2ldb"}