{"loc": [5, -6, 3], "rotate": [2.618114174396223, 0.6095175790068512, -0.2778486275169904], "SNR": 0.05, "name": "2ldb"}