{"loc": [6, -5, 5], "rotate": [2.12245818459223, 1.2999759817153496, 0.46188623255712985], "SNR": 0.05, "name": "2ldb"}