{"loc": [7, 2, 2], "rotate": [2.051904381601357, 1.1804248177603722, 0.611249671816678], "SNR": 0.05, "name": "2ldb"}