{"loc": [1, 5, -4], "rotate": [2.773781543716061, 0.643051429915371, 0.09875459523016326], "SNR": 0.05, "name": "2ldb"}