{"loc": [-1, 7, 0], "rotate": [2.794409341065066, 0.8999901236358477, -0.6213625362915025], "SNR": 0.05, "name": "2ldb"}