{"loc": [4, 2, -2], "rotate": [-2.4863846580737325, 1.116052112707955, -1.5498775749381979], "SNR": 0.05, "name": "2ldb"}