{"loc": [3, -5, 5], "rotate": [-2.24577483815684, 1.1718583388830597, -1.5349354570369507], "SNR": 0.05, "name": "2ldb"}