{"loc": [6, -3, -6], "rotate": [2.918705891521969, 0.38812376562335665, -0.41518267438021755], "SNR": 0.05, "name": "2ldb"}