{"loc": [-1, 1, -1], "rotate": [2.1667845009120037, 1.4961574376255053, 0.6949311765332711], "SNR": 0.05, "name": "2ldb"}