{"loc": [0, 1, -5], "rotate": [-2.6081253139605645, 0.8692277228918662, -1.0637694457926288], "SNR": 0.05, "name": "2ldb"}