{"loc": [3, 5, 1], "rotate": [-2.309966749020657, 1.6080615217746068, -2.4959957337184564], "SNR": 0.05, "name": "2ldb"}