{"loc": [5, -5, 4], "rotate": [-2.7113685330409836, 2.356764178976717, 2.5877084753792983], "SNR": 0.05, "name": "2ldb"}