{"loc": [2, 7, -1], "rotate": [2.0397615775929765, 1.2770844465348337, 0.10160109998017006], "SNR": 0.05, "name": "2ldb"}