{"loc": [-4, -6, -3], "rotate": [-2.3695528316739076, 1.5515138430346513, -1.8127415182911022], "SNR": 0.05, "name": "2ldb"}