{"loc": [-5, 7, 6], "rotate": [-2.923282372045821, 0.6265785087456657, -1.2788200090195256], "SNR": 0.05, "name": "2ldb"}