{"loc": [-4, 2, -2], "rotate": [2.3079440101122533, 1.0416112793122398, 0.6624644053605989], "SNR": 0.05, "name": "2ldb"}