{"loc": [5, 7, -4], "rotate": [-2.4894859921762467, 0.5288309366057166, -1.1783013178813981], "SNR": 0.05, "name": "2ldb"}