{"loc": [-3, -6, 5], "rotate": [2.6134993960051918, 1.4357087570185205, 0.6082963760342699], "SNR": 0.05, "name": "2ldb"}