{"loc": [-4, 1, 7], "rotate": [-2.6946867385970137, 0.8035993281007312, -1.3727081299552626], "SNR": 0.05, "name": "2ldb"}