{"loc": [0, 6, 5], "rotate": [2.5109737587697487, 1.4889038596252677, 1.0959094462569892], "SNR": 0.05, "name": "2ldb"}