{"loc": [-2, -7, 4], "rotate": [-2.4053383246098563, 0.8230256956008694, -1.72532161650678], "SNR": 0.05, "name": "2ldb"}