{"loc": [-2, 2, 5], "rotate": [-2.3687676554097825, 0.9036557737511097, -1.6433221967005927], "SNR": 0.05, "name": "2ldb"}