{"loc": [-4, 4, 5], "rotate": [-2.731042050190621, 1.1510294325267512, -1.8386298790841094], "SNR": 0.05, "name": "2ldb"}