{"loc": [5, 1, 0], "rotate": [2.5713030187812898, 0.8984277145852013, 0.2858639620874088], "SNR": 0.05, "name": "2ldb"}