{"loc": [-7, 2, 0], "rotate": [2.6756543143757687, 0.6478179447674753, 0.13468460517180256], "SNR": 0.05, "name": "2ldb"}