{"loc": [-1, 4, 2], "rotate": [2.083586371953383, 2.0437333206509205, 0.8669973194201466], "SNR": 0.05, "name": "2ldb"}