{"loc": [2, -3, -3], "rotate": [2.5142827213472536, 1.6002239318225653, 0.790237274056968], "SNR": 0.05, "name": "2ldb"}