{"loc": [0, -4, 2], "rotate": [2.100403442920155, 1.439876323481768, 0.9012694469628653], "SNR": 0.05, "name": "2ldb"}