{"loc": [4, 7, -4], "rotate": [-2.5845907385450273, 0.637373636169312, -1.6610119407941775], "SNR": 0.05, "name": "2ldb"}