{"loc": [2, 6, 2], "rotate": [2.909574416914274, 2.270189452036541, 1.5236769672983577], "SNR": 0.05, "name": "2ldb"}