{"loc": [0, -3, 0], "rotate": [2.064701761731546, 1.4195807665593378, 0.4171350823556346], "SNR": 0.05, "name": "2ldb"}