{"loc": [-6, -1, -3], "rotate": [-2.5951551733476252, 1.4363013330401337, -2.6823644640116666], "SNR": 0.05, "name": "2ldb"}