{"loc": [2, -4, -7], "rotate": [2.050656673972571, 1.5002121568430764, 0.6512148103918677], "SNR": 0.05, "name": "2ldb"}