{"loc": [-1, -6, -4], "rotate": [-2.2572328735317577, 0.919582900288771, -1.5778197540973642], "SNR": 0.05, "name": "2ldb"}