{"loc": [0, 0, 4], "rotate": [2.3250811852770035, 1.0585546140894633, 0.7908188840315767], "SNR": 0.05, "name": "2ldb"}