{"loc": [5, 2, 6], "rotate": [2.979303154370686, 2.022965947710612, 2.0428394090404645], "SNR": 0.05, "name": "2ldb"}