{"loc": [-3, -5, 6], "rotate": [2.2137118869412573, 1.0578545581070358, 0.42916407352901476], "SNR": 0.05, "name": "2ldb"}