{"loc": [-6, 2, 1], "rotate": [-1.8395390040230126, 1.052375300554985, -2.3603021982962606], "SNR": 0.05, "name": "2ldb"}