{"loc": [-6, 5, -3], "rotate": [2.1101787037583106, 0.9623996539582454, 0.6960642937409474], "SNR": 0.05, "name": "2ldb"}