{"loc": [6, 5, 2], "rotate": [2.6537702679317206, 0.4316805137369751, -0.46467173926685057], "SNR": 0.05, "name": "2ldb"}