{"loc": [2, -1, 5], "rotate": [2.4235231017083154, 0.5391849574328795, 0.3234196325056211], "SNR": 0.05, "name": "2ldb"}