{"loc": [0, 5, 3], "rotate": [-2.58850783338954, 1.5414692460971018, -2.4627724847426067], "SNR": 0.05, "name": "2ldb"}