{"loc": [6, -5, -2], "rotate": [-1.9474793462219029, 0.40690229812500717, -2.1914236652693875], "SNR": 0.05, "name": "2ldb"}