{"loc": [-7, -2, 0], "rotate": [1.922901107920759, 1.8373317718020292, 0.7175320760358485], "SNR": 0.05, "name": "2ldb"}