{"loc": [5, 5, -3], "rotate": [-2.434855929012336, 1.112221806654181, -2.1208594663572993], "SNR": 0.05, "name": "2ldb"}