{"loc": [4, 7, 2], "rotate": [2.659618147461852, 1.0760332453532573, 0.4380148040398892], "SNR": 0.05, "name": "2ldb"}