{"loc": [3, -1, -7], "rotate": [2.443474019228842, 1.133642226198193, 0.10226778704594924], "SNR": 0.05, "name": "2ldb"}