{"loc": [-7, 5, 6], "rotate": [-2.4258438312088804, 1.0698876001193922, -1.7484986840284886], "SNR": 0.05, "name": "2ldb"}