{"loc": [-6, 1, 7], "rotate": [2.0278872344004903, 1.2856046056162351, 1.0375829309279134], "SNR": 0.05, "name": "2ldb"}