{"loc": [-1, -4, 1], "rotate": [2.237282132224931, 1.2890979828596254, 0.23713124422313414], "SNR": 0.05, "name": "2ldb"}