{"loc": [3, -7, 3], "rotate": [2.1007189851419277, 2.215455640056962, 1.1116817025146817], "SNR": 0.05, "name": "2ldb"}