{"loc": [4, 4, -6], "rotate": [2.330301301545358, 1.0290969683278206, 0.23266218878907655], "SNR": 0.05, "name": "2ldb"}