{"loc": [7, 6, 5], "rotate": [1.9086486989785512, 0.9996360125850939, 0.6415066148952764], "SNR": 0.05, "name": "2ldb"}