{"loc": [0, 7, 0], "rotate": [2.397785157866697, 1.7425361729082913, 1.2563534524902722], "SNR": 0.05, "name": "2ldb"}