{"loc": [-6, -2, 0], "rotate": [2.2944498892567045, 1.200407915834369, 0.3949806474012902], "SNR": 0.05, "name": "2ldb"}