{"loc": [3, -5, -2], "rotate": [2.349218947949727, 0.8632550168478383, 0.2845516919136229], "SNR": 0.05, "name": "2ldb"}