{"loc": [2, -7, 7], "rotate": [2.4496704959599085, 0.22721929781686095, -0.05253519963047979], "SNR": 0.05, "name": "2ldb"}