{"loc": [-5, 7, 7], "rotate": [2.934001611146445, 0.5396369564430082, -0.41238027303890146], "SNR": 0.05, "name": "2ldb"}