{"loc": [1, 2, 7], "rotate": [-3.0085033553036586, 0.778005653570522, -1.1852302973048017], "SNR": 0.05, "name": "2ldb"}