{"loc": [-2, 2, 7], "rotate": [-1.8196355050069544, 1.808625334836691, -2.796205079919772], "SNR": 0.05, "name": "2ldb"}