{"loc": [3, 2, 7], "rotate": [2.1189119256189626, 1.3755262198891205, 0.5654239150244466], "SNR": 0.05, "name": "2ldb"}