{"loc": [-2, 1, -2], "rotate": [-2.255625724088485, 1.0692671690514015, -2.373329743036922], "SNR": 0.05, "name": "2ldb"}