{"loc": [-1, 2, 1], "rotate": [-2.379609868704887, 0.7109362811983079, -1.2542017104165422], "SNR": 0.05, "name": "2ldb"}