{"loc": [6, 3, -4], "rotate": [-1.9822531059816042, 1.03494589892655, -2.4921145466952783], "SNR": 0.05, "name": "2ldb"}