{"loc": [-1, 4, -5], "rotate": [2.2457258252375873, 0.6324913052132385, 0.503833351193484], "SNR": 0.05, "name": "2ldb"}