{"loc": [-5, 2, -1], "rotate": [2.455561282413934, 0.8361532527225498, 0.045119777176687206], "SNR": 0.05, "name": "2ldb"}