{"loc": [2, 0, 0], "rotate": [2.150455761007011, 1.955734545638872, 1.1288352344626038], "SNR": 0.05, "name": "2ldb"}