{"loc": [1, 2, 0], "rotate": [-2.9075330087204794, 0.9100630429135067, -1.123048222137951], "SNR": 0.05, "name": "2ldb"}