{"loc": [-5, 6, -5], "rotate": [-2.3538942576939057, 1.5762633707491363, -1.8349918494014354], "SNR": 0.05, "name": "2ldb"}