{"loc": [-4, 6, 7], "rotate": [-2.816368497558467, 0.27738208117544166, -1.3542014342431967], "SNR": 0.05, "name": "2ldb"}