{"loc": [0, 3, 3], "rotate": [-2.835436634783147, 0.8503016646014767, -1.0936454889133715], "SNR": 0.05, "name": "2ldb"}