{"loc": [7, -4, 0], "rotate": [2.3064827043032916, 1.3030978638269555, 0.6102664698647715], "SNR": 0.05, "name": "2ldb"}