{"loc": [-5, 6, -3], "rotate": [-2.8593667429515635, 2.252846321129614, 2.821266120705474], "SNR": 0.05, "name": "2ldb"}