{"loc": [5, -4, 7], "rotate": [2.359438535278185, 0.9709415288194202, 0.24859071698439758], "SNR": 0.05, "name": "2ldb"}