{"loc": [5, 6, -1], "rotate": [1.9716397961878191, 1.4221383760971122, 0.565263542636847], "SNR": 0.05, "name": "2ldb"}