{"loc": [6, -7, 2], "rotate": [1.9716307141675158, 1.5489042979213954, 0.6769249418774759], "SNR": 0.05, "name": "2ldb"}