{"loc": [5, -6, 4], "rotate": [2.3909412090705406, 1.841223709393989, 1.0572187119923213], "SNR": 0.05, "name": "2ldb"}