{"loc": [0, -2, 4], "rotate": [-2.225994101156252, 2.021315031684394, -2.7055524634866335], "SNR": 0.05, "name": "2ldb"}