{"loc": [-3, -5, -6], "rotate": [2.0808266357087923, 1.4023782365912225, 0.4573309818326261], "SNR": 0.05, "name": "2ldb"}