{"loc": [0, 0, -5], "rotate": [3.109263190844395, 0.5335105094401569, -0.17001032861161763], "SNR": 0.05, "name": "2ldb"}