{"loc": [-5, -4, 6], "rotate": [-2.261407692596675, 1.1703884767675579, -2.1333522774760403], "SNR": 0.05, "name": "2ldb"}