{"loc": [0, 7, -2], "rotate": [2.012580143726458, 1.406768758877088, 0.9188523069390435], "SNR": 0.05, "name": "2ldb"}