{"loc": [-5, -2, 5], "rotate": [-2.2071807453357315, 2.083926308731494, -3.0264793863170465], "SNR": 0.05, "name": "2ldb"}