{"loc": [-5, 6, -4], "rotate": [2.7438865937991754, 0.7331827609786351, -0.1605799926298587], "SNR": 0.05, "name": "2ldb"}