{"loc": [1, 0, -6], "rotate": [-2.2256385384541653, 1.0300518226243265, -2.2734493842962027], "SNR": 0.05, "name": "2ldb"}