{"loc": [4, -4, 4], "rotate": [-1.6770125297179528, 1.6442276372145548, -2.717595114127339], "SNR": 0.05, "name": "2ldb"}