{"loc": [0, -6, -4], "rotate": [-2.24583804344252, 2.208201992693055, -2.961824807811292], "SNR": 0.05, "name": "2ldb"}