{"loc": [-2, 6, -7], "rotate": [-3.0499468529206366, 0.913434438699833, -1.2067396205424983], "SNR": 0.05, "name": "2ldb"}