{"loc": [7, 3, 0], "rotate": [2.1065302357577447, 1.571587231144841, 0.7452848752469947], "SNR": 0.05, "name": "2ldb"}