{"loc": [-5, -7, -5], "rotate": [-2.6887830572011295, 0.4683565658165889, -1.1725699367371663], "SNR": 0.05, "name": "2ldb"}