{"loc": [-2, -4, -1], "rotate": [2.518341592972751, 1.3165448965965, 0.20430601558144845], "SNR": 0.05, "name": "2ldb"}