{"loc": [-7, -7, -3], "rotate": [-2.723999511518168, 0.6917087796924158, -1.2671054303157798], "SNR": 0.05, "name": "2ldb"}