{"loc": [0, 3, -4], "rotate": [-2.17677456733625, 1.1709693903250469, -1.4347327785688435], "SNR": 0.05, "name": "2ldb"}