{"loc": [-3, 3, -6], "rotate": [-1.8637179797613423, 0.49259054152293363, -2.3803738217520696], "SNR": 0.05, "name": "2ldb"}