{"loc": [-1, 6, 7], "rotate": [3.0476103741480434, 0.6117058776321611, -0.8276905046376272], "SNR": 0.05, "name": "2ldb"}