{"loc": [5, 4, -7], "rotate": [2.539333268908985, 1.568199382755975, 0.30986777676353255], "SNR": 0.05, "name": "2ldb"}