{"loc": [0, 2, 0], "rotate": [-2.79941239190387, 0.9113104203398468, -1.07631696428438], "SNR": 0.05, "name": "2ldb"}