{"loc": [1, 5, 7], "rotate": [2.769501389394889, 2.8995139000653616, 1.9216859615573176], "SNR": 0.05, "name": "2ldb"}