{"loc": [-1, -4, -2], "rotate": [2.880176939342065, 0.46632037443997915, -0.3135832755841293], "SNR": 0.05, "name": "2ldb"}