{"loc": [6, -4, 6], "rotate": [2.6446103006231008, 1.2111731796962226, 0.055757099485538836], "SNR": 0.05, "name": "2ldb"}