{"loc": [0, -6, -4], "rotate": [2.524258772333409, 0.9489512087255082, -0.51967413267515], "SNR": 0.05, "name": "2ldb"}