{"loc": [0, 5, -7], "rotate": [-2.248060153868798, 1.254767220900101, -1.8832910011681103], "SNR": 0.05, "name": "2ldb"}