{"loc": [-4, -3, 6], "rotate": [2.701130302717891, 0.9277957472153555, -0.011245482461500391], "SNR": 0.05, "name": "2ldb"}