{"loc": [3, 1, -7], "rotate": [2.830952437132749, 0.6302000431081647, -0.697194402200637], "SNR": 0.05, "name": "2ldb"}