{"loc": [6, -5, 0], "rotate": [2.506388524149467, 0.9051826980842435, 0.20309907028201238], "SNR": 0.05, "name": "2ldb"}