{"loc": [-1, 1, 4], "rotate": [2.706409063805071, 0.8540060177301929, -0.15126590122275885], "SNR": 0.05, "name": "2ldb"}