{"loc": [-2, -4, 6], "rotate": [2.123060621646148, 1.384290009848226, 0.33051568222601224], "SNR": 0.05, "name": "2ldb"}