{"loc": [6, 0, -4], "rotate": [-2.619773249641399, 0.5801635929979297, -1.7628260778478022], "SNR": 0.05, "name": "2ldb"}