{"loc": [0, -6, 0], "rotate": [-2.600455560594514, 0.8942212661563372, -1.359904735408851], "SNR": 0.05, "name": "2ldb"}