{"loc": [1, -1, 0], "rotate": [2.632737783011592, 0.8259086266416897, 0.3811069130760218], "SNR": 0.05, "name": "2ldb"}