{"loc": [-1, 2, -4], "rotate": [2.401305333630578, 1.2414419654537627, 0.6895916329514366], "SNR": 0.05, "name": "2ldb"}