{"loc": [6, -3, 7], "rotate": [2.701360041110147, 0.7400927774465266, -0.08466021647420899], "SNR": 0.05, "name": "2ldb"}