{"loc": [-7, -6, 2], "rotate": [-2.348466528090871, 0.7826542724512475, -2.033090216926612], "SNR": 0.05, "name": "2ldb"}