{"loc": [4, -7, 7], "rotate": [-2.0721219938519284, 1.02784023350909, -1.4749276840250105], "SNR": 0.05, "name": "2ldb"}