{"loc": [4, 1, -5], "rotate": [-1.8747813427567093, 1.8708194404722864, -2.3151531511003185], "SNR": 0.05, "name": "2ldb"}