{"loc": [4, 4, 2], "rotate": [2.7084704672611095, 0.43000528990127657, -0.47227226918438314], "SNR": 0.05, "name": "2ldb"}