{"loc": [-4, -2, 5], "rotate": [-2.1947731065207643, 0.3885595110311002, -1.716391644484214], "SNR": 0.05, "name": "2ldb"}