{"loc": [0, 0, -5], "rotate": [2.1227658371381533, 1.6246298993994162, 0.8193517168391612], "SNR": 0.05, "name": "2ldb"}