{"loc": [-4, 0, -5], "rotate": [2.444856065165315, 1.248523830679598, 0.49980774205307604], "SNR": 0.05, "name": "2ldb"}