{"loc": [-2, -3, 2], "rotate": [2.586364299711454, 2.2775092518859026, 1.5991413741255376], "SNR": 0.05, "name": "2ldb"}