{"loc": [2, 7, -7], "rotate": [-2.136751513247076, 0.9543055213556129, -1.7550901395406218], "SNR": 0.05, "name": "2ldb"}