{"loc": [0, 2, 3], "rotate": [-2.212323902391627, 1.183880343100385, -2.221447075340184], "SNR": 0.05, "name": "2ldb"}