{"loc": [3, 5, -7], "rotate": [2.974504619173977, 0.6723140644735033, -0.5179692435920202], "SNR": 0.05, "name": "2ldb"}