{"loc": [-7, -3, -3], "rotate": [-2.209420462164622, 1.251799218975588, -2.457172140550394], "SNR": 0.05, "name": "2ldb"}