{"loc": [-7, 0, 5], "rotate": [2.098317944041141, 0.5134547861706874, 0.2665485954152174], "SNR": 0.05, "name": "2ldb"}