{"loc": [4, 3, -3], "rotate": [2.0769570698707813, 1.4677861126310894, 0.815312779082911], "SNR": 0.05, "name": "2ldb"}