{"loc": [-6, -5, 6], "rotate": [-2.6377672613071748, 1.7082862030367119, -2.2323608274453104], "SNR": 0.05, "name": "2ldb"}