{"loc": [5, -2, 2], "rotate": [-1.9425245703149852, 1.3658781012224552, -2.442125491599659], "SNR": 0.05, "name": "2ldb"}