{"loc": [2, 0, -6], "rotate": [-2.674688310921678, 0.7655219600837259, -1.4561641158300485], "SNR": 0.05, "name": "2ldb"}