{"loc": [5, -1, -6], "rotate": [-2.234496796587325, 1.4721609488262393, -2.414394040479008], "SNR": 0.05, "name": "2ldb"}