{"loc": [2, 2, 0], "rotate": [-2.307534701151658, 0.7358372590705867, -2.0798633155017145], "SNR": 0.05, "name": "2ldb"}