{"loc": [-3, 4, -4], "rotate": [2.032679096381123, 0.756370343562412, 0.4947670957837978], "SNR": 0.05, "name": "2ldb"}