{"loc": [-5, 6, 2], "rotate": [1.9411089764528342, 1.2086543864543342, 0.532481252817602], "SNR": 0.05, "name": "2ldb"}