{"loc": [-4, 5, -4], "rotate": [-1.9967986799782367, 0.985610454837623, -2.1718516384300726], "SNR": 0.05, "name": "2ldb"}