{"loc": [-4, -2, -4], "rotate": [2.664454789083441, 2.2039448580939798, 1.607172671737794], "SNR": 0.05, "name": "2ldb"}