{"loc": [0, -7, 2], "rotate": [-2.285504144157527, 1.1860494090242546, -2.215668238218709], "SNR": 0.05, "name": "2ldb"}