{"loc": [5, 0, 0], "rotate": [2.5122823292905845, 0.8808986760076079, 0.2582886396411787], "SNR": 0.05, "name": "2ldb"}