{"loc": [-6, -4, 7], "rotate": [2.108191513644371, 1.5627359045959146, 0.6988041169505748], "SNR": 0.05, "name": "2ldb"}