{"loc": [3, 5, 1], "rotate": [2.6257673661397525, 1.1493950002279794, -0.28685169180213144], "SNR": 0.05, "name": "2ldb"}