{"loc": [-4, -5, -3], "rotate": [-2.4427615006701964, 1.0478980225419607, -1.6079527744715862], "SNR": 0.05, "name": "2ldb"}