{"loc": [7, 2, 7], "rotate": [2.202909749798582, 2.1059862044558346, 1.484444753055956], "SNR": 0.05, "name": "2ldb"}