{"loc": [4, 3, 2], "rotate": [-2.262394526487535, 0.821781646589275, -2.0441971186111805], "SNR": 0.05, "name": "2ldb"}