{"loc": [6, -7, 0], "rotate": [2.352686467454718, 1.393428833892936, 0.29686798295658484], "SNR": 0.05, "name": "2ldb"}