{"loc": [2, 6, -4], "rotate": [-2.7444652990890797, 2.302340462395066, 2.8967215979219194], "SNR": 0.05, "name": "2ldb"}