{"loc": [-3, 3, 2], "rotate": [2.644592117961833, 1.4497780716328064, 0.37730465263985746], "SNR": 0.05, "name": "2ldb"}