{"loc": [1, 7, 0], "rotate": [1.8624796751165784, 2.293939630741093, 0.9414357067799979], "SNR": 0.05, "name": "2ldb"}