{"loc": [3, 2, 0], "rotate": [2.932423603923913, 0.9501201050982806, -0.48283795146547165], "SNR": 0.05, "name": "2ldb"}