{"loc": [2, -2, -3], "rotate": [-2.311210850166137, 1.190771751317436, -2.35683180658445], "SNR": 0.05, "name": "2ldb"}