{"loc": [-4, 7, -7], "rotate": [-2.360054697487158, 1.003707795001864, -1.6806707893246582], "SNR": 0.05, "name": "2ldb"}