{"loc": [-1, -5, -3], "rotate": [2.4026727189490478, 1.7116773598304484, 0.9609964990275673], "SNR": 0.05, "name": "2ldb"}