{"loc": [3, -3, -4], "rotate": [2.168370423471635, 1.420315991170683, 0.9839371730230903], "SNR": 0.05, "name": "2ldb"}