{"loc": [0, 7, -3], "rotate": [-2.783986760988858, 0.8229746667857923, -1.1215223379753545], "SNR": 0.05, "name": "2ldb"}