{"loc": [-2, 0, 0], "rotate": [-2.2617407861161265, 2.5068229867334515, -2.879544148623119], "SNR": 0.05, "name": "2ldb"}