{"loc": [-5, 0, 3], "rotate": [-3.0549193271230095, 0.5756640629985448, -0.7952656361956094], "SNR": 0.05, "name": "2ldb"}