{"loc": [-3, -7, -4], "rotate": [-2.079377000501642, 2.4599969315557115, -2.690954590482812], "SNR": 0.05, "name": "2ldb"}