{"loc": [3, -7, -2], "rotate": [-2.3294039462500904, 1.526160089063899, -2.656328219274482], "SNR": 0.05, "name": "2ldb"}