{"loc": [1, 1, 1], "rotate": [2.2589369593737647, 1.154699443165874, 0.39778819859853215], "SNR": 0.05, "name": "2ldb"}