{"loc": [-3, -5, 3], "rotate": [-2.2695628902438214, 1.07494270534532, -2.1204183676349517], "SNR": 0.05, "name": "2ldb"}