{"loc": [3, 6, -4], "rotate": [2.3841463287035283, 1.4800012908164082, 0.2127378851554697], "SNR": 0.05, "name": "2ldb"}