{"loc": [7, 3, 1], "rotate": [-2.2235461324203554, 0.861182148529698, -1.8030935784013062], "SNR": 0.05, "name": "2ldb"}