{"loc": [-2, 5, -1], "rotate": [-3.0563791903933737, 2.4625125601497273, 2.643705877764758], "SNR": 0.05, "name": "2ldb"}