{"loc": [-5, 3, 0], "rotate": [1.9139266063732383, 2.392849310967394, 1.1577532140250337], "SNR": 0.05, "name": "2ldb"}