{"loc": [0, 0, 1], "rotate": [2.2430175379466495, 1.1844069566986752, 0.7547476205321638], "SNR": 0.05, "name": "2ldb"}