{"loc": [2, 0, 4], "rotate": [3.0686795035050376, 0.7883903294258674, -0.9981490259389526], "SNR": 0.05, "name": "2ldb"}