{"loc": [-3, -1, 0], "rotate": [-2.781350310988854, 0.6997703391236899, -1.370285056148491], "SNR": 0.05, "name": "2ldb"}