{"loc": [0, -6, 3], "rotate": [2.1938705308835913, 1.391425493672254, 0.8230132428247054], "SNR": 0.05, "name": "2ldb"}