{"loc": [2, 6, -7], "rotate": [-2.0834443902864974, 1.1367994465949354, -2.2212919125010413], "SNR": 0.05, "name": "2ldb"}