{"loc": [-7, -6, -6], "rotate": [2.549929420262317, 2.282642203434088, 1.6392131904709324], "SNR": 0.05, "name": "2ldb"}