{"loc": [2, 0, 1], "rotate": [-2.3779436273882832, 1.114630126477429, -2.295351481445557], "SNR": 0.05, "name": "2ldb"}