{"loc": [7, 6, 5], "rotate": [1.9852568462603495, 0.7038451603895947, 0.2744624218188161], "SNR": 0.05, "name": "2ldb"}