{"loc": [4, -2, 5], "rotate": [-2.0788438886078633, 1.6120686241084832, -2.354505528570258], "SNR": 0.05, "name": "2ldb"}