{"loc": [1, 5, 0], "rotate": [1.6630986949987008, 1.7705397000473513, 0.9513682990117655], "SNR": 0.05, "name": "2ldb"}