{"loc": [-4, -2, -2], "rotate": [-2.1039070329697753, 1.4007968415288392, -2.2596369244051924], "SNR": 0.05, "name": "2ldb"}