{"loc": [-3, 7, -2], "rotate": [-2.474592276369655, 0.9479412041954413, -1.9559334035274851], "SNR": 0.05, "name": "2ldb"}