{"loc": [-2, -2, -6], "rotate": [2.249827233916714, 1.767439675637586, 0.9358758728609626], "SNR": 0.05, "name": "2ldb"}