{"loc": [1, 0, -5], "rotate": [-2.967017786675747, 1.024668005800694, -1.1850985670325853], "SNR": 0.05, "name": "2ldb"}