{"loc": [-2, -4, 2], "rotate": [-2.4212925065668736, 0.8370356948844351, -1.428974804888078], "SNR": 0.05, "name": "2ldb"}