{"loc": [-7, 0, 7], "rotate": [-3.0340684019292725, 2.5625405582541805, 2.422645957017363], "SNR": 0.05, "name": "2ldb"}