{"loc": [7, -1, -7], "rotate": [-2.5571906945600595, 1.1413506239801605, -1.7774533908139545], "SNR": 0.05, "name": "2ldb"}