{"loc": [-2, 2, 7], "rotate": [-1.96204001808334, 1.0110099378134418, -1.8501769515705166], "SNR": 0.05, "name": "2ldb"}