{"loc": [0, -3, 6], "rotate": [2.518050980733002, 0.9973290357355686, -0.1874646179598563], "SNR": 0.05, "name": "2ldb"}