{"loc": [0, 3, 1], "rotate": [2.230516210347738, 1.1342887041040848, 0.30896119790024723], "SNR": 0.05, "name": "2ldb"}