{"loc": [-6, 0, -3], "rotate": [-2.825674836702598, 2.4011861004263504, 2.586061833978371], "SNR": 0.05, "name": "2ldb"}