{"loc": [6, -3, 2], "rotate": [2.9463814860171453, 0.6520714550010182, -0.855317305464263], "SNR": 0.05, "name": "2ldb"}