{"loc": [-6, 7, 6], "rotate": [-2.179412199727973, 1.3465592144092735, -2.427966214818072], "SNR": 0.05, "name": "2ldb"}