{"loc": [3, -1, -4], "rotate": [-2.236987754413207, 1.2617512328249427, -2.258644915186272], "SNR": 0.05, "name": "2ldb"}