{"loc": [3, 5, 4], "rotate": [-2.4366784149488283, 0.4898056710764992, -1.2064076640053956], "SNR": 0.05, "name": "2ldb"}