{"loc": [6, -2, 4], "rotate": [-2.390205378277559, 1.4385197317718983, -2.1367863993766654], "SNR": 0.05, "name": "2ldb"}