{"loc": [2, 3, -3], "rotate": [3.1220809165596672, 1.0217045329936343, -0.6473363110129441], "SNR": 0.05, "name": "2ldb"}