{"loc": [2, 7, 5], "rotate": [-2.62939155027512, 1.0748758175875903, -1.9163569312854538], "SNR": 0.05, "name": "2ldb"}