{"loc": [3, 3, 0], "rotate": [2.0804119923112094, 1.133820078249968, 0.6130996013212633], "SNR": 0.05, "name": "2ldb"}