{"loc": [-4, -7, 5], "rotate": [2.2736851671002967, 0.7406466707438655, 0.4869258380833636], "SNR": 0.05, "name": "2ldb"}