{"loc": [0, 6, 5], "rotate": [2.3893145573474057, 1.348624143985925, 0.8401044503774043], "SNR": 0.05, "name": "2ldb"}