{"loc": [6, 5, -2], "rotate": [2.685735088232892, 0.5917246590181656, 0.08821605270420153], "SNR": 0.05, "name": "2ldb"}