{"loc": [4, 4, 7], "rotate": [2.6029152803837428, 2.224188642138643, 1.2109260057700393], "SNR": 0.05, "name": "2ldb"}