{"loc": [5, -1, 0], "rotate": [2.528528463545161, 0.30777822170897906, -0.29103012774147025], "SNR": 0.05, "name": "2ldb"}