{"loc": [-4, 1, 0], "rotate": [2.335200857727705, 1.1670853776153187, 0.09479555113195731], "SNR": 0.05, "name": "2ldb"}