{"loc": [7, -3, 3], "rotate": [2.709134847868591, 2.046558028344207, 1.2309396229363192], "SNR": 0.05, "name": "2ldb"}