{"loc": [-3, -3, 2], "rotate": [-2.4336066539135803, 0.5651067164036675, -1.5579840421290103], "SNR": 0.05, "name": "2ldb"}