{"loc": [-2, 4, -4], "rotate": [1.8732711597733793, 1.0470259525651315, 0.9632184836241833], "SNR": 0.05, "name": "2ldb"}