{"loc": [5, -6, 1], "rotate": [-2.3181467280433337, 0.8336786204186968, -1.8987160706114703], "SNR": 0.05, "name": "2ldb"}