{"loc": [-5, 3, 3], "rotate": [1.9771755215237357, 1.16565894649466, 1.008959163054847], "SNR": 0.05, "name": "2ldb"}