{"loc": [-7, -7, 6], "rotate": [2.714730366146516, 1.7940236784784593, 1.4643275576231078], "SNR": 0.05, "name": "2ldb"}