{"loc": [5, 1, -2], "rotate": [-2.8609274771236692, 0.7965414172614421, -1.565562390917172], "SNR": 0.05, "name": "2ldb"}