{"loc": [3, -2, 3], "rotate": [-2.8153271701770506, 2.571471645075251, 2.764502352697789], "SNR": 0.05, "name": "2ldb"}