{"loc": [4, 0, 0], "rotate": [2.4425793010073003, 1.371345151460581, 0.35769083472216456], "SNR": 0.05, "name": "2ldb"}