{"loc": [-6, 2, -1], "rotate": [2.2346800072671145, 0.7855306885925216, 0.3380147755460672], "SNR": 0.05, "name": "2ldb"}