{"loc": [2, -5, -7], "rotate": [-2.6707258771947617, 0.8821596605691375, -1.1598423563888176], "SNR": 0.05, "name": "2ldb"}