{"loc": [-4, -3, -5], "rotate": [2.2763025907734655, 1.3260641957250183, 0.7796662241846227], "SNR": 0.05, "name": "2ldb"}