{"loc": [-1, -6, -2], "rotate": [2.852568042249586, 0.8064734177953929, -0.5310727182233571], "SNR": 0.05, "name": "2ldb"}