{"loc": [-5, -7, 2], "rotate": [3.0374716759398845, 0.7702588449160716, -0.42921819458475097], "SNR": 0.05, "name": "2ldb"}