{"loc": [1, 1, -2], "rotate": [2.3025287321399204, 1.6220480986413977, 0.9866329228849708], "SNR": 0.05, "name": "2ldb"}