{"loc": [-1, 1, 5], "rotate": [2.450547352936704, 2.200734520135576, 0.9859196074108734], "SNR": 0.05, "name": "2ldb"}