{"loc": [5, -1, -2], "rotate": [2.317618684862247, 1.4674398895569276, 0.8190485514965835], "SNR": 0.05, "name": "2ldb"}