{"loc": [-7, 4, -6], "rotate": [-2.029339776464258, 2.090001894471695, -2.6532776757671246], "SNR": 0.05, "name": "2ldb"}