{"loc": [2, 2, -6], "rotate": [2.108506696226289, 0.9939275483244827, 0.002474236884571813], "SNR": 0.05, "name": "2ldb"}