{"loc": [-3, -6, -4], "rotate": [3.0450488982013746, 0.8837182817117477, -0.6659518519806779], "SNR": 0.05, "name": "2ldb"}