{"loc": [-7, 6, 4], "rotate": [-2.6511182951717593, 2.1237882731436644, 3.0935343118582512], "SNR": 0.05, "name": "2ldb"}