{"loc": [-7, 0, -5], "rotate": [2.1747825298805763, 1.2851648094858463, 0.565542827140128], "SNR": 0.05, "name": "2ldb"}