{"loc": [7, 0, 0], "rotate": [-2.0460955300519497, 1.0070874223460464, -2.2365761249246434], "SNR": 0.05, "name": "2ldb"}