{"loc": [-6, -5, 1], "rotate": [2.637948707577394, 2.0201887937496017, 1.754672175099832], "SNR": 0.05, "name": "2ldb"}