{"loc": [-5, 2, 5], "rotate": [-2.1471271705961894, 0.5475973256542277, -1.5170290469209886], "SNR": 0.05, "name": "2ldb"}