{"loc": [3, -2, -6], "rotate": [2.5053662026207375, 1.4532583423898437, 1.1177653080332157], "SNR": 0.05, "name": "2ldb"}