{"loc": [6, 6, 0], "rotate": [2.1396177510422962, 1.5151551381612307, 0.8653838150241705], "SNR": 0.05, "name": "2ldb"}