{"loc": [-1, -2, 6], "rotate": [2.1945372070960363, 1.1784109237960954, 0.5064345060162373], "SNR": 0.05, "name": "2ldb"}