{"loc": [3, -7, -7], "rotate": [-3.1007750423908527, 0.46647501245153933, -1.010974803577048], "SNR": 0.05, "name": "2ldb"}