{"loc": [-5, -1, 4], "rotate": [2.1758904909795658, 1.258294564529717, 0.32035799051645863], "SNR": 0.05, "name": "3hhb"}