{"loc": [4, 6, 6], "rotate": [-3.103209533959912, 0.3722069640749521, -0.46895869887159763], "SNR": 0.05, "name": "3hhb"}