{"loc": [0, -2, -5], "rotate": [2.137087103964661, 1.244108807430854, 0.8543707756129711], "SNR": 0.05, "name": "3hhb"}