{"loc": [-4, 3, 0], "rotate": [2.2758634038093932, 1.3021234545870555, 0.5776717365158359], "SNR": 0.05, "name": "3hhb"}