{"loc": [4, -4, -5], "rotate": [-2.0880984382538617, 0.8816209341183988, -2.2915657057834036], "SNR": 0.05, "name": "3hhb"}