{"loc": [-2, 0, 3], "rotate": [2.2099125389468677, 1.8059299237404907, 0.8175732386043669], "SNR": 0.05, "name": "3hhb"}