{"loc": [0, 1, 3], "rotate": [2.2883076887479787, 1.8643526592537591, 1.5498496985792438], "SNR": 0.05, "name": "3hhb"}