{"loc": [5, -1, -6], "rotate": [-2.7871799874751315, 0.9093312236964156, -1.4109425024964184], "SNR": 0.05, "name": "3hhb"}