{"loc": [-3, 0, 1], "rotate": [-1.933408049964403, 1.3517133186939145, -2.1701935627820137], "SNR": 0.05, "name": "3hhb"}