{"loc": [-3, -1, 6], "rotate": [-2.710798552536374, 1.3820676946687827, -1.6029591621708303], "SNR": 0.05, "name": "3hhb"}