{"loc": [-4, -5, 2], "rotate": [2.53475767024513, 0.8995452537156644, 0.45468241648253943], "SNR": 0.05, "name": "3hhb"}