{"loc": [5, -6, -7], "rotate": [-1.9298978059984568, 1.5671980092655087, -2.1473922490458666], "SNR": 0.05, "name": "3hhb"}