{"loc": [0, -4, 0], "rotate": [2.519673512501443, 0.9786689205741448, 0.08112745501898541], "SNR": 0.05, "name": "3hhb"}