{"loc": [7, -1, 3], "rotate": [2.5254877709553076, 2.000405501475366, 1.7664695560962327], "SNR": 0.05, "name": "3hhb"}