{"loc": [1, 3, -4], "rotate": [-2.303435468732451, 1.0423615221075104, -1.5935991440653217], "SNR": 0.05, "name": "3hhb"}