{"loc": [-5, -2, -2], "rotate": [2.4147155101781923, 2.017367946814584, 0.7118110737044466], "SNR": 0.05, "name": "3hhb"}