{"loc": [1, -7, -5], "rotate": [1.8610906681413624, 1.580588065745692, 0.7057937725249539], "SNR": 0.05, "name": "3hhb"}