{"loc": [-2, -3, -2], "rotate": [-2.8990427203996503, 1.0538329879008412, -1.111752867222957], "SNR": 0.05, "name": "3hhb"}