{"loc": [4, -1, 4], "rotate": [2.5247295758669424, 2.339251366252067, 1.5257706016848362], "SNR": 0.05, "name": "3hhb"}