{"loc": [4, 5, -7], "rotate": [2.30242796527719, 1.3951900322918944, 0.6810491464902613], "SNR": 0.05, "name": "3hhb"}