{"loc": [6, -2, 4], "rotate": [0.6746718609128355, 0.6165543641351495, -1.6616590759758867], "SNR": 0.05, "name": "3hhb"}