{"loc": [5, 1, 5], "rotate": [-2.4407725085765137, 0.7057712641490034, -1.6760531310807871], "SNR": 0.05, "name": "3hhb"}