{"loc": [4, 7, 3], "rotate": [2.413492168073014, 1.0072545806697564, -0.3544653596766524], "SNR": 0.05, "name": "3hhb"}