{"loc": [3, 4, 3], "rotate": [2.864461255059371, 0.35593732711577053, -0.4445805809793218], "SNR": 0.05, "name": "3hhb"}