{"loc": [6, 6, -5], "rotate": [2.735062095923135, 2.52412063660835, 1.6712226978654006], "SNR": 0.05, "name": "3hhb"}