{"loc": [4, -6, -5], "rotate": [2.991402081774319, 0.40643571829928066, -0.6112242226534115], "SNR": 0.05, "name": "3hhb"}