{"loc": [6, -6, 4], "rotate": [2.329562377917169, 1.1992443407468076, 0.512512643897087], "SNR": 0.05, "name": "3hhb"}