{"loc": [-1, 7, 5], "rotate": [-3.104017170182236, 0.5693893026873165, -0.7811001284859023], "SNR": 0.05, "name": "3hhb"}