{"loc": [-2, 5, 3], "rotate": [-2.194392623888318, 2.224085495336771, -2.7899539667152125], "SNR": 0.05, "name": "3hhb"}