{"loc": [0, 3, 1], "rotate": [-2.2118205979800356, 1.1477383132949472, -2.3666463288655804], "SNR": 0.05, "name": "3hhb"}