{"loc": [-2, 2, 0], "rotate": [2.4236859523803713, 0.885087546015044, 0.5649482505955694], "SNR": 0.05, "name": "3hhb"}