{"loc": [-4, -3, -7], "rotate": [3.1074172712149983, 0.7161938439461754, -0.48888112983468435], "SNR": 0.05, "name": "3hhb"}