{"loc": [-2, 4, -5], "rotate": [2.399487365137229, 0.8396535016627992, 0.503509443408993], "SNR": 0.05, "name": "3hhb"}