{"loc": [2, 5, 3], "rotate": [2.421766669593577, 1.6367495280015152, 1.5615693243821351], "SNR": 0.05, "name": "3hhb"}