{"loc": [7, -2, -1], "rotate": [2.305742006738102, 1.5947452914779656, 1.04298531653802], "SNR": 0.05, "name": "3hhb"}