{"loc": [4, -4, -3], "rotate": [-2.2563766540045895, 1.116783221646742, -1.9013992969910214], "SNR": 0.05, "name": "3hhb"}