{"loc": [3, 0, -1], "rotate": [2.4236689923102284, 1.160853427536191, 0.4260462731830158], "SNR": 0.05, "name": "3hhb"}