{"loc": [1, 0, 0], "rotate": [2.5025219849556297, 1.03062439796194, 0.19527757588629052], "SNR": 0.05, "name": "3hhb"}