{"loc": [-1, -5, 0], "rotate": [-2.4200897337522362, 2.162128257093317, -2.9820847823016607], "SNR": 0.05, "name": "3hhb"}