{"loc": [-7, 4, 7], "rotate": [2.229549588031194, 0.7740854326381073, 0.2035285327159626], "SNR": 0.05, "name": "3hhb"}