{"loc": [1, 4, -5], "rotate": [2.722896186716491, 1.4580860261396043, 0.5124531725435885], "SNR": 0.05, "name": "3hhb"}