{"loc": [4, -7, 1], "rotate": [-2.359409747852246, 0.7861210771427583, -1.9072150055118102], "SNR": 0.05, "name": "3hhb"}