{"loc": [4, -2, -7], "rotate": [2.1983859030344775, 1.6822619148978688, 0.69234053388626], "SNR": 0.05, "name": "3hhb"}