{"loc": [0, 4, 5], "rotate": [2.237496338101395, 1.6628800106324053, 0.2521017928816252], "SNR": 0.05, "name": "3hhb"}