{"loc": [-3, -6, -6], "rotate": [2.9185390335057946, 0.6613865835983703, -0.6281853150609255], "SNR": 0.05, "name": "3hhb"}