{"loc": [2, -3, 2], "rotate": [-2.199748205799574, 0.9873351653745627, -1.6945669798125134], "SNR": 0.05, "name": "3hhb"}