{"loc": [-2, 2, 6], "rotate": [2.6800581833341104, 0.8991865564423906, -0.40330015606269826], "SNR": 0.05, "name": "3hhb"}