{"loc": [-6, -3, -1], "rotate": [2.290611461512938, 1.4034685092438848, 0.5122788768255192], "SNR": 0.05, "name": "3hhb"}