{"loc": [-1, 3, 7], "rotate": [2.491556746616917, 0.35483299568707627, -0.274875166463925], "SNR": 0.05, "name": "3hhb"}