{"loc": [-7, 3, 0], "rotate": [-2.726454465418163, 0.3328245811404404, -1.2160450652962322], "SNR": 0.05, "name": "3hhb"}