{"loc": [-2, -1, 6], "rotate": [-2.0364350806567884, 1.2181309160415297, -2.1043213450335125], "SNR": 0.05, "name": "3hhb"}