{"loc": [-7, 7, 1], "rotate": [-2.6964014957499924, 0.44566661256585943, -1.2517783320158504], "SNR": 0.05, "name": "3hhb"}