{"loc": [6, -7, -5], "rotate": [2.2122910256282533, 1.2733995535977842, 0.5828307610338932], "SNR": 0.05, "name": "3hhb"}