{"loc": [3, -5, 5], "rotate": [1.9869687389556256, 1.8835429038337592, 0.5129895086324899], "SNR": 0.05, "name": "3hhb"}