{"loc": [-2, 2, 1], "rotate": [2.871654764810374, 2.7973387940309733, 2.2641001923848263], "SNR": 0.05, "name": "3hhb"}