{"loc": [2, 2, 6], "rotate": [2.0299702462488294, 1.0746092036519646, 0.5729133582300671], "SNR": 0.05, "name": "3hhb"}