{"loc": [2, -3, -2], "rotate": [-2.1663796142558995, 1.0352797301958625, -2.080299854763335], "SNR": 0.05, "name": "3hhb"}