{"loc": [2, 5, 0], "rotate": [-2.102425270848744, 0.5807859909944166, -1.9226558584961377], "SNR": 0.05, "name": "3hhb"}