{"loc": [6, -3, -2], "rotate": [1.8838062757549943, 1.6405732559154464, 0.6772717877324833], "SNR": 0.05, "name": "3hhb"}