{"loc": [2, 4, 0], "rotate": [2.3138087164553696, 0.8530715600614064, 0.3733739776140988], "SNR": 0.05, "name": "3hhb"}