{"loc": [-2, 4, 1], "rotate": [-2.667933268365972, 0.9858841754243556, -1.5555144780659393], "SNR": 0.05, "name": "3hhb"}