{"loc": [0, 7, 1], "rotate": [-2.5558600398601654, 1.1973190875083273, -2.039696789536169], "SNR": 0.05, "name": "3hhb"}