{"loc": [6, -7, -6], "rotate": [2.4733426795362545, 1.5805123706382098, 0.4859839720686844], "SNR": 0.05, "name": "3hhb"}