{"loc": [5, 4, 2], "rotate": [2.320899054658841, 0.7261326053721815, 0.11208182550351986], "SNR": 0.05, "name": "3hhb"}