{"loc": [-4, 5, 0], "rotate": [2.4100464810006983, 1.24714733834544, 0.7465218661390941], "SNR": 0.05, "name": "3hhb"}