{"loc": [-5, 3, 0], "rotate": [-2.241578571761602, 1.667121349312202, -2.2458256890674106], "SNR": 0.05, "name": "3hhb"}