{"loc": [6, 4, 5], "rotate": [3.030228287407243, 0.8939417962630922, -0.6259796507737292], "SNR": 0.05, "name": "3hhb"}