{"loc": [7, -7, -5], "rotate": [2.050756906252233, 1.6018805963313492, 0.7341789806158152], "SNR": 0.05, "name": "3hhb"}