{"loc": [3, -6, -7], "rotate": [2.2513848148573414, 1.9952660801375532, 0.830462040694096], "SNR": 0.05, "name": "3hhb"}