{"loc": [-5, -5, 7], "rotate": [2.510151831931794, 1.0059704393605289, 0.3043273726608243], "SNR": 0.05, "name": "3hhb"}