{"loc": [-3, 0, 7], "rotate": [-2.0561008282773714, 2.6098704511817026, 2.859070855441938], "SNR": 0.05, "name": "3hhb"}