{"loc": [0, 0, -2], "rotate": [2.1662621326130735, 1.3848535544888811, 1.0801401982130197], "SNR": 0.05, "name": "3hhb"}