{"loc": [4, -3, -1], "rotate": [-2.370015132561021, 1.774781754552307, -2.9282799744942913], "SNR": 0.05, "name": "3hhb"}