{"loc": [-3, 0, -6], "rotate": [2.025344934950659, 2.0687292456388104, 1.062594659528015], "SNR": 0.05, "name": "3hhb"}