{"loc": [-3, 3, -1], "rotate": [2.0773085224452807, 1.661346961060443, 1.0404081307453454], "SNR": 0.05, "name": "3hhb"}