{"loc": [7, -7, -7], "rotate": [-1.93609507079222, 1.5117162092916923, -2.6189443025278965], "SNR": 0.05, "name": "3hhb"}