{"loc": [7, -1, -1], "rotate": [2.4075794156938835, 1.5984605715446463, 0.5909679038722583], "SNR": 0.05, "name": "3hhb"}