{"loc": [-2, -1, -3], "rotate": [-1.9321368840615494, 0.5785248120487592, -2.212279803176876], "SNR": 0.05, "name": "3hhb"}