{"loc": [-4, -3, -2], "rotate": [2.7554297464309823, 0.9384095518669285, -0.37245485424924074], "SNR": 0.05, "name": "3hhb"}