{"loc": [-2, 3, 4], "rotate": [-2.618243050779517, 1.7063319878957124, -2.430403512825465], "SNR": 0.05, "name": "3hhb"}