{"loc": [2, -5, 3], "rotate": [2.012142819322476, 0.8975026295527779, 0.25606349998202266], "SNR": 0.05, "name": "3hhb"}