{"loc": [-1, -5, -6], "rotate": [-2.3375152375203934, 0.951793266917325, -1.4584335161308228], "SNR": 0.05, "name": "3hhb"}