{"loc": [-7, 5, -7], "rotate": [-1.8082735281828446, 1.8067169852443599, -3.10403443125602], "SNR": 0.05, "name": "3hhb"}