{"loc": [7, -2, -4], "rotate": [-2.9602579224688284, 2.418765913857747, 2.7458153899978104], "SNR": 0.05, "name": "3hhb"}