{"loc": [0, -5, 0], "rotate": [2.2856643557421696, 1.6194361527880528, 1.0361893161606266], "SNR": 0.05, "name": "3hhb"}