{"loc": [2, -4, -6], "rotate": [-2.3169193184948482, 0.8653668314172327, -1.8989827695856116], "SNR": 0.05, "name": "3hhb"}