{"loc": [-1, -1, 2], "rotate": [-2.3241416294495507, 0.5420590047278891, -1.6902463277355706], "SNR": 0.05, "name": "3hhb"}