{"loc": [2, -7, 2], "rotate": [2.4305892481663762, 1.1868988376685554, 0.8421831359499306], "SNR": 0.05, "name": "3hhb"}