{"loc": [-4, -5, -6], "rotate": [2.636428984413295, 0.6352117510790447, 0.002881918715377865], "SNR": 0.05, "name": "3hhb"}