{"loc": [-2, 2, -5], "rotate": [3.1102263334543503, 0.852454878397509, -1.0276878802790708], "SNR": 0.05, "name": "3hhb"}