{"loc": [0, 6, 5], "rotate": [2.9278313241513243, 0.8481856443215017, -0.42310823180380497], "SNR": 0.05, "name": "3hhb"}