{"loc": [-6, 1, 6], "rotate": [2.4420044905137015, 1.1549604741685153, 0.12082852232043706], "SNR": 0.05, "name": "3hhb"}