{"loc": [1, 1, -6], "rotate": [2.026784419168564, 1.8453757821099155, 0.6712689955387761], "SNR": 0.05, "name": "3hhb"}