{"loc": [0, -2, -5], "rotate": [-3.132558132132403, 0.914274867848277, -0.857599613616472], "SNR": 0.05, "name": "3hhb"}