{"loc": [1, -2, 3], "rotate": [-2.843294044844266, 0.25351095202025087, -1.582612166047461], "SNR": 0.05, "name": "3hhb"}