{"loc": [-7, -7, 0], "rotate": [2.459547656675289, 0.7143176505275721, -0.01289569618640115], "SNR": 0.05, "name": "3hhb"}