{"loc": [3, 2, -1], "rotate": [2.3324785045273426, 1.4565063314253237, 0.64040122524896], "SNR": 0.05, "name": "3hhb"}