{"loc": [6, 6, -6], "rotate": [2.869994946783512, 0.7718914082211211, -0.07819137350350057], "SNR": 0.05, "name": "3hhb"}