{"loc": [-4, 5, -5], "rotate": [2.3123682047415635, 2.0905811215383023, 1.1255680356449218], "SNR": 0.05, "name": "3hhb"}