{"loc": [2, 6, 4], "rotate": [-2.7567082325935237, 1.010076992962108, -1.58911743796618], "SNR": 0.05, "name": "3hhb"}