{"loc": [-6, 4, 3], "rotate": [-2.7706520971008, 0.7816939614722852, -1.3327783308534202], "SNR": 0.05, "name": "3hhb"}