{"loc": [-7, -5, 4], "rotate": [2.93120262396004, 0.9815627861274066, -0.021334121633887662], "SNR": 0.05, "name": "3hhb"}