{"loc": [5, 2, 0], "rotate": [2.5049631951549456, 0.7880083088650681, -0.23481058772795715], "SNR": 0.05, "name": "3hhb"}