{"loc": [0, -7, -4], "rotate": [2.5582005542988693, 0.7174509136957578, -0.43411910787885055], "SNR": 0.05, "name": "3hhb"}