{"loc": [-3, 5, 4], "rotate": [-2.452783251391572, 1.4275404030917673, -1.5739026079219787], "SNR": 0.05, "name": "3hhb"}