{"loc": [-4, -7, 5], "rotate": [-2.0637942342809086, 1.1465196361167422, -1.773096354987955], "SNR": 0.05, "name": "3hhb"}