{"loc": [-3, 4, 5], "rotate": [-2.2333450068454725, 0.7158814408047568, -2.036218621215804], "SNR": 0.05, "name": "3hhb"}