{"loc": [-4, -6, 2], "rotate": [-2.0165797795151437, 1.4095540104875701, -1.76711065800583], "SNR": 0.05, "name": "3hhb"}