{"loc": [5, 2, 7], "rotate": [1.9498283748854535, 1.5306681402927993, 0.6758828323653221], "SNR": 0.05, "name": "3hhb"}