{"loc": [-6, -6, -4], "rotate": [2.5107143614803253, 1.1374836065892016, -0.1479202271496555], "SNR": 0.05, "name": "3hhb"}