{"loc": [6, 4, -1], "rotate": [2.6000312234720293, 0.9281899649250908, 0.31321771874816956], "SNR": 0.05, "name": "3hhb"}