{"loc": [0, -7, 4], "rotate": [-2.1259728614348026, 1.8736907853993938, -2.4490228185744067], "SNR": 0.05, "name": "3hhb"}