{"loc": [0, -1, -3], "rotate": [-2.2667099893076785, 1.3990789230827492, -2.2868953242563044], "SNR": 0.05, "name": "3hhb"}