{"loc": [-7, -1, -7], "rotate": [2.2807596311012515, 1.5192656350202165, 0.98024512107549], "SNR": 0.05, "name": "3hhb"}