{"loc": [-5, 0, 1], "rotate": [2.1498520494991635, 1.0204646493741407, 0.4462161505579316], "SNR": 0.05, "name": "3hhb"}