{"loc": [-1, -1, -3], "rotate": [2.3962662695058046, 1.357920659645382, 0.33962052829897177], "SNR": 0.05, "name": "3hhb"}