{"loc": [-1, -1, 4], "rotate": [-2.4713881134989633, 1.2370182762410233, -2.0020107940307312], "SNR": 0.05, "name": "3hhb"}