{"loc": [-7, 5, -5], "rotate": [-2.1794367289735783, 1.0444518413001087, -2.0223420221522495], "SNR": 0.05, "name": "3hhb"}