{"loc": [-2, -6, 1], "rotate": [1.9991299660061634, 1.4777363523592477, 0.8689168594205761], "SNR": 0.05, "name": "3hhb"}