{"loc": [-5, -2, -2], "rotate": [2.4599679581187135, 0.7160610403204378, -0.060251301939222644], "SNR": 0.05, "name": "3hhb"}