{"loc": [4, 7, 6], "rotate": [-3.011462902845815, 0.7259188761807917, -1.3654099648580824], "SNR": 0.05, "name": "3hhb"}