{"loc": [-2, 3, -5], "rotate": [2.4468884594884126, 0.8143672223161088, 0.571420924549067], "SNR": 0.05, "name": "3hhb"}