{"loc": [4, 0, 5], "rotate": [2.3212501379098733, 1.6564076140699133, 0.6045595879347997], "SNR": 0.05, "name": "3hhb"}