{"loc": [-3, 0, 5], "rotate": [2.330538753844028, 1.5537761887087345, 0.8074677962663902], "SNR": 0.05, "name": "3hhb"}