{"loc": [-1, 3, 6], "rotate": [-2.154216762260858, 1.175472541351154, -2.6141658237848873], "SNR": 0.05, "name": "3hhb"}