{"loc": [-2, 4, 7], "rotate": [-2.435135781310203, 0.9114913229029072, -2.0204813146597855], "SNR": 0.05, "name": "3hhb"}