{"loc": [-7, -2, 1], "rotate": [-1.9600418702220141, 1.6114674881073963, -2.130870924076305], "SNR": 0.05, "name": "3hhb"}