{"loc": [-7, -2, 2], "rotate": [-2.468499703372301, 0.4213882248868462, -1.5726612563838498], "SNR": 0.05, "name": "3hhb"}