{"loc": [4, -1, -3], "rotate": [2.2589530104771933, 0.839962720429137, 0.20181609953789703], "SNR": 0.05, "name": "3hhb"}