{"loc": [-3, -2, 7], "rotate": [-2.869585964158691, 0.31733247155533445, -0.8023420217452144], "SNR": 0.05, "name": "3hhb"}