{"loc": [-7, 0, -2], "rotate": [-2.7055174571589156, 0.12414686783160422, -1.3034784876547856], "SNR": 0.05, "name": "3hhb"}