{"loc": [3, -6, -7], "rotate": [2.9212933177982627, 0.803406843891941, -0.20520561785928795], "SNR": 0.05, "name": "3hhb"}