{"loc": [7, -1, 7], "rotate": [2.835267225587365, 0.41068589098560154, -0.544531195147558], "SNR": 0.05, "name": "3hhb"}