{"loc": [6, -2, 0], "rotate": [-2.233169324754722, 0.9140452668777651, -1.7928251363998216], "SNR": 0.05, "name": "3hhb"}