{"loc": [3, -4, -5], "rotate": [2.491541286408517, 1.8214422270283595, 1.4729480140226914], "SNR": 0.05, "name": "3hhb"}