{"loc": [3, -3, -6], "rotate": [-2.5227450048024513, 1.1833562841955303, -2.017953595637288], "SNR": 0.05, "name": "3hhb"}