{"loc": [3, 1, -7], "rotate": [-1.921479311737106, 1.5655257069872737, -2.4853119181763725], "SNR": 0.05, "name": "3hhb"}