{"loc": [0, 2, -1], "rotate": [2.281429173066653, 1.5230556985615376, 0.6083430938516445], "SNR": 0.05, "name": "3hhb"}