{"loc": [-7, -7, -1], "rotate": [-2.6910370299607704, 1.0097310900437384, -1.4789184726565825], "SNR": 0.05, "name": "3hhb"}