{"loc": [-7, 0, 0], "rotate": [2.7820589088344923, 0.8750864212425343, 0.15876998763392372], "SNR": 0.05, "name": "3hhb"}