{"loc": [-4, -7, 1], "rotate": [1.273231313348647, 0.6795901113256027, -2.1532394516115914], "SNR": 0.05, "name": "3hhb"}