{"loc": [-1, -3, 1], "rotate": [-2.143826788130863, 1.181904342797641, -2.476061228140366], "SNR": 0.05, "name": "3hhb"}