{"loc": [3, -4, -2], "rotate": [-2.5971433673214244, 0.6477358906626021, -1.5896240776902562], "SNR": 0.05, "name": "3hhb"}