{"loc": [-5, -1, -1], "rotate": [2.2559585751174196, 1.8220416375862936, 0.518240446698878], "SNR": 0.05, "name": "3hhb"}