{"loc": [-5, 2, -2], "rotate": [-2.3556136099917175, 0.769553598099875, -1.5783046792393578], "SNR": 0.05, "name": "3hhb"}