{"loc": [-1, 2, -3], "rotate": [2.335909393409767, 1.2409277676226855, 0.2985903607139071], "SNR": 0.05, "name": "3hhb"}