{"loc": [-3, 3, -3], "rotate": [2.3531844819900383, 1.375265883194344, 0.22167821991525838], "SNR": 0.05, "name": "3hhb"}