{"loc": [4, 5, -2], "rotate": [2.9634293159613896, 2.705957223939002, 1.8828843662601646], "SNR": 0.05, "name": "3hhb"}