{"loc": [-2, -3, 6], "rotate": [2.6937204324048296, 1.120960008731558, -0.4696445032289736], "SNR": 0.05, "name": "3hhb"}