{"loc": [-5, -5, -2], "rotate": [2.7792406359457735, 0.8554935002595255, -0.49335768338516905], "SNR": 0.05, "name": "3hhb"}