{"loc": [-5, -5, -5], "rotate": [2.4348350728631036, 1.3008008496060066, -0.04716772583558246], "SNR": 0.05, "name": "3hhb"}