{"loc": [2, -6, -6], "rotate": [2.841209071593232, 0.8198149717968453, -0.47849235650901023], "SNR": 0.05, "name": "3hhb"}