{"loc": [4, 2, -7], "rotate": [-2.0715320705179883, 2.10953323847298, -2.8372398242628547], "SNR": 0.05, "name": "3hhb"}