{"loc": [6, 7, -3], "rotate": [2.8202264751655632, 0.70376326986372, -0.6089388245439331], "SNR": 0.05, "name": "3hhb"}