{"loc": [7, -3, -7], "rotate": [2.739653301560459, 2.317228676364866, 1.6711801955930101], "SNR": 0.05, "name": "3hhb"}