{"loc": [7, 2, -2], "rotate": [-2.225349621383883, 1.1566519446498076, -1.8905923067062256], "SNR": 0.05, "name": "3hhb"}