{"loc": [0, 4, 2], "rotate": [-2.4117136441696223, 1.3284377073805844, -1.6044875899021571], "SNR": 0.05, "name": "3hhb"}