{"loc": [2, 3, 0], "rotate": [2.906581080280243, 0.8151105215027608, 0.09531775368840151], "SNR": 0.05, "name": "3hhb"}