{"loc": [1, 0, 6], "rotate": [-2.2988775805524844, 0.9836627881991672, -2.1550008631129876], "SNR": 0.05, "name": "3hhb"}