{"loc": [-1, 5, 4], "rotate": [2.173483890388771, 1.412494179737714, 0.7578441788539245], "SNR": 0.05, "name": "3hhb"}