{"loc": [0, 0, -7], "rotate": [-3.0205174395934478, 0.7882729329635754, -0.9180522506760396], "SNR": 0.05, "name": "3hhb"}