{"loc": [4, 1, 6], "rotate": [2.3879109716850486, 0.9808654813275274, 0.5153689596740154], "SNR": 0.05, "name": "3hhb"}