{"loc": [-1, -6, 6], "rotate": [-1.8533992053357868, 1.2062113874981868, -2.8113702009068753], "SNR": 0.05, "name": "3hhb"}