{"loc": [-2, -7, 0], "rotate": [2.4442310305404646, 1.1389185316552033, 0.4603525765056966], "SNR": 0.05, "name": "3hhb"}