{"loc": [2, 3, 0], "rotate": [-2.2328796812731495, 0.6290865745880329, -1.9663938357031463], "SNR": 0.05, "name": "3hhb"}