{"loc": [0, -4, 2], "rotate": [-2.107221956536954, 0.929744817046712, -1.9811842504667456], "SNR": 0.05, "name": "3hhb"}