{"loc": [2, 5, 0], "rotate": [-2.7710149484653424, 0.7947345115496571, -1.1007961329473934], "SNR": 0.05, "name": "3hhb"}