{"loc": [-1, -4, -4], "rotate": [3.038808453747654, 0.6929908421428118, -0.41504591747708824], "SNR": 0.05, "name": "3hhb"}