{"loc": [5, -7, -1], "rotate": [2.1747915334069376, 0.9303666295449947, 0.43496501837815005], "SNR": 0.05, "name": "3hhb"}