{"loc": [-1, -6, -4], "rotate": [2.770776406800074, 1.1848348972056788, 0.253461912088624], "SNR": 0.05, "name": "3hhb"}