{"loc": [-7, 6, 0], "rotate": [2.3022848026132876, 1.5523189311420036, 0.7749405077045706], "SNR": 0.05, "name": "3hhb"}