{"loc": [2, 0, 6], "rotate": [3.0318192935827053, 0.9369702046055959, -0.8318580942070569], "SNR": 0.05, "name": "3hhb"}