{"loc": [5, 1, -1], "rotate": [2.569127945268383, 1.2377127852528873, 0.1957203657241331], "SNR": 0.05, "name": "3hhb"}