{"loc": [3, -7, 1], "rotate": [2.1638917409563585, 1.2700020304535586, 0.2674832575765883], "SNR": 0.05, "name": "3hhb"}