{"loc": [7, 0, -3], "rotate": [2.4088590343230063, 0.68931020061784, 0.21173044080873415], "SNR": 0.05, "name": "3hhb"}