{"loc": [-7, -4, -7], "rotate": [2.919901492212572, 1.0163669345119182, -0.3872390747360949], "SNR": 0.05, "name": "3hhb"}