{"loc": [-2, 1, 0], "rotate": [2.203872018799264, 1.4982950845218237, 0.7738079525683386], "SNR": 0.05, "name": "3hhb"}