{"loc": [2, -1, 1], "rotate": [-2.8872525985212962, 0.5380804524381658, -1.4283634328562371], "SNR": 0.05, "name": "3hhb"}