{"loc": [-1, -3, -2], "rotate": [-2.090783124528956, 1.7454273133591938, -2.863383911698703], "SNR": 0.05, "name": "3hhb"}