{"loc": [0, -4, 5], "rotate": [3.1288003663925177, 0.871081155126477, -0.4523780690509502], "SNR": 0.05, "name": "3hhb"}