{"loc": [3, 5, 7], "rotate": [2.174218404665647, 1.5569754511165435, 0.7944342744764149], "SNR": 0.05, "name": "3hhb"}