{"loc": [7, -3, -4], "rotate": [-2.5135257959674306, 0.7580896027298528, -1.902022585574873], "SNR": 0.05, "name": "3hhb"}