{"loc": [-1, 0, -2], "rotate": [1.906871086221048, 1.402805626303148, 0.2874158480937931], "SNR": 0.05, "name": "3hhb"}