{"loc": [4, -3, 4], "rotate": [-2.4358723262939352, 1.5057835944551043, -1.996401562967275], "SNR": 0.05, "name": "3hhb"}