{"loc": [-5, -2, -2], "rotate": [-2.403621892528778, 1.3664277092710586, -1.6609082330269012], "SNR": 0.05, "name": "3hhb"}