{"loc": [-2, -6, 1], "rotate": [2.421373769538542, 1.1061915316868849, 0.40455731797814276], "SNR": 0.05, "name": "3hhb"}