{"loc": [1, -6, 2], "rotate": [-2.345636846715958, 1.5121795472146302, -2.878333012996047], "SNR": 0.05, "name": "3hhb"}