{"loc": [-6, -7, 2], "rotate": [-2.1905251484571577, 0.4623589947866139, -1.8856282302065448], "SNR": 0.05, "name": "3hhb"}