{"loc": [-1, 6, 5], "rotate": [2.2224304379361395, 1.210535958130622, 0.6226908189818345], "SNR": 0.05, "name": "3hhb"}