{"loc": [7, 3, 7], "rotate": [-2.7196129432167786, 0.6692257339144227, -1.2275833730388965], "SNR": 0.05, "name": "3hhb"}