{"loc": [-4, 2, -1], "rotate": [2.1649258602331654, 1.716386645802676, 0.6414242237960865], "SNR": 0.05, "name": "3hhb"}