{"loc": [-2, -3, -7], "rotate": [2.354186000879809, 0.9048780923122342, 0.387649880984429], "SNR": 0.05, "name": "3hhb"}