{"loc": [0, 2, -4], "rotate": [-2.1330438289903153, 0.647722994284433, -2.366421863505987], "SNR": 0.05, "name": "3hhb"}