{"loc": [-3, -7, 1], "rotate": [3.070406073068218, 1.243827951950718, -0.6259822355181454], "SNR": 0.05, "name": "3hhb"}