{"loc": [2, -7, -5], "rotate": [-2.9420131747666587, 0.8033360806386242, -1.1970681274732073], "SNR": 0.05, "name": "3hhb"}