{"loc": [-5, -5, 1], "rotate": [2.174565985411646, 1.296169318934831, 0.5805529347867211], "SNR": 0.05, "name": "3hhb"}