{"loc": [-1, 0, 1], "rotate": [2.3758791747177477, 1.6789125340140743, 1.2369386594975353], "SNR": 0.05, "name": "3hhb"}