{"loc": [0, 6, -6], "rotate": [2.478470276823227, 0.8757394339779728, -0.24938630521151692], "SNR": 0.05, "name": "3hhb"}