{"loc": [-3, -5, -6], "rotate": [2.2141037526443954, 2.1624000180888983, 1.1182238108824551], "SNR": 0.05, "name": "3hhb"}