{"loc": [2, -3, -5], "rotate": [2.2898414988632205, 2.0999102527478497, 0.9727144393956679], "SNR": 0.05, "name": "3hhb"}