{"loc": [0, 0, 2], "rotate": [-2.462794477599191, 0.9522177627839483, -2.1553768131984365], "SNR": 0.05, "name": "3hhb"}