{"loc": [5, -4, 0], "rotate": [2.8907162615517477, 0.34166865324394347, -0.5151393855970623], "SNR": 0.05, "name": "3hhb"}