{"loc": [-4, 2, 5], "rotate": [-2.168995888247793, 1.2793612486062174, -2.395695696880298], "SNR": 0.05, "name": "3hhb"}