{"loc": [-6, 2, 3], "rotate": [-2.12797778595236, 1.7351514762541114, -2.2672479740818], "SNR": 0.05, "name": "3hhb"}