{"loc": [2, -6, 5], "rotate": [-2.068564142701252, 1.2012413292419373, -2.2091947519409785], "SNR": 0.05, "name": "3hhb"}