{"loc": [3, -3, -3], "rotate": [-2.010352597429753, 0.9980611483409257, -2.2341115490334893], "SNR": 0.05, "name": "3hhb"}