{"loc": [6, -5, 3], "rotate": [-2.6703032567938463, 0.7556986999411414, -1.5856420255941257], "SNR": 0.05, "name": "3hhb"}