{"loc": [-5, 0, -4], "rotate": [2.348642948869727, 1.8162412597925164, 1.1913663509152077], "SNR": 0.05, "name": "3hhb"}