{"loc": [0, 6, 7], "rotate": [-1.7980063188060618, 0.7556236006076364, -1.9988091634643508], "SNR": 0.05, "name": "3hhb"}