{"loc": [-6, -7, 2], "rotate": [-1.9402240207235377, 1.4204233366800951, -1.8879548785966893], "SNR": 0.05, "name": "3hhb"}