{"loc": [7, 0, 7], "rotate": [2.943801802633312, 1.0238356184162698, -0.3810833649366081], "SNR": 0.05, "name": "3hhb"}