{"loc": [-3, -5, -4], "rotate": [2.3683096750926054, 2.3081565177058225, 0.9470491719845319], "SNR": 0.05, "name": "3hhb"}