{"loc": [-5, 3, 6], "rotate": [2.3215901006413886, 2.2315223447338304, 1.0651593638059407], "SNR": 0.05, "name": "3hhb"}