{"loc": [-5, 7, -2], "rotate": [2.198614803327243, 0.8678306317173822, 0.05086998760522161], "SNR": 0.05, "name": "3hhb"}