{"loc": [-3, -4, -6], "rotate": [-2.284747381087014, 0.9180539579001031, -1.899888259944], "SNR": 0.05, "name": "3hhb"}