{"loc": [2, 3, 4], "rotate": [2.5074120971329585, 0.5167354343384568, -0.05111881914223047], "SNR": 0.05, "name": "3hhb"}