{"loc": [0, -1, 4], "rotate": [-2.51915276046189, 0.8552157411361402, -1.3082417525195609], "SNR": 0.05, "name": "3hhb"}