{"loc": [4, -2, -4], "rotate": [2.2362529250139653, 2.573097691296219, 1.3693474963248422], "SNR": 0.05, "name": "3hhb"}