{"loc": [1, -3, 5], "rotate": [2.0092896472509243, 1.603679180090195, 0.5760542455873905], "SNR": 0.05, "name": "3hhb"}