{"loc": [3, -5, 5], "rotate": [-2.961920281791199, 0.5734460692557093, -1.1424953937631206], "SNR": 0.05, "name": "3hhb"}