{"loc": [-1, 5, 3], "rotate": [-2.7603539782014415, 0.761251967059459, -1.3615863052893071], "SNR": 0.05, "name": "3hhb"}