{"loc": [-1, 5, -5], "rotate": [2.430351674635957, 1.3619093908773456, 0.8133468360382307], "SNR": 0.05, "name": "3hhb"}