{"loc": [6, 7, -5], "rotate": [-2.6229833103664024, 0.7305745282882758, -1.441997842363526], "SNR": 0.05, "name": "3hhb"}