{"loc": [7, -2, 6], "rotate": [-2.801203330158367, 0.7910470466359703, -1.5639404928320666], "SNR": 0.05, "name": "3hhb"}