{"loc": [3, 2, 5], "rotate": [2.140038718350885, 1.442951121881449, 0.1123026685938164], "SNR": 0.05, "name": "3hhb"}