{"loc": [-1, 7, 0], "rotate": [2.1606052881598177, 1.4187107337264537, 0.7580006360155765], "SNR": 0.05, "name": "3hhb"}