{"loc": [-5, 0, 5], "rotate": [2.4190343048373903, 1.358771559214372, 0.09879983724552041], "SNR": 0.05, "name": "3hhb"}