{"loc": [-6, -1, 3], "rotate": [2.8756012827878443, 1.6632018997561315, 1.3356249684136963], "SNR": 0.05, "name": "3hhb"}