{"loc": [6, -3, 5], "rotate": [-3.1120068213380128, 0.6214311655439355, -1.0454869654404526], "SNR": 0.05, "name": "3hhb"}