{"loc": [5, 3, 3], "rotate": [-2.4915141432180254, 1.1325978124116323, -1.824786758709769], "SNR": 0.05, "name": "3hhb"}