{"loc": [-4, 3, 3], "rotate": [2.8701885610362083, 0.9324630910941961, -0.6213178648256131], "SNR": 0.05, "name": "3hhb"}