{"loc": [-4, -6, -4], "rotate": [-2.3168840648624127, 1.9166738932916176, -2.9837999904215806], "SNR": 0.05, "name": "3hhb"}