{"loc": [5, 6, 6], "rotate": [-2.6851432983745473, 1.4677083506121835, -1.546484533177862], "SNR": 0.05, "name": "3hhb"}