{"loc": [-7, 7, -5], "rotate": [2.702099388372395, 0.8330649556825553, 0.4143553920540311], "SNR": 0.05, "name": "3hhb"}