{"loc": [7, -1, 0], "rotate": [2.2476476109637473, 1.0603835941419382, 0.7884487379753363], "SNR": 0.05, "name": "3hhb"}