{"loc": [-6, -4, 6], "rotate": [2.38404606161972, 0.6828474250561836, -0.027305307455509204], "SNR": 0.05, "name": "3hhb"}