{"loc": [2, 4, -7], "rotate": [-1.7910227940454986, 1.140676345260263, -2.690455832772316], "SNR": 0.05, "name": "3hhb"}