{"loc": [7, -5, 4], "rotate": [-2.6162816279258228, 2.1572753707195202, -3.0432665693232166], "SNR": 0.05, "name": "3hhb"}