{"loc": [4, -4, -1], "rotate": [-3.0926100228615026, 0.8478554197753497, -0.4402545201156794], "SNR": 0.05, "name": "3hhb"}