{"loc": [-6, 7, -2], "rotate": [-2.1685514811116695, 0.4962999708175233, -1.8682305418682361], "SNR": 0.05, "name": "3hhb"}