{"loc": [0, 6, 0], "rotate": [2.2608750606798784, 1.4263331398594978, 0.6036863817548097], "SNR": 0.05, "name": "3hhb"}