{"loc": [0, -7, 0], "rotate": [2.699171467562691, 0.6920746205966785, -0.16606825132772143], "SNR": 0.05, "name": "3hhb"}