{"loc": [3, 1, -6], "rotate": [2.3766654888595546, 1.7956964634720152, 1.3026276118978006], "SNR": 0.05, "name": "3hhb"}