{"loc": [-1, 0, 4], "rotate": [2.870352476507288, 1.3375424693173532, -0.2290009266692325], "SNR": 0.05, "name": "3hhb"}