{"loc": [7, 4, 0], "rotate": [2.2604528407716757, 1.4773942477779036, 0.7935163454336042], "SNR": 0.05, "name": "3hhb"}