{"loc": [5, -5, -6], "rotate": [2.2883088224840114, 1.5437316942532195, 0.9393715938783411], "SNR": 0.05, "name": "3hhb"}