{"loc": [-4, 4, -7], "rotate": [-2.742691853431964, 0.6739635167999801, -1.3313430979682146], "SNR": 0.05, "name": "3hhb"}