{"loc": [0, 4, -4], "rotate": [2.031885921874275, 1.7690483763355027, 1.2760573303246654], "SNR": 0.05, "name": "3hhb"}