{"loc": [-6, 1, 1], "rotate": [-2.7122442276325045, 1.9629440499092272, -2.8645596588003315], "SNR": 0.05, "name": "3hhb"}