{"loc": [3, -2, 1], "rotate": [2.8895273555834917, 2.80474302009173, 1.6422085645841233], "SNR": 0.05, "name": "3hhb"}