{"loc": [4, 4, -1], "rotate": [2.745316004618437, 0.9125608513920137, -0.0983552083126318], "SNR": 0.05, "name": "3hhb"}