{"loc": [4, 5, 2], "rotate": [-2.3880559301973787, 0.29747565045071583, -1.5307903561895635], "SNR": 0.05, "name": "3hhb"}