{"loc": [-4, 4, 7], "rotate": [2.533234100777646, 1.0202847203094751, 0.18396494158281124], "SNR": 0.05, "name": "3hhb"}