{"loc": [6, -3, 4], "rotate": [-3.0927617291502814, 0.6460144677341959, -0.8482225145488262], "SNR": 0.05, "name": "3hhb"}