{"loc": [-7, 7, -6], "rotate": [2.3253165443819177, 1.2777079005062644, 0.5280145095228106], "SNR": 0.05, "name": "3hhb"}