{"loc": [6, -1, -5], "rotate": [2.6045803668766796, 0.833706579251342, -0.17655631868111146], "SNR": 0.05, "name": "3hhb"}