{"loc": [-5, -6, -3], "rotate": [-2.348637293632807, 1.0858898866898292, -1.4727845211845143], "SNR": 0.05, "name": "3hhb"}