{"loc": [4, -6, 0], "rotate": [-2.8900109519423336, 2.3647019665494247, 2.704037504748075], "SNR": 0.05, "name": "3hhb"}