{"loc": [-2, -6, -7], "rotate": [2.7075734094203256, 0.49522492307028126, -0.6966160142380479], "SNR": 0.05, "name": "3hhb"}