{"loc": [-6, -4, 6], "rotate": [2.290823638170085, 1.3051098149059237, 0.5274210128194685], "SNR": 0.05, "name": "3hhb"}