{"loc": [2, 3, -4], "rotate": [-2.5238917323531984, 0.7190718747557643, -1.422936624707893], "SNR": 0.05, "name": "3hhb"}