{"loc": [-7, -6, 1], "rotate": [-2.5720924022364122, 1.327228726508446, -2.5216607761901884], "SNR": 0.05, "name": "3hhb"}