{"loc": [-4, 0, 0], "rotate": [-2.8901939493620428, 0.6612159813072288, -1.1495466898043556], "SNR": 0.05, "name": "3hhb"}