{"loc": [6, -1, -5], "rotate": [-1.9924087160927748, 1.3530238462088267, -2.2813448779081207], "SNR": 0.05, "name": "3hhb"}