{"loc": [-3, 6, 0], "rotate": [1.9011276723930717, 1.8599160032807642, 0.9246283933705209], "SNR": 0.05, "name": "3hhb"}