{"loc": [-3, 4, -5], "rotate": [2.9511811911032337, 0.6820574095179953, -0.4180469435838131], "SNR": 0.05, "name": "3hhb"}