{"loc": [0, 7, -1], "rotate": [0.03097470641326419, 0.3397370909566743, -0.8652071672457463], "SNR": 0.05, "name": "3hhb"}