{"loc": [0, 0, 2], "rotate": [2.804950652511657, 0.6727556554708377, -0.1986808941118775], "SNR": 0.05, "name": "3hhb"}