{"loc": [6, 2, -1], "rotate": [2.9721544471517376, 0.7022281679307265, -0.5178208369794738], "SNR": 0.05, "name": "3hhb"}