{"loc": [1, 0, 2], "rotate": [-2.3342213452878453, 1.2674481222312535, -2.246008799006793], "SNR": 0.05, "name": "3hhb"}