{"loc": [5, 3, -4], "rotate": [0.683347308729935, 2.2812093066085115, -2.9157262323909188], "SNR": 0.05, "name": "3hhb"}