{"loc": [7, 2, 0], "rotate": [-2.671931539556288, 0.7321812805255585, -1.4556879251401909], "SNR": 0.05, "name": "3hhb"}