{"loc": [-7, -3, -7], "rotate": [2.7412230825791286, 1.2402215778792147, -0.0419454180794108], "SNR": 0.05, "name": "3hhb"}