{"loc": [0, -3, 7], "rotate": [-2.0007118819874883, 1.1875621193420391, -2.2085594363782484], "SNR": 0.05, "name": "3hhb"}