{"loc": [-6, 5, 6], "rotate": [2.7223494769793777, 0.7611116452154032, -0.37448535931334953], "SNR": 0.05, "name": "3hhb"}