{"loc": [0, 0, -2], "rotate": [1.8383557106755386, 1.4694978503175948, 0.9299705152085987], "SNR": 0.05, "name": "3hhb"}