{"loc": [-7, 0, 7], "rotate": [-2.3634062084120893, 1.122186297898606, -2.0778907855710407], "SNR": 0.05, "name": "3hhb"}