{"loc": [7, 2, 4], "rotate": [3.0063218610349267, 0.8316376591338646, -0.43789335232916166], "SNR": 0.05, "name": "3hhb"}