{"loc": [-2, 0, -6], "rotate": [2.4761726477897783, 1.3517830381482783, 0.633811127665143], "SNR": 0.05, "name": "3hhb"}