{"loc": [-5, -1, -4], "rotate": [-2.393219143153663, 1.142049919577965, -1.937187229822626], "SNR": 0.05, "name": "3hhb"}