{"loc": [4, 2, -3], "rotate": [2.5703447923396596, 0.6042007023811151, -0.21016610709997802], "SNR": 0.05, "name": "3hhb"}