{"loc": [1, 3, 6], "rotate": [-2.666795219960001, 1.1352897188779587, -1.4357645561276235], "SNR": 0.05, "name": "3hhb"}