{"loc": [0, 5, -3], "rotate": [-2.2522428090371522, 1.001078643832916, -2.0729912816782217], "SNR": 0.05, "name": "3hhb"}