{"loc": [-4, -4, -4], "rotate": [2.1525022814699932, 1.3890332024558194, 0.5525249235417279], "SNR": 0.05, "name": "3hhb"}