{"loc": [0, -5, 5], "rotate": [-2.3103115968911894, 1.3689011399754396, -2.001029049252109], "SNR": 0.05, "name": "3hhb"}