{"loc": [-1, -4, 2], "rotate": [2.448320155143174, 1.14572984131458, 0.6979675337350576], "SNR": 0.05, "name": "3hhb"}