{"loc": [7, -7, -2], "rotate": [2.6626814079665024, 0.7669170873775557, -0.18383080677945415], "SNR": 0.05, "name": "3hhb"}