{"loc": [6, -7, 7], "rotate": [2.3713110999888514, 0.9875279657066434, 0.38603844459625575], "SNR": 0.05, "name": "3hhb"}