{"loc": [-1, 4, 7], "rotate": [2.1536712087115237, 1.8288056502129248, 1.2311364102168776], "SNR": 0.05, "name": "3hhb"}