{"loc": [-7, -2, 0], "rotate": [2.310488178268562, 2.1716445548787164, 1.5216097530956616], "SNR": 0.05, "name": "3hhb"}