{"loc": [4, -4, 1], "rotate": [2.877912959471316, 0.9309725769354326, -0.2790493777717479], "SNR": 0.05, "name": "3hhb"}