{"loc": [-6, -7, 4], "rotate": [-1.9997649084952034, 1.779685471951672, -2.5946735736020994], "SNR": 0.05, "name": "3hhb"}