{"loc": [-2, -5, -7], "rotate": [0.9751651127370115, 2.228518341744218, -2.6139248055800453], "SNR": 0.05, "name": "3hhb"}