{"loc": [6, -4, 6], "rotate": [2.594526662850411, 2.0261089698516277, 1.7241505028571258], "SNR": 0.05, "name": "3hhb"}