{"loc": [-7, -6, -2], "rotate": [2.5678548546105397, 1.5404217875961181, 0.07392391809712907], "SNR": 0.05, "name": "3hhb"}