{"loc": [6, 0, 3], "rotate": [2.551529132735747, 1.0022529844966066, -0.07632287547663526], "SNR": 0.05, "name": "3hhb"}