{"loc": [0, -7, 2], "rotate": [-2.0089321468895984, 1.1350168532392149, -2.269622052616883], "SNR": 0.05, "name": "3hhb"}