{"loc": [-5, 7, 0], "rotate": [1.9755061803095295, 1.2156593452787001, 0.6035863420573665], "SNR": 0.05, "name": "3hhb"}