{"loc": [4, -2, 4], "rotate": [2.686626211023114, 1.3315496287161943, 0.15571748792338988], "SNR": 0.05, "name": "3hhb"}