{"loc": [-3, 7, 0], "rotate": [2.1537353925149265, 0.8247318709907455, 0.480541330090088], "SNR": 0.05, "name": "3hhb"}