{"loc": [-7, 0, -1], "rotate": [3.007881405560269, 0.8311512005858465, -0.32159611966417856], "SNR": 0.05, "name": "3hhb"}