{"loc": [-2, -1, -1], "rotate": [-2.7352924771330236, 1.177871205080826, -1.5750436656864766], "SNR": 0.05, "name": "3hhb"}