{"loc": [7, -3, 4], "rotate": [-2.5558221293493446, 0.5493987028369949, -1.274365883124317], "SNR": 0.05, "name": "3hhb"}