{"loc": [5, -6, 0], "rotate": [2.6292318224880002, 0.6181427670038877, 0.22356589610220232], "SNR": 0.05, "name": "3hhb"}