{"loc": [-3, 2, -7], "rotate": [2.239094068145521, 1.5172761544662385, 0.3572690438801819], "SNR": 0.05, "name": "3hhb"}