{"loc": [1, 6, -1], "rotate": [-2.1875780409815206, 1.5529605507510413, -2.005826737338815], "SNR": 0.05, "name": "3hhb"}