{"loc": [-4, 6, -5], "rotate": [-2.2559486095414885, 0.5881993455113387, -1.9361127049115376], "SNR": 0.05, "name": "3hhb"}