{"loc": [-1, 1, 4], "rotate": [-2.5303113829271755, 1.4699140631376273, -1.993851457525992], "SNR": 0.05, "name": "3hhb"}