{"loc": [6, -3, 4], "rotate": [2.3489947174353456, 1.6613213419705928, 1.1655518569461873], "SNR": 0.05, "name": "3hhb"}