{"loc": [5, -6, 0], "rotate": [-0.4663597773314246, 0.8941832019416283, -0.4244572024460288], "SNR": 0.05, "name": "3hhb"}