{"loc": [-4, -7, 4], "rotate": [-2.3622427895549216, 0.7131604466224637, -1.4339248887712737], "SNR": 0.05, "name": "3hhb"}