{"loc": [6, -2, -6], "rotate": [-2.6137672638020115, 0.7950383162652244, -1.4029001275371025], "SNR": 0.05, "name": "3hhb"}