{"loc": [-6, 3, -6], "rotate": [-2.2696608916709966, 1.3754660821223397, -1.8632145183236846], "SNR": 0.05, "name": "3hhb"}