{"loc": [-7, -4, -7], "rotate": [2.5138775094528083, 1.5723454407342388, 0.6424231318554094], "SNR": 0.05, "name": "3hhb"}