{"loc": [0, -6, 0], "rotate": [1.8862494267379162, 2.7837875600676383, 1.479841533660857], "SNR": 0.05, "name": "3hhb"}