{"loc": [6, -5, -2], "rotate": [2.1662426735903386, 1.6998903271334058, 1.091542061824867], "SNR": 0.05, "name": "3hhb"}