{"loc": [2, -4, -6], "rotate": [2.4478421220932276, 1.4638104113279375, 0.532752774364472], "SNR": 0.05, "name": "3hhb"}