{"loc": [-6, -4, -4], "rotate": [-3.046045887820147, 0.6911887212972194, -1.2479933569371495], "SNR": 0.05, "name": "3hhb"}