{"loc": [-6, 7, -5], "rotate": [-1.8735939419249736, 1.2946455608795915, -2.521839393026203], "SNR": 0.05, "name": "3hhb"}