{"loc": [1, 0, 6], "rotate": [2.297084293149322, 1.146991733176203, -0.12584155710413597], "SNR": 0.05, "name": "3hhb"}