{"loc": [-1, -1, 0], "rotate": [-2.731743974681763, 0.9955961122995934, -1.6338484633317707], "SNR": 0.05, "name": "3hhb"}