{"loc": [-7, -5, 7], "rotate": [-1.9625018578963072, 1.0770623369715613, -2.386688681567779], "SNR": 0.05, "name": "3hhb"}