{"loc": [-3, 2, -3], "rotate": [2.136780214554032, 1.5782715628945954, 0.6543526929256311], "SNR": 0.05, "name": "3hhb"}