{"loc": [1, -4, 4], "rotate": [2.2212816669192663, 1.293848602651975, 0.4440607988699804], "SNR": 0.05, "name": "3hhb"}