{"loc": [-4, -6, 0], "rotate": [2.9025528265840004, 0.588749358163334, -0.8552131625635213], "SNR": 0.05, "name": "3hhb"}