{"loc": [-7, -7, 5], "rotate": [3.134478255618117, 0.7727947146573171, -0.3013873561811528], "SNR": 0.05, "name": "3hhb"}