{"loc": [-3, -6, -7], "rotate": [3.1394597189798215, 0.752370157338742, -0.976161632405473], "SNR": 0.05, "name": "3hhb"}