{"loc": [6, 7, 4], "rotate": [-2.1023083225783257, 0.9717743130413796, -2.015063495867025], "SNR": 0.05, "name": "3hhb"}