{"loc": [-4, 2, -2], "rotate": [2.3684856927482043, 1.4484316111158309, 0.8105412231081184], "SNR": 0.05, "name": "3hhb"}