{"loc": [-6, -4, -4], "rotate": [-2.3063984755045617, 0.8971417363711326, -1.9497324738424398], "SNR": 0.05, "name": "3hhb"}