{"loc": [-2, 0, 4], "rotate": [2.259767697283716, 1.636186960039238, 0.7074893642709241], "SNR": 0.05, "name": "3hhb"}