{"loc": [-6, -4, 7], "rotate": [1.968492535336323, 1.1966608852746505, 0.10745683765237626], "SNR": 0.05, "name": "3hhb"}