{"loc": [6, -5, -5], "rotate": [2.293572050990137, 0.8705518925256518, 0.5175541865742421], "SNR": 0.05, "name": "3hhb"}