{"loc": [5, 3, -5], "rotate": [-2.7348114372934655, 0.6850922915882273, -1.6283548711723306], "SNR": 0.05, "name": "3hhb"}