{"loc": [2, 1, 7], "rotate": [2.438724295440028, 0.801846143037543, 0.3183522210886938], "SNR": 0.05, "name": "3hhb"}