{"loc": [-7, 5, 3], "rotate": [2.3474923210100815, 2.27714347468624, 0.8526712094467799], "SNR": 0.05, "name": "3hhb"}