{"loc": [3, 4, -5], "rotate": [2.190922538699335, 1.5826459295390964, 0.7222485377769867], "SNR": 0.05, "name": "3hhb"}