{"loc": [-6, 0, 1], "rotate": [2.387514702610181, 1.4759163642374937, 1.1150653075446564], "SNR": 0.05, "name": "3hhb"}