{"loc": [0, 3, 0], "rotate": [2.0205873724826473, 1.4213715636997948, 0.6937757947055799], "SNR": 0.05, "name": "3hhb"}