{"loc": [-4, -4, -1], "rotate": [2.626464351819499, 0.8421730710775098, -0.11997477988113382], "SNR": 0.05, "name": "3hhb"}