{"loc": [-3, -7, 5], "rotate": [2.2871776220007973, 0.7261360645113495, 0.21168993372809727], "SNR": 0.05, "name": "3hhb"}