{"loc": [5, -4, -5], "rotate": [2.9493591334436684, 0.9411272286985797, -0.3012345743448707], "SNR": 0.05, "name": "3hhb"}