{"loc": [6, 2, -6], "rotate": [2.7936238959533726, 0.9730092707337573, -0.00033203317064619165], "SNR": 0.05, "name": "3hhb"}