{"loc": [4, 2, -5], "rotate": [2.991731284969022, 0.5192425090565168, -0.7139066261314314], "SNR": 0.05, "name": "3hhb"}