{"loc": [0, 7, 3], "rotate": [-1.9931962486440968, 1.2977823101344264, -2.5466865262441907], "SNR": 0.05, "name": "3hhb"}