{"loc": [2, 0, -4], "rotate": [2.881870574145932, 0.5408271446837349, -0.4340802627722048], "SNR": 0.05, "name": "3hhb"}