{"loc": [-6, 3, 1], "rotate": [2.136112783785323, 1.17189103259486, 0.6169929120090233], "SNR": 0.05, "name": "3hhb"}