{"loc": [5, 1, 0], "rotate": [-2.3750473551843974, 0.7104158193234339, -1.772608840262583], "SNR": 0.05, "name": "3hhb"}