{"loc": [1, 6, -4], "rotate": [2.456594051792618, 1.1676146233410605, 0.4802395307924297], "SNR": 0.05, "name": "3hhb"}