{"loc": [-7, -7, 2], "rotate": [2.2187459506014866, 1.8559868469962875, 1.0114779434145604], "SNR": 0.05, "name": "3hhb"}