{"loc": [6, -7, -7], "rotate": [2.063585426548563, 1.8250712622816558, 0.8112158415707187], "SNR": 0.05, "name": "3hhb"}