{"loc": [0, 1, 5], "rotate": [2.8151469387574646, 0.9490358738819219, -0.19428202779378412], "SNR": 0.05, "name": "3hhb"}