{"loc": [6, -2, -5], "rotate": [2.3436448588036054, 2.360167441078886, 1.271926468539894], "SNR": 0.05, "name": "3hhb"}