{"loc": [-5, -1, 2], "rotate": [2.8149568984251694, 0.8803215904301589, 0.04421228916623941], "SNR": 0.05, "name": "3hhb"}