{"loc": [-7, 0, 0], "rotate": [-2.1172693848754216, 1.6770648654025275, -2.304792289413794], "SNR": 0.05, "name": "3hhb"}