{"loc": [2, 3, 0], "rotate": [2.097580846020262, 1.758426729554376, 0.5082366983805173], "SNR": 0.05, "name": "3hhb"}