{"loc": [1, 2, -4], "rotate": [-2.228627835949351, 2.0635151113744183, -2.4484275306951018], "SNR": 0.05, "name": "3hhb"}