{"loc": [0, 4, 0], "rotate": [2.3809445276448304, 0.9221526272164053, 0.4146420948946385], "SNR": 0.05, "name": "3hhb"}