{"loc": [7, -7, -2], "rotate": [2.453446355685278, 1.8634459015552605, 1.2931025558631744], "SNR": 0.05, "name": "3hhb"}