{"loc": [-7, 1, 7], "rotate": [2.897931907674064, 1.0013288507523646, -0.5916731534451771], "SNR": 0.05, "name": "3hhb"}