{"loc": [-2, 2, 2], "rotate": [-3.094871665453494, 2.728503592189743, 2.4486984787118895], "SNR": 0.05, "name": "3hhb"}