{"loc": [5, 6, 4], "rotate": [-2.5736051343519386, 1.111709516627629, -1.858855425218921], "SNR": 0.05, "name": "3hhb"}