{"loc": [-4, -1, 5], "rotate": [-2.519516620769715, 0.150780958110983, -1.6621950988854002], "SNR": 0.05, "name": "3hhb"}