{"loc": [0, 0, 5], "rotate": [2.009171188490283, 1.2243467147635139, 0.7659670658546808], "SNR": 0.05, "name": "3hhb"}