{"loc": [4, -6, -7], "rotate": [-2.495207227917808, 2.3532566449799175, 2.847375094372263], "SNR": 0.05, "name": "3hhb"}