{"loc": [-7, 5, -6], "rotate": [-3.1019560097557073, 1.0545647706446664, -1.017254651199347], "SNR": 0.05, "name": "3hhb"}