{"loc": [-2, 0, 1], "rotate": [2.543479495825046, 1.0485269577536707, 0.13646288456960567], "SNR": 0.05, "name": "3hhb"}