{"loc": [2, 5, 0], "rotate": [-2.1021622706032153, 1.0775334921032325, -2.255130711399926], "SNR": 0.05, "name": "3hhb"}