{"loc": [3, -4, -4], "rotate": [2.2545819083633747, 1.6774105793503986, 0.8157127908968518], "SNR": 0.05, "name": "3hhb"}