{"loc": [-4, 2, -5], "rotate": [-2.6539115257153045, 1.6584086992852236, -2.7940113440079926], "SNR": 0.05, "name": "3hhb"}