{"loc": [6, -7, -3], "rotate": [-2.1005543330800154, 0.9623621150247577, -1.4811135505701405], "SNR": 0.05, "name": "3hhb"}