{"loc": [-6, -5, 0], "rotate": [-2.4123380490964985, 0.9407304435921956, -1.7607276827523166], "SNR": 0.05, "name": "3hhb"}