{"loc": [-5, -3, -7], "rotate": [-2.3780096064164153, 0.6702671022374906, -1.8136084648842603], "SNR": 0.05, "name": "3hhb"}