{"loc": [-3, 5, 3], "rotate": [2.1397538713973785, 1.4109663519684559, 0.6911344190870615], "SNR": 0.05, "name": "3hhb"}