{"loc": [-3, 6, 3], "rotate": [0.692243167887693, 0.9195801690734409, -1.7742358135727554], "SNR": 0.05, "name": "3hhb"}