{"loc": [-6, 0, -4], "rotate": [2.2362631718287287, 1.2182989576865368, 0.42710368227967693], "SNR": 0.05, "name": "3hhb"}