{"loc": [-1, 0, 0], "rotate": [-2.683185158082005, 0.7009602032404727, -1.808137468694702], "SNR": 0.05, "name": "3hhb"}