{"loc": [-4, -7, -7], "rotate": [-2.422932387632036, 1.117081641023398, -1.719477266472532], "SNR": 0.05, "name": "3hhb"}