{"loc": [1, 7, 3], "rotate": [-2.509128110537011, 1.1239532635254637, -1.9384182367310792], "SNR": 0.05, "name": "3hhb"}