{"loc": [0, 5, -5], "rotate": [2.139658702443094, 1.6698521695712853, 1.118695977197014], "SNR": 0.05, "name": "3hhb"}