{"loc": [-6, 0, 7], "rotate": [-2.575471161311535, 0.6270087513889301, -1.7140945824587313], "SNR": 0.05, "name": "3hhb"}