{"loc": [5, 3, 4], "rotate": [-2.547650575056629, 1.7957087769421192, -2.0154715925385536], "SNR": 0.05, "name": "3hhb"}