{"loc": [-5, -3, -5], "rotate": [-3.1088217631367003, 0.8262753512037443, -0.7993294021968222], "SNR": 0.05, "name": "3hhb"}