{"loc": [0, -6, 3], "rotate": [-2.143928806840286, 0.15175692814473754, -1.7033487520548123], "SNR": 0.05, "name": "3hhb"}