{"loc": [4, -4, 3], "rotate": [-1.9727257963626552, 1.0791243628251725, -2.2623819654894244], "SNR": 0.05, "name": "3hhb"}