{"loc": [6, -4, 1], "rotate": [-3.0646658407614646, 0.84600397155702, -1.3132151543721555], "SNR": 0.05, "name": "3hhb"}