{"loc": [7, -5, 6], "rotate": [-2.26799952767732, 0.5302180398148164, -1.9511936694417045], "SNR": 0.05, "name": "3hhb"}