{"loc": [-4, -1, -1], "rotate": [-2.3225052305823612, 1.898652005404123, -2.162682211836451], "SNR": 0.05, "name": "3hhb"}