{"loc": [7, 4, -4], "rotate": [-1.8159261875288069, 1.8798781424369908, -2.5468492470389674], "SNR": 0.05, "name": "3hhb"}