{"loc": [-6, 0, 4], "rotate": [2.4082058113686924, 0.7361885311737147, -0.1125317016304384], "SNR": 0.05, "name": "3hhb"}