{"loc": [0, -7, 0], "rotate": [2.8380368861378074, 0.6259151301720748, -0.1503251543165177], "SNR": 0.05, "name": "3hhb"}