{"loc": [1, 1, -3], "rotate": [2.4819544138878884, 0.6952625968394267, -0.29150171268665315], "SNR": 0.05, "name": "3hhb"}