{"loc": [-6, -6, -1], "rotate": [1.8839130538608841, 1.2633757461716995, 0.7528260024170383], "SNR": 0.05, "name": "3hhb"}