{"loc": [4, 0, 7], "rotate": [2.653008512532391, 0.6359103391316606, -0.17537891001539488], "SNR": 0.05, "name": "3hhb"}