{"loc": [-4, 0, 0], "rotate": [2.528572695604494, 1.895782345431896, 0.8289215106560068], "SNR": 0.05, "name": "3hhb"}