{"loc": [5, -2, -2], "rotate": [-2.473295597649459, 0.9173456967846905, -1.523389116480012], "SNR": 0.05, "name": "3hhb"}