{"loc": [0, -2, 2], "rotate": [-3.0464139416297935, 0.7348084206825657, -1.2494875257102571], "SNR": 0.05, "name": "3hhb"}