{"loc": [-3, -5, 1], "rotate": [-2.2285164127514183, 0.6051746820204784, -1.7070446906693713], "SNR": 0.05, "name": "3hhb"}