{"loc": [2, 4, 5], "rotate": [2.976113632296125, 2.7375059104117194, 2.326697951583195], "SNR": 0.05, "name": "3hhb"}