{"loc": [-3, -5, 5], "rotate": [-2.308013492566268, 0.9664076795814592, -1.9188721104119124], "SNR": 0.05, "name": "3hhb"}