{"loc": [4, 0, -4], "rotate": [2.800216557943014, 2.271965382285862, 1.6029088946783452], "SNR": 0.05, "name": "3hhb"}