{"loc": [4, 5, -3], "rotate": [2.200757371107562, 1.2552023247516293, 0.5212018380849184], "SNR": 0.05, "name": "3hhb"}