{"loc": [-6, 7, 5], "rotate": [2.6843154964480447, 0.5271424437234633, -0.14740836285152253], "SNR": 0.05, "name": "3hhb"}