{"loc": [-7, -3, 0], "rotate": [3.0734184831270714, 0.6485087587543978, -0.3726694645814372], "SNR": 0.05, "name": "3hhb"}