{"loc": [3, -1, -1], "rotate": [2.036268218063359, 0.8930706648122657, 0.6227075587536026], "SNR": 0.05, "name": "3hhb"}