{"loc": [4, -1, -7], "rotate": [2.4333885175172365, 1.4954397980743515, 0.5381142765448566], "SNR": 0.05, "name": "3hhb"}