{"loc": [7, 4, 4], "rotate": [2.370795342077896, 1.7825077453215403, 1.5695951225998215], "SNR": 0.05, "name": "3hhb"}