{"loc": [-4, 3, 3], "rotate": [1.9152318051114834, 1.0392467916747872, 0.8064396397791586], "SNR": 0.05, "name": "3hhb"}