{"loc": [3, 2, -2], "rotate": [2.7537708323434615, 0.5726487410681512, -0.21758638747222434], "SNR": 0.05, "name": "3hhb"}