{"loc": [1, 7, 6], "rotate": [2.1205525605472597, 1.7578116989914927, 0.31735966229308626], "SNR": 0.05, "name": "3hhb"}