{"loc": [2, 6, -3], "rotate": [-2.5521687446197614, 1.4653261586826423, -1.8700913355146127], "SNR": 0.05, "name": "3hhb"}