{"loc": [-1, 5, -6], "rotate": [2.068609641957448, 0.841518365952848, 0.6027357787119235], "SNR": 0.05, "name": "3hhb"}