{"loc": [-5, -7, 6], "rotate": [-2.402362543996573, 2.306436780542132, -2.813650860596144], "SNR": 0.05, "name": "3hhb"}