{"loc": [3, -3, 0], "rotate": [2.201044214829593, 0.6195523186022971, 0.4338637903277533], "SNR": 0.05, "name": "3hhb"}