{"loc": [-6, 0, -7], "rotate": [2.228025558266893, 0.7134866829151731, 0.2644457757212851], "SNR": 0.05, "name": "3hhb"}