{"loc": [0, -6, -6], "rotate": [2.2142030324474185, 1.3642490873428224, 0.6783167261147289], "SNR": 0.05, "name": "3hhb"}