{"loc": [0, 7, -7], "rotate": [-2.28240389481823, 1.7987487180335315, -2.6043558716346924], "SNR": 0.05, "name": "3hhb"}