{"loc": [5, 5, -3], "rotate": [-2.564936795963285, 1.2034084623762498, -1.7956612772463887], "SNR": 0.05, "name": "3hhb"}