{"loc": [-6, -5, -4], "rotate": [-2.319551200898104, 1.0392229600598548, -2.2077064751490107], "SNR": 0.05, "name": "3hhb"}