{"loc": [0, 5, -1], "rotate": [2.6010237776326957, 1.0457821545580217, -0.16638740302346536], "SNR": 0.05, "name": "3hhb"}