{"loc": [6, -2, -2], "rotate": [2.107440256765381, 1.481146860673783, 0.8154176956409817], "SNR": 0.05, "name": "3hhb"}