{"loc": [6, -3, 4], "rotate": [-1.846603717215632, 1.5551978924161283, -2.366462560322404], "SNR": 0.05, "name": "3hhb"}