{"loc": [3, 1, 0], "rotate": [2.4148237858836286, 1.0404159160228592, 0.26719230569556124], "SNR": 0.05, "name": "3hhb"}