{"loc": [0, -2, -4], "rotate": [-2.49716206858575, 1.3688262753068001, -1.718004975571657], "SNR": 0.05, "name": "3hhb"}