{"loc": [6, 3, 0], "rotate": [-2.6753747956617806, 0.8320288153223668, -2.0458377259174485], "SNR": 0.05, "name": "3hhb"}