{"loc": [2, 0, 4], "rotate": [-2.4322385707276535, 0.8457616936006197, -1.7561705139006212], "SNR": 0.05, "name": "3hhb"}