{"loc": [7, 7, 0], "rotate": [-3.1198838114954524, 0.7124292939861584, -0.9061043600387063], "SNR": 0.05, "name": "3hhb"}