{"loc": [6, -3, 4], "rotate": [-2.5585430194591434, 0.9110579186229706, -1.2386386686782789], "SNR": 0.05, "name": "3hhb"}