{"loc": [-5, 2, -2], "rotate": [2.1109919498386858, 0.7480848713160021, -0.0787452477766565], "SNR": 0.05, "name": "3hhb"}