{"loc": [-4, 5, -5], "rotate": [-2.545949750938945, 0.534744058897366, -1.4293230912925583], "SNR": 0.05, "name": "3hhb"}