{"loc": [0, -6, 3], "rotate": [-3.1389293718760536, 0.6585425318744663, -0.9213181173046], "SNR": 0.05, "name": "3hhb"}