{"loc": [-5, 5, -4], "rotate": [2.319984870692951, 0.6075029341999014, 0.07787371340763682], "SNR": 0.05, "name": "3hhb"}