{"loc": [-3, -5, 5], "rotate": [2.470102881790308, 0.9614785833373855, 0.46659723386340907], "SNR": 0.05, "name": "3hhb"}