{"loc": [-4, -3, -5], "rotate": [-2.6134391281200724, 2.2893963924428036, 2.7834663713930254], "SNR": 0.05, "name": "3hhb"}