{"loc": [-7, 1, 4], "rotate": [-2.3071963663119632, 0.25613004954290214, -2.124408875265961], "SNR": 0.05, "name": "3hhb"}