{"loc": [2, -6, 2], "rotate": [-1.9618347211323748, 1.329252614327924, -2.3542869977575345], "SNR": 0.05, "name": "3hhb"}