{"loc": [-5, -3, 7], "rotate": [2.642195767496114, 0.5532665449390409, -0.36393335855430864], "SNR": 0.05, "name": "3hhb"}