{"loc": [0, 0, -6], "rotate": [3.1221370758511053, 0.4651214205112535, -1.2089693860929793], "SNR": 0.05, "name": "3hhb"}