{"loc": [1, 3, -3], "rotate": [-2.3800656154446185, 2.405500074858409, 2.743501616855644], "SNR": 0.05, "name": "3hhb"}