{"loc": [7, 4, 0], "rotate": [-2.3954079860647863, 1.0997595204972976, -1.985324323684063], "SNR": 0.05, "name": "3hhb"}