{"loc": [3, 5, -4], "rotate": [-2.906364109895593, 0.9695084032178154, -1.100997947952099], "SNR": 0.05, "name": "3hhb"}