{"loc": [-2, -2, 1], "rotate": [2.335768315326826, 0.6124236609884772, 0.16566041091239453], "SNR": 0.05, "name": "3hhb"}