{"loc": [5, 5, -2], "rotate": [1.8950160765376747, 1.657409302115883, 0.4449211368178816], "SNR": 0.05, "name": "3hhb"}