{"loc": [6, -2, -1], "rotate": [2.054010959629101, 1.9049802824085267, 1.1460221772161183], "SNR": 0.05, "name": "3hhb"}