{"loc": [1, -7, 5], "rotate": [3.0318067259159562, 0.7684622558346581, -0.5763676648613746], "SNR": 0.05, "name": "3hhb"}