{"loc": [-2, 5, -6], "rotate": [2.3071326760226656, 1.6109883176288944, 0.08395620129242422], "SNR": 0.05, "name": "3hhb"}