{"loc": [7, 1, 5], "rotate": [2.772973575510112, 0.8149627324705855, -0.2447545497416525], "SNR": 0.05, "name": "3hhb"}