{"loc": [-3, -1, 4], "rotate": [0.22142315313512445, 0.723995829125971, -0.4092064428381164], "SNR": 0.05, "name": "3hhb"}