{"loc": [2, -3, 5], "rotate": [2.261186070008954, 1.2985550472203202, 0.24791775490759277], "SNR": 0.05, "name": "3hhb"}