{"loc": [-7, -2, -5], "rotate": [2.8783809311661384, 0.8731696654582047, -0.5720171208676776], "SNR": 0.05, "name": "3hhb"}