{"loc": [-6, -4, -7], "rotate": [2.5298238379624434, 0.8842137029683316, 0.06259277471073597], "SNR": 0.05, "name": "3hhb"}