{"loc": [2, -4, 4], "rotate": [1.9711171017799396, 0.5639308811463476, 0.3515923920094506], "SNR": 0.05, "name": "3hhb"}