{"loc": [-6, 2, 5], "rotate": [-2.711619331249479, 0.7686698875738543, -1.4541940985981674], "SNR": 0.05, "name": "3hhb"}