{"loc": [6, -4, -3], "rotate": [-2.4485153420940637, 2.1865289445379106, -2.821058303828896], "SNR": 0.05, "name": "3hhb"}