{"loc": [0, -5, 0], "rotate": [2.1051521125835433, 0.9521219729325778, 0.8829348273337316], "SNR": 0.05, "name": "3hhb"}