{"loc": [1, 6, -6], "rotate": [-2.5534144353274915, 1.3011349546399322, -1.755523286272979], "SNR": 0.05, "name": "3hhb"}