{"loc": [-1, -1, -1], "rotate": [-0.7576339936610842, 2.0093489498277672, 1.10251810482079], "SNR": 0.05, "name": "3hhb"}