{"loc": [-7, -1, -7], "rotate": [2.909708049732355, 0.43283555906684273, -0.5430874535052768], "SNR": 0.05, "name": "3hhb"}