{"loc": [7, -6, -3], "rotate": [-2.324283983681781, 0.8334971644652021, -1.7243395102891628], "SNR": 0.05, "name": "3hhb"}