{"loc": [-4, 5, 0], "rotate": [-2.314502060698, 1.3971705331040496, -2.338152179604759], "SNR": 0.05, "name": "3hhb"}