{"loc": [-4, -7, -6], "rotate": [2.185805146419725, 1.77950685996374, 0.9091837520205472], "SNR": 0.05, "name": "3hhb"}