{"loc": [-1, -3, -5], "rotate": [2.5735409070845976, 0.7312929621701605, 0.19684783915751286], "SNR": 0.05, "name": "3hhb"}