{"loc": [-1, 2, -2], "rotate": [1.9658372491261573, 1.314640100523199, 0.9308423899864368], "SNR": 0.05, "name": "3hhb"}