{"loc": [1, 1, -1], "rotate": [2.89352211503063, 1.1688178372467117, -0.0825418526242839], "SNR": 0.05, "name": "3hhb"}