{"loc": [6, 0, 3], "rotate": [-1.956354506250898, 1.3677102693626013, -2.0473202548105873], "SNR": 0.05, "name": "3hhb"}