{"loc": [5, -3, 0], "rotate": [-2.664539788002674, 0.8037521816513232, -1.302948812872385], "SNR": 0.05, "name": "3hhb"}