{"loc": [7, 0, 0], "rotate": [2.0882134485816026, 1.2601228587998676, 0.8581586626644909], "SNR": 0.05, "name": "3hhb"}