{"loc": [-4, 3, -3], "rotate": [2.07061488421589, 1.8566503892374318, 0.8855989831435122], "SNR": 0.05, "name": "3hhb"}