{"loc": [-6, 5, -6], "rotate": [-2.252196146531924, 1.222186131545548, -1.7513933083919637], "SNR": 0.05, "name": "3hhb"}