{"loc": [-4, 6, 1], "rotate": [2.230223115250825, 1.11258941826277, 0.3134907307127786], "SNR": 0.05, "name": "3hhb"}