{"loc": [-2, 1, 0], "rotate": [-1.864950259115179, 1.488996391887696, -2.230975503108554], "SNR": 0.05, "name": "3hhb"}