{"loc": [3, -2, -7], "rotate": [-1.9377993736462371, 2.792449122538259, -2.7294541631822367], "SNR": 0.05, "name": "3hhb"}