{"loc": [6, 2, -6], "rotate": [2.326340985896389, 1.125956741463162, 0.32753219794689103], "SNR": 0.05, "name": "3hhb"}