{"loc": [-6, 0, -4], "rotate": [-2.432727402025523, 2.008258353061673, 2.99617323385006], "SNR": 0.05, "name": "3hhb"}