{"loc": [3, -1, 6], "rotate": [1.9473598079856531, 0.8062351594882333, -0.06651308674654872], "SNR": 0.05, "name": "3hhb"}