{"loc": [-6, -4, -5], "rotate": [2.9135720433508947, 0.6698097246267635, -0.5295029420231617], "SNR": 0.05, "name": "3hhb"}