{"loc": [-2, 4, -2], "rotate": [-2.110998732107922, 1.1152307212762318, -1.9072196684807712], "SNR": 0.05, "name": "3hhb"}