{"loc": [3, 4, 2], "rotate": [2.2921434001752115, 1.4197105480102155, 0.9058928964822687], "SNR": 0.05, "name": "3hhb"}