{"loc": [6, 6, 3], "rotate": [-2.478850505037305, 2.979789190637954, -3.120245157806445], "SNR": 0.03, "name": "3hhb"}