{"loc": [6, -7, 0], "rotate": [2.656010227208211, 1.0635210926426009, 0.37919199200153547], "SNR": 0.03, "name": "3hhb"}