{"loc": [-1, 3, -1], "rotate": [-2.3591790553471617, 0.6883291485439827, -1.6709078115982257], "SNR": 0.03, "name": "3hhb"}