{"loc": [3, -1, -4], "rotate": [2.3577881819256974, 1.6019858345572306, 0.5192437262021732], "SNR": 0.03, "name": "3hhb"}