{"loc": [-1, -3, 6], "rotate": [-2.526550695594639, 0.8951061867646181, -1.2689196761223085], "SNR": 0.03, "name": "3hhb"}