{"loc": [4, 7, 7], "rotate": [-2.1149653928449488, 0.9895509305505059, -1.8390404746232247], "SNR": 0.03, "name": "3hhb"}