{"loc": [3, -4, 2], "rotate": [2.327463654073112, 1.5061350830363853, 0.6590906342255084], "SNR": 0.03, "name": "3hhb"}