{"loc": [0, -4, 1], "rotate": [3.1321257530769575, 0.9487612611856278, -0.858533568365125], "SNR": 0.03, "name": "3hhb"}