{"loc": [-2, 0, 0], "rotate": [2.638940672746274, 1.3095376705786195, 0.3258708014006026], "SNR": 0.03, "name": "3hhb"}