{"loc": [7, -3, 2], "rotate": [2.2869263646041045, 1.8622768804501957, 0.7000074439141636], "SNR": 0.03, "name": "3hhb"}