{"loc": [7, 6, 6], "rotate": [-2.3460318252301136, 2.155250069857566, -2.7920771911938744], "SNR": 0.03, "name": "3hhb"}