{"loc": [-3, 7, 0], "rotate": [2.416171205124315, 0.7426804511643847, -0.05230173943415514], "SNR": 0.03, "name": "3hhb"}