{"loc": [6, 0, -7], "rotate": [3.1046462193738624, 0.7459474182038807, -0.6949691473808518], "SNR": 0.03, "name": "3hhb"}