{"loc": [7, -3, -1], "rotate": [2.8904770037111613, 2.572570973041109, 2.015777503521792], "SNR": 0.03, "name": "3hhb"}