{"loc": [-6, 0, 0], "rotate": [2.847808215209622, 0.42887971467363234, -0.3503190132946857], "SNR": 0.03, "name": "3hhb"}