{"loc": [-6, 6, 1], "rotate": [1.9784393692566344, 0.5930603740355832, 0.777414559159441], "SNR": 0.03, "name": "3hhb"}