{"loc": [0, 0, -5], "rotate": [-2.2930148212029593, 0.6747133774183491, -1.7916561245801508], "SNR": 0.03, "name": "3hhb"}