{"loc": [-4, 3, -5], "rotate": [2.2607851310903126, 0.6197453675361292, -0.1570393218403048], "SNR": 0.03, "name": "3hhb"}