{"loc": [-6, 4, 6], "rotate": [-3.0480936527774647, 0.6236510081870662, -0.8324302974920454], "SNR": 0.03, "name": "3hhb"}