{"loc": [6, 0, -1], "rotate": [2.728177083160426, 0.9405876670078259, 0.058737815451822245], "SNR": 0.03, "name": "3hhb"}