{"loc": [1, 1, -6], "rotate": [2.214745850989738, 0.8664697129194072, -0.02987906865316683], "SNR": 0.03, "name": "3hhb"}