{"loc": [-7, -5, -7], "rotate": [-2.2424334827874834, 1.7231479659094646, -2.2842409778375186], "SNR": 0.03, "name": "3hhb"}