{"loc": [-3, 1, 0], "rotate": [2.641079022157411, 1.2565548367327704, 0.030864982931761598], "SNR": 0.03, "name": "3hhb"}