{"loc": [-6, -6, 6], "rotate": [-2.6652945219811413, 0.5259079868131425, -0.9476136209865293], "SNR": 0.03, "name": "3hhb"}