{"loc": [7, 7, 2], "rotate": [-2.1704873978665535, 1.0565986121760753, -2.0130653941890064], "SNR": 0.03, "name": "3hhb"}