{"loc": [5, 3, -2], "rotate": [-2.749995615848626, 0.9206842794265012, -1.5106454613602445], "SNR": 0.03, "name": "3hhb"}