{"loc": [0, 2, -2], "rotate": [2.853339629205185, 0.7065408087338257, -0.3652962861530786], "SNR": 0.03, "name": "3hhb"}