{"loc": [-7, -3, 4], "rotate": [1.8882176736220129, 1.6254670193166763, 0.999970740140866], "SNR": 0.03, "name": "3hhb"}