{"loc": [-5, 5, -2], "rotate": [2.313582140255844, 1.3677622478621894, 0.1532905074403089], "SNR": 0.03, "name": "3hhb"}