{"loc": [2, 2, 6], "rotate": [2.4596807931326894, 1.1101299770290323, 0.39174273921571884], "SNR": 0.03, "name": "3hhb"}