{"loc": [-4, 7, 5], "rotate": [2.34886844540977, 2.2320708094977952, 1.0917768577862823], "SNR": 0.03, "name": "3hhb"}