{"loc": [0, 3, 2], "rotate": [0.6419008447006527, 2.3177423777277024, -2.9409120272265468], "SNR": 0.03, "name": "3hhb"}