{"loc": [-6, 0, 0], "rotate": [1.877153848744039, 0.9531226949710733, 0.9037827133882372], "SNR": 0.03, "name": "3hhb"}