{"loc": [6, 4, 3], "rotate": [2.619954369886752, 0.7780816559835081, -0.21943877161901634], "SNR": 0.03, "name": "3hhb"}