{"loc": [-3, 6, 0], "rotate": [2.278363613187415, 0.8267583460559135, 0.4737716747100181], "SNR": 0.03, "name": "3hhb"}