{"loc": [1, 3, -4], "rotate": [2.273585141641249, 1.1098090628604473, 0.35203060559868965], "SNR": 0.03, "name": "3hhb"}