{"loc": [2, -5, -4], "rotate": [-3.068107730533849, 0.43061001566016566, -0.9901584218903617], "SNR": 0.03, "name": "3hhb"}