{"loc": [-4, -2, -4], "rotate": [-2.9047551306219908, 0.6660985400026653, -1.5184989088192906], "SNR": 0.03, "name": "3hhb"}