{"loc": [-4, 7, 0], "rotate": [-2.916180029859537, 0.7839476225190917, -0.7436162709035253], "SNR": 0.03, "name": "3hhb"}