{"loc": [3, 4, 3], "rotate": [-2.039971259453571, 0.7179613728529082, -1.931780753284573], "SNR": 0.03, "name": "3hhb"}