{"loc": [-2, 3, -3], "rotate": [-2.6767896413696697, 1.0323475510716316, -2.0847207361398827], "SNR": 0.03, "name": "3hhb"}