{"loc": [-6, -5, 0], "rotate": [-1.9196799498745765, 1.676816931381487, -2.3929692011438912], "SNR": 0.03, "name": "3hhb"}