{"loc": [0, 3, -6], "rotate": [2.3527605778663756, 1.5640141524252498, 1.4181632043919858], "SNR": 0.03, "name": "3hhb"}