{"loc": [5, 5, 3], "rotate": [2.7981719518981754, 0.5680386364446524, -0.10122173940075578], "SNR": 0.03, "name": "3hhb"}