{"loc": [1, -6, -3], "rotate": [-2.502629450466373, 0.32573737504430844, -1.348194722840782], "SNR": 0.03, "name": "3hhb"}