{"loc": [0, -5, -5], "rotate": [-2.283591075485767, 0.6290010529554966, -1.477352844330494], "SNR": 0.03, "name": "3hhb"}