{"loc": [3, -4, -5], "rotate": [-2.212606461480261, 2.137955202651255, -2.8220410911155547], "SNR": 0.03, "name": "3hhb"}