{"loc": [4, 6, 1], "rotate": [2.9533759852056516, 0.9912061966234421, -0.7659823876991351], "SNR": 0.03, "name": "3hhb"}