{"loc": [4, 1, -6], "rotate": [-2.8989660951207363, 0.7532924154026107, -0.9688681688652965], "SNR": 0.03, "name": "3hhb"}