{"loc": [5, -5, 4], "rotate": [2.812090978954925, 1.3943462509022766, 0.6281799081312437], "SNR": 0.03, "name": "3hhb"}