{"loc": [0, 3, -7], "rotate": [-2.6848073046613665, 0.622822927310134, -1.3495900164483499], "SNR": 0.03, "name": "3hhb"}