{"loc": [0, 6, 7], "rotate": [2.1617083813490514, 1.4125270631002103, 0.4174738753655401], "SNR": 0.03, "name": "3hhb"}