{"loc": [1, -3, 0], "rotate": [2.774939965804272, 0.21405620182281881, -0.5493674059461796], "SNR": 0.03, "name": "3hhb"}