{"loc": [3, 0, 6], "rotate": [2.714844554857165, 0.773595232840807, -0.2745831644994684], "SNR": 0.03, "name": "3hhb"}