{"loc": [2, -7, -4], "rotate": [-3.102797758234396, 0.7144300837822072, -0.9170220303392087], "SNR": 0.03, "name": "3hhb"}