{"loc": [2, -1, 0], "rotate": [1.9811123166888955, 1.6776604783978113, 0.5422861020718158], "SNR": 0.03, "name": "3hhb"}