{"loc": [-6, -5, 7], "rotate": [-1.9026113719227378, 0.8767272851584472, -2.071782678993183], "SNR": 0.03, "name": "3hhb"}