{"loc": [5, 5, -5], "rotate": [2.59959144055411, 1.0642616986390157, -0.0620961172143961], "SNR": 0.03, "name": "3hhb"}