{"loc": [-3, -2, 3], "rotate": [2.623928600786232, 0.5814455857521383, -0.08691536001146986], "SNR": 0.03, "name": "3hhb"}