{"loc": [7, -7, 2], "rotate": [1.9455081673748673, 1.0824270160998182, 0.5889766174519134], "SNR": 0.03, "name": "3hhb"}