{"loc": [4, -4, 0], "rotate": [1.0291432982456217, 1.9477172331395398, -2.181055187901664], "SNR": 0.03, "name": "3hhb"}