{"loc": [-7, 6, 6], "rotate": [2.5609875916919873, 0.6540872575504626, 0.18949065053867264], "SNR": 0.03, "name": "3hhb"}