{"loc": [6, 7, 7], "rotate": [3.036395892851822, 0.5363641540954351, -0.8634509537450025], "SNR": 0.03, "name": "3hhb"}