{"loc": [2, 6, -1], "rotate": [-2.7698552336848183, 2.439821046692139, 2.859469714669995], "SNR": 0.03, "name": "3hhb"}