{"loc": [4, 0, -6], "rotate": [2.46157814502957, 1.8944400719922243, 0.7972188846177949], "SNR": 0.03, "name": "3hhb"}