{"loc": [6, 1, 4], "rotate": [2.0905585780041234, 1.2921532858961626, 0.6335566690687653], "SNR": 0.03, "name": "3hhb"}