{"loc": [7, -5, 4], "rotate": [2.721970422103821, 0.6529143387691051, -0.1337688141108271], "SNR": 0.03, "name": "3hhb"}