{"loc": [2, 4, 4], "rotate": [-3.111761321835523, 0.7231364296290804, -0.5835715387887838], "SNR": 0.03, "name": "3hhb"}