{"loc": [-6, 6, -5], "rotate": [2.326257817827305, 2.0563613112214987, 1.3668351007009214], "SNR": 0.03, "name": "3hhb"}