{"loc": [0, -1, 0], "rotate": [-2.3878262250598814, 0.60298114322171, -1.4100806443484721], "SNR": 0.03, "name": "3hhb"}