{"loc": [0, 6, -5], "rotate": [-2.2173842644704123, 0.984073979249548, -2.1053100927940376], "SNR": 0.03, "name": "3hhb"}