{"loc": [-2, 1, -1], "rotate": [-2.0235839233498307, 0.25675171941927655, -1.7103425159492631], "SNR": 0.03, "name": "3hhb"}