{"loc": [4, 7, 2], "rotate": [-2.137074927938345, 1.9300911224777886, -2.8149727437158947], "SNR": 0.03, "name": "3hhb"}