{"loc": [-2, 0, -1], "rotate": [-2.092783479385936, 0.5634411407062457, -1.8686065695503928], "SNR": 0.03, "name": "3hhb"}