{"loc": [5, -4, 5], "rotate": [2.4142935548515245, 1.4924334527249827, 0.4855632909368709], "SNR": 0.03, "name": "3hhb"}