{"loc": [-2, 1, 7], "rotate": [-2.0971068892996345, 1.2307808608947497, -2.4277175374742375], "SNR": 0.03, "name": "3hhb"}