{"loc": [0, -2, 7], "rotate": [1.9284661742444638, 1.6689354661285223, 1.0324122856659133], "SNR": 0.03, "name": "3hhb"}