{"loc": [-6, -7, -1], "rotate": [2.889022046247277, 0.47614154739312536, -0.27828007582730613], "SNR": 0.03, "name": "3hhb"}