{"loc": [4, -3, 3], "rotate": [1.9518711546767697, 0.7877302563999136, -0.04211915423438456], "SNR": 0.03, "name": "3hhb"}