{"loc": [-2, -7, -2], "rotate": [2.351509200714941, 1.0888718178077614, 0.4517407333104028], "SNR": 0.03, "name": "3hhb"}