{"loc": [-6, 0, -4], "rotate": [2.3670133350861184, 0.8568803887327422, -0.10624057783457169], "SNR": 0.03, "name": "3hhb"}