{"loc": [-5, -3, -2], "rotate": [2.5326291196101876, 0.9025440588348725, -0.448174078097641], "SNR": 0.03, "name": "3hhb"}