{"loc": [-1, 4, -5], "rotate": [2.209376600808307, 1.203969950286654, 1.2105819179743664], "SNR": 0.03, "name": "3hhb"}