{"loc": [0, -2, 2], "rotate": [-2.260979285005405, 1.496577476841906, -2.17299335457859], "SNR": 0.03, "name": "3hhb"}