{"loc": [-4, 3, 4], "rotate": [-2.6237589463478974, 0.23196354275560224, -1.4726526529640747], "SNR": 0.03, "name": "3hhb"}