{"loc": [3, -4, -5], "rotate": [1.9500454050069758, 1.1071925085219319, 0.8556866011590558], "SNR": 0.03, "name": "3hhb"}