{"loc": [-2, -6, -4], "rotate": [2.3505813016822765, 2.0035553728185778, 0.8571879680749076], "SNR": 0.03, "name": "3hhb"}