{"loc": [-1, 0, 1], "rotate": [-2.5253753820031837, 1.19491714137426, -2.1767792420881906], "SNR": 0.03, "name": "3hhb"}