{"loc": [3, -3, -2], "rotate": [2.585726238296435, 0.7724967718796626, 0.35736144044308077], "SNR": 0.03, "name": "3hhb"}