{"loc": [-4, 3, -1], "rotate": [-3.0517285509640626, 0.9174777236509342, -0.988660201378184], "SNR": 0.03, "name": "3hhb"}