{"loc": [-7, 4, -4], "rotate": [0.7357360633760102, 2.3200009712053475, -2.781555875772363], "SNR": 0.03, "name": "3hhb"}