{"loc": [-4, 0, 3], "rotate": [2.8137692652051203, 0.7732522961681624, -0.506276458065987], "SNR": 0.03, "name": "3hhb"}