{"loc": [0, -1, 1], "rotate": [2.614660320151686, 2.0491377292734665, 1.5232090789780561], "SNR": 0.03, "name": "3hhb"}