{"loc": [-1, 7, 0], "rotate": [2.125050225161098, 1.4648636330076938, 1.030890712663004], "SNR": 0.03, "name": "3hhb"}