{"loc": [6, 6, 3], "rotate": [2.5483109663082146, 1.5173647188014927, 0.8450107641739197], "SNR": 0.03, "name": "3hhb"}