{"loc": [-1, 4, -7], "rotate": [2.666519762758, 0.909794209202853, -0.09031093565990188], "SNR": 0.03, "name": "3hhb"}