{"loc": [0, -1, -3], "rotate": [-1.92609437104522, 1.1859769479508948, -2.020960373127238], "SNR": 0.03, "name": "3hhb"}