{"loc": [-1, 0, -3], "rotate": [2.6558694040356032, 0.4956414240255971, -0.09700925437046153], "SNR": 0.03, "name": "3hhb"}