{"loc": [4, 0, 3], "rotate": [2.4806213743692247, 0.828325105168097, 0.0756414126155524], "SNR": 0.03, "name": "3hhb"}