{"loc": [-5, 0, 7], "rotate": [2.212616883595936, 1.3264316528245965, 1.2110498741686222], "SNR": 0.03, "name": "3hhb"}