{"loc": [7, -3, 4], "rotate": [-3.0776568951593144, 2.702253786506495, 2.383961984060706], "SNR": 0.03, "name": "3hhb"}