{"loc": [1, -6, 2], "rotate": [-2.3237154370572357, 0.7950060250099358, -1.633395283608552], "SNR": 0.03, "name": "3hhb"}