{"loc": [6, 1, 5], "rotate": [2.5861698410436125, 0.49853757967830037, -0.058214208391812385], "SNR": 0.03, "name": "3hhb"}