{"loc": [3, -6, -5], "rotate": [-2.361473731368141, 1.6408736568354265, -2.108694952164166], "SNR": 0.03, "name": "3hhb"}