{"loc": [4, 1, 0], "rotate": [2.398266683111582, 1.2857951004003303, 0.7695911484236834], "SNR": 0.03, "name": "3hhb"}