{"loc": [6, 0, -2], "rotate": [2.115641915907915, 1.6609248056962929, 1.0567604366563046], "SNR": 0.03, "name": "3hhb"}