{"loc": [4, -1, 2], "rotate": [-2.061822262699014, 1.1758125732795575, -2.105485770775797], "SNR": 0.03, "name": "3hhb"}