{"loc": [2, -7, 7], "rotate": [-1.998398731651742, 1.0230981267369508, -1.6063131601595388], "SNR": 0.03, "name": "3hhb"}