{"loc": [0, -1, 5], "rotate": [3.0410633861486334, 0.9308380823279312, -1.0158485511774522], "SNR": 0.03, "name": "3hhb"}