{"loc": [-5, -2, -4], "rotate": [2.573506213589449, 1.7555831974559342, 1.1483543866200483], "SNR": 0.03, "name": "3hhb"}