{"loc": [0, 5, -6], "rotate": [1.8067632885136722, 1.4591327323918026, 0.6953504296396071], "SNR": 0.03, "name": "3hhb"}