{"loc": [2, 7, 4], "rotate": [-0.041413251227597175, 0.24116602751502902, -0.1440905602348772], "SNR": 0.03, "name": "3hhb"}