{"loc": [2, 2, -7], "rotate": [1.8024096235915479, 0.9547219336099423, 0.2989344697038788], "SNR": 0.03, "name": "3hhb"}