{"loc": [3, -2, 6], "rotate": [-2.1933090905782158, 0.7591204693616211, -1.411491964431998], "SNR": 0.03, "name": "3hhb"}