{"loc": [0, 2, -1], "rotate": [-1.998428804308489, 0.677454376938992, -1.9916084423110658], "SNR": 0.03, "name": "3hhb"}