{"loc": [-4, -3, -3], "rotate": [2.696413121428569, 1.0057940923966626, -0.3558687744871532], "SNR": 0.03, "name": "3hhb"}