{"loc": [6, 0, -6], "rotate": [2.7230902419288525, 0.5481882545588145, -0.33526811094304637], "SNR": 0.03, "name": "3hhb"}