{"loc": [-6, 5, 4], "rotate": [-2.2544452042369776, 1.5465797116372166, -2.4568444334029964], "SNR": 0.03, "name": "3hhb"}