{"loc": [-3, 7, -7], "rotate": [2.2587896542450756, 0.534700079064202, 0.14721548368273413], "SNR": 0.03, "name": "3hhb"}