{"loc": [0, 1, 6], "rotate": [2.2016660853144066, 1.3286485810879236, 0.3172683360712391], "SNR": 0.03, "name": "3hhb"}