{"loc": [-4, 6, 1], "rotate": [2.338295520042768, 1.421517928728464, 0.44053616569832643], "SNR": 0.03, "name": "3hhb"}