{"loc": [4, 5, 1], "rotate": [2.2921557670958803, 1.0611430456362845, 0.27150130619526086], "SNR": 0.03, "name": "3hhb"}