{"loc": [4, -5, -7], "rotate": [2.2708967684756005, 1.8047347172123989, 0.78293143394085], "SNR": 0.03, "name": "3hhb"}