{"loc": [-3, 0, -6], "rotate": [-2.887019365128776, 0.9838111307221713, -1.1166341378211442], "SNR": 0.03, "name": "3hhb"}