{"loc": [-2, -6, 1], "rotate": [-2.3785648352321296, 1.2416936803305363, -1.565890168277024], "SNR": 0.03, "name": "3hhb"}