{"loc": [-5, -2, -4], "rotate": [3.037528727594692, 0.9630330298390503, -0.9256861480516413], "SNR": 0.03, "name": "3hhb"}