{"loc": [1, -3, -5], "rotate": [-3.1088951415683046, 0.22589961169231956, -1.1918870616413924], "SNR": 0.03, "name": "3hhb"}