{"loc": [-4, 2, -3], "rotate": [2.1407043965876946, 1.3323178020103024, 0.8256599723327417], "SNR": 0.03, "name": "3hhb"}