{"loc": [-3, -1, -2], "rotate": [2.1039501463703156, 1.4563094727875505, 1.1389580753140913], "SNR": 0.03, "name": "3hhb"}