{"loc": [-5, 0, 5], "rotate": [-2.6311531620510467, 1.0115422143214394, -1.5265827983098539], "SNR": 0.03, "name": "3hhb"}