{"loc": [-3, 5, 3], "rotate": [2.0974183177094865, 1.831371464119899, 0.7204545320317941], "SNR": 0.03, "name": "3hhb"}