{"loc": [-2, 4, -7], "rotate": [2.3575275967866016, 1.7885598586623395, 0.9214094817177433], "SNR": 0.03, "name": "3hhb"}