{"loc": [0, -2, 5], "rotate": [2.808074323936472, 0.773484251769666, -0.6809450961837212], "SNR": 0.03, "name": "3hhb"}