{"loc": [1, 0, -6], "rotate": [2.44554252637753, 0.6307482784056818, -0.0983129026639866], "SNR": 0.03, "name": "3hhb"}