{"loc": [-6, -2, -5], "rotate": [2.257700076283669, 1.4882077695035476, 0.9500756356187696], "SNR": 0.03, "name": "3hhb"}