{"loc": [0, -2, -4], "rotate": [-2.8285518566930303, 0.7495374758816219, -0.7479884714176542], "SNR": 0.03, "name": "3hhb"}