{"loc": [7, 4, 0], "rotate": [2.396278281970524, 0.4153643737606245, -0.09435048953260866], "SNR": 0.03, "name": "3hhb"}