{"loc": [0, 3, 6], "rotate": [-2.2500164258610442, 1.4567094790949064, -1.5555997216476747], "SNR": 0.03, "name": "3hhb"}