{"loc": [7, 0, -7], "rotate": [2.2610869018571074, 1.530242703121342, 0.787896633963074], "SNR": 0.03, "name": "3hhb"}