{"loc": [6, 4, 4], "rotate": [-2.066997728653778, 1.7675134001029709, -2.366707743684518], "SNR": 0.03, "name": "3hhb"}