{"loc": [-5, 5, 4], "rotate": [-2.3103072056667187, 0.8525080537478762, -2.037737660655528], "SNR": 0.03, "name": "3hhb"}