{"loc": [0, 0, 4], "rotate": [2.2960266795194113, 2.1324818710380073, 1.2664805827620857], "SNR": 0.03, "name": "3hhb"}