{"loc": [5, 0, -7], "rotate": [-3.0522026175515684, 0.6589756524206128, -0.5722311609441099], "SNR": 0.03, "name": "3hhb"}