{"loc": [0, 3, 5], "rotate": [2.168422513346904, 1.2098742101002409, -0.03434236851543832], "SNR": 0.03, "name": "3hhb"}