{"loc": [-4, 1, -7], "rotate": [2.394707574600436, 1.5703090446980947, 1.5130969951287119], "SNR": 0.03, "name": "3hhb"}