{"loc": [-2, -2, -4], "rotate": [-2.4092003990311945, 1.5511700458381568, -2.733154977649775], "SNR": 0.03, "name": "3hhb"}