{"loc": [-6, -7, -6], "rotate": [-2.279767480889687, 1.874034428102786, -2.6959107170250642], "SNR": 0.03, "name": "3hhb"}