{"loc": [4, -4, -7], "rotate": [-1.926067888335058, 1.133936686995641, -2.321741826686218], "SNR": 0.03, "name": "3hhb"}