{"loc": [-3, 4, -6], "rotate": [2.1976232479560394, 1.7166889336618139, 0.587505069359993], "SNR": 0.03, "name": "3hhb"}