{"loc": [3, -1, -7], "rotate": [-2.2587850992066074, 2.2363790510589614, -2.9587087479042298], "SNR": 0.03, "name": "3hhb"}