{"loc": [-6, -6, -4], "rotate": [2.523977517606522, 1.2512943257194158, 0.29592965516528025], "SNR": 0.03, "name": "3hhb"}