{"loc": [4, 6, -2], "rotate": [-2.289917052351678, 1.5269619060133097, -1.9925982232780397], "SNR": 0.03, "name": "3hhb"}