{"loc": [7, -5, 6], "rotate": [2.6307616227987807, 0.8590672425649585, -0.30204044053724055], "SNR": 0.03, "name": "3hhb"}