{"loc": [-7, 2, 7], "rotate": [-1.3141497899654024, 0.7123917706792079, 0.7727894475389966], "SNR": 0.03, "name": "3hhb"}