{"loc": [-1, 3, 2], "rotate": [3.137130155146925, 0.6261323583538888, -0.7819142228053622], "SNR": 0.03, "name": "3hhb"}