{"loc": [2, 6, -5], "rotate": [-2.815992277536803, 0.32697858755535175, -1.7130539333958084], "SNR": 0.03, "name": "3hhb"}