{"loc": [-2, 0, 1], "rotate": [2.112412941424651, 0.5232904050698873, 0.5640624730798438], "SNR": 0.03, "name": "3hhb"}