{"loc": [2, 5, 1], "rotate": [-2.956964567742077, 0.89520867815222, -0.6668675805115182], "SNR": 0.03, "name": "3hhb"}