{"loc": [-5, -4, -1], "rotate": [2.7867874143470424, 0.8811970148335765, 0.057122336116282486], "SNR": 0.03, "name": "3hhb"}