{"loc": [-7, 6, 6], "rotate": [2.3679173567777005, 0.9026790773044999, 0.19632828686589557], "SNR": 0.03, "name": "3hhb"}