{"loc": [-7, -7, 5], "rotate": [2.63401685642204, 1.4351268263841486, 0.43670597655848786], "SNR": 0.03, "name": "3hhb"}