{"loc": [-6, -7, -3], "rotate": [-2.1274079431079667, 0.9574414301927324, -1.881980657483839], "SNR": 0.03, "name": "3hhb"}