{"loc": [4, 0, -2], "rotate": [-2.077012449090593, 1.967339269358726, -2.6667304544240964], "SNR": 0.03, "name": "3hhb"}