{"loc": [6, 2, -3], "rotate": [-2.3528115222345183, 0.8435718540702458, -2.12088739934747], "SNR": 0.03, "name": "3hhb"}