{"loc": [-1, 4, 1], "rotate": [2.0353871261691996, 1.9381781956797255, 0.5826625558484767], "SNR": 0.03, "name": "3hhb"}