{"loc": [0, -7, 0], "rotate": [-2.08288114822208, 2.190554605747979, -2.6721785856002294], "SNR": 0.03, "name": "3hhb"}