{"loc": [-7, 3, 5], "rotate": [-2.2865449251674965, 1.011307561637166, -1.6045273029071032], "SNR": 0.03, "name": "3hhb"}