{"loc": [-2, -2, 7], "rotate": [2.315171238595661, 1.3153634197805757, 0.5490999009309334], "SNR": 0.03, "name": "3hhb"}