{"loc": [-7, -6, -6], "rotate": [-2.2151710645729046, 1.0482130862606456, -2.3619404252504848], "SNR": 0.03, "name": "3hhb"}