{"loc": [-7, -1, -7], "rotate": [-2.4652968761002, 1.490125788354275, -1.8454930584102012], "SNR": 0.03, "name": "3hhb"}