{"loc": [0, 0, -7], "rotate": [2.535339958869156, 2.670426073548727, 1.5805637910934467], "SNR": 0.03, "name": "3hhb"}