{"loc": [-2, 4, -2], "rotate": [1.786223698281856, 1.6006543026525406, 0.9009701555481648], "SNR": 0.03, "name": "3hhb"}