{"loc": [0, 5, 5], "rotate": [2.345108080008368, 1.4691863775037712, 1.2896278171819548], "SNR": 0.03, "name": "3hhb"}