{"loc": [4, -5, 1], "rotate": [-2.6132843327719617, 0.26030406661555955, -1.4311286576538318], "SNR": 0.03, "name": "3hhb"}