{"loc": [5, 0, 5], "rotate": [2.5167376268390727, 1.1046195340239737, 0.10943711101682457], "SNR": 0.03, "name": "3hhb"}