{"loc": [1, -4, -3], "rotate": [2.246912400416247, 0.9470572757992595, 0.168225529219199], "SNR": 0.03, "name": "3hhb"}