{"loc": [3, 0, 2], "rotate": [-2.5643258156815087, 2.5428065020526307, 2.740940006957997], "SNR": 0.03, "name": "3hhb"}