{"loc": [6, 1, 6], "rotate": [-2.223169353759983, 1.547400125133034, -2.535375469205841], "SNR": 0.03, "name": "3hhb"}