{"loc": [-5, -6, 2], "rotate": [-2.967972986122367, 0.7072358271418638, -1.0114841668360761], "SNR": 0.03, "name": "3hhb"}