{"loc": [-6, 5, 4], "rotate": [2.55586059111616, 1.3320822980572347, 0.3120481757599803], "SNR": 0.03, "name": "3hhb"}