{"loc": [0, 5, 6], "rotate": [2.130514944212677, 0.5239173101583805, 0.06960548483639283], "SNR": 0.03, "name": "3hhb"}