{"loc": [-6, -2, -6], "rotate": [2.485015819093313, 1.1615211087057828, 0.3135466876344377], "SNR": 0.03, "name": "3hhb"}