{"loc": [-2, 6, -6], "rotate": [-2.857422008446236, 0.7374240880902677, -1.0961401773475814], "SNR": 0.03, "name": "3hhb"}