{"loc": [-2, -2, 2], "rotate": [2.328692842886192, 0.9450070576117683, 0.21405488156201152], "SNR": 0.03, "name": "3hhb"}