{"loc": [0, 2, 0], "rotate": [2.224203703118382, 0.9658566770125355, 0.2549417445338348], "SNR": 0.03, "name": "3hhb"}