{"loc": [6, 7, -6], "rotate": [2.416069503046465, 1.2708481042404633, 0.36438489119737827], "SNR": 0.03, "name": "3hhb"}