{"loc": [-6, -2, 3], "rotate": [2.7041190779224342, 0.6122534345073836, -0.3637224024885075], "SNR": 0.03, "name": "3hhb"}