{"loc": [-2, 6, 1], "rotate": [-2.7370208272277217, 2.4512778063625618, 2.527529702689228], "SNR": 0.03, "name": "3hhb"}