{"loc": [-6, 7, -4], "rotate": [2.6857085548904363, 0.7018248923138867, 0.04314245124411187], "SNR": 0.03, "name": "3hhb"}