{"loc": [4, 4, -5], "rotate": [-2.2757579880546337, 2.269541687755782, -2.665982352077303], "SNR": 0.03, "name": "3hhb"}