{"loc": [-3, -7, 2], "rotate": [2.8156746653342766, 2.2613984557685747, 1.8260691163425524], "SNR": 0.03, "name": "3hhb"}