{"loc": [2, 3, 1], "rotate": [-2.619079515735301, 0.7803336104431952, -1.5252152804215846], "SNR": 0.03, "name": "3hhb"}