{"loc": [-6, 4, 2], "rotate": [2.9008384856765304, 0.8217309509570363, -0.3820967412413933], "SNR": 0.03, "name": "3hhb"}