{"loc": [0, -6, 3], "rotate": [2.753488205379275, 1.0896051601330154, -0.6653688971353664], "SNR": 0.03, "name": "3hhb"}