{"loc": [-1, 1, -4], "rotate": [2.60389277963201, 1.0786482292136197, 0.052250245315371056], "SNR": 0.03, "name": "3hhb"}