{"loc": [-2, 0, 3], "rotate": [1.8610809150488978, 0.9351535273306665, 0.6464626857561481], "SNR": 0.03, "name": "3hhb"}