{"loc": [3, -6, 2], "rotate": [-2.7589271362479644, 0.7386512434314512, -1.1394765386141108], "SNR": 0.03, "name": "3hhb"}