{"loc": [-4, -3, 3], "rotate": [-2.8136750223004463, 0.9662274201268053, -1.1854163176714296], "SNR": 0.03, "name": "3hhb"}