{"loc": [0, -4, 1], "rotate": [-2.8567012553432014, 0.3703271388549662, -1.4325123316064494], "SNR": 0.03, "name": "3hhb"}