{"loc": [2, -1, -7], "rotate": [2.8027019386996708, 2.6349936311835136, 2.0781812486407385], "SNR": 0.03, "name": "3hhb"}