{"loc": [7, -6, -6], "rotate": [2.528278513141532, 0.8636426052452724, -0.17427317551437338], "SNR": 0.03, "name": "3hhb"}