{"loc": [-3, 2, 5], "rotate": [2.3795362795407717, 1.152039315243472, 0.04543599795173578], "SNR": 0.03, "name": "3hhb"}