{"loc": [2, 5, 5], "rotate": [2.412419338634149, 1.3318638711847124, 0.3419715085784889], "SNR": 0.03, "name": "3hhb"}