{"loc": [3, 6, -1], "rotate": [-2.3994311551709853, 1.220746393100181, -1.6791088107092718], "SNR": 0.03, "name": "3hhb"}