{"loc": [0, 6, 1], "rotate": [2.581216222902074, 0.7745033439107007, -0.44031433479761534], "SNR": 0.03, "name": "3hhb"}