{"loc": [-2, 3, -1], "rotate": [2.4341629961151248, 0.906223329638955, 0.20757088946073082], "SNR": 0.03, "name": "3hhb"}