{"loc": [-7, -3, -5], "rotate": [0.791183381825112, 2.5048317635149937, -2.6754564185388934], "SNR": 0.03, "name": "3hhb"}