{"loc": [-3, -4, -1], "rotate": [3.10051596991953, 0.6278231384000059, -0.7443918013436378], "SNR": 0.03, "name": "3hhb"}