{"loc": [4, 4, 6], "rotate": [-2.3982046032833146, 1.6567604495339576, -2.2700948188447296], "SNR": 0.03, "name": "3hhb"}