{"loc": [2, 7, -4], "rotate": [-3.0959788342644017, 0.809296027807311, -0.754616342687978], "SNR": 0.03, "name": "3hhb"}