{"loc": [-4, -7, 5], "rotate": [2.6334472442019985, 1.477151601188277, 0.1961237736319086], "SNR": 0.03, "name": "3hhb"}