{"loc": [-6, 6, 4], "rotate": [2.5877771720950395, 0.9224531302317325, 0.12308871220388636], "SNR": 0.03, "name": "3hhb"}