{"loc": [5, -3, 4], "rotate": [2.7711294055741056, 0.5135548718303595, -0.3523347711844519], "SNR": 0.03, "name": "3hhb"}