{"loc": [6, 4, 0], "rotate": [-2.3285741409559635, 1.1248549251874043, -1.8887952976985112], "SNR": 0.03, "name": "3hhb"}