{"loc": [-6, -4, -3], "rotate": [2.2943690514813206, 1.115814406446507, 0.05486827875634355], "SNR": 0.03, "name": "3hhb"}