{"loc": [-1, 5, -4], "rotate": [2.1538636196326983, 0.9120774244919683, 0.1023401964839229], "SNR": 0.03, "name": "3hhb"}