{"loc": [3, 0, 4], "rotate": [2.47855115513946, 1.4825539783415431, 0.057201019046822905], "SNR": 0.03, "name": "3hhb"}