{"loc": [4, 1, 5], "rotate": [-2.5173091577264244, 1.006993151723717, -1.9305351443613954], "SNR": 0.03, "name": "3hhb"}