{"loc": [2, -2, 0], "rotate": [2.7799547684322405, 1.2795860910917227, 0.11684959611495598], "SNR": 0.03, "name": "3hhb"}