{"loc": [0, 6, 6], "rotate": [1.8699284804671485, 0.8142975874255214, 0.5874549135277054], "SNR": 0.03, "name": "3hhb"}