{"loc": [-6, 7, 4], "rotate": [-2.189927281012618, 2.4778560304468398, -2.76612070883316], "SNR": 0.03, "name": "3hhb"}