{"loc": [5, 5, 5], "rotate": [2.012795013941739, 1.0714361565760089, 0.8492243875118775], "SNR": 0.03, "name": "3hhb"}