{"loc": [-5, 0, -2], "rotate": [2.689396388710655, 0.8227658950975666, 0.44993028314249633], "SNR": 0.03, "name": "3hhb"}