{"loc": [2, 7, 3], "rotate": [2.4461701412846057, 2.051148237565946, 1.1335850617607608], "SNR": 0.03, "name": "3hhb"}