{"loc": [-5, 0, -4], "rotate": [-2.1237751980581376, 1.7650380635043865, -2.6164412605078016], "SNR": 0.03, "name": "3hhb"}