{"loc": [2, -1, 5], "rotate": [2.2339045132641515, 1.505861123400754, 0.7592505314983049], "SNR": 0.03, "name": "3hhb"}