{"loc": [-1, -4, 3], "rotate": [-2.3207873066215696, 0.6317230688235297, -1.6655530384177386], "SNR": 0.03, "name": "3hhb"}