{"loc": [7, -5, -2], "rotate": [2.322845422236198, 1.5982031111282389, 1.1889295663434343], "SNR": 0.03, "name": "3hhb"}