{"loc": [5, 0, -7], "rotate": [2.385719509040609, 1.1020231865456431, -0.1128874016551129], "SNR": 0.03, "name": "3hhb"}