{"loc": [0, 0, -7], "rotate": [2.684736630751404, 0.9753300018301064, -0.13010338980710145], "SNR": 0.03, "name": "3hhb"}