{"loc": [0, -4, 7], "rotate": [-2.9750909476805094, 0.7895011329435908, -0.7060472982121662], "SNR": 0.03, "name": "3hhb"}