{"loc": [-4, -7, 1], "rotate": [2.615537600565524, 1.043158059488583, -0.07949221725469706], "SNR": 0.03, "name": "3hhb"}