{"loc": [3, 3, 0], "rotate": [2.896598857592334, 0.7097891489952427, -0.45898705505708814], "SNR": 0.03, "name": "3hhb"}