{"loc": [7, -6, 3], "rotate": [-2.898803930593353, 0.6039636874063431, -1.0385117341350665], "SNR": 0.03, "name": "3hhb"}