{"loc": [4, -3, -1], "rotate": [-2.5636429818015793, 1.071841358366937, -1.6797467194513138], "SNR": 0.03, "name": "3hhb"}