{"loc": [0, 0, 5], "rotate": [2.5721599689400296, 0.8373756177781259, -0.08187805810640597], "SNR": 0.03, "name": "3hhb"}