{"loc": [1, -3, 0], "rotate": [2.5478649305847383, 1.1514838316073768, 0.13983751265853642], "SNR": 0.03, "name": "3hhb"}