{"loc": [2, 5, 3], "rotate": [-2.5285028733767287, 1.0070464938617005, -1.4786420962142677], "SNR": 0.03, "name": "3hhb"}