{"loc": [0, -1, -6], "rotate": [2.3529125812139577, 1.1598536709868306, 0.46536610747768004], "SNR": 0.03, "name": "3hhb"}