{"loc": [-2, 2, -2], "rotate": [-2.836502872656447, 0.9516549307342974, -0.969482148597324], "SNR": 0.03, "name": "3hhb"}