{"loc": [-7, -4, 0], "rotate": [2.55461613189203, 1.2052615260683543, 0.13336071606914968], "SNR": 0.03, "name": "3hhb"}