{"loc": [0, -2, 2], "rotate": [2.363032499791688, 0.8613804865230089, 0.3426443825304221], "SNR": 0.03, "name": "3hhb"}