{"loc": [4, -4, 5], "rotate": [2.814273950124413, 1.0674070101571838, -0.4408871653679649], "SNR": 0.03, "name": "3hhb"}