{"loc": [-1, -5, 3], "rotate": [2.234793909315907, 0.7878376012118304, -0.13390730255024055], "SNR": 0.03, "name": "3hhb"}