{"loc": [0, 0, 5], "rotate": [2.098777417759515, 1.3394560720564552, 0.7319281323083094], "SNR": 0.03, "name": "3hhb"}