{"loc": [-6, -4, -1], "rotate": [2.4270074262978745, 1.247124245351945, 0.15646923749751518], "SNR": 0.03, "name": "3hhb"}