{"loc": [7, -4, 3], "rotate": [2.461926190173863, 0.7826288405766136, -0.05245654117964419], "SNR": 0.03, "name": "3hhb"}