{"loc": [-2, -5, 1], "rotate": [-2.1627553819522194, 0.9845089935963877, -2.2108955367828016], "SNR": 0.03, "name": "3hhb"}