{"loc": [7, 2, -6], "rotate": [2.2147810657594196, 1.215036393693899, 0.5407828284612032], "SNR": 0.03, "name": "3hhb"}