{"loc": [-3, -5, 0], "rotate": [2.7407958373960795, 0.4406356505174909, -0.20001468271859849], "SNR": 0.03, "name": "3hhb"}