{"loc": [5, 1, -4], "rotate": [2.995885684087773, 0.5421227447234076, -0.6359409791012982], "SNR": 0.03, "name": "3hhb"}