{"loc": [2, 2, -6], "rotate": [-2.8126076931596145, 0.9626950718737589, -1.2885878446978851], "SNR": 0.03, "name": "3hhb"}