{"loc": [6, -7, -7], "rotate": [2.553699308614862, 1.3662259797057865, -0.04669887741230861], "SNR": 0.03, "name": "3hhb"}