{"loc": [0, 6, 4], "rotate": [-2.098681785204955, 1.5850942104010626, -2.6044847319484115], "SNR": 0.03, "name": "3hhb"}