{"loc": [6, -6, -5], "rotate": [2.309881828158666, 2.4241348129087146, 0.8673060308306462], "SNR": 0.03, "name": "3hhb"}