{"loc": [1, -1, 6], "rotate": [-1.7461060013893028, 1.607859437820199, -2.360751193502432], "SNR": 0.03, "name": "3hhb"}