{"loc": [-6, -2, -5], "rotate": [-2.1110003417341323, 1.602886722302948, -2.4821615028107735], "SNR": 0.03, "name": "3hhb"}