{"loc": [-5, 5, 6], "rotate": [2.5734463825533616, 1.4841105508516415, 0.8453294158375044], "SNR": 0.03, "name": "3hhb"}