{"loc": [4, -3, -2], "rotate": [2.266108026495672, 0.9267464162595714, 0.0781264444975318], "SNR": 0.03, "name": "3hhb"}