{"loc": [0, -3, 2], "rotate": [1.9820794859462123, 1.4408070236818582, 0.6702256121489801], "SNR": 0.03, "name": "3hhb"}