{"loc": [2, 4, 2], "rotate": [-2.375337549507227, 1.3935901584549977, -2.3058885338004984], "SNR": 0.03, "name": "3hhb"}