{"loc": [3, -5, 6], "rotate": [-2.18037946824648, 1.7845907779945447, -3.020241881614389], "SNR": 0.03, "name": "3hhb"}