{"loc": [3, 3, 0], "rotate": [-2.780885041172145, 0.9069122685564781, -1.323081443462612], "SNR": 0.03, "name": "3hhb"}