{"loc": [4, -5, -4], "rotate": [2.5864501124995547, 0.8329388932368537, -0.3467272972449968], "SNR": 0.03, "name": "3hhb"}