{"loc": [5, 1, -5], "rotate": [-2.258892676514956, 1.3506908755519627, -1.627640086147117], "SNR": 0.03, "name": "3hhb"}