{"loc": [-2, -5, 3], "rotate": [2.4857441013119024, 1.5524339703961942, 1.2359486616763729], "SNR": 0.03, "name": "3hhb"}