{"loc": [-3, 3, -3], "rotate": [2.76906884766053, 2.4649060924983344, 2.336792952074915], "SNR": 0.03, "name": "3hhb"}