{"loc": [-6, -6, 6], "rotate": [2.3199603560015314, 1.6018460339798783, 0.864886111236255], "SNR": 0.03, "name": "3hhb"}