{"loc": [6, -4, 3], "rotate": [-2.8060027172599273, 0.6103761955328222, -0.9712821647355613], "SNR": 0.03, "name": "3hhb"}