{"loc": [7, 1, 0], "rotate": [-2.3363757030107677, 1.2059657304316465, -2.0940351230585366], "SNR": 0.03, "name": "3hhb"}