{"loc": [0, 3, -4], "rotate": [2.2856058158151726, 2.2860631975793826, 1.645563487828107], "SNR": 0.03, "name": "3hhb"}