{"loc": [-5, 5, -2], "rotate": [-3.1148262546881718, 0.8804638520526586, -0.7497868552928997], "SNR": 0.03, "name": "3hhb"}