{"loc": [6, -2, -2], "rotate": [2.4600410889341098, 1.2993898014820338, 0.05628631051779708], "SNR": 0.03, "name": "3hhb"}