{"loc": [6, 6, 4], "rotate": [-2.921661326694172, 0.7838324646376077, -1.2428219094158646], "SNR": 0.03, "name": "3hhb"}