{"loc": [3, 1, 3], "rotate": [2.190699376452819, 1.6597653603658724, 0.5189694143274669], "SNR": 0.03, "name": "3hhb"}