{"loc": [5, -5, 0], "rotate": [1.9744770598258508, 1.4704332455628812, 0.5080658949125159], "SNR": 0.03, "name": "3hhb"}