{"loc": [-5, 6, 3], "rotate": [2.261818267586641, 0.9832813976206431, 0.43369846006874424], "SNR": 0.03, "name": "3hhb"}