{"loc": [5, 7, -7], "rotate": [2.612240226922909, 0.6337101537052262, -0.3093963307365429], "SNR": 0.03, "name": "3hhb"}