{"loc": [-5, -6, 5], "rotate": [-2.3736040206512836, 1.861531097252614, -2.487081761824905], "SNR": 0.03, "name": "3hhb"}