{"loc": [1, 3, -2], "rotate": [2.465134343694465, 0.8852111092170336, 0.12004656552391055], "SNR": 0.03, "name": "3hhb"}