{"loc": [-7, 1, -6], "rotate": [-2.9346568125567725, 1.0263880664604152, -1.2195883656451294], "SNR": 0.03, "name": "3hhb"}