{"loc": [0, 1, -2], "rotate": [2.900770431520056, 0.7495721446761632, -0.4155987183246886], "SNR": 0.03, "name": "3hhb"}