{"loc": [-2, 5, -2], "rotate": [-2.892542759220883, 0.6393873756661527, -1.0932364055699262], "SNR": 0.03, "name": "3hhb"}