{"loc": [7, -5, -5], "rotate": [2.2371288626039703, 0.8943413103111582, 0.5673306982064965], "SNR": 0.03, "name": "3hhb"}