{"loc": [-3, 3, 7], "rotate": [2.9344242496124613, 0.24043280060183803, -0.26504917029296843], "SNR": 0.03, "name": "3hhb"}