{"loc": [3, -3, -6], "rotate": [-3.0276275481431494, 2.912031306095037, 2.182705993193833], "SNR": 0.03, "name": "3hhb"}