{"loc": [0, 4, -3], "rotate": [-2.675378019172871, 0.8649698160959793, -1.4711650185362863], "SNR": 0.03, "name": "3hhb"}