{"loc": [0, -2, -3], "rotate": [-1.9871950540411019, 1.0887390724936228, -2.248206921125986], "SNR": 0.03, "name": "3hhb"}