{"loc": [5, -5, 5], "rotate": [2.3666579426728425, 1.3469023763597054, 0.9018317072327768], "SNR": 0.03, "name": "3hhb"}