{"loc": [4, -2, -6], "rotate": [2.690797149018634, 0.5055460682607724, -0.17397713807437795], "SNR": 0.03, "name": "3hhb"}