{"loc": [7, -1, 0], "rotate": [-2.6004377117294286, 0.524759142735175, -1.3537107085328284], "SNR": 0.03, "name": "3hhb"}