{"loc": [4, 1, -4], "rotate": [2.229847100014304, 0.9983339745879667, 0.27462228447122655], "SNR": 0.03, "name": "3hhb"}