{"loc": [2, 0, 3], "rotate": [2.6540268893939665, 0.8383920381812038, 0.5089303437777013], "SNR": 0.03, "name": "3hhb"}