{"loc": [0, 1, 0], "rotate": [-2.223811507848362, 0.7312031032342798, -1.7535251944660324], "SNR": 0.03, "name": "3hhb"}