{"loc": [0, -4, -5], "rotate": [2.4569263772932226, 2.18998486416751, 1.362576918584715], "SNR": 0.03, "name": "3hhb"}