{"loc": [-1, -5, -5], "rotate": [2.077847867507863, 1.7187307355307715, 0.8476278579067099], "SNR": 0.03, "name": "3hhb"}