{"loc": [7, -2, -4], "rotate": [2.332539789368046, 1.5374808436293665, 0.29838201656226937], "SNR": 0.03, "name": "3hhb"}