{"loc": [5, -2, 2], "rotate": [-2.4120023890978075, 0.8310117895224081, -1.4922740171337068], "SNR": 0.03, "name": "3hhb"}