{"loc": [0, -1, 2], "rotate": [2.73770859509706, 0.4239669718436947, -0.22999360627285084], "SNR": 0.03, "name": "3hhb"}