{"loc": [0, 3, -7], "rotate": [-2.9850574382344828, 0.7224683001307984, -0.8592668080097965], "SNR": 0.03, "name": "3hhb"}