{"loc": [1, 1, -4], "rotate": [2.7062925539761244, 2.5741055365992733, 1.716577851115118], "SNR": 0.03, "name": "3hhb"}