{"loc": [-2, -3, 1], "rotate": [-2.7232045147213566, 0.8848110506982647, -1.5452601730430056], "SNR": 0.03, "name": "3hhb"}