{"loc": [-1, -6, 4], "rotate": [-2.415417253744155, 1.3839496753232936, -2.7513349904756], "SNR": 0.03, "name": "3hhb"}