{"loc": [0, -2, 1], "rotate": [-2.026933014870383, 1.1720277119311955, -1.885077946291804], "SNR": 0.03, "name": "3hhb"}