{"loc": [7, 2, -1], "rotate": [-2.2644053128826487, 0.8972887592724378, -1.8072812719592284], "SNR": 0.03, "name": "3hhb"}