{"loc": [-3, -3, -7], "rotate": [2.8248324636653765, 0.8865793315796772, -0.9037298594786153], "SNR": 0.03, "name": "3hhb"}