{"loc": [-5, 3, 0], "rotate": [2.2981605584483176, 1.1691247182479696, 0.7135691431258588], "SNR": 0.03, "name": "3hhb"}