{"loc": [-7, 4, 0], "rotate": [2.663736442700453, 0.5676910883088708, -0.032158476431013376], "SNR": 0.03, "name": "3hhb"}