{"loc": [-1, -5, -7], "rotate": [2.2922625152569824, 1.3814948712381965, 1.1960448265597405], "SNR": 0.03, "name": "3hhb"}