{"loc": [0, 1, 4], "rotate": [2.6022619380116057, 1.288332687308666, -0.1477064367776283], "SNR": 0.03, "name": "3hhb"}