{"loc": [6, -3, 0], "rotate": [-2.3625687760767042, 1.2965921132064682, -2.1732653398680304], "SNR": 0.03, "name": "3hhb"}