{"loc": [-5, 5, -3], "rotate": [2.1293089113097623, 2.09776857870129, 0.8413333053760171], "SNR": 0.03, "name": "3hhb"}