{"loc": [1, 2, 5], "rotate": [-2.2180703474304724, 0.924294910857667, -1.5686928296078564], "SNR": 0.03, "name": "3hhb"}