{"loc": [6, 2, 4], "rotate": [2.271045842251854, 1.1188691628052936, 0.33920426328734093], "SNR": 0.03, "name": "3hhb"}