{"loc": [0, 2, 0], "rotate": [-1.9515803627856878, 1.1853424449906738, -2.3647671228598446], "SNR": 0.03, "name": "3hhb"}