{"loc": [6, 4, -5], "rotate": [2.3678130094440406, 1.1952095914006173, 0.5044115213103021], "SNR": 0.03, "name": "3hhb"}