{"loc": [-5, 0, 7], "rotate": [2.3691971659297217, 0.8775051150133161, 0.26732821809432455], "SNR": 0.03, "name": "3hhb"}