{"loc": [1, -2, -4], "rotate": [-2.3171808528447126, 1.1632380201508796, -2.284109596168571], "SNR": 0.03, "name": "3hhb"}