{"loc": [4, 1, 2], "rotate": [-2.3726717061735143, 0.848762969237398, -1.798443818454727], "SNR": 0.03, "name": "3hhb"}