{"loc": [3, -3, -1], "rotate": [2.531337827165838, 0.8360571448448547, 0.5677864993967999], "SNR": 0.03, "name": "3hhb"}