{"loc": [6, 6, 1], "rotate": [2.2797613392689233, 1.14002868026842, 0.2538206007263155], "SNR": 0.03, "name": "3hhb"}