{"loc": [5, 7, 2], "rotate": [2.197970399555789, 1.5792312571772003, 0.5516104613517872], "SNR": 0.03, "name": "3hhb"}