{"loc": [-2, -4, -1], "rotate": [2.6168731250345676, 2.250213760018721, 1.999975690885256], "SNR": 0.03, "name": "3hhb"}