{"loc": [1, 1, -2], "rotate": [2.1721917491242873, 0.67658206203852, 0.2080578846531252], "SNR": 0.03, "name": "3hhb"}