{"loc": [-3, 3, -5], "rotate": [2.3755353997129185, 1.5880491054353172, 0.9239660590557075], "SNR": 0.03, "name": "3hhb"}