{"loc": [0, 0, 0], "rotate": [2.115697145904081, 0.9421306608435562, 0.9130050406877009], "SNR": 0.03, "name": "3hhb"}