{"loc": [1, 0, 2], "rotate": [2.0428659567136265, 0.9503064596763463, 0.38917689595170796], "SNR": 0.03, "name": "3hhb"}