{"loc": [-5, 4, 5], "rotate": [2.1886997529913566, 0.9673220244703602, 0.37104126913864555], "SNR": 0.03, "name": "3hhb"}