{"loc": [0, -5, -7], "rotate": [2.719862275308569, 2.1977382816300928, 1.2759057167592547], "SNR": 0.03, "name": "3hhb"}