{"loc": [0, -6, 0], "rotate": [-1.8730334053590567, 1.5263065535101292, -1.670391953109213], "SNR": 0.03, "name": "3hhb"}