{"loc": [-4, 3, 0], "rotate": [-2.3910791963334983, 1.4751159246862642, -2.6589208744751875], "SNR": 0.03, "name": "3hhb"}