{"loc": [-2, 3, 7], "rotate": [2.085905709182638, 1.7205482372131653, 0.7139504475452298], "SNR": 0.03, "name": "3hhb"}