{"loc": [1, 0, 4], "rotate": [-3.12204615168205, 0.7433457024885929, -0.8538803184598546], "SNR": 0.03, "name": "3hhb"}