{"loc": [-4, -7, 6], "rotate": [2.1643132616508605, 1.50712992771174, 0.5852056961668185], "SNR": 0.03, "name": "3hhb"}