{"loc": [7, -5, -1], "rotate": [-1.7000990521359973, 0.8278796053502743, -1.9078927056455166], "SNR": 0.03, "name": "3hhb"}