{"loc": [-7, -6, 3], "rotate": [-2.114788042178537, 1.194628491973242, -2.214989282107774], "SNR": 0.03, "name": "3hhb"}