{"loc": [-3, -2, 3], "rotate": [2.3580660109691696, 0.2519459840662526, 0.062104390118310426], "SNR": 0.03, "name": "3hhb"}