{"loc": [-1, -3, 3], "rotate": [-2.313343269690193, 1.8158410059908414, -2.7531526025908675], "SNR": 0.03, "name": "3hhb"}