{"loc": [5, -6, -1], "rotate": [2.7550419978896596, 1.0829645826034797, 0.08466345108965016], "SNR": 0.03, "name": "3hhb"}