{"loc": [1, 2, 2], "rotate": [2.4610713618698745, 0.7248488755547774, -0.16747368709157026], "SNR": 0.03, "name": "3hhb"}