{"loc": [7, 3, 0], "rotate": [-2.0281795510573257, 1.450729504725955, -2.4806961844385125], "SNR": 0.03, "name": "3hhb"}