{"loc": [-5, -2, -7], "rotate": [2.5265224346565023, 0.8432854025771372, -0.2065452677421285], "SNR": 0.03, "name": "3hhb"}