{"loc": [0, 7, 5], "rotate": [2.011002273755064, 1.7611146639762025, 1.050257835486607], "SNR": 0.03, "name": "3hhb"}