{"loc": [0, 0, 0], "rotate": [2.262750606442882, 1.741981911077166, 0.9961310594523617], "SNR": 0.03, "name": "3hhb"}