{"loc": [6, -1, 2], "rotate": [-2.2610620002944546, 0.8347418109872157, -1.2441441928906685], "SNR": 0.03, "name": "3hhb"}