{"loc": [-7, 0, 3], "rotate": [2.2236059467906286, 0.6300528844209978, 0.14648735390707898], "SNR": 0.03, "name": "3hhb"}