{"loc": [1, 4, 0], "rotate": [2.022509964208697, 1.0799565852213862, 0.5512665877765098], "SNR": 0.03, "name": "3hhb"}