{"loc": [-6, 0, -7], "rotate": [2.3951793884814543, 1.62753071745702, 1.3450709894888466], "SNR": 0.03, "name": "3hhb"}