{"loc": [-7, 4, 2], "rotate": [-2.870223342154657, 0.5826097149906717, -1.1304840714773021], "SNR": 0.03, "name": "3hhb"}