{"loc": [4, 4, 7], "rotate": [-2.443985000931236, 0.7073099710611205, -2.0121440106421185], "SNR": 0.03, "name": "3hhb"}