{"loc": [-3, -7, -7], "rotate": [2.70106761811253, 0.8481329858139055, 0.0746203135063546], "SNR": 0.03, "name": "3hhb"}