{"loc": [-5, -5, -6], "rotate": [-2.2451415605083054, 1.9989762145187704, -2.6058595009623193], "SNR": 0.03, "name": "3hhb"}