{"loc": [-3, -4, -2], "rotate": [-2.4336293707587098, 1.0957443303299166, -2.0279118623892867], "SNR": 0.03, "name": "3hhb"}