{"loc": [4, -1, 0], "rotate": [2.055152770789334, 1.7231708021401204, 0.5327382619813975], "SNR": 0.03, "name": "3hhb"}