{"loc": [4, 0, 1], "rotate": [2.5569244750585987, 0.9930124995229332, 0.001593626166993591], "SNR": 0.03, "name": "3hhb"}