{"loc": [-2, 5, 7], "rotate": [2.048897083523453, 1.8557635224711235, 1.221316066106273], "SNR": 0.03, "name": "3hhb"}