{"loc": [-7, 0, 6], "rotate": [2.4532684143666734, 1.4383591809148621, 0.5586134744675141], "SNR": 0.03, "name": "3hhb"}