{"loc": [3, -6, -3], "rotate": [2.3796335488136795, 2.500842396035081, 1.3916052597076654], "SNR": 0.03, "name": "3hhb"}