{"loc": [-2, 1, -4], "rotate": [2.436049044363174, 1.1026887728086623, 0.3657005011901566], "SNR": 0.03, "name": "3hhb"}