{"loc": [0, -1, -4], "rotate": [2.22412603700655, 1.187956425063966, 0.7229112753483238], "SNR": 0.03, "name": "3hhb"}