{"loc": [-7, -3, -2], "rotate": [2.7736002699471385, 0.35707347158514346, -0.1132266854827575], "SNR": 0.03, "name": "3hhb"}