{"loc": [0, 0, 2], "rotate": [2.2748344467542756, 0.9398275988526006, -0.14218218320917173], "SNR": 0.03, "name": "3hhb"}