{"loc": [-1, 5, -4], "rotate": [1.9401016593044715, 1.0785928737066193, 0.5062378667697165], "SNR": 0.03, "name": "3hhb"}