{"loc": [4, 0, 7], "rotate": [3.0354074599324297, 0.44773648241215475, -0.7967967922677834], "SNR": 0.03, "name": "3hhb"}