{"loc": [2, 6, -2], "rotate": [2.332422521103873, 1.9537954299028246, 1.1127997318929912], "SNR": 0.03, "name": "3hhb"}