{"loc": [2, -2, 2], "rotate": [2.707727148539986, 1.2476515396606471, 0.23533942235430175], "SNR": 0.03, "name": "3hhb"}