{"loc": [0, 1, 6], "rotate": [-1.8585465355075634, 1.0077853767532465, -2.345259407397079], "SNR": 0.03, "name": "3hhb"}