{"loc": [3, 4, 3], "rotate": [2.226964490102284, 1.1243706767364465, 0.2345128857616092], "SNR": 0.03, "name": "3hhb"}