{"loc": [-3, -4, -3], "rotate": [-2.1960907671044114, 0.6354671414960636, -2.232685756545057], "SNR": 0.03, "name": "3hhb"}