{"loc": [1, -5, -5], "rotate": [2.9721308905498494, 0.7393778481177946, -0.6031829276277864], "SNR": 0.03, "name": "3hhb"}