{"loc": [7, -3, 7], "rotate": [2.55083872325575, 1.9908357469533664, 1.641861427462297], "SNR": 0.03, "name": "3hhb"}