{"loc": [-5, 0, -4], "rotate": [-2.7483249972460126, 0.6879151420031668, -1.2815433125435858], "SNR": 0.03, "name": "3hhb"}