{"loc": [-6, 0, 0], "rotate": [-2.3020683375959976, 2.219580695961377, -2.517057486342352], "SNR": 0.03, "name": "3hhb"}