{"loc": [1, 2, 7], "rotate": [-2.1128165682886557, 1.1864536022582313, -2.2455958593832457], "SNR": 0.03, "name": "3hhb"}