{"loc": [-4, -2, 3], "rotate": [-2.424193631101492, 2.4596585023177675, -3.035402433865833], "SNR": 0.03, "name": "3hhb"}