{"loc": [-4, 7, -3], "rotate": [-2.95519381525873, 0.6862969298233768, -1.0070222244577283], "SNR": 0.03, "name": "3hhb"}