{"loc": [-1, 6, 2], "rotate": [2.0892069865866953, 1.3571764560270008, 0.2619720670393968], "SNR": 0.03, "name": "3hhb"}