{"loc": [0, -5, 4], "rotate": [-2.102326002638473, 0.9187472068627521, -2.1882533106686024], "SNR": 0.03, "name": "3hhb"}