{"loc": [-2, -6, -6], "rotate": [2.1871932212806757, 1.4948818843827743, 1.0285918461528607], "SNR": 0.03, "name": "3hhb"}