{"loc": [5, 0, 0], "rotate": [-2.170830027552452, 0.952898321858024, -1.9036352149151377], "SNR": 0.03, "name": "3hhb"}