{"loc": [0, -1, -7], "rotate": [2.037489545581861, 1.2648918816086627, 0.7399021962667461], "SNR": 0.03, "name": "3hhb"}