{"loc": [4, 0, 0], "rotate": [2.102642742611354, 1.0205158978975353, 0.8483623750378751], "SNR": 0.03, "name": "3hhb"}