{"loc": [2, 0, 4], "rotate": [2.2093139215297692, 1.2292158904537762, 0.20437507179755648], "SNR": 0.03, "name": "3hhb"}