{"loc": [-3, 3, -2], "rotate": [2.372691996448268, 1.516756073999662, 0.6587298599310007], "SNR": 0.03, "name": "3hhb"}