{"loc": [1, -2, 0], "rotate": [2.226193018481368, 0.8366956730842998, 0.058607017718887724], "SNR": 0.03, "name": "3hhb"}