{"loc": [1, 1, -1], "rotate": [2.617692654869007, 2.245849678791361, 1.524683948265492], "SNR": 0.03, "name": "3hhb"}