{"loc": [-7, -1, 4], "rotate": [-1.9311673769398194, 1.2809326810137527, -2.514131698352381], "SNR": 0.03, "name": "3hhb"}