{"loc": [1, 5, 7], "rotate": [-2.752733144796139, 2.380214209595284, 2.6259881724590906], "SNR": 0.03, "name": "3hhb"}