{"loc": [-7, 0, -6], "rotate": [-2.3186034931779402, 0.9325431335446189, -1.7701544082491698], "SNR": 0.03, "name": "3hhb"}