{"loc": [1, 3, -3], "rotate": [-2.472470512699995, 1.8456959796287287, -2.409806452696311], "SNR": 0.03, "name": "3hhb"}