{"loc": [-7, 1, -4], "rotate": [-3.0202953822038867, 0.623332629357256, -0.7668154917142972], "SNR": 0.03, "name": "3hhb"}