{"loc": [-7, -1, 3], "rotate": [2.142338545008633, 0.6058483441807881, 0.38066449294774896], "SNR": 0.03, "name": "3hhb"}