{"loc": [0, 1, 1], "rotate": [-2.2671799890770594, 0.5875717538341987, -1.64638520975315], "SNR": 0.03, "name": "3hhb"}