{"loc": [3, -2, 4], "rotate": [2.7566507079727605, 0.40786042101688874, -0.5728587714904805], "SNR": 0.03, "name": "3hhb"}