{"loc": [-5, 3, 7], "rotate": [2.8906552498623346, 0.6355301625909642, -0.20684988028405987], "SNR": 0.03, "name": "3hhb"}