{"loc": [-1, -4, 5], "rotate": [2.6645241364722723, 2.0933084223204093, 1.4207780666467704], "SNR": 0.03, "name": "3hhb"}