{"loc": [-3, -7, 6], "rotate": [2.5458455336790586, 0.96428816758577, -0.32834236107954284], "SNR": 0.03, "name": "3hhb"}