{"loc": [-6, 7, -2], "rotate": [3.1336464388669434, 0.7169331841405345, -1.0163044379826034], "SNR": 0.03, "name": "3hhb"}