{"loc": [6, 1, 6], "rotate": [-2.9519436331783875, 0.7137071733591873, -0.9066840819242186], "SNR": 0.03, "name": "3hhb"}