{"loc": [-1, 5, -1], "rotate": [2.1225412789683693, 0.577833853063836, 0.11917696055135374], "SNR": 0.03, "name": "3hhb"}