{"loc": [-3, 7, -1], "rotate": [2.007448471929467, 2.101661400403854, 0.9408587371385674], "SNR": 0.03, "name": "3hhb"}