{"loc": [6, 4, -5], "rotate": [3.024211850528472, 0.9513879489328471, -0.641528582125593], "SNR": 0.03, "name": "3hhb"}