{"loc": [-7, -4, -3], "rotate": [-2.6359704993157576, 0.8112974735793678, -1.5108757895459344], "SNR": 0.03, "name": "3hhb"}