{"loc": [7, 3, 5], "rotate": [-2.291121731804509, 0.6871019703276875, -1.5656890430796224], "SNR": 0.03, "name": "3hhb"}