{"loc": [-4, 4, -4], "rotate": [-2.1638674255087937, 1.578491482601278, -2.481561789289856], "SNR": 0.03, "name": "3hhb"}