{"loc": [3, 0, 3], "rotate": [2.751655084257086, 0.9346922828222953, -0.4352176604760813], "SNR": 0.03, "name": "3hhb"}