{"loc": [0, 3, 3], "rotate": [2.7866050246466187, 0.8056235991108951, -0.23441499875408078], "SNR": 0.03, "name": "3hhb"}