{"loc": [-3, -5, 4], "rotate": [-2.6571621107000367, 0.8909014342891569, -1.4265211369334643], "SNR": 0.03, "name": "3hhb"}