{"loc": [7, -5, 3], "rotate": [-2.225265412455257, 1.1657446152578057, -2.1359342950996907], "SNR": 0.03, "name": "3hhb"}