{"loc": [5, 1, -5], "rotate": [-2.0323361792020176, 2.1285306653374305, -2.4142590687585734], "SNR": 0.03, "name": "3hhb"}