{"loc": [-6, 4, -1], "rotate": [2.2698686210861663, 1.3693715873901577, 0.7225058754470255], "SNR": 0.03, "name": "3hhb"}