{"loc": [5, 3, -6], "rotate": [-2.3758698190077077, 0.7173021624900076, -2.012282630755898], "SNR": 0.03, "name": "3hhb"}