{"loc": [-2, 1, 0], "rotate": [2.0864149731473836, 1.1165957893467824, 1.1014136183159589], "SNR": 0.03, "name": "3hhb"}