{"loc": [-1, 0, 0], "rotate": [-2.4511936420109794, 1.8602220865786776, -2.905045447926998], "SNR": 0.03, "name": "3hhb"}