{"loc": [-7, 1, 2], "rotate": [2.4578417337678147, 1.134628555339674, -0.3772829320707878], "SNR": 0.03, "name": "3hhb"}