{"loc": [-6, 4, 5], "rotate": [2.598107496994416, 0.9479053813448276, 0.29426743977868886], "SNR": 0.03, "name": "3hhb"}