{"loc": [0, -6, 4], "rotate": [2.6960132444279488, 1.8965563204602591, 1.6100228699325143], "SNR": 0.03, "name": "3hhb"}