{"loc": [0, -2, 0], "rotate": [2.372840791999601, 1.1331820381733997, 0.28442625392030685], "SNR": 0.03, "name": "3hhb"}