{"loc": [6, 5, 4], "rotate": [2.082609993674754, 1.4832553138936793, 0.9840182683927764], "SNR": 0.03, "name": "3hhb"}