{"loc": [-4, 0, 1], "rotate": [2.30678248901859, 0.9439712835238834, 0.5331079073445277], "SNR": 0.03, "name": "3hhb"}