{"loc": [5, -3, 0], "rotate": [2.1756331358148824, 0.9756568490253262, 0.39226021112838944], "SNR": 0.03, "name": "3hhb"}