{"loc": [-6, -2, 2], "rotate": [2.6275952266340585, 0.7404602240698919, -0.02576070979231506], "SNR": 0.03, "name": "3hhb"}