{"loc": [-6, -5, 6], "rotate": [-2.622791891885369, 1.0663983903402026, -1.5581756505341977], "SNR": 0.03, "name": "3hhb"}