{"loc": [4, 0, 3], "rotate": [-2.4116204724415917, 2.320619554899765, -2.899107714190642], "SNR": 0.03, "name": "3hhb"}