{"loc": [2, -2, -4], "rotate": [-2.484926839234111, 1.1241175760159192, -1.500033817940762], "SNR": 0.03, "name": "3hhb"}