{"loc": [5, 4, 0], "rotate": [-2.5814264413635106, 0.6807423270071389, -1.468326208281706], "SNR": 0.03, "name": "3hhb"}