{"loc": [7, -6, 3], "rotate": [2.1846221859204586, 1.6624584384976038, 1.024132613241545], "SNR": 0.03, "name": "3hhb"}