{"loc": [-1, 7, 6], "rotate": [2.479032469403397, 2.1448384559793197, 0.8184463348475876], "SNR": 0.03, "name": "3hhb"}