{"loc": [1, -6, -1], "rotate": [-3.082563724483113, 0.27824603291717526, -0.6673967083926671], "SNR": 0.03, "name": "3hhb"}