{"loc": [-6, 7, -5], "rotate": [-2.398419752648707, 0.7859177217530942, -2.078383141238776], "SNR": 0.03, "name": "3hhb"}