{"loc": [5, -3, 1], "rotate": [-2.481411387786185, 0.6956808174259027, -1.755147415879851], "SNR": 0.03, "name": "3hhb"}