{"loc": [5, -3, -7], "rotate": [-2.788162129500254, 0.8326907588168846, -1.4578249793873528], "SNR": 0.03, "name": "3hhb"}