{"loc": [6, 2, -1], "rotate": [2.49460968752309, 1.1886355500933914, 0.0961979579035457], "SNR": 0.03, "name": "3hhb"}