{"loc": [7, 3, -7], "rotate": [2.325419833913694, 1.0749396251320014, 0.26732033745600015], "SNR": 0.03, "name": "3hhb"}