{"loc": [-3, 4, 4], "rotate": [-2.8891938367529417, 0.9193043379611416, -1.2049187951695357], "SNR": 0.03, "name": "3hhb"}