{"loc": [-3, -1, 7], "rotate": [2.4323276013288853, 0.7175887726126338, -0.20759028128347556], "SNR": 0.03, "name": "3hhb"}