{"loc": [-1, -3, -3], "rotate": [2.000180919411604, 0.3917718842619367, 0.36498132242150416], "SNR": 0.03, "name": "3hhb"}