{"loc": [-2, 5, -7], "rotate": [1.8861563167924202, 1.4757910908346683, 0.774749367557531], "SNR": 0.03, "name": "3hhb"}