{"loc": [-5, 0, -5], "rotate": [-2.196866780743493, 1.0347394398953014, -2.2560611066605922], "SNR": 0.03, "name": "3hhb"}