{"loc": [-6, 2, 4], "rotate": [-2.435946658915233, 0.3707484674386198, -1.395919535314858], "SNR": 0.03, "name": "3hhb"}