{"loc": [-7, 1, 5], "rotate": [-2.4600260172187745, 0.6702809116060066, -1.7283178335444804], "SNR": 0.03, "name": "3hhb"}