{"loc": [-5, 0, 7], "rotate": [2.2825746145718355, 1.1319266915827324, 0.35501386116824585], "SNR": 0.03, "name": "3hhb"}