{"loc": [-5, 7, -2], "rotate": [-2.3780536140588184, 1.1102215017167578, -1.7725182097796972], "SNR": 0.03, "name": "3hhb"}