{"loc": [-3, 1, 0], "rotate": [2.4453440201465986, 0.9242963403473655, 0.2801696498368917], "SNR": 0.03, "name": "3hhb"}