{"loc": [3, -4, -1], "rotate": [2.2131904565309246, 1.5475031561373116, 0.45412082216944577], "SNR": 0.03, "name": "3hhb"}