{"loc": [-7, 6, 6], "rotate": [2.3711244839932335, 1.887138508367184, 1.0027778245654344], "SNR": 0.03, "name": "3hhb"}