{"loc": [6, 2, -1], "rotate": [2.303635350763846, 1.3234375674647954, 0.7209252639434452], "SNR": 0.03, "name": "3hhb"}