{"loc": [6, 3, -7], "rotate": [-2.3266110223856677, 1.130342964746584, -2.054473434283612], "SNR": 0.03, "name": "3hhb"}