{"loc": [3, 1, 3], "rotate": [2.7616927364536576, 0.7404030021662866, -0.4223639442419799], "SNR": 0.03, "name": "3hhb"}