{"loc": [-7, 3, 2], "rotate": [2.0411787402084682, 1.5573258679746265, 0.9367582866519266], "SNR": 500000, "name": "1bxn"}