{"loc": [-1, -2, -6], "rotate": [2.2965291448734257, 1.6691154823676817, 1.0599595424330084], "SNR": 500000, "name": "1bxn"}