{"loc": [-3, 6, -6], "rotate": [-2.5357557624562865, 0.796891091916246, -1.0885250331161944], "SNR": 500000, "name": "1bxn"}