{"loc": [6, -4, -5], "rotate": [2.887585573970175, 1.3705448860709049, 0.11265422746756666], "SNR": 500000, "name": "1bxn"}