{"loc": [6, -3, 6], "rotate": [-2.8637495423341655, 0.8906465386148974, -1.1116339912801878], "SNR": 500000, "name": "1bxn"}