{"loc": [-6, 0, 4], "rotate": [2.1815169420244485, 1.302498893379403, 0.7760184351266742], "SNR": 500000, "name": "1bxn"}