{"loc": [5, 4, 1], "rotate": [2.4447752128015874, 1.48703948408121, 0.39242017412525604], "SNR": 500000, "name": "1bxn"}