{"loc": [-7, 7, -4], "rotate": [2.284017315827141, 1.2887992024763486, 0.05300018136223303], "SNR": 500000, "name": "1bxn"}