{"loc": [4, 4, -1], "rotate": [-2.6867230202710846, 1.0590535926259452, -1.689672006837477], "SNR": 500000, "name": "1bxn"}