{"loc": [-6, 0, 1], "rotate": [-2.363836449872778, 0.790588252368187, -1.570182942048898], "SNR": 500000, "name": "1bxn"}