{"loc": [1, 4, 2], "rotate": [2.319684392321012, 0.801596813581263, 0.5777601101790915], "SNR": 500000, "name": "1bxn"}