{"loc": [6, -4, 0], "rotate": [1.8388477461737416, 1.530690989813195, 0.5710983424028472], "SNR": 500000, "name": "1bxn"}