{"loc": [-1, 0, 5], "rotate": [-1.8634559654939464, 0.9861066461153928, -2.263881921509473], "SNR": 500000, "name": "1bxn"}