{"loc": [5, 0, 7], "rotate": [2.7618284500169317, 0.4863322431233649, -0.0948542443840918], "SNR": 500000, "name": "1bxn"}