{"loc": [6, -3, -6], "rotate": [-2.6598445889300004, 0.7281540415593825, -1.578362654197345], "SNR": 500000, "name": "1bxn"}