{"loc": [7, 0, -4], "rotate": [2.1494628208228304, 1.1384392036205164, 0.8519381065602455], "SNR": 500000, "name": "1bxn"}