{"loc": [-5, 0, -4], "rotate": [-2.2541204271031576, 1.3959503481841764, -1.5530833644429047], "SNR": 500000, "name": "1bxn"}