{"loc": [7, -1, -1], "rotate": [2.4876210101876226, 1.3142814956716744, 0.0950662656239471], "SNR": 500000, "name": "1bxn"}