{"loc": [5, -3, 4], "rotate": [2.3489547242897544, 0.28258558018051994, -0.34547976002307634], "SNR": 500000, "name": "1bxn"}