{"loc": [0, 2, -7], "rotate": [2.9301590743444677, 0.9080307871675883, -0.9469058029101243], "SNR": 500000, "name": "1bxn"}