{"loc": [5, -5, 4], "rotate": [2.3562079862588177, 1.3015723807965531, 0.6125542759420686], "SNR": 500000, "name": "1bxn"}