{"loc": [-7, -1, 1], "rotate": [-2.544596791441545, 0.749214470345439, -1.2329427733608085], "SNR": 500000, "name": "1bxn"}