{"loc": [-7, -2, 0], "rotate": [2.900083322654681, 0.5606733342297702, -0.6620832438778018], "SNR": 500000, "name": "1bxn"}