{"loc": [6, 2, 2], "rotate": [2.205649695208764, 1.2924676315706447, 0.037923929787945475], "SNR": 500000, "name": "1bxn"}