{"loc": [5, -1, 7], "rotate": [-2.428766739249739, 2.8898749013932337, 2.6932554608549855], "SNR": 500000, "name": "1bxn"}