{"loc": [-7, -5, -1], "rotate": [2.198958983291873, 0.9402109889140621, 0.42980885334541624], "SNR": 500000, "name": "1bxn"}