{"loc": [-6, 2, -7], "rotate": [2.1346749597881214, 1.7660171914744922, 0.5446946416761324], "SNR": 500000, "name": "1bxn"}