{"loc": [-6, -4, -7], "rotate": [2.644708937497437, 0.7443970156665262, -0.03154232329147533], "SNR": 500000, "name": "1bxn"}