{"loc": [2, 4, -3], "rotate": [2.2512808395574413, 1.0818886852899168, 0.4219680714834703], "SNR": 500000, "name": "1bxn"}