{"loc": [7, -2, 0], "rotate": [2.570266125798538, 0.6850448846585367, 0.03129506394999041], "SNR": 500000, "name": "1bxn"}