{"loc": [-2, -1, 3], "rotate": [1.8484719537634797, 0.9469816908879816, 0.6866789787643854], "SNR": 500000, "name": "1bxn"}