{"loc": [-5, -5, -6], "rotate": [-3.13869949810952, 0.7757362829535163, -0.789343828532429], "SNR": 500000, "name": "1bxn"}