{"loc": [-1, 5, 4], "rotate": [-2.28396523463689, 1.3875743273816414, -2.396205179358332], "SNR": 500000, "name": "1bxn"}