{"loc": [-3, -5, -1], "rotate": [-2.0201254528391126, 1.5117807954713325, -2.4673121176904558], "SNR": 500000, "name": "1bxn"}