{"loc": [-2, -2, 5], "rotate": [-2.252263515893129, 0.7386228458556278, -1.9696699851032244], "SNR": 500000, "name": "1bxn"}