{"loc": [6, 6, -6], "rotate": [2.367626814302287, 1.4446457482513198, 0.7723623581786777], "SNR": 500000, "name": "1bxn"}