{"loc": [7, -3, 0], "rotate": [2.8617867095523817, 0.6519880827266202, -0.21810851507623188], "SNR": 500000, "name": "1bxn"}