{"loc": [-7, 1, 5], "rotate": [-2.3981091506768357, 0.554889391632162, -1.7549953054743035], "SNR": 500000, "name": "1bxn"}