{"loc": [5, 6, 7], "rotate": [2.4753239640850366, 0.6390629163043186, 0.0020310476035933596], "SNR": 500000, "name": "1bxn"}