{"loc": [5, -5, 7], "rotate": [1.9053745590881637, 2.668356739541453, 1.3800752690684197], "SNR": 500000, "name": "1bxn"}