{"loc": [-1, -2, -1], "rotate": [2.182531723502784, 0.953261299789079, 0.5373772747542055], "SNR": 500000, "name": "1bxn"}