{"loc": [-4, -3, 6], "rotate": [3.0263525509552918, 0.7850008298268644, -0.9783572167983922], "SNR": 500000, "name": "1bxn"}