{"loc": [-7, 1, -3], "rotate": [0.5562784322522559, 0.8060911630838663, -1.6375058570260974], "SNR": 500000, "name": "1bxn"}