{"loc": [-5, -7, 7], "rotate": [2.207083952241827, 1.1339009616287834, 0.4650432719863552], "SNR": 500000, "name": "1bxn"}