{"loc": [-6, -6, 0], "rotate": [2.831868331922253, 0.7624282703118239, -0.6493214778351372], "SNR": 500000, "name": "1bxn"}