{"loc": [0, 2, 0], "rotate": [2.082806030044044, 0.7734359498524417, 0.4521162899243911], "SNR": 500000, "name": "1bxn"}