{"loc": [-5, 4, 2], "rotate": [-2.4115681020075344, 2.5781364930413293, -3.1220724178266073], "SNR": 500000, "name": "1bxn"}