{"loc": [0, 6, 6], "rotate": [2.268021184314674, 1.9343836015771747, 1.0572131724526068], "SNR": 500000, "name": "1bxn"}