{"loc": [0, 4, 4], "rotate": [1.902603993410858, 1.758997089784425, 1.0939171483678785], "SNR": 500000, "name": "1bxn"}