{"loc": [-1, 1, 1], "rotate": [2.647262517906107, 0.5252397646683556, -0.5640759273712869], "SNR": 500000, "name": "1bxn"}