{"loc": [5, -3, -4], "rotate": [2.7118171144079026, 0.8400137870245276, -0.42227984289503906], "SNR": 500000, "name": "1bxn"}