{"loc": [5, 3, 5], "rotate": [2.6418552329276817, 0.7506510721542612, -0.549074324094782], "SNR": 500000, "name": "1bxn"}