{"loc": [-2, -5, -3], "rotate": [-2.4940162818370424, 0.8624940540781213, -1.7836172840333695], "SNR": 500000, "name": "1bxn"}