{"loc": [4, -3, 4], "rotate": [-2.3853503941216156, 0.8056144696584353, -1.843327126265191], "SNR": 500000, "name": "1bxn"}