{"loc": [5, -2, 2], "rotate": [-2.065715444503257, 1.274553524260754, -2.233225296086925], "SNR": 500000, "name": "1bxn"}