{"loc": [-1, 1, -1], "rotate": [-2.1953713808283717, 1.3885743863493671, -2.4432590586553613], "SNR": 500000, "name": "1bxn"}