{"loc": [1, -4, -4], "rotate": [-2.591179859408303, 1.9004625811324622, -2.5866670026466765], "SNR": 500000, "name": "1bxn"}