{"loc": [-7, 1, -2], "rotate": [2.9583295725207637, 0.725637303817027, -0.41876799842428536], "SNR": 500000, "name": "1bxn"}