{"loc": [0, 7, 3], "rotate": [-2.634961088761527, 1.2475498136180483, -1.3690961903554963], "SNR": 500000, "name": "1bxn"}