{"loc": [-5, 4, 0], "rotate": [2.6816825523173495, 2.4826173377577048, 1.942489073413035], "SNR": 500000, "name": "1bxn"}