{"loc": [3, 3, -4], "rotate": [2.7992188865817167, 1.0363858230661789, 0.32254356339474227], "SNR": 500000, "name": "1bxn"}