{"loc": [3, -5, 1], "rotate": [2.1344324838241886, 1.46644056099965, 0.8547697753125063], "SNR": 500000, "name": "1bxn"}