{"loc": [-6, -5, 5], "rotate": [-2.028545715825016, 1.2481351961227602, -1.9751882841256223], "SNR": 500000, "name": "1bxn"}