{"loc": [7, -7, -2], "rotate": [2.074422818081089, 1.7144329626954609, 0.8673956433512203], "SNR": 500000, "name": "1bxn"}