{"loc": [0, -4, -3], "rotate": [-2.0689078077642167, 0.9262856260377823, -1.9790286257381844], "SNR": 500000, "name": "1bxn"}