{"loc": [-2, 1, -6], "rotate": [2.569538552691606, 1.1951922045576022, 0.24881941751262387], "SNR": 500000, "name": "1bxn"}