{"loc": [0, -5, 3], "rotate": [-2.57166740524253, 2.378889528000452, 2.7695980248450103], "SNR": 500000, "name": "1bxn"}