{"loc": [1, 0, 2], "rotate": [-2.7422008835121785, 0.9271986428516312, -1.714389942446597], "SNR": 500000, "name": "1bxn"}