{"loc": [1, -5, -1], "rotate": [-2.1141515963180098, 0.7287505247447456, -1.9176713340152511], "SNR": 500000, "name": "1bxn"}