{"loc": [-7, 1, 4], "rotate": [2.452740353639224, 0.5837860705190243, -0.1196396059671268], "SNR": 500000, "name": "1bxn"}