{"loc": [-4, 0, 1], "rotate": [2.0516485730718053, 1.3491077937913951, 0.6406142401179503], "SNR": 500000, "name": "1bxn"}