{"loc": [0, 0, 3], "rotate": [1.7928091372500865, 1.5371553185120579, 1.1217850798895694], "SNR": 500000, "name": "1bxn"}