{"loc": [5, 3, 5], "rotate": [2.156880207276073, 0.15034972286236686, 0.023117744575996763], "SNR": 500000, "name": "1bxn"}