{"loc": [-3, -5, 3], "rotate": [-2.057756155479217, 0.9583523210428, -2.3681318827552817], "SNR": 500000, "name": "1bxn"}