{"loc": [5, 7, 5], "rotate": [-2.087886876831302, 0.8709265551066714, -1.6309369788032708], "SNR": 500000, "name": "1bxn"}