{"loc": [7, 2, 5], "rotate": [-2.059935674982327, 0.8694151513315805, -2.4208857392667023], "SNR": 500000, "name": "1bxn"}