{"loc": [-2, -3, -6], "rotate": [2.0954428229427577, 1.3990681022684897, 0.6220747079016388], "SNR": 500000, "name": "1bxn"}