{"loc": [0, -4, 3], "rotate": [2.974019741849276, 0.5630804720811976, -0.540667747492522], "SNR": 500000, "name": "1bxn"}