{"loc": [4, 7, 6], "rotate": [-2.6351868931586018, 0.7587987182708863, -1.2215426952665567], "SNR": 500000, "name": "1bxn"}