{"loc": [0, 5, -1], "rotate": [2.3580755373158606, 1.305627355000014, 0.10271949396685598], "SNR": 500000, "name": "1bxn"}