{"loc": [-3, -7, 1], "rotate": [-2.147163311423957, 1.2094779048642266, -2.0956712519029566], "SNR": 500000, "name": "1bxn"}