{"loc": [-7, 1, 2], "rotate": [2.130044633962022, 0.9906197155257832, 0.42165929867571456], "SNR": 500000, "name": "1bxn"}