{"loc": [5, -2, -1], "rotate": [-2.782409375089138, 0.7396082094777741, -0.8718218049707197], "SNR": 500000, "name": "1bxn"}