{"loc": [3, -7, -3], "rotate": [2.4472790693445936, 0.7225287603540194, 0.4138515891450809], "SNR": 500000, "name": "1bxn"}