{"loc": [-1, 1, 3], "rotate": [2.6388700680712796, 0.4511009627069301, -0.2136408603162471], "SNR": 500000, "name": "1bxn"}