{"loc": [-3, 0, -5], "rotate": [-2.238369018947217, 0.8656701062040919, -1.6583165169857028], "SNR": 500000, "name": "1bxn"}