{"loc": [1, -4, 2], "rotate": [2.786879102281761, 0.8930479976901364, -0.35021187395300113], "SNR": 500000, "name": "1bxn"}