{"loc": [2, -7, 1], "rotate": [2.1618768326024105, 1.645225758243415, 1.4241674028201885], "SNR": 500000, "name": "1bxn"}