{"loc": [0, 0, -1], "rotate": [-1.0613972202838307, 0.7511451570941791, 0.7092388012940382], "SNR": 500000, "name": "1bxn"}