{"loc": [-3, 2, -4], "rotate": [2.2248487236021806, 1.8855337917966541, 1.2966707112641378], "SNR": 500000, "name": "1bxn"}