{"loc": [5, -1, 1], "rotate": [2.4523160992265094, 1.1961219415652378, 0.6250866376886972], "SNR": 500000, "name": "1bxn"}