{"loc": [5, -2, -2], "rotate": [-2.2869985121814, 1.0852371886788932, -1.5038349795987298], "SNR": 500000, "name": "1bxn"}