{"loc": [0, 0, -3], "rotate": [-2.083091819475565, 1.8979425029539956, -2.3871048541216857], "SNR": 500000, "name": "1bxn"}