{"loc": [6, -4, 4], "rotate": [2.401462701044575, 1.2426855190448334, 0.951442366304905], "SNR": 500000, "name": "1bxn"}