{"loc": [6, 7, 6], "rotate": [2.080455620146266, 1.3892870387557053, 0.8863548139890175], "SNR": 500000, "name": "1bxn"}