{"loc": [0, -6, -2], "rotate": [-2.3091028031514043, 1.9649400254905718, -2.4011734069849644], "SNR": 500000, "name": "1bxn"}