{"loc": [-5, -2, 7], "rotate": [-2.7457930652097797, 0.3110885691166079, -1.4361120068314965], "SNR": 500000, "name": "1bxn"}