{"loc": [3, -4, -3], "rotate": [-2.00829816306673, 0.7519067783533206, -1.6103969838963996], "SNR": 500000, "name": "1bxn"}