{"loc": [-1, 5, -7], "rotate": [2.7169459861014618, 0.8119117952605265, -0.19603935767020025], "SNR": 500000, "name": "1bxn"}