{"loc": [0, 0, 2], "rotate": [2.4176516833244106, 1.73827944978504, 0.9892132565746176], "SNR": 500000, "name": "1bxn"}