{"loc": [-6, 2, -1], "rotate": [2.088415405059434, 1.6813185372224386, 0.4089520504073499], "SNR": 500000, "name": "1bxn"}