{"loc": [-1, -5, 0], "rotate": [-2.1492934116232583, 1.3509754714314048, -2.442974741154667], "SNR": 500000, "name": "1bxn"}