{"loc": [-1, -2, -4], "rotate": [2.0330083127762464, 1.6404596753678038, 0.7852025313882636], "SNR": 500000, "name": "1bxn"}