{"loc": [-3, -5, -5], "rotate": [-2.544566366075936, 1.270996910979706, -1.5866185476235293], "SNR": 500000, "name": "1bxn"}