{"loc": [-1, 1, -5], "rotate": [3.109134822967772, 0.7090136615526721, -0.7391664291027331], "SNR": 500000, "name": "1bxn"}