{"loc": [-1, -1, 2], "rotate": [2.794018981874458, 0.7074248200338092, -0.5584384006958584], "SNR": 500000, "name": "1bxn"}