{"loc": [6, 7, 0], "rotate": [-2.310866287806221, 2.2152247093053834, -2.9062495062872853], "SNR": 500000, "name": "1bxn"}