{"loc": [5, -5, -1], "rotate": [-3.067812760749829, 0.14272543655148492, -0.9197843134771242], "SNR": 500000, "name": "1bxn"}