{"loc": [3, -2, 5], "rotate": [-2.4571933808263284, 0.9551348818405886, -1.6991659826607213], "SNR": 500000, "name": "1bxn"}