{"loc": [-7, -7, 6], "rotate": [2.0212890393800333, 1.213597125946125, 0.6576413024753008], "SNR": 500000, "name": "1bxn"}