{"loc": [-2, 1, 7], "rotate": [2.706695508416991, 0.8933250408404135, -0.03579125085463756], "SNR": 500000, "name": "1bxn"}