{"loc": [3, -7, -7], "rotate": [-2.53327514510834, 0.9534388997639225, -1.7280294605894373], "SNR": 500000, "name": "1bxn"}