{"loc": [-7, 3, 0], "rotate": [2.2936056371730738, 1.6225002720411719, 1.0968954583367199], "SNR": 500000, "name": "1bxn"}