{"loc": [-7, 0, 7], "rotate": [1.9503781235610873, 1.2704436662317489, 0.5718937125306709], "SNR": 500000, "name": "1bxn"}