{"loc": [5, 5, 1], "rotate": [-2.4703841523175583, 0.93429855395112, -1.9031100991987384], "SNR": 500000, "name": "1bxn"}