{"loc": [0, -2, -7], "rotate": [2.8570456907932607, 0.985982313452364, -0.00028005703541940683], "SNR": 500000, "name": "1bxn"}