{"loc": [3, -6, -2], "rotate": [-2.5251890708934144, 1.0087892368821534, -1.8087403073983388], "SNR": 500000, "name": "1bxn"}