{"loc": [0, 7, -7], "rotate": [2.198237007291975, 1.944430937942069, 0.6728840591662264], "SNR": 500000, "name": "1bxn"}