{"loc": [1, 2, 2], "rotate": [-2.106389044126146, 0.9282824884087836, -2.279659655759313], "SNR": 500000, "name": "1bxn"}