{"loc": [5, -2, 0], "rotate": [-2.1769349127231976, 1.3018249583109553, -1.9963025776073426], "SNR": 500000, "name": "1bxn"}