{"loc": [1, 2, -6], "rotate": [-2.8202723594703007, 0.720602461044624, -1.6794103388591146], "SNR": 500000, "name": "1bxn"}