{"loc": [2, 1, -1], "rotate": [2.262362760905133, 1.041817312653852, 0.6479845497694281], "SNR": 500000, "name": "1bxn"}