{"loc": [-7, 5, -6], "rotate": [-2.374395091297587, 1.0701192017563024, -1.7879282156873522], "SNR": 500000, "name": "1bxn"}