{"loc": [-1, 7, 0], "rotate": [2.1187133121467916, 1.2057721067631788, 1.0916129749107275], "SNR": 500000, "name": "1bxn"}