{"loc": [-6, -7, -1], "rotate": [-2.7508272794377944, 1.18186618050793, -1.1265605048036562], "SNR": 500000, "name": "1bxn"}