{"loc": [4, -6, 0], "rotate": [-2.1056690955597452, 1.6874817438542962, -2.3876540787194314], "SNR": 500000, "name": "1bxn"}