{"loc": [4, 4, 1], "rotate": [2.286015296170662, 0.6028435903899518, 0.23620133091712], "SNR": 500000, "name": "1bxn"}