{"loc": [-3, -6, 6], "rotate": [-2.3681458076891553, 1.1719987301404797, -1.8985784287298013], "SNR": 500000, "name": "1bxn"}