{"loc": [0, -6, 2], "rotate": [2.248276251456992, 0.9373605594768036, 0.3204105454633822], "SNR": 500000, "name": "1bxn"}