{"loc": [7, 1, 5], "rotate": [2.6351366513439523, 0.9165329560627086, 0.09117587965021373], "SNR": 500000, "name": "1bxn"}