{"loc": [-6, 5, -7], "rotate": [2.377622384876017, 0.6383837902410725, -0.12087080694735108], "SNR": 500000, "name": "1bxn"}