{"loc": [4, 6, 3], "rotate": [-2.3980787303532183, 1.073773894707265, -2.192339548468847], "SNR": 500000, "name": "1bxn"}