{"loc": [5, -2, -2], "rotate": [2.1791112428702553, 2.3364723428491705, 0.9788947626906649], "SNR": 500000, "name": "1bxn"}