{"loc": [-7, -7, -1], "rotate": [-2.2044716789040497, 0.8372380003224916, -2.1473598264179348], "SNR": 500000, "name": "1bxn"}