{"loc": [-4, -4, -6], "rotate": [-1.9263119463171268, 2.6001806080200947, -2.5339448546545897], "SNR": 500000, "name": "1bxn"}