{"loc": [-6, 0, 1], "rotate": [1.9350770017952574, 1.6721225815058707, 0.8786944426752056], "SNR": 500000, "name": "1bxn"}