{"loc": [5, 4, -7], "rotate": [2.0925931818999817, 1.4999028124586649, 0.7326465970832062], "SNR": 500000, "name": "1bxn"}