{"loc": [0, 1, 2], "rotate": [2.6804637254208226, 0.7228229413117455, -0.05402695793152814], "SNR": 500000, "name": "1bxn"}