{"loc": [7, 4, -6], "rotate": [2.6619267497791, 0.7379464621286357, -0.7346788447086381], "SNR": 500000, "name": "1bxn"}