{"loc": [7, 4, 0], "rotate": [2.4304529358830256, 1.2995816085321534, 0.6686841424359515], "SNR": 500000, "name": "1bxn"}