{"loc": [-5, 7, -7], "rotate": [3.0565932134800384, 2.9544682654827126, 2.316528188411256], "SNR": 500000, "name": "1bxn"}