{"loc": [-6, 3, -6], "rotate": [2.0105814929636394, 1.3802281285565894, 0.9547401532360221], "SNR": 500000, "name": "1bxn"}