{"loc": [0, 6, -7], "rotate": [-2.1391192262779675, 0.8572761723621355, -1.5849038367135824], "SNR": 500000, "name": "1bxn"}