{"loc": [5, 7, -5], "rotate": [-2.2910479860326074, 0.951456101501118, -2.10855270683654], "SNR": 500000, "name": "1bxn"}