{"loc": [-2, 5, 4], "rotate": [-2.236838016862708, 0.9734484888198339, -1.8170217556954325], "SNR": 500000, "name": "1bxn"}