{"loc": [0, 6, 0], "rotate": [-2.681004819937349, 0.5817638540837646, -1.2227824702195826], "SNR": 500000, "name": "1bxn"}