{"loc": [0, 3, -1], "rotate": [-3.1268602479949905, 0.8059891888571065, -0.6540956551443576], "SNR": 500000, "name": "1bxn"}