{"loc": [-3, 4, 0], "rotate": [-2.3308069100153066, 0.7086518808054997, -1.9327954489823402], "SNR": 500000, "name": "1bxn"}