{"loc": [-4, 5, 6], "rotate": [1.9506802671304182, 1.1678766660670408, 0.7076689507647443], "SNR": 500000, "name": "1bxn"}