{"loc": [-1, 3, 2], "rotate": [-2.362825491961027, 0.4798640082012407, -1.701916039548036], "SNR": 500000, "name": "1bxn"}