{"loc": [1, -6, 3], "rotate": [-2.6802122756274263, 0.9861818653757389, -1.6968824838740653], "SNR": 500000, "name": "1bxn"}