{"loc": [2, -4, 5], "rotate": [-2.479718453192836, 1.3487109900379337, -2.0068303972569317], "SNR": 500000, "name": "1bxn"}