{"loc": [2, -6, 2], "rotate": [2.2956590159812085, 1.3046033064374924, 0.604885777991409], "SNR": 500000, "name": "1bxn"}