{"loc": [-7, -2, -6], "rotate": [-1.8650119332244828, 1.9601375658860904, -2.539569989468013], "SNR": 500000, "name": "1bxn"}