{"loc": [1, 5, 1], "rotate": [-2.7469686763632866, 0.8621787416600278, -1.469285716649723], "SNR": 500000, "name": "1bxn"}