{"loc": [2, 6, 4], "rotate": [-2.6660357878708396, 1.1764605618748947, -1.5814619969180923], "SNR": 500000, "name": "1bxn"}