{"loc": [0, -5, -4], "rotate": [-2.3840872693020247, 0.8072639889612251, -1.4325479814602855], "SNR": 500000, "name": "1bxn"}