{"loc": [1, -4, -1], "rotate": [2.551521959410218, 1.0296022962339777, 0.691974489369919], "SNR": 500000, "name": "1bxn"}