{"loc": [0, -4, 0], "rotate": [1.9872456200838617, 1.0833941873426658, 0.6708192974253604], "SNR": 500000, "name": "1bxn"}