{"loc": [5, -3, 0], "rotate": [-2.277558714180293, 0.7804231635801049, -1.4779641548795956], "SNR": 500000, "name": "1bxn"}