{"loc": [-6, -3, 0], "rotate": [2.726155163870709, 0.46613922550879283, 0.11190301684626239], "SNR": 500000, "name": "1bxn"}