{"loc": [-5, 3, 6], "rotate": [-2.0728932523306285, 1.128689658205308, -2.340437762613699], "SNR": 500000, "name": "1bxn"}