{"loc": [-6, -1, 5], "rotate": [2.4160942706418624, 1.4128620199784967, 0.9989147481121006], "SNR": 500000, "name": "1bxn"}