{"loc": [-3, -4, -1], "rotate": [2.1588862223286975, 1.250384775897403, 0.6307731707809228], "SNR": 500000, "name": "1bxn"}