{"loc": [4, 7, 0], "rotate": [-2.431309059879993, 1.0321580968497168, -1.8530928286844301], "SNR": 500000, "name": "1bxn"}