{"loc": [-4, 6, -7], "rotate": [-2.7024957193793537, 0.9257876700753235, -1.1488231096898618], "SNR": 500000, "name": "1bxn"}