{"loc": [0, -7, 0], "rotate": [-2.091672655800114, 1.7847197206852665, -2.8846560205735505], "SNR": 500000, "name": "1bxn"}