{"loc": [-2, 0, -2], "rotate": [2.5550933502708912, 0.8430304813636856, -0.22250774951908575], "SNR": 500000, "name": "1bxn"}