{"loc": [-2, -1, -4], "rotate": [2.4813460538882413, 1.4866054620135687, 1.0351929419883377], "SNR": 500000, "name": "1bxn"}