{"loc": [0, -5, -4], "rotate": [2.2570415482688624, 1.61373238578239, 0.9051790195169399], "SNR": 500000, "name": "1bxn"}