{"loc": [-3, 0, 0], "rotate": [1.9332450278130489, 1.8058185151600492, 0.6152533029878934], "SNR": 500000, "name": "1bxn"}