{"loc": [-4, -7, 1], "rotate": [-2.104867175651283, 1.1593572000260173, -2.3076617104962636], "SNR": 500000, "name": "1bxn"}