{"loc": [5, 0, 4], "rotate": [2.526399231936138, 1.0192276007366365, -0.47101280161465114], "SNR": 500000, "name": "1bxn"}