{"loc": [0, 6, 0], "rotate": [-2.2460821619771743, 0.4833062483214564, -1.7991840898975866], "SNR": 500000, "name": "1bxn"}