{"loc": [-5, 7, 6], "rotate": [2.296809041347665, 0.9242796603654546, -0.05656886244293786], "SNR": 500000, "name": "1bxn"}