{"loc": [2, -6, -2], "rotate": [2.9252697604967244, 0.6178736015872396, -0.1647304164923861], "SNR": 500000, "name": "1bxn"}