{"loc": [3, -2, 0], "rotate": [-2.4463651202475307, 1.6263121082320475, -1.7367415028649844], "SNR": 500000, "name": "1bxn"}