{"loc": [7, 1, 0], "rotate": [2.441636176956174, 1.6762276999048724, 0.35082459385117454], "SNR": 500000, "name": "1bxn"}