{"loc": [0, -1, 4], "rotate": [-2.766597278118734, 0.4587128223399781, -1.199828153378312], "SNR": 500000, "name": "1bxn"}