{"loc": [0, -1, -2], "rotate": [2.5779140232285283, 1.0146801925519677, -0.05035214560620555], "SNR": 500000, "name": "1bxn"}