{"loc": [0, 0, 5], "rotate": [2.1108706227562495, 0.7754552278821755, 0.3087213474418788], "SNR": 500000, "name": "1bxn"}