{"loc": [2, 7, 0], "rotate": [2.109284823073225, 1.2297495299150385, 0.5133539143934488], "SNR": 500000, "name": "1bxn"}