{"loc": [-4, -1, -5], "rotate": [2.92385546663375, 0.939640704478357, -0.3959935072540355], "SNR": 500000, "name": "1bxn"}