{"loc": [5, -4, -4], "rotate": [-2.779822784681489, 2.195829923383132, -3.0792373237255366], "SNR": 500000, "name": "1bxn"}