{"loc": [-3, 6, -5], "rotate": [2.7965072002812286, 0.8663655380370622, -0.37087878304535], "SNR": 500000, "name": "1bxn"}