{"loc": [0, -2, -1], "rotate": [-2.2276311925281638, 0.993751449113766, -1.8632746622195715], "SNR": 500000, "name": "1bxn"}