{"loc": [6, 1, 4], "rotate": [-2.277436670143441, 1.16943878233066, -1.4527789163669425], "SNR": 500000, "name": "1bxn"}