{"loc": [6, 2, 0], "rotate": [-2.2085684423161127, 1.119035235233391, -1.8012376249805437], "SNR": 500000, "name": "1bxn"}