{"loc": [0, 2, -3], "rotate": [-2.1125183688460263, 1.2272479809665742, -1.969087105980624], "SNR": 500000, "name": "1bxn"}