{"loc": [-7, -2, 0], "rotate": [-2.3498305497017595, 1.3648078352163397, -2.260952060655353], "SNR": 500000, "name": "1bxn"}