{"loc": [5, -2, 4], "rotate": [-2.3607500129938326, 1.4032048911274089, -2.3337793411689978], "SNR": 500000, "name": "1bxn"}