{"loc": [-3, 4, 0], "rotate": [1.796466159006709, 1.2620512939258368, 0.3198501341160056], "SNR": 500000, "name": "1bxn"}