{"loc": [-2, 3, -3], "rotate": [2.4040038531558414, 2.2332363983221963, 1.1715240313253639], "SNR": 500000, "name": "1bxn"}