{"loc": [0, -4, 4], "rotate": [2.2346230246421652, 1.8499768426365668, 1.4938078138281945], "SNR": 500000, "name": "1bxn"}