{"loc": [3, 5, 1], "rotate": [-2.2244894568897835, 1.5493837733825166, -2.216729942107167], "SNR": 500000, "name": "1bxn"}