{"loc": [-4, -3, -7], "rotate": [-2.4109707390118547, 0.7037025722945175, -1.5328117332853817], "SNR": 500000, "name": "1bxn"}