{"loc": [1, -3, -7], "rotate": [-2.543131651664423, 0.8762389824282437, -1.459283923393442], "SNR": 500000, "name": "1bxn"}