{"loc": [4, 6, 5], "rotate": [-2.166319414233126, 0.9073501659623704, -2.0948439658181552], "SNR": 500000, "name": "1bxn"}