{"loc": [3, 2, -4], "rotate": [2.341310073885141, 0.7817494506725714, 0.17996776580800392], "SNR": 500000, "name": "1bxn"}