{"loc": [0, 4, -7], "rotate": [2.169326091232728, 1.1964852273789324, 0.11937117857061272], "SNR": 500000, "name": "1bxn"}