{"loc": [5, -6, 4], "rotate": [-2.5534306511504252, 2.702018258559859, -2.998747963378631], "SNR": 500000, "name": "1bxn"}