{"loc": [3, 2, -1], "rotate": [-1.9916426549484594, 1.4067238757660334, -2.3789011540335023], "SNR": 500000, "name": "1bxn"}