{"loc": [6, -2, -5], "rotate": [2.466667602954454, 1.2896069935219445, 0.274435654167977], "SNR": 500000, "name": "1bxn"}