{"loc": [-4, 5, 0], "rotate": [-2.174064904160432, 1.1677067211433152, -2.2591415910464545], "SNR": 500000, "name": "1bxn"}