{"loc": [0, -6, 6], "rotate": [2.4018844138261577, 1.2976866794555781, 0.013267671846524897], "SNR": 500000, "name": "1bxn"}