{"loc": [0, 1, 7], "rotate": [2.6950247641205345, 2.0281529522500823, 1.4655008432773116], "SNR": 500000, "name": "1bxn"}