{"loc": [2, -3, -2], "rotate": [-2.428861513872619, 0.9118516103582912, -1.9267362934032055], "SNR": 500000, "name": "1bxn"}