{"loc": [0, 0, -3], "rotate": [2.2056700144607584, 0.9376790408731224, 0.24462900696884196], "SNR": 500000, "name": "1bxn"}