{"loc": [3, -2, -6], "rotate": [-0.3728201055751634, 0.404880839711349, -0.46354882470976433], "SNR": 500000, "name": "1bxn"}