{"loc": [-2, 2, -1], "rotate": [-2.4151320976758086, 0.7807109592623208, -1.8126290020852263], "SNR": 500000, "name": "1bxn"}