{"loc": [1, 5, 1], "rotate": [1.9927154706996486, 1.7808140572682618, 0.9595780250399606], "SNR": 500000, "name": "1bxn"}