{"loc": [0, -2, 3], "rotate": [2.2254059216872757, 0.7879929378645061, 0.0736188436709259], "SNR": 500000, "name": "1bxn"}