{"loc": [-7, 6, 5], "rotate": [2.4445380107988184, 1.3329558903633678, 0.5042831537086211], "SNR": 500000, "name": "1bxn"}