{"loc": [-2, 6, 1], "rotate": [-2.7814959805416075, 0.7676629359516445, -0.8030665236930408], "SNR": 500000, "name": "1bxn"}