{"loc": [-1, 2, 1], "rotate": [-2.130420447369326, 1.053562500619661, -2.4946120146952335], "SNR": 500000, "name": "1bxn"}