{"loc": [-4, -4, 0], "rotate": [2.014340406157535, 1.58736259663, 1.254320438863837], "SNR": 500000, "name": "1bxn"}