{"loc": [7, 0, -4], "rotate": [2.324971836562035, 0.2419155816412432, -0.007775636909131564], "SNR": 500000, "name": "1bxn"}