{"loc": [6, -5, -6], "rotate": [-2.4899516342708523, 0.9944501489923729, -1.8180321297074113], "SNR": 500000, "name": "1bxn"}