{"loc": [-4, -3, -5], "rotate": [-2.7644451144365227, 0.7619669423251662, -1.0693949685845114], "SNR": 500000, "name": "1bxn"}