{"loc": [-6, 3, 0], "rotate": [2.3941238811614083, 0.9923191059428949, 0.5908257907306964], "SNR": 500000, "name": "1bxn"}