{"loc": [-2, 3, -5], "rotate": [-2.122188907708441, 0.9975978998933324, -1.9147029397388209], "SNR": 500000, "name": "1bxn"}