{"loc": [-4, 5, 2], "rotate": [2.1139185383417978, 1.817558461975214, 0.7810186938733367], "SNR": 500000, "name": "1bxn"}