{"loc": [-2, -4, 0], "rotate": [2.2754363333270664, 1.2353822705338784, 0.516645311259413], "SNR": 500000, "name": "1bxn"}