{"loc": [-6, -3, 3], "rotate": [2.4118104368779645, 0.8449595209275557, 0.23265707188682253], "SNR": 500000, "name": "1bxn"}