{"loc": [-2, -3, 1], "rotate": [2.1571217572414314, 1.3920767132317438, 0.34301242831557766], "SNR": 500000, "name": "1bxn"}