{"loc": [-7, -4, 2], "rotate": [2.4885736309706714, 0.8490969860981743, 0.4591668434408965], "SNR": 500000, "name": "1bxn"}