{"loc": [-4, 0, -6], "rotate": [-2.3783037251655434, 1.0510676851782657, -2.057743488180673], "SNR": 500000, "name": "1bxn"}