{"loc": [-5, 0, -4], "rotate": [2.133873907789899, 1.6502446065541378, 0.8040002177545833], "SNR": 500000, "name": "1bxn"}