{"loc": [0, -7, -7], "rotate": [-2.6620144905922647, 2.547325636873559, 3.0420669639654543], "SNR": 500000, "name": "1bxn"}