{"loc": [3, 6, -1], "rotate": [2.824033623541697, 0.9834229388824397, 0.3004918449031096], "SNR": 500000, "name": "1bxn"}