{"loc": [0, 0, -7], "rotate": [-2.2675988024385236, 1.2710620647542847, -2.383425305501983], "SNR": 500000, "name": "1bxn"}