{"loc": [-1, 5, -3], "rotate": [-2.2130865203941106, 1.496466394826023, -2.149566203126795], "SNR": 500000, "name": "1bxn"}