{"loc": [1, 7, -6], "rotate": [-2.126174533005459, 1.5330449765920502, -2.1133256229385893], "SNR": 500000, "name": "1bxn"}