{"loc": [7, 1, 2], "rotate": [2.522887562941024, 0.7800300547773389, -0.11219429639346713], "SNR": 500000, "name": "1bxn"}