{"loc": [6, -3, 7], "rotate": [-2.597740976374287, 1.6643796316253976, -1.9981930695524133], "SNR": 500000, "name": "1bxn"}