{"loc": [-4, -4, -3], "rotate": [2.3663235588590497, 1.1103474227387276, 0.5253278689218962], "SNR": 500000, "name": "1bxn"}