{"loc": [1, 5, 0], "rotate": [-2.019403542540459, 1.0356054974938211, -2.035064488789256], "SNR": 500000, "name": "1bxn"}