{"loc": [3, -6, -3], "rotate": [2.4046094427832, 0.9194502739058632, 0.46011252714951084], "SNR": 500000, "name": "1bxn"}