{"loc": [1, 7, 2], "rotate": [2.7157585987115676, 1.4760291888330686, -0.07273668471973094], "SNR": 500000, "name": "1bxn"}