{"loc": [-2, -2, -2], "rotate": [-2.843160306734685, 0.703851686277349, -1.1289185828155388], "SNR": 500000, "name": "1bxn"}