{"loc": [-7, -7, 0], "rotate": [2.0840517310128694, 1.569283704728219, 0.9045641895348008], "SNR": 500000, "name": "1bxn"}