{"loc": [-1, 4, -5], "rotate": [2.069526248500805, 1.3506695228732364, 0.55983953942967], "SNR": 500000, "name": "1bxn"}