{"loc": [-6, 3, 0], "rotate": [2.101698856278262, 2.07568564848422, 0.8796629021870442], "SNR": 500000, "name": "1bxn"}