{"loc": [-6, 0, 0], "rotate": [3.0996203361678707, 0.5357859086168795, -0.8133359295287435], "SNR": 500000, "name": "1bxn"}