{"loc": [0, -4, 5], "rotate": [2.832509197310187, 0.8344200927153937, -0.1574887619819457], "SNR": 500000, "name": "1bxn"}