{"loc": [2, 4, -3], "rotate": [2.2637057981109567, 1.570100070761131, 1.0713314993110135], "SNR": 500000, "name": "1bxn"}