{"loc": [0, -3, -2], "rotate": [3.0633166856251632, 0.6867505094277232, -0.6294792653172363], "SNR": 500000, "name": "1bxn"}