{"loc": [-5, 0, 5], "rotate": [1.9238668846625426, 1.174987020106094, 0.6509678547640836], "SNR": 500000, "name": "1bxn"}