{"loc": [0, -7, -2], "rotate": [3.060225195214005, 0.28996372101480733, -0.7106621176609612], "SNR": 500000, "name": "1bxn"}