{"loc": [6, -6, -4], "rotate": [2.10195005349458, 1.0184850957685476, 0.4759642957874225], "SNR": 500000, "name": "1bxn"}