{"loc": [0, 5, -4], "rotate": [3.087994002544027, 0.5904438589270464, -0.7832343560203547], "SNR": 500000, "name": "1bxn"}