{"loc": [-2, 0, -5], "rotate": [-2.526216324112211, 1.0381326783168838, -1.7519738038779666], "SNR": 500000, "name": "1bxn"}