{"loc": [-2, 0, -6], "rotate": [1.1535563455452895, 1.63348162994916, -1.662101209213774], "SNR": 500000, "name": "1bxn"}