{"loc": [2, -1, 7], "rotate": [2.1759087751106665, 1.8284222336161775, 0.7710869210309442], "SNR": 500000, "name": "1bxn"}