{"loc": [-1, -4, -5], "rotate": [-1.8640057736918334, 0.7826912214610321, -1.878523357826074], "SNR": 500000, "name": "1bxn"}