{"loc": [-1, -7, -3], "rotate": [-2.2442103825181476, 0.5365849936195151, -1.848057221157591], "SNR": 500000, "name": "1bxn"}