{"loc": [3, -3, 3], "rotate": [-2.5414159275988024, 0.8141361543915818, -1.5687162973046493], "SNR": 500000, "name": "1bxn"}