{"loc": [7, 4, -6], "rotate": [2.4363762541493887, 0.6271288368560216, 0.010983015251123827], "SNR": 500000, "name": "1bxn"}