{"loc": [-3, -4, -6], "rotate": [-2.9929465730927776, 2.376407120961526, 2.5066886986285315], "SNR": 500000, "name": "1bxn"}