{"loc": [0, -5, 0], "rotate": [0.7997364867357872, 1.6545488416329721, -1.9634409463835905], "SNR": 500000, "name": "1bxn"}