{"loc": [0, 4, 1], "rotate": [1.9822969041359402, 1.2177780650039889, 0.629447509503419], "SNR": 500000, "name": "1bxn"}