{"loc": [0, -4, 0], "rotate": [-2.935838283237465, 0.5331688361156249, -0.9875381481891816], "SNR": 500000, "name": "1bxn"}