{"loc": [-2, 5, 2], "rotate": [2.3415854709048434, 1.0095298079562958, 0.42754457031094595], "SNR": 500000, "name": "1bxn"}