{"loc": [5, -2, -3], "rotate": [1.8954054406661394, 1.5093261259626969, 0.7998479766342129], "SNR": 500000, "name": "1bxn"}