{"loc": [-5, -1, -2], "rotate": [3.110218980854759, 0.7963512309571877, -0.6736642634360215], "SNR": 500000, "name": "1bxn"}