{"loc": [0, -3, 1], "rotate": [-2.3922270621554524, 1.692412352735506, -1.8933233404440926], "SNR": 500000, "name": "1bxn"}