{"loc": [0, -7, -5], "rotate": [2.212093097952958, 0.8459760149191052, 0.4318689895938824], "SNR": 500000, "name": "1bxn"}