{"loc": [-7, -4, -7], "rotate": [2.4948014086350527, 0.497880319427083, 0.26673221074855485], "SNR": 500000, "name": "1bxn"}