{"loc": [-7, -3, 2], "rotate": [-2.821172074852521, 0.5831695117487521, -1.194909228392267], "SNR": 500000, "name": "1bxn"}