{"loc": [2, 5, 0], "rotate": [-2.3594333560201104, 2.394934088227212, -2.9370356948159646], "SNR": 500000, "name": "1bxn"}