{"loc": [5, 6, -6], "rotate": [2.2529495313751493, 1.3285560198353543, 0.389289927648614], "SNR": 500000, "name": "1bxn"}