{"loc": [-2, -4, 5], "rotate": [2.049338541923953, 1.1851473981579483, 0.37638629447087274], "SNR": 500000, "name": "1bxn"}