{"loc": [-1, 5, 0], "rotate": [-2.4425784745209413, 0.9873827580381194, -1.8602673902066762], "SNR": 500000, "name": "1bxn"}