{"loc": [6, -5, 3], "rotate": [1.8263653982693642, 1.4406318219090273, 1.343325856875149], "SNR": 500000, "name": "1bxn"}