{"loc": [3, 0, 1], "rotate": [-2.4014648766097872, 1.6411958087540017, -2.1439707400909773], "SNR": 500000, "name": "1bxn"}