{"loc": [4, 3, 0], "rotate": [2.0976655883973945, 2.1208422121233874, 1.165673892837979], "SNR": 500000, "name": "1bxn"}