{"loc": [5, 0, -2], "rotate": [-2.5018859155359947, 0.7118041553326847, -1.3902472490442004], "SNR": 500000, "name": "1bxn"}