{"loc": [0, -7, 5], "rotate": [-2.2074203956789664, 0.40925935224792764, -1.7149166223250347], "SNR": 500000, "name": "1bxn"}