{"loc": [6, -2, 5], "rotate": [2.617642688582561, 0.9517342828721542, -0.39427449882650667], "SNR": 500000, "name": "1bxn"}