{"loc": [-2, -1, -4], "rotate": [2.1496531286170386, 0.743862035184145, 0.2116777683546073], "SNR": 500000, "name": "1bxn"}