{"loc": [4, 7, -6], "rotate": [-3.026697518208985, 0.2511984169621665, -0.4883562902904858], "SNR": 500000, "name": "1bxn"}