{"loc": [6, -1, 6], "rotate": [-2.088184013461337, 1.3729016637715232, -2.123660305159074], "SNR": 500000, "name": "1bxn"}