{"loc": [0, 6, -6], "rotate": [-1.7033298777207875, 1.5506848815472734, -1.64397696175009], "SNR": 500000, "name": "1bxn"}