{"loc": [1, 3, -7], "rotate": [2.4134843661270495, 0.6023796216276313, 0.08771584599191701], "SNR": 500000, "name": "1bxn"}