{"loc": [7, -2, 4], "rotate": [2.17009407172441, 2.534764664023926, 0.9418133503196547], "SNR": 500000, "name": "1bxn"}