{"loc": [5, -1, -7], "rotate": [2.2964118586643734, 1.4693248866223745, 0.4427123558482058], "SNR": 500000, "name": "1bxn"}