{"loc": [-6, 0, 1], "rotate": [1.9987755474343416, 1.51853913644323, 0.8825919870627783], "SNR": 500000, "name": "1bxn"}