{"loc": [-1, -6, -7], "rotate": [2.5169170990119265, 1.6176537294998035, 0.7776493294376756], "SNR": 500000, "name": "1bxn"}