{"loc": [-7, -2, 4], "rotate": [2.2819176912693657, 1.7836916127455928, 1.6067524446666739], "SNR": 500000, "name": "1bxn"}