{"loc": [7, 1, -1], "rotate": [-2.734325571647602, 0.8291259580575152, -1.5520316294544991], "SNR": 500000, "name": "1bxn"}