{"loc": [-6, 1, 0], "rotate": [2.410834646167567, 1.589787649669666, 0.7258500942535344], "SNR": 500000, "name": "1bxn"}