{"loc": [5, 4, 6], "rotate": [-2.112990219486797, 1.0506432338051053, -2.3066322407114876], "SNR": 500000, "name": "1bxn"}