{"loc": [5, 1, -4], "rotate": [-2.034578085878191, 0.7152994323401732, -2.035690528464892], "SNR": 500000, "name": "1bxn"}