{"loc": [-1, 3, 4], "rotate": [2.7165583313811665, 0.7823929273171099, -0.4361929430943917], "SNR": 500000, "name": "1bxn"}