{"loc": [0, 5, 1], "rotate": [-2.6431806993433042, 1.0407049101525399, -1.7956459866010164], "SNR": 500000, "name": "1bxn"}