{"loc": [6, 1, 4], "rotate": [2.6316453323755473, 0.6895739448741074, -0.14490799557231251], "SNR": 500000, "name": "1bxn"}