{"loc": [3, 5, 3], "rotate": [2.2327626469553006, 0.655225266533187, 0.42803228135266735], "SNR": 500000, "name": "1bxn"}