{"loc": [-1, -7, -1], "rotate": [-3.035614000181505, 0.8525436119673575, -1.1513999087099434], "SNR": 500000, "name": "1bxn"}