{"loc": [2, 4, 0], "rotate": [2.499792219817384, 0.24208222661342607, -0.025792163470719037], "SNR": 500000, "name": "1bxn"}