{"loc": [6, 6, 2], "rotate": [-2.5405099282349335, 0.7581829568725517, -1.3167615320674677], "SNR": 500000, "name": "1bxn"}