{"loc": [1, 0, 0], "rotate": [-2.464233656762732, 0.83833526859634, -1.264337400665499], "SNR": 500000, "name": "1bxn"}