{"loc": [-2, -3, 3], "rotate": [2.086059488752793, 1.2243818430951465, 0.2313136373471289], "SNR": 500000, "name": "1bxn"}