{"loc": [2, -7, -2], "rotate": [2.033722173774426, 1.6657418074981256, 0.2143102508439699], "SNR": 500000, "name": "1bxn"}