{"loc": [2, -4, -2], "rotate": [2.0254182938690377, 0.9805815344698858, 0.7174035971078486], "SNR": 500000, "name": "1bxn"}