{"loc": [7, -7, 6], "rotate": [-1.9754048176935963, 0.9978419655477205, -2.1302468472454197], "SNR": 500000, "name": "1bxn"}