{"loc": [-3, -3, 1], "rotate": [-2.7869534184404885, 0.5700791803790267, -1.3569441368380535], "SNR": 500000, "name": "1bxn"}