{"loc": [-7, 1, -3], "rotate": [2.417352353576329, 1.5938760044537528, 0.9971459815449601], "SNR": 500000, "name": "1bxn"}