{"loc": [-1, -3, -4], "rotate": [-1.8327459935941297, 1.8191355232651616, -3.0382702147388594], "SNR": 500000, "name": "1bxn"}