{"loc": [-4, -5, -6], "rotate": [2.1269065483025877, 1.5809452403617745, 0.44571999548060004], "SNR": 500000, "name": "1bxn"}