{"loc": [1, -1, -3], "rotate": [-2.8877615809911372, 2.2917468691569605, 2.9198954247123527], "SNR": 500000, "name": "1bxn"}