{"loc": [-6, 1, 0], "rotate": [-2.3067549188179495, 0.5832917321707738, -1.8040574610530193], "SNR": 500000, "name": "1bxn"}