{"loc": [5, -4, 0], "rotate": [2.388212954144994, 1.1782073809620228, 0.5014558952887437], "SNR": 500000, "name": "1bxn"}