{"loc": [1, 7, -1], "rotate": [-2.589535837416285, 0.6887839451710688, -1.5938690904000805], "SNR": 500000, "name": "1bxn"}