{"loc": [5, -5, -5], "rotate": [2.3705092913851535, 0.6228872973954597, 0.05441983609875324], "SNR": 500000, "name": "1bxn"}