{"loc": [5, 5, -2], "rotate": [-2.5241607873634404, 1.0201602019404303, -1.5464896913427681], "SNR": 500000, "name": "1bxn"}