{"loc": [-5, 7, 3], "rotate": [-2.2037599272784036, 1.8135265840222705, -2.590863250847009], "SNR": 500000, "name": "1bxn"}