{"loc": [1, -6, -2], "rotate": [-0.805451368768187, 0.7908408896258121, 0.3527104235200738], "SNR": 500000, "name": "1bxn"}