{"loc": [6, -4, 6], "rotate": [2.3618995443663153, 1.3647192417769016, 0.582690965672652], "SNR": 500000, "name": "1bxn"}