{"loc": [-5, -3, -2], "rotate": [-2.5842378170242872, 0.8821336310754834, -1.861877542886824], "SNR": 500000, "name": "1bxn"}