{"loc": [-1, 1, 0], "rotate": [1.9551017702118776, 1.2039093034678645, 0.9308074056234652], "SNR": 500000, "name": "1bxn"}