{"loc": [7, 6, 3], "rotate": [-2.7690761640937316, 0.6774745086806409, -1.1781226980125201], "SNR": 500000, "name": "1bxn"}