{"loc": [3, 2, 2], "rotate": [2.2147872762404903, 0.7967464842052796, 0.4797976231097517], "SNR": 500000, "name": "1bxn"}