{"loc": [-2, 1, 0], "rotate": [2.1116200279630153, 2.1844855012544317, 0.9244453115123487], "SNR": 500000, "name": "1bxn"}