{"loc": [-2, 7, 6], "rotate": [3.1316362720786763, 0.9268499157183898, -0.8878236371238689], "SNR": 500000, "name": "1bxn"}