{"loc": [3, -4, 4], "rotate": [2.1413287972121493, 1.7355037205225188, 0.8664778248492407], "SNR": 500000, "name": "1bxn"}