{"loc": [2, 3, 0], "rotate": [2.2236620968569367, 1.4867050772974506, 0.8448956507900008], "SNR": 500000, "name": "1bxn"}