{"loc": [-2, 5, -5], "rotate": [-2.593876288491082, 0.5167669469366768, -1.6222851062897439], "SNR": 500000, "name": "1bxn"}