{"loc": [7, 1, -7], "rotate": [-2.3807011027604497, 1.270385535223274, -1.5801627180132554], "SNR": 500000, "name": "1bxn"}