{"loc": [-6, -7, -3], "rotate": [-2.570972657749558, 0.9764906049462132, -1.9321386073720503], "SNR": 500000, "name": "1bxn"}