{"loc": [3, 3, -7], "rotate": [2.0206078785792454, 1.4829592883711142, 0.9181971383522188], "SNR": 500000, "name": "1bxn"}