{"loc": [1, -2, -7], "rotate": [-2.0625928537996345, 1.2909061679022906, -2.333392752112809], "SNR": 500000, "name": "1bxn"}