{"loc": [0, -4, 4], "rotate": [-3.0966520042751617, 0.790063380739822, -0.8227985724769021], "SNR": 500000, "name": "1bxn"}