{"loc": [0, -1, 0], "rotate": [2.1062592799450592, 0.9219948556572859, 0.16117811577635174], "SNR": 500000, "name": "1bxn"}