{"loc": [-2, -3, 3], "rotate": [2.2581330266104414, 1.9509164904667085, 1.0670871516932539], "SNR": 500000, "name": "1bxn"}