{"loc": [0, -2, -2], "rotate": [2.1300074054256304, 1.0291003614283698, 0.31294124634397036], "SNR": 500000, "name": "1bxn"}