{"loc": [6, 4, -1], "rotate": [-2.87494574457152, 0.4569899751883856, -1.4084916598084438], "SNR": 500000, "name": "1bxn"}