{"loc": [-6, -6, -5], "rotate": [1.9316060179077377, 1.2911980068701692, 0.6967440160590004], "SNR": 500000, "name": "1bxn"}