{"loc": [-4, 7, 5], "rotate": [2.191879811449302, 1.2014147281159564, 0.6319245917360875], "SNR": 500000, "name": "1bxn"}