{"loc": [-4, 0, 5], "rotate": [2.4176180014032562, 1.0604198268366625, 0.19420405183625847], "SNR": 500000, "name": "1bxn"}