{"loc": [2, 3, 3], "rotate": [2.2775267024626777, 1.2937589983414939, 0.6070318895016776], "SNR": 500000, "name": "1bxn"}