{"loc": [4, -4, 6], "rotate": [2.805395549793025, 0.4371711718781744, -0.6066592654563286], "SNR": 500000, "name": "1bxn"}