{"loc": [-4, 5, -4], "rotate": [2.5418510707329625, 2.249312341500561, 1.6571368515618774], "SNR": 500000, "name": "1bxn"}