{"loc": [1, 5, -4], "rotate": [2.2236578322665985, 1.3401333250578944, 0.7497161920743601], "SNR": 500000, "name": "1bxn"}