{"loc": [-1, 2, 0], "rotate": [2.2777683758540883, 1.296444603649698, 0.7886360869981325], "SNR": 500000, "name": "1bxn"}