{"loc": [6, 5, 2], "rotate": [2.104366076517286, 1.3987350715091547, 0.7143299608168742], "SNR": 500000, "name": "1bxn"}