{"loc": [4, 0, -7], "rotate": [2.2009189608310478, 1.6486907224487197, 0.22145590091980713], "SNR": 500000, "name": "1bxn"}