{"loc": [-1, -6, -5], "rotate": [2.5262900028896342, 0.8128641262525186, -0.188766768614241], "SNR": 500000, "name": "1bxn"}