{"loc": [2, -2, -5], "rotate": [2.167831899187221, 1.0841386341138595, 0.5136565964556526], "SNR": 500000, "name": "1bxn"}