{"loc": [3, -5, -4], "rotate": [3.0729481716150877, 0.6775560827265306, -0.7422453244012016], "SNR": 500000, "name": "1bxn"}