{"loc": [7, 1, 5], "rotate": [-2.3499456445529097, 0.8140393578113665, -1.6997950302038458], "SNR": 500000, "name": "1bxn"}