{"loc": [3, -7, 1], "rotate": [2.2907439334933164, 0.7849688037285012, 0.16288783112821006], "SNR": 500000, "name": "1bxn"}