{"loc": [6, -3, -2], "rotate": [2.2436733852689374, 1.5769608107871527, 0.380469171687807], "SNR": 500000, "name": "1bxn"}