{"loc": [1, 6, 7], "rotate": [2.2042700142572214, 0.9189770612188248, 0.2742197857978329], "SNR": 500000, "name": "1bxn"}