{"loc": [-7, -7, 1], "rotate": [2.225394787288589, 1.408483574677436, 0.6431197494852738], "SNR": 500000, "name": "1bxn"}