{"loc": [-5, 4, 0], "rotate": [-2.0976099646863755, 0.8041883078876492, -1.6237439267447529], "SNR": 500000, "name": "1bxn"}