{"loc": [-1, 3, 0], "rotate": [-2.219022708230004, 1.0078942149265537, -2.122291550143265], "SNR": 500000, "name": "1bxn"}