{"loc": [5, -5, 7], "rotate": [2.072199974179243, 0.917131603169389, 0.7019159646158158], "SNR": 500000, "name": "1bxn"}