{"loc": [-1, 0, -1], "rotate": [-2.1806251530112073, 1.6420939236170784, -2.7858625037939744], "SNR": 500000, "name": "1bxn"}