{"loc": [6, -2, -1], "rotate": [2.196139360963826, 1.2056528672775886, 0.6466450050475125], "SNR": 500000, "name": "1bxn"}