{"loc": [-2, -2, -3], "rotate": [2.1351642491242044, 1.264767579651535, 0.6418442823374145], "SNR": 500000, "name": "1bxn"}