{"loc": [0, 4, -7], "rotate": [2.2296165974719697, 1.1080055379269456, 0.8364294036343835], "SNR": 500000, "name": "1bxn"}