{"loc": [6, -4, 0], "rotate": [2.3534664059558255, 0.840670404915302, 0.34163848425818005], "SNR": 500000, "name": "1bxn"}