{"loc": [-4, -5, 1], "rotate": [2.4877698587617276, 0.7618878519792119, -0.09157902746218405], "SNR": 500000, "name": "1bxn"}