{"loc": [-5, 6, 3], "rotate": [-2.5880254716930198, 0.7414592064407272, -1.8093827710532158], "SNR": 500000, "name": "1bxn"}