{"loc": [0, 7, -1], "rotate": [-2.1273910198328867, 0.32101079633343094, -2.0253661188571805], "SNR": 500000, "name": "1bxn"}