{"loc": [5, -7, 4], "rotate": [2.3027258983129375, 1.2452661541713796, 0.14776698156855653], "SNR": 500000, "name": "1bxn"}