{"loc": [5, 5, 2], "rotate": [2.6821772195978775, 1.1008395101180346, -0.2535259943342125], "SNR": 500000, "name": "1bxn"}