{"loc": [6, 6, -6], "rotate": [2.3595325927234283, 1.9465292887239574, 1.6220801675040453], "SNR": 500000, "name": "1bxn"}