{"loc": [7, 7, 2], "rotate": [-2.6593007944593063, 0.9401600677312305, -1.291045891761199], "SNR": 500000, "name": "1bxn"}