{"loc": [3, -7, 7], "rotate": [2.847176881828026, 0.7303169659220223, -0.16645227039862148], "SNR": 500000, "name": "1bxn"}