{"loc": [-2, 1, -3], "rotate": [2.9116270227534646, 0.7692626105916999, -0.16943761585500028], "SNR": 500000, "name": "1bxn"}