{"loc": [7, 5, -1], "rotate": [2.2876618846535353, 1.1365800449714036, 0.4222280125286036], "SNR": 500000, "name": "1bxn"}