{"loc": [-6, -3, -5], "rotate": [-2.3454171892405493, 1.1300372844980506, -2.1106083304970875], "SNR": 500000, "name": "1bxn"}