{"loc": [5, -5, 1], "rotate": [2.4943005926107857, 1.0210551662271667, -0.0087934951775743], "SNR": 500000, "name": "1bxn"}