{"loc": [1, 0, -3], "rotate": [2.3330921221515597, 0.7689860249056262, 0.22075330272214377], "SNR": 500000, "name": "1bxn"}