{"loc": [7, -3, -2], "rotate": [2.3566730738815123, 1.5479381471277365, 1.0674093745745863], "SNR": 500000, "name": "1bxn"}