{"loc": [-1, 6, 4], "rotate": [2.257719155919452, 1.0521799159463936, 0.743289313895957], "SNR": 500000, "name": "1bxn"}