{"loc": [-7, 3, 5], "rotate": [2.662629133915479, 0.8590348783880876, 0.29866128789166474], "SNR": 500000, "name": "1bxn"}