{"loc": [6, 1, 4], "rotate": [-2.0486143023797307, 1.2546592776190104, -2.1460296834209447], "SNR": 500000, "name": "1bxn"}