{"loc": [0, -2, -4], "rotate": [-2.856873817287239, 0.5795757163751647, -1.2875026534496932], "SNR": 500000, "name": "1bxn"}