{"loc": [-7, 4, 3], "rotate": [2.59870872316152, 1.750229095749981, 0.9475614187746241], "SNR": 500000, "name": "1bxn"}