{"loc": [4, 7, 4], "rotate": [1.8930685352821928, 1.2762715875986463, 0.5434367435491158], "SNR": 500000, "name": "1bxn"}