{"loc": [-1, -6, 2], "rotate": [-2.098410438354461, 1.1003818874399975, -2.103986602160017], "SNR": 500000, "name": "1bxn"}