{"loc": [-7, 4, -5], "rotate": [2.5388072691108694, 2.292632402131718, 1.4206623393887579], "SNR": 500000, "name": "1bxn"}