{"loc": [6, 2, 7], "rotate": [-2.218326449577667, 0.8717910557902125, -1.9294147063675735], "SNR": 500000, "name": "1bxn"}