{"loc": [1, 3, -1], "rotate": [-2.0445967714962845, 1.5379560610462872, -2.4058024549962846], "SNR": 500000, "name": "1bxn"}