{"loc": [-3, 0, -1], "rotate": [3.091771918276809, 0.2560393223485091, -0.9179216876078898], "SNR": 500000, "name": "1bxn"}