{"loc": [5, 4, -5], "rotate": [-2.7680077921697626, 0.8602078983906449, -1.286282539802158], "SNR": 500000, "name": "1bxn"}