{"loc": [0, 3, 2], "rotate": [1.8637011658342226, 0.9901044506480529, 0.5484954761690407], "SNR": 500000, "name": "1bxn"}