{"loc": [2, -4, 6], "rotate": [-2.7008951821015037, 0.7865806545916376, -1.4471309709298044], "SNR": 500000, "name": "1bxn"}