{"loc": [2, -3, 5], "rotate": [2.0371358514955844, 0.9066262078642642, 0.21318863911346073], "SNR": 500000, "name": "1bxn"}