{"loc": [-3, 5, 6], "rotate": [-2.6103802203609416, 0.516863938860789, -1.764314374335284], "SNR": 500000, "name": "1bxn"}