{"loc": [6, 2, -3], "rotate": [1.969980393227859, 0.7736411495342872, 0.5730432233613278], "SNR": 500000, "name": "1bxn"}