{"loc": [1, -3, 6], "rotate": [-2.278189588077775, 1.0328456296184314, -2.004192290323719], "SNR": 500000, "name": "1bxn"}