{"loc": [3, -3, 0], "rotate": [-2.3639471317398106, 0.8384745845167533, -1.8096002196081606], "SNR": 500000, "name": "1bxn"}