{"loc": [-5, -2, 0], "rotate": [-2.3378193809589103, 0.3029309062345857, -1.491105954288578], "SNR": 500000, "name": "1bxn"}