{"loc": [-2, 3, -3], "rotate": [-2.0647301337290602, 1.0013585990413287, -2.139725404866462], "SNR": 500000, "name": "1bxn"}