{"loc": [4, 5, -2], "rotate": [-2.9008744414479875, 0.5618205344885698, -1.209430126363735], "SNR": 500000, "name": "1bxn"}