{"loc": [-7, -1, 5], "rotate": [-2.207177980424022, 0.872623430390616, -1.8336461655012757], "SNR": 500000, "name": "1bxn"}