{"loc": [3, -2, 6], "rotate": [-2.746127567378727, 0.4778465325231213, -1.2899697326666093], "SNR": 500000, "name": "1bxn"}