{"loc": [-6, 6, -5], "rotate": [2.4298538708867525, 0.43059557104879775, -0.01740831074446849], "SNR": 500000, "name": "1bxn"}