{"loc": [3, -4, -2], "rotate": [-2.4028828058907097, 1.0690719650857003, -1.8590623312272418], "SNR": 500000, "name": "1bxn"}