{"loc": [-1, -5, -7], "rotate": [-2.168690795307378, 1.118760834540827, -1.6970817441133703], "SNR": 500000, "name": "1bxn"}