{"loc": [4, -7, 5], "rotate": [-2.3884461838493465, 1.3145835246387398, -1.864425949547228], "SNR": 500000, "name": "1bxn"}