{"loc": [2, 7, 0], "rotate": [-2.192215864014636, 1.210718037608282, -2.097333986162493], "SNR": 500000, "name": "1bxn"}