{"loc": [3, -2, -2], "rotate": [2.1082150142203004, 1.2925660088968798, 1.2800790756769045], "SNR": 500000, "name": "1bxn"}