{"loc": [-7, 6, 5], "rotate": [-2.285392328698133, 2.6275931234610903, -2.970104298017447], "SNR": 500000, "name": "1bxn"}