{"loc": [-6, 1, -6], "rotate": [2.823849801672496, 0.7981792522159584, -0.2269098480631171], "SNR": 500000, "name": "1bxn"}