{"loc": [-4, 0, 1], "rotate": [-2.9788208028871273, 0.8715526798905736, -0.991173409681913], "SNR": 500000, "name": "1bxn"}