{"loc": [-2, -3, 6], "rotate": [2.13431079726458, 0.9322581308830951, 0.5902199584064861], "SNR": 500000, "name": "1bxn"}