{"loc": [-7, 2, -6], "rotate": [-2.2246790370453438, 0.6835163239811984, -1.500711848639443], "SNR": 500000, "name": "1bxn"}