{"loc": [5, -3, 5], "rotate": [2.7856021718526547, 1.0328831651111885, 0.2846045601539532], "SNR": 500000, "name": "1bxn"}