{"loc": [7, -3, 0], "rotate": [2.5491007555068417, 1.3071734969999342, 0.5903288783004675], "SNR": 500000, "name": "1bxn"}