{"loc": [6, 4, -5], "rotate": [-2.007254077595158, 1.465137126502365, -2.317850408973266], "SNR": 500000, "name": "1bxn"}