{"loc": [1, -2, -6], "rotate": [2.6385573001072262, 0.7031756808478477, -0.40169658358500787], "SNR": 500000, "name": "1bxn"}