{"loc": [-3, 7, 3], "rotate": [-2.610547716027229, 0.34393908952324515, -1.9194505853901203], "SNR": 500000, "name": "1bxn"}