{"loc": [0, 0, 4], "rotate": [-2.2585365819117182, 1.0577851958298943, -1.4356699565979192], "SNR": 500000, "name": "1bxn"}