{"loc": [-2, 7, 7], "rotate": [1.9360563091562004, 1.2115630016045997, 0.02898782927529943], "SNR": 500000, "name": "1bxn"}