{"loc": [6, 5, -5], "rotate": [2.070960049255867, 0.8602144607279403, 0.6670423585151581], "SNR": 500000, "name": "1bxn"}