{"loc": [0, 4, -6], "rotate": [2.287380056950969, 2.8999276662829474, 1.6761576500188489], "SNR": 500000, "name": "1bxn"}