{"loc": [3, 7, 0], "rotate": [2.565037029542303, 0.844761470512498, 0.31672523575471834], "SNR": 500000, "name": "1bxn"}