{"loc": [-6, 0, -5], "rotate": [-2.4789578318312477, 2.6543122516187623, 2.911161412775857], "SNR": 500000, "name": "1bxn"}