{"loc": [-5, -5, 3], "rotate": [-2.5892903844912416, 1.3698506175328489, -1.604391015588482], "SNR": 500000, "name": "1bxn"}