{"loc": [-4, 1, -4], "rotate": [2.398304739916429, 1.9148186341506284, 0.9446325451109332], "SNR": 500000, "name": "1bxn"}