{"loc": [-2, 0, -1], "rotate": [2.5836049508393746, 1.4192412709195106, 0.935669910483427], "SNR": 500000, "name": "1bxn"}