{"loc": [0, -2, 6], "rotate": [2.5280087414765133, 1.1306586275917352, 0.1506101648936024], "SNR": 500000, "name": "1bxn"}