{"loc": [-3, 3, -4], "rotate": [2.9209399010720447, 0.7393875833702703, -0.7415572317320928], "SNR": 500000, "name": "1bxn"}