{"loc": [-3, 7, -6], "rotate": [2.3135809934742597, 2.1333795485090983, 1.1867635854421603], "SNR": 500000, "name": "1bxn"}