{"loc": [6, 0, 1], "rotate": [3.0703162696449553, 0.44907983364789555, -0.5207115882859671], "SNR": 500000, "name": "1bxn"}