{"loc": [7, 7, -4], "rotate": [-2.633060894497226, 1.1918306686792854, -1.5079045065712562], "SNR": 500000, "name": "1bxn"}