{"loc": [-4, -4, 6], "rotate": [-2.6819440397914427, 0.7050564402370375, -1.06509851516354], "SNR": 500000, "name": "1bxn"}