{"loc": [1, 4, 4], "rotate": [3.0208912439029914, 0.7091563181394305, -0.5477670949121539], "SNR": 500000, "name": "1bxn"}