{"loc": [-6, 2, 7], "rotate": [2.4386413170654544, 0.9161314091537399, 0.10358907692412904], "SNR": 500000, "name": "1bxn"}