{"loc": [-2, 3, 4], "rotate": [-2.073693590776395, 1.6117335048230337, -2.375248595465646], "SNR": 500000, "name": "1bxn"}