{"loc": [0, 0, 2], "rotate": [-2.7487647328006384, 0.9626098783335311, -0.9613317406742249], "SNR": 500000, "name": "1bxn"}