{"loc": [0, 7, 2], "rotate": [3.1121521984947282, 0.9471153875891105, -1.0237227863162564], "SNR": 500000, "name": "1bxn"}