{"loc": [-2, 0, -6], "rotate": [3.071026853641865, 0.7821733849505959, -0.26225006874060014], "SNR": 500000, "name": "1bxn"}