{"loc": [-5, -6, -4], "rotate": [2.3178496387334646, 0.8974884229415465, 0.11538978707422536], "SNR": 500000, "name": "1bxn"}