{"loc": [2, 1, 5], "rotate": [-2.6527977731882135, 0.8426333017678488, -1.3391286737522867], "SNR": 500000, "name": "1bxn"}