{"loc": [4, 6, -2], "rotate": [-2.0550675853808973, 0.7549239438675098, -1.546022989146492], "SNR": 500000, "name": "1bxn"}