{"loc": [7, 0, -7], "rotate": [-2.391857909453601, 0.8089486839754476, -1.4062034595274282], "SNR": 500000, "name": "1bxn"}