{"loc": [-7, 3, 6], "rotate": [-2.1452509001349163, 1.528994308893277, -2.074670936779524], "SNR": 500000, "name": "1bxn"}