{"loc": [-4, 6, 3], "rotate": [2.3387142903548193, 0.6875716085730784, 0.2870327806802069], "SNR": 500000, "name": "1bxn"}