{"loc": [1, 6, 0], "rotate": [2.3295487948414015, 1.5711962971297921, 0.8194023219999502], "SNR": 500000, "name": "1bxn"}