{"loc": [0, -3, 1], "rotate": [-2.1710790323271096, 1.323614635688005, -2.3846635607010866], "SNR": 500000, "name": "1bxn"}