{"loc": [-1, 7, -1], "rotate": [-2.5764406924031777, 0.8641495414625735, -1.2937741235743339], "SNR": 500000, "name": "1bxn"}