{"loc": [-2, 5, -3], "rotate": [2.3482441950780535, 1.3826972493838288, 1.1673437066473347], "SNR": 500000, "name": "1bxn"}