{"loc": [3, 0, -4], "rotate": [2.0713566396044842, 1.3507686203156095, 0.20497039042240733], "SNR": 500000, "name": "1bxn"}