{"loc": [-7, 1, 3], "rotate": [-3.108629736083662, 0.537589681838593, -0.6107181549637704], "SNR": 500000, "name": "1bxn"}