{"loc": [-1, 4, 6], "rotate": [2.7967777520649677, 0.5522766169370721, -0.3899263463881706], "SNR": 500000, "name": "1bxn"}