{"loc": [-6, -4, 0], "rotate": [2.0112670491685476, 1.6213471976089047, 0.8917257908963777], "SNR": 500000, "name": "1bxn"}