{"loc": [-2, -2, 0], "rotate": [2.0452089603820935, 1.431041072929132, 0.7357525665099703], "SNR": 500000, "name": "1bxn"}