{"loc": [5, -4, -5], "rotate": [-2.1970355311274083, 1.1758983485990215, -1.8688659089199027], "SNR": 500000, "name": "1bxn"}