{"loc": [-5, -1, -7], "rotate": [-2.1430232971250813, 0.9732372169900729, -2.2643152206056976], "SNR": 500000, "name": "1bxn"}