{"loc": [2, -6, -1], "rotate": [2.0807597053414035, 1.0351989868027123, 0.24550004356016739], "SNR": 500000, "name": "1bxn"}