{"loc": [2, 0, 1], "rotate": [-2.815317795475764, 0.8120765913908947, -1.6076237383444762], "SNR": 500000, "name": "1bxn"}