{"loc": [1, -4, 7], "rotate": [2.6236547686169236, 0.8575163582644458, -0.6188871691937602], "SNR": 500000, "name": "1bxn"}