{"loc": [-6, -1, 0], "rotate": [-2.0537311562402474, 2.4570688834548493, -2.532092544232739], "SNR": 500000, "name": "1bxn"}