{"loc": [-2, 7, -5], "rotate": [2.127600396324721, 1.3102878704023488, 0.5597624866452555], "SNR": 500000, "name": "1bxn"}