{"loc": [-5, 6, -2], "rotate": [2.5324055321655035, 0.540585992685968, 0.056117504436746776], "SNR": 500000, "name": "1bxn"}