{"loc": [2, -7, 0], "rotate": [1.906245275136835, 1.3307632679886423, -0.02455152124295289], "SNR": 500000, "name": "1bxn"}