{"loc": [0, 7, -5], "rotate": [2.002163465249666, 1.0786890078500806, 0.563961593307341], "SNR": 500000, "name": "1bxn"}