{"loc": [-4, 0, 2], "rotate": [3.136062325778515, 0.7783047530005117, -0.6277592452322349], "SNR": 500000, "name": "1bxn"}