{"loc": [0, -4, -3], "rotate": [2.697838601415113, 0.5700160442652585, -0.10349496382211285], "SNR": 500000, "name": "1bxn"}