{"loc": [-4, 0, -2], "rotate": [-2.4298835421674188, 0.6863837983861558, -1.4698546709022726], "SNR": 500000, "name": "1bxn"}