{"loc": [0, -5, 2], "rotate": [2.30921375879724, 0.7502085092543674, 0.18832709423127866], "SNR": 500000, "name": "1bxn"}