{"loc": [4, -6, 1], "rotate": [2.725254700380075, 0.31945894961678917, -0.39767376859808523], "SNR": 500000, "name": "1bxn"}