{"loc": [5, 7, 0], "rotate": [-2.063025344675008, 1.140953353087037, -2.348047414424398], "SNR": 500000, "name": "1bxn"}