{"loc": [4, 6, -3], "rotate": [2.4605688337813096, 0.7606821474760279, -0.22372175471399364], "SNR": 500000, "name": "1bxn"}