{"loc": [-5, 7, -1], "rotate": [2.7301568031491987, 0.8831646481382278, -0.5673102321734612], "SNR": 500000, "name": "1bxn"}