{"loc": [-6, -5, 5], "rotate": [2.301741006012078, 1.9171672073134356, 1.0928882797122854], "SNR": 500000, "name": "1bxn"}