{"loc": [-6, 4, 5], "rotate": [2.476919605782608, 0.9096773135480543, 0.2960846476481118], "SNR": 500000, "name": "1bxn"}