{"loc": [6, 6, 6], "rotate": [-2.3274433894760382, 1.024610089182153, -1.7824702041043292], "SNR": 500000, "name": "1bxn"}