{"loc": [2, -2, 3], "rotate": [2.57216466259499, 0.8934272691961122, 0.0477517845883214], "SNR": 500000, "name": "1bxn"}