{"loc": [7, 1, 7], "rotate": [-2.8010817398190784, 0.853472353490029, -1.1000920281824427], "SNR": 0.05, "name": "2h12"}