{"loc": [-4, -1, -5], "rotate": [1.7778316315456564, 1.4231234541181554, 0.7780732139574698], "SNR": 0.05, "name": "2h12"}