{"loc": [-1, 3, 5], "rotate": [2.1148504633206016, 0.6444540450380492, 0.1341436129385013], "SNR": 0.05, "name": "2h12"}