{"loc": [-5, -3, 6], "rotate": [-2.139716857162586, 1.321151322852701, -1.9958217653656887], "SNR": 0.05, "name": "2h12"}