{"loc": [-6, 4, 2], "rotate": [2.7729608702538755, 0.7980885554689038, -0.6857236510346297], "SNR": 0.05, "name": "2h12"}