{"loc": [3, -2, 1], "rotate": [-2.6100232341394345, 1.06657490727339, -1.9675140872475758], "SNR": 0.05, "name": "2h12"}