{"loc": [6, -4, 7], "rotate": [2.6694581764512266, 1.2734755157890418, -0.053430956581444686], "SNR": 0.05, "name": "2h12"}