{"loc": [-5, 1, -1], "rotate": [-2.2412434584076606, 0.46767407516570136, -1.6768962208878695], "SNR": 0.05, "name": "2h12"}