{"loc": [-5, 0, 7], "rotate": [1.9506947365567577, 1.6845636363971734, 1.546902045600937], "SNR": 0.05, "name": "2h12"}