{"loc": [2, -5, 4], "rotate": [-2.221746749444536, 1.0085128993912362, -1.861198811514658], "SNR": 0.05, "name": "2h12"}