{"loc": [3, 4, 2], "rotate": [2.0424254008458065, 1.295376073687495, 0.6052480610104122], "SNR": 0.05, "name": "2h12"}