{"loc": [5, 0, -2], "rotate": [2.5282828807141646, 1.300257423426025, 0.5695598568698499], "SNR": 0.05, "name": "2h12"}