{"loc": [-1, 6, -7], "rotate": [-2.6535088889038954, 1.1781595294455758, -1.4622538054280305], "SNR": 0.05, "name": "2h12"}