{"loc": [1, -2, 5], "rotate": [2.7812049314273732, 0.9842843281344968, -0.5182810080509956], "SNR": 0.05, "name": "2h12"}