{"loc": [-5, -7, 4], "rotate": [-2.4404318747213978, 1.1860212391212284, -2.2044838181934754], "SNR": 0.05, "name": "2h12"}