{"loc": [4, 0, -2], "rotate": [2.565089535541581, 1.4914742133582553, 0.8093198162956191], "SNR": 0.05, "name": "2h12"}