{"loc": [4, -7, 7], "rotate": [-2.4984500029641072, 2.3119710699677785, -2.7893672068076154], "SNR": 0.05, "name": "2h12"}