{"loc": [-4, -6, 3], "rotate": [2.000011071431831, 1.105984327736911, 0.46011824538970003], "SNR": 0.05, "name": "2h12"}