{"loc": [4, -5, 6], "rotate": [1.8938749013269693, 0.7110282469167143, 0.7912485396339937], "SNR": 0.05, "name": "2h12"}