{"loc": [2, 0, 3], "rotate": [-2.9749203254109395, 0.7695652396473714, -1.2046363672105196], "SNR": 0.05, "name": "2h12"}