{"loc": [4, -2, 1], "rotate": [-2.982343970844468, 0.902783895642078, -1.0752993808057187], "SNR": 0.05, "name": "2h12"}