{"loc": [6, 0, 5], "rotate": [2.936614954401359, 0.23933813592343933, -0.5273073300705157], "SNR": 0.05, "name": "2h12"}