{"loc": [-3, -3, 5], "rotate": [-2.62558737594019, 0.6950739026851122, -1.5150957631783346], "SNR": 0.05, "name": "2h12"}