{"loc": [-6, 5, -3], "rotate": [2.053847695315858, 1.8661383891110994, 0.9865287731021017], "SNR": 0.05, "name": "2h12"}