{"loc": [-2, 2, 1], "rotate": [2.6311706995544375, 0.8009275255605592, -0.309897417597161], "SNR": 0.05, "name": "2h12"}