{"loc": [5, 3, -6], "rotate": [-2.2018534777148866, 1.1776437142014353, -2.095163491461585], "SNR": 0.05, "name": "2h12"}