{"loc": [0, 1, -4], "rotate": [-2.1479953492912554, 1.7211729983299486, -2.389434126464591], "SNR": 0.05, "name": "2h12"}