{"loc": [-3, -4, 7], "rotate": [-2.6567212121392667, 0.7553651725673642, -1.4606474788808275], "SNR": 0.05, "name": "2h12"}