{"loc": [-5, -1, -4], "rotate": [-2.3326654469899846, 1.5498353261521214, -2.7395131903266345], "SNR": 0.05, "name": "2h12"}