{"loc": [3, 0, 3], "rotate": [2.364246755056127, 1.8472427063562376, 0.9471140665559408], "SNR": 0.05, "name": "2h12"}