{"loc": [1, -6, -6], "rotate": [-2.0183681332820327, 1.7187021459558913, -2.1992447361882292], "SNR": 0.05, "name": "2h12"}