{"loc": [5, -3, -2], "rotate": [2.048304505392811, 1.401246784852533, 0.68117200239293], "SNR": 0.05, "name": "2h12"}