{"loc": [-4, 7, -3], "rotate": [-3.0875942817621387, 0.7565992445004868, -0.8345549136031181], "SNR": 0.05, "name": "2h12"}