{"loc": [5, -2, 3], "rotate": [2.476370174295232, 0.7302176019033981, -0.017902753744254936], "SNR": 0.05, "name": "2h12"}