{"loc": [4, -3, -5], "rotate": [2.766718502664739, 1.0957807871898022, -0.03355887377828066], "SNR": 0.05, "name": "2h12"}