{"loc": [4, 0, -6], "rotate": [2.831408421717399, 0.654811280343583, -0.8203037481331776], "SNR": 0.05, "name": "2h12"}