{"loc": [4, 3, -6], "rotate": [2.4560430197351426, 1.3511454268791518, 0.8991772662603489], "SNR": 0.05, "name": "2h12"}