{"loc": [0, 7, 5], "rotate": [-2.283745785107075, 1.226952793851686, -2.445989631263086], "SNR": 0.05, "name": "2h12"}