{"loc": [6, 4, -3], "rotate": [2.1999435685711424, 1.211597181063077, 0.8112407880326956], "SNR": 0.05, "name": "2h12"}