{"loc": [4, -5, 6], "rotate": [-3.0706455121820864, 0.7256174521971321, -0.9039025956026598], "SNR": 0.05, "name": "2h12"}