{"loc": [6, 3, 4], "rotate": [2.3196367523010846, 2.635669971321807, 1.381366780281211], "SNR": 0.05, "name": "2h12"}