{"loc": [7, -2, 0], "rotate": [2.2745717179043003, 1.216950534805773, 0.17023151478657464], "SNR": 0.05, "name": "2h12"}