{"loc": [3, -5, -4], "rotate": [2.2162111619317266, 0.9681135231451515, 0.026008643201558615], "SNR": 0.05, "name": "2h12"}