{"loc": [4, -5, -5], "rotate": [2.3837030647393496, 1.4832253712646302, 0.696513219337027], "SNR": 0.05, "name": "2h12"}