{"loc": [-5, 2, -3], "rotate": [-2.1818628255014825, 1.0765769128084535, -1.468865275279537], "SNR": 0.05, "name": "2h12"}