{"loc": [-7, 0, 3], "rotate": [2.423529401141079, 1.0611123219392704, 0.29055223631618227], "SNR": 0.05, "name": "2h12"}