{"loc": [2, 0, -5], "rotate": [-2.412041678152205, 0.4806553313930668, -1.934504369738607], "SNR": 0.05, "name": "2h12"}