{"loc": [3, 0, -6], "rotate": [2.23373102348032, 1.1685251435671606, 0.8939873021793536], "SNR": 0.05, "name": "2h12"}