{"loc": [-5, 3, 0], "rotate": [2.5471831050257427, 1.2073095736513149, 0.46752558976868186], "SNR": 0.05, "name": "2h12"}