{"loc": [6, 1, -4], "rotate": [2.860179373248292, 0.6505546440304545, -0.8533514692959814], "SNR": 0.05, "name": "2h12"}