{"loc": [2, -5, -5], "rotate": [2.059720306072753, 1.1855556869569122, 0.7369302424387361], "SNR": 0.05, "name": "2h12"}