{"loc": [-6, 0, 5], "rotate": [-2.5252623021305656, 1.1346706586811288, -1.7848486787167621], "SNR": 0.05, "name": "2h12"}