{"loc": [-3, 0, 1], "rotate": [2.9399430262484563, 1.0005082912473806, -0.19296795573699363], "SNR": 0.05, "name": "2h12"}