{"loc": [0, -6, -7], "rotate": [2.9300356346837675, 0.7520940745213648, -0.344889324594887], "SNR": 0.05, "name": "2h12"}