{"loc": [5, -6, 3], "rotate": [2.2388104466302123, 1.5110277007367168, 1.3603412254162592], "SNR": 0.05, "name": "2h12"}