{"loc": [-3, -7, -4], "rotate": [-2.567242551815222, 1.9029435260304572, -2.718257171361071], "SNR": 0.05, "name": "2h12"}