{"loc": [6, 3, 6], "rotate": [2.8334290977355843, 0.9892404405711777, 0.022903910663528374], "SNR": 0.05, "name": "2h12"}