{"loc": [1, -4, 0], "rotate": [2.92822766225692, 1.272394686638843, 0.21256871046229517], "SNR": 0.05, "name": "2h12"}