{"loc": [-2, -4, -2], "rotate": [2.8219666000467925, 0.659566270090754, -0.6295112937207289], "SNR": 0.05, "name": "2h12"}