{"loc": [-1, 5, -3], "rotate": [2.547026930783386, 2.1143005463983724, 1.5741070961751173], "SNR": 0.05, "name": "2h12"}