{"loc": [-5, 5, 0], "rotate": [2.3919158452530302, 0.7721983840113346, 0.10813350078991077], "SNR": 0.05, "name": "2h12"}