{"loc": [1, 0, 2], "rotate": [-2.6974209955570165, 2.633471094634636, 3.121563343370043], "SNR": 0.05, "name": "2h12"}