{"loc": [-7, 2, -2], "rotate": [2.3721841257700795, 0.308345432088855, -0.19141106453914983], "SNR": 0.05, "name": "2h12"}