{"loc": [-5, -5, 6], "rotate": [-2.358823077157773, 1.049071602162885, -1.811386381522314], "SNR": 0.05, "name": "2h12"}