{"loc": [-5, 5, 0], "rotate": [2.1210170635727006, 1.8556578806294906, 1.0043931979946938], "SNR": 0.05, "name": "2h12"}