{"loc": [-2, 2, -7], "rotate": [2.464241161309707, 2.0227658027293773, 1.6335499023842095], "SNR": 0.05, "name": "2h12"}