{"loc": [7, -2, 6], "rotate": [1.8824483849978682, 1.3195304341077398, 0.931321035468009], "SNR": 0.05, "name": "2h12"}