{"loc": [0, 7, -5], "rotate": [-2.430535362222419, 0.8840272090288469, -1.4244229474577692], "SNR": 0.05, "name": "2h12"}