{"loc": [-1, 5, 3], "rotate": [-2.1173526591650775, 1.5821660910252136, -2.3297011122499005], "SNR": 0.05, "name": "2h12"}