{"loc": [7, 2, -7], "rotate": [-2.484454162436195, 0.7307590740480194, -2.0408785769193725], "SNR": 0.05, "name": "2h12"}