{"loc": [-2, -7, 7], "rotate": [-2.494717393698173, 0.6855493825872424, -1.383124222176369], "SNR": 0.05, "name": "2h12"}