{"loc": [-2, 3, 4], "rotate": [2.3328131079423007, 0.3330037122584172, 0.19169174200404926], "SNR": 0.05, "name": "2h12"}