{"loc": [2, -2, 5], "rotate": [2.3661457715869836, 0.6312012728761813, 0.20639976465009288], "SNR": 0.05, "name": "2h12"}