{"loc": [-1, 5, 0], "rotate": [2.484830190239088, 1.05584588642517, -0.0769403562697338], "SNR": 0.05, "name": "2h12"}