{"loc": [3, -6, -4], "rotate": [2.255190406468878, 1.0170080708513614, 0.8051958455558809], "SNR": 0.05, "name": "2h12"}