{"loc": [6, -3, -1], "rotate": [2.384996178977217, 1.316709767808469, 0.7227419424954679], "SNR": 0.05, "name": "2h12"}