{"loc": [-3, -3, 5], "rotate": [2.607807752862991, 0.3785787591540775, -0.25571240175847243], "SNR": 0.05, "name": "2h12"}