{"loc": [-2, -2, 3], "rotate": [2.0079869633406866, 1.3135418127996663, 0.38796173194901223], "SNR": 0.05, "name": "2h12"}