{"loc": [-1, -1, 4], "rotate": [-2.464530565696683, 0.8371831717974313, -1.858268923261301], "SNR": 0.05, "name": "2h12"}