{"loc": [2, 6, 6], "rotate": [2.012551398331151, 1.3459442279071436, 1.1421308491879572], "SNR": 0.05, "name": "2h12"}