{"loc": [-4, 7, 4], "rotate": [-2.083094444790673, 0.5968213773206805, -2.2350526350764395], "SNR": 0.05, "name": "2h12"}