{"loc": [-1, 3, -1], "rotate": [-2.31593400256764, 1.325914685237895, -1.9621432936996341], "SNR": 0.05, "name": "2h12"}