{"loc": [1, 5, -3], "rotate": [-1.9200989122026388, 0.8267505758476101, -1.7338274464626344], "SNR": 0.05, "name": "2h12"}