{"loc": [2, 4, 1], "rotate": [1.9842621784246952, 1.6937450963393803, 0.857758176899925], "SNR": 0.05, "name": "2h12"}