{"loc": [6, 0, -4], "rotate": [-2.4292516090597975, 1.5253518329554374, -1.83014016122774], "SNR": 0.05, "name": "2h12"}