{"loc": [-7, 2, -2], "rotate": [2.034222657367628, 1.5000553146970839, 0.2340951506523644], "SNR": 0.05, "name": "2h12"}