{"loc": [-7, -4, -5], "rotate": [-2.0767509306258027, 1.7201068278609588, -2.6404078725262528], "SNR": 0.05, "name": "2h12"}