{"loc": [7, 4, 1], "rotate": [2.214455334906874, 1.55279167670277, 0.9330813601848218], "SNR": 0.05, "name": "2h12"}