{"loc": [5, 6, 5], "rotate": [3.0337019952438236, 0.30532729189174385, -0.6186069561524778], "SNR": 0.05, "name": "2h12"}