{"loc": [-3, -1, 2], "rotate": [-2.598703187615075, 1.1090624851736517, -2.037376134411874], "SNR": 0.05, "name": "2h12"}