{"loc": [-4, 0, -6], "rotate": [2.2400208283942855, 0.8825801697290054, 0.236303023983054], "SNR": 0.05, "name": "2h12"}