{"loc": [7, 7, 4], "rotate": [-2.5661657349154194, 2.9731310445459633, 2.910639262182804], "SNR": 0.05, "name": "2h12"}