{"loc": [-7, -3, 7], "rotate": [-3.098222201278669, 0.6610948471359535, -1.0311312591803559], "SNR": 0.05, "name": "2h12"}