{"loc": [-6, 2, -3], "rotate": [-2.0874925830227853, 1.029554050465172, -2.336408944637435], "SNR": 0.05, "name": "2h12"}