{"loc": [7, 3, 5], "rotate": [-2.88255670660431, 0.4556016242817853, -0.9509996688695292], "SNR": 0.05, "name": "2h12"}