{"loc": [4, 0, 2], "rotate": [2.7314556979966422, 1.5053173487832374, 1.0491188815374284], "SNR": 0.05, "name": "2h12"}