{"loc": [-7, -6, -1], "rotate": [-2.340578478100518, 1.1281151467520492, -1.991724005279615], "SNR": 0.05, "name": "2h12"}