{"loc": [-6, 7, -3], "rotate": [2.305787014174326, 2.055834514755241, 0.8797824541261929], "SNR": 0.05, "name": "2h12"}