{"loc": [7, 4, -7], "rotate": [-2.1198382858934717, 1.0805432316605836, -2.055469009150296], "SNR": 0.05, "name": "2h12"}