{"loc": [6, -2, 2], "rotate": [-3.1400262122349094, 0.8377414430702657, -0.8274581041471428], "SNR": 0.05, "name": "2h12"}