{"loc": [6, -2, 4], "rotate": [2.3731206592460716, 1.4375135732125555, 0.6924799517093783], "SNR": 0.05, "name": "2h12"}