{"loc": [-7, -6, -5], "rotate": [-3.063954227950615, 0.36321867473436265, -0.7284190223087311], "SNR": 0.05, "name": "2h12"}