{"loc": [7, 4, 0], "rotate": [-2.7042374399602216, 0.8321226895967004, -1.3510467656029568], "SNR": 0.05, "name": "2h12"}