{"loc": [-5, 2, 7], "rotate": [-2.568406589334452, 0.7164230501995181, -1.5865293397694236], "SNR": 0.05, "name": "2h12"}