{"loc": [4, 5, 6], "rotate": [2.307481863580716, 1.6005788091746294, 0.43261708939878823], "SNR": 0.05, "name": "2h12"}