{"loc": [6, -3, 6], "rotate": [-2.3896108586898053, 1.0397324557089178, -2.1991257532926034], "SNR": 0.05, "name": "2h12"}