{"loc": [-4, -4, -5], "rotate": [3.062937121349831, 0.6377116246208172, -0.5916036824299495], "SNR": 0.05, "name": "2h12"}