{"loc": [-1, -4, 2], "rotate": [-2.3339662963107384, 1.1369201596683336, -2.2522098508589514], "SNR": 0.05, "name": "2h12"}