{"loc": [5, 3, -7], "rotate": [2.025364821907243, 1.5825646104249071, 1.2214991296400857], "SNR": 0.05, "name": "2h12"}