{"loc": [-4, -3, 2], "rotate": [2.017727173809757, 0.5798994458221486, 0.5197711765780192], "SNR": 0.05, "name": "2h12"}