{"loc": [-6, -1, -1], "rotate": [2.722147732772475, 0.6156225121973835, -0.008981004662821056], "SNR": 0.05, "name": "2h12"}