{"loc": [-4, 1, 3], "rotate": [2.1048526424889062, 1.7704729829701131, 0.47800985495702664], "SNR": 0.05, "name": "2h12"}