{"loc": [5, -2, 4], "rotate": [-1.8737707965140058, 1.1481467114792467, -2.0917786242617358], "SNR": 0.05, "name": "2h12"}