{"loc": [-7, -2, -5], "rotate": [-2.1580797672125716, 1.3785262033527224, -2.2055761047159557], "SNR": 0.05, "name": "2h12"}