{"loc": [4, 3, -3], "rotate": [2.885371368288671, 0.9840553512676278, -0.33061172631365626], "SNR": 0.05, "name": "2h12"}