{"loc": [0, -6, 6], "rotate": [-2.469218424662248, 1.2400748662954377, -2.1460452360613234], "SNR": 0.05, "name": "2h12"}