{"loc": [7, 7, -4], "rotate": [-1.991154472244139, 2.2128698793586907, -2.635153073858577], "SNR": 0.05, "name": "2h12"}