{"loc": [6, 5, 6], "rotate": [2.3864926020147728, 0.9692064507065016, 0.1457467232777666], "SNR": 0.05, "name": "2h12"}