{"loc": [2, 2, -1], "rotate": [2.1268842385426274, 0.9386307290659592, 0.3916540960164157], "SNR": 0.05, "name": "2h12"}