{"loc": [-7, -4, 7], "rotate": [2.3748634620359637, 0.3302031257290978, 0.007065929229432385], "SNR": 0.05, "name": "2h12"}