{"loc": [-3, -5, -5], "rotate": [2.8807454255893807, 0.6728253484868983, -0.14425494082377963], "SNR": 0.05, "name": "2h12"}