{"loc": [-5, 5, -4], "rotate": [2.4827260304746788, 0.8196555121380964, 0.2855454985696833], "SNR": 0.05, "name": "2h12"}