{"loc": [-2, 7, 3], "rotate": [2.365377517541537, 0.8541134586540561, 0.0873000940882583], "SNR": 0.05, "name": "2h12"}