{"loc": [7, -5, 1], "rotate": [2.4461582547146405, 0.4654430914407633, -0.06683235640440872], "SNR": 0.05, "name": "2h12"}