{"loc": [2, 7, 0], "rotate": [2.3927022108379243, 1.385776700079778, 1.0506556193284262], "SNR": 0.05, "name": "2h12"}