{"loc": [7, 3, 0], "rotate": [-2.4313471229257826, 2.872212360217404, 3.0043184226191664], "SNR": 0.05, "name": "2h12"}