{"loc": [-6, -4, 6], "rotate": [2.5920341921394887, 0.2881559527261837, -0.3173202645384678], "SNR": 0.05, "name": "2h12"}