{"loc": [-3, -5, 5], "rotate": [2.163919161119059, 1.5255785335480272, 0.7344291327485061], "SNR": 0.05, "name": "2h12"}