{"loc": [-7, -4, 4], "rotate": [-3.011423128965835, 0.918790311150146, -1.0507285264957913], "SNR": 0.05, "name": "2h12"}