{"loc": [-7, -3, 0], "rotate": [2.190470203798216, 0.9889911638187989, 0.14359334970719573], "SNR": 0.05, "name": "2h12"}