{"loc": [6, 7, -3], "rotate": [-3.108400697853844, 0.6270192060912884, -0.7349368593857535], "SNR": 0.05, "name": "2h12"}