{"loc": [0, -4, 3], "rotate": [2.798062705726851, 1.2686713941138599, 0.6229915590958564], "SNR": 0.05, "name": "2h12"}