{"loc": [-5, 7, -1], "rotate": [2.4119386499681017, 1.4210895240563124, 1.1659487340316539], "SNR": 0.05, "name": "2h12"}