{"loc": [-6, -6, -5], "rotate": [2.46865650531322, 1.3505843729503695, 0.5034701638055895], "SNR": 0.05, "name": "2h12"}