{"loc": [-2, -1, -3], "rotate": [-2.280285518882326, 1.1814102998472775, -2.401457126198362], "SNR": 0.05, "name": "2h12"}