{"loc": [2, -3, -6], "rotate": [2.8915126559190583, 0.7699194087829708, -0.2967526174465063], "SNR": 0.05, "name": "2h12"}