{"loc": [2, -2, -2], "rotate": [-2.3573667394095166, 2.1521749587116896, 2.8857940844845307], "SNR": 0.05, "name": "2h12"}