{"loc": [-3, 1, -5], "rotate": [-3.080323723244983, 1.0395624564672672, -1.2254409779196396], "SNR": 0.05, "name": "2h12"}