{"loc": [-3, -2, 0], "rotate": [3.0326682321727687, 0.565786015842543, -0.9870669886143986], "SNR": 0.05, "name": "2h12"}