{"loc": [-2, -4, 5], "rotate": [-2.6191714246556033, 1.2358298322551111, -1.838829815146282], "SNR": 0.05, "name": "2h12"}