{"loc": [5, 7, 6], "rotate": [2.7929212519153634, 0.21412111926178426, -0.27871527291670606], "SNR": 0.05, "name": "2h12"}