{"loc": [2, 5, 4], "rotate": [-1.9893592672625189, 1.0644040710540206, -2.2600248453317286], "SNR": 0.05, "name": "2h12"}