{"loc": [-3, 0, 5], "rotate": [-2.527701260597929, 2.3074868482492654, -3.104223133424807], "SNR": 0.05, "name": "2h12"}