{"loc": [7, 7, 0], "rotate": [-2.3323746686076166, 1.4792653160575855, -2.0409839933561837], "SNR": 0.05, "name": "2h12"}