{"loc": [6, -2, 7], "rotate": [1.930315606602811, 1.6029549833200645, 1.0109102092569362], "SNR": 0.05, "name": "2h12"}