{"loc": [0, -4, -5], "rotate": [-2.168895955525174, 1.8701339526386478, -2.1381727608919503], "SNR": 0.05, "name": "2h12"}