{"loc": [4, -5, 2], "rotate": [3.0099065606677553, 0.5740279544616319, -0.6855329784866838], "SNR": 0.05, "name": "2h12"}