{"loc": [0, 0, 5], "rotate": [-2.200660420906003, 0.8881448885796375, -1.4445862447823863], "SNR": 0.05, "name": "2h12"}