{"loc": [0, 0, 7], "rotate": [-2.6173361812167095, 1.2367064187622485, -2.066437914467611], "SNR": 0.05, "name": "2h12"}