{"loc": [0, 2, 7], "rotate": [2.4243923447605207, 0.7086699188173234, 0.16337744558743267], "SNR": 0.05, "name": "2h12"}