{"loc": [3, -1, -3], "rotate": [2.665680973264672, 0.8235314126604579, 0.02091317104482849], "SNR": 0.05, "name": "2h12"}