{"loc": [-2, 3, 4], "rotate": [-2.531484071635436, 0.8537568091060853, -1.8934720748779108], "SNR": 0.05, "name": "2h12"}