{"loc": [-2, 1, 5], "rotate": [2.9081189600952224, 2.48227616155578, 2.1322832521560513], "SNR": 0.05, "name": "2h12"}