{"loc": [0, -5, 0], "rotate": [2.256706180544891, 0.49036668153318447, 0.40256101891082036], "SNR": 0.05, "name": "2h12"}