{"loc": [-3, -4, 5], "rotate": [1.786757441729836, 1.1173715589645725, 0.3125671045551787], "SNR": 0.05, "name": "2h12"}