{"loc": [2, -2, 6], "rotate": [2.349631124437421, 1.253582390264983, 0.7771454671733301], "SNR": 0.05, "name": "2h12"}