{"loc": [0, 1, -7], "rotate": [2.3357502634448206, 0.9074666579615012, 0.2965591731346523], "SNR": 0.05, "name": "2h12"}