{"loc": [1, -6, 4], "rotate": [-2.9008034643393747, 1.2090107611108183, -1.423446931552368], "SNR": 0.05, "name": "2h12"}