{"loc": [1, -1, 6], "rotate": [-2.6121868298649646, 0.8302655343817646, -1.6219901592925394], "SNR": 0.05, "name": "2h12"}