{"loc": [3, -1, -2], "rotate": [2.0802729910999473, 1.3164283092196412, 0.6979018174563923], "SNR": 0.05, "name": "2h12"}