{"loc": [7, 3, 5], "rotate": [-2.3054745548490434, 1.3535898753996178, -1.6689259037682493], "SNR": 0.05, "name": "2h12"}