{"loc": [1, 7, 5], "rotate": [1.868177358382182, 1.7716527046993549, 1.1858580141484671], "SNR": 0.05, "name": "2h12"}