{"loc": [-5, 6, 1], "rotate": [2.09938505161182, 1.0566682607230171, 0.6234946546969593], "SNR": 0.05, "name": "2h12"}