{"loc": [-2, 0, 6], "rotate": [-2.284685365521274, 1.3782124679599945, -1.792537518775798], "SNR": 0.05, "name": "2h12"}