{"loc": [-7, -2, -7], "rotate": [2.2053781713054006, 1.3843774629411607, 0.3910614089182422], "SNR": 0.05, "name": "2h12"}