{"loc": [6, 0, -7], "rotate": [1.9314790357238758, 0.8519905066268234, 1.0553664773301246], "SNR": 0.05, "name": "2h12"}