{"loc": [2, -6, 0], "rotate": [2.5175263401986854, 1.1667166192701528, 0.5698397722994889], "SNR": 0.05, "name": "2h12"}