{"loc": [-3, 7, -2], "rotate": [0.656346290983483, 1.1587290968509711, -1.8751177496788027], "SNR": 0.05, "name": "2h12"}