{"loc": [0, 5, 4], "rotate": [2.4220439778930363, 1.1352961803612216, -0.06909525794768], "SNR": 0.05, "name": "2h12"}