{"loc": [6, -4, -5], "rotate": [-2.579132399554128, 1.2149904609323632, -1.215990656361718], "SNR": 0.05, "name": "2h12"}