{"loc": [6, -1, -7], "rotate": [-1.8374664250041033, 1.2638793628051113, -2.263549767298476], "SNR": 0.05, "name": "2h12"}