{"loc": [5, -1, -1], "rotate": [2.153122534937153, 0.4776357407890785, 0.1440522515995734], "SNR": 0.05, "name": "2h12"}