{"loc": [0, -6, -4], "rotate": [2.2429481352974387, 1.4095907810000878, 0.8381361624981424], "SNR": 0.05, "name": "2h12"}