{"loc": [2, 1, -3], "rotate": [2.2065994969925007, 1.5309963217988456, 0.2419276197371318], "SNR": 0.05, "name": "2h12"}