{"loc": [5, 0, 4], "rotate": [-2.098752107578421, 1.6977871137020752, -2.3211594599608065], "SNR": 0.05, "name": "2h12"}