{"loc": [4, -6, 2], "rotate": [2.167203573994064, 1.0871752242792454, 0.5048687484714076], "SNR": 0.05, "name": "2h12"}