{"loc": [-3, -2, 6], "rotate": [2.2502091614600324, 0.9436666753648567, 0.7004871215919597], "SNR": 0.05, "name": "2h12"}