{"loc": [0, 0, 2], "rotate": [1.9302154978454669, 1.5911895164944927, 1.3137569134163087], "SNR": 0.05, "name": "2h12"}