{"loc": [1, 1, 6], "rotate": [-2.168366401261052, 1.2509883874352938, -1.7236168506161211], "SNR": 0.05, "name": "2h12"}