{"loc": [-2, -6, -7], "rotate": [2.2949187340701065, 1.4741316136898595, 0.7425906531557677], "SNR": 0.05, "name": "2h12"}