{"loc": [6, -5, 2], "rotate": [1.785580812076062, 1.2395498673531156, 0.8673054183068853], "SNR": 0.05, "name": "2h12"}