{"loc": [0, -2, 3], "rotate": [2.522338173695894, 1.1845432742934097, 0.10966172861754293], "SNR": 0.05, "name": "2h12"}