{"loc": [-7, -2, -3], "rotate": [-2.6146085917549766, 2.3066149818846484, -3.0726138628317923], "SNR": 0.05, "name": "2h12"}