{"loc": [-4, 4, 7], "rotate": [2.1813738942594965, 1.52496653222912, 0.8774305253889285], "SNR": 0.05, "name": "2h12"}