{"loc": [1, 2, -1], "rotate": [2.463131833520446, 1.0341392226394295, -0.35927014769721877], "SNR": 0.05, "name": "2h12"}