{"loc": [2, 0, -6], "rotate": [2.925501554001165, 0.6841578944608658, -0.3961186891326153], "SNR": 0.05, "name": "2h12"}