{"loc": [7, 7, -3], "rotate": [2.9469477055261195, 0.6660503059402572, -0.27111423872303303], "SNR": 0.05, "name": "2h12"}