{"loc": [0, -3, -5], "rotate": [-2.9566236329269597, 2.3446586605086255, 2.74796830809272], "SNR": 0.05, "name": "2h12"}