{"loc": [2, 0, 5], "rotate": [2.2203943781955897, 1.0038789437383482, -0.01841302142533064], "SNR": 0.05, "name": "2h12"}