{"loc": [4, -2, -5], "rotate": [2.5416526310976026, 0.6613427181003777, 0.1496038599119428], "SNR": 0.05, "name": "2h12"}