{"loc": [-2, -2, 1], "rotate": [2.6955437162913936, 0.7542961417807218, -0.5075176197013492], "SNR": 0.05, "name": "2h12"}