{"loc": [4, 6, 3], "rotate": [2.673325933785685, 0.4195430208615846, -0.23039394866318602], "SNR": 0.05, "name": "2h12"}