{"loc": [6, 0, 6], "rotate": [2.830155821308191, 1.471539861808197, 0.5414885384024857], "SNR": 0.05, "name": "2h12"}