{"loc": [1, -4, 2], "rotate": [2.8145161539177614, 1.7710919351410328, 0.9425023350591635], "SNR": 0.05, "name": "2h12"}