{"loc": [-5, 5, -4], "rotate": [2.60642036426594, 1.762114145015968, 0.8707488311713282], "SNR": 0.05, "name": "2h12"}