{"loc": [0, 1, 4], "rotate": [-2.465571388779819, 0.3914411009700276, -1.4530318291096627], "SNR": 0.05, "name": "2h12"}