{"loc": [4, 6, 3], "rotate": [1.8307017830814856, 1.6885262943559758, 1.0394033403264393], "SNR": 0.05, "name": "2h12"}