{"loc": [-5, 5, 7], "rotate": [2.1956703077966435, 0.919051652264221, -0.07126477289385043], "SNR": 0.05, "name": "2h12"}