{"loc": [4, 5, -7], "rotate": [-2.658610081434431, 1.0378404489517585, -1.649072973522101], "SNR": 0.05, "name": "2h12"}