{"loc": [2, 4, -5], "rotate": [2.4406013839847622, 1.3579214064453007, 0.5383221347440827], "SNR": 0.05, "name": "2h12"}