{"loc": [3, -7, 3], "rotate": [-2.7953297670630524, 1.5953358227409347, -2.176871473943575], "SNR": 0.05, "name": "2h12"}