{"loc": [5, 3, 7], "rotate": [-3.0849437807741653, 0.7124047147124274, -0.8831663069438866], "SNR": 0.05, "name": "2h12"}