{"loc": [-5, 0, 7], "rotate": [-2.4584833644713164, 0.8800149138740934, -1.452710666354818], "SNR": 0.05, "name": "2h12"}