{"loc": [0, 0, 7], "rotate": [2.324235297287273, 2.332420979637692, 1.3231931174392453], "SNR": 0.05, "name": "2h12"}