{"loc": [2, 4, -7], "rotate": [2.877576042521517, 2.5147483582504364, 1.9356053448262143], "SNR": 0.05, "name": "2h12"}