{"loc": [5, -1, -4], "rotate": [2.467702395532236, 0.9832122102668313, -0.12274183691831214], "SNR": 0.05, "name": "2h12"}