{"loc": [-7, 0, 1], "rotate": [-2.4849137762070623, 1.2028880335806704, -2.0228537122047636], "SNR": 0.05, "name": "2h12"}