{"loc": [2, -1, 0], "rotate": [1.9700558020272416, 1.4839574044396775, 0.9614451628290615], "SNR": 0.05, "name": "2h12"}