{"loc": [-2, -6, 0], "rotate": [-2.7624013905663207, 0.8694644307843328, -1.0758973031443517], "SNR": 0.05, "name": "2h12"}