{"loc": [-6, -1, -3], "rotate": [-2.3472381962615367, 0.7211194594490509, -1.5653360472476052], "SNR": 0.05, "name": "2h12"}