{"loc": [2, 3, -1], "rotate": [-2.6689911461148546, 2.857246868747746, 2.7606692241108846], "SNR": 0.05, "name": "2h12"}