{"loc": [7, 2, 2], "rotate": [-2.1618260736843635, 0.8337466538517363, -1.9720699349972486], "SNR": 0.05, "name": "2h12"}