{"loc": [6, -7, -3], "rotate": [-2.4132820166574493, 2.4187909588143492, 2.890444507141027], "SNR": 0.05, "name": "2h12"}