{"loc": [7, -5, 0], "rotate": [2.7107860273435005, 0.6387110712891784, 0.0010349372412093894], "SNR": 0.05, "name": "2h12"}