{"loc": [2, 1, -1], "rotate": [2.7901584186771, 0.6798582046842983, -0.19728139787989465], "SNR": 0.05, "name": "2h12"}