{"loc": [1, -4, -4], "rotate": [2.7884071337231067, 0.7636266140351662, -0.3733947698282978], "SNR": 0.05, "name": "2h12"}