{"loc": [-7, 5, -2], "rotate": [-2.9627978768674637, 0.7641949926428891, -0.9303219738479004], "SNR": 0.05, "name": "2h12"}