{"loc": [7, 1, -4], "rotate": [2.3449995045109695, 1.4085507947040459, 0.8085307755015817], "SNR": 0.05, "name": "2h12"}