{"loc": [0, 0, 7], "rotate": [2.2094956949712206, 1.9796655753130339, 0.806070391375008], "SNR": 0.05, "name": "2h12"}