{"loc": [-3, -3, -5], "rotate": [2.100040460142709, 1.4390247543353645, 0.7552683317408896], "SNR": 0.05, "name": "2h12"}