{"loc": [4, -7, -4], "rotate": [-2.0654951956521512, 1.0850515316954195, -2.0179548934729103], "SNR": 0.05, "name": "2h12"}