{"loc": [0, -6, -1], "rotate": [-2.9210418298063496, 0.5298931753890431, -1.1466081839290325], "SNR": 0.05, "name": "2h12"}