{"loc": [-4, -2, 7], "rotate": [-2.160212008547551, 1.1646488879907186, -1.6403936642360506], "SNR": 0.05, "name": "2h12"}