{"loc": [-3, 0, -6], "rotate": [-1.8821774683002253, 0.9519860231268569, -2.4285485391955928], "SNR": 0.05, "name": "2h12"}