{"loc": [3, -4, 4], "rotate": [-2.356414877436601, 0.7992047853478814, -2.0166746372668283], "SNR": 0.05, "name": "2h12"}