{"loc": [5, 1, -1], "rotate": [2.6280854660909903, 0.8477079113963003, -0.08921881306999249], "SNR": 0.05, "name": "2h12"}