{"loc": [6, -1, -1], "rotate": [1.9638049903477504, 1.7593762887285964, 0.6988888019842404], "SNR": 0.05, "name": "2h12"}