{"loc": [1, 3, 5], "rotate": [-2.303438981718611, 1.5078163831402023, -1.963981680643172], "SNR": 0.05, "name": "2h12"}