{"loc": [4, 5, -5], "rotate": [2.2273898310812155, 1.4454756996666454, 0.7964555343450275], "SNR": 0.05, "name": "2h12"}