{"loc": [0, -7, 0], "rotate": [2.898333600465589, 2.51456522681031, 2.042253169935663], "SNR": 0.05, "name": "2h12"}