{"loc": [4, 6, -7], "rotate": [-2.5369120999187973, 1.2048011638605154, -1.7739520619665778], "SNR": 0.05, "name": "2h12"}