{"loc": [1, 3, -1], "rotate": [1.9271988237789293, 0.2063020209142757, 0.4486387812172813], "SNR": 0.05, "name": "2h12"}