{"loc": [0, 5, 3], "rotate": [2.9129499909969363, 0.8705409065917149, -0.7123961773545202], "SNR": 0.05, "name": "2h12"}