{"loc": [-7, -7, 2], "rotate": [2.223839570034913, 0.7208644020257609, 0.026600978131164906], "SNR": 0.05, "name": "2h12"}