{"loc": [-4, -6, -6], "rotate": [2.1628772306555106, 1.5921090461341407, 0.3343862106025096], "SNR": 0.05, "name": "2h12"}