{"loc": [-1, 6, -2], "rotate": [2.177288822059439, 1.2844202802158797, 0.7432514008512382], "SNR": 0.05, "name": "2h12"}