{"loc": [-3, -6, 5], "rotate": [2.394729350118722, 1.2058960865546766, 0.9391218201888621], "SNR": 0.05, "name": "2h12"}