{"loc": [-4, 5, 5], "rotate": [-2.288214938372774, 0.27954306152146885, -1.4706296772533767], "SNR": 0.05, "name": "2h12"}