{"loc": [2, 0, 0], "rotate": [2.2099035081708434, 1.1540528345828, 0.5426684031676369], "SNR": 0.05, "name": "2h12"}