{"loc": [-5, 0, 1], "rotate": [2.854139249064033, 2.4715515537673225, 2.0039070414375835], "SNR": 0.05, "name": "2h12"}