{"loc": [2, -7, -2], "rotate": [1.9876219247628248, 1.5235972898094674, 0.9194523868433166], "SNR": 0.05, "name": "2h12"}