{"loc": [-1, -6, 0], "rotate": [2.8035374448835966, 0.832476147437888, -0.43271790542670585], "SNR": 0.05, "name": "2h12"}