{"loc": [-4, -6, 7], "rotate": [-2.6110171020308526, 0.7037751456767327, -1.7068501467916442], "SNR": 0.05, "name": "2h12"}