{"loc": [5, 1, -3], "rotate": [2.3328416548708137, 1.6461519714409867, 0.9477746736407658], "SNR": 0.05, "name": "2h12"}