{"loc": [0, 1, 0], "rotate": [2.587902517294629, 1.5588077599548487, 0.7673191803629174], "SNR": 0.05, "name": "2h12"}