{"loc": [4, -7, -2], "rotate": [2.6010358712884747, 1.545103177488995, 0.7663612070009733], "SNR": 0.05, "name": "2h12"}