{"loc": [-4, 0, 4], "rotate": [-2.1285340709392075, 1.2015736075681254, -2.015282903584251], "SNR": 0.05, "name": "2h12"}