{"loc": [-2, -1, -6], "rotate": [2.440898265926351, 1.2933469175657153, 0.6260104350901382], "SNR": 0.05, "name": "2h12"}