{"loc": [-7, 0, -4], "rotate": [-2.321647011504667, 1.0322383789150658, -1.9318217057803926], "SNR": 0.05, "name": "2h12"}