{"loc": [5, 4, -4], "rotate": [3.123303155883515, 0.5449429303229687, -1.2100552012381918], "SNR": 0.05, "name": "2h12"}