{"loc": [5, -6, 4], "rotate": [-2.357059923162426, 1.9139153991388826, -2.5860822282196936], "SNR": 0.05, "name": "2h12"}