{"loc": [3, 0, 3], "rotate": [-1.9713001530359107, 1.6071224857601238, -2.5177836586283338], "SNR": 0.05, "name": "2h12"}