{"loc": [1, -2, 6], "rotate": [2.3549478580259926, 0.8922592141205038, 0.5515012304850345], "SNR": 0.05, "name": "2h12"}