{"loc": [5, 4, 0], "rotate": [2.717284033625138, 1.0528257804570167, 0.33917370643511957], "SNR": 0.05, "name": "2h12"}