{"loc": [-6, -2, -2], "rotate": [-2.245850306736656, 1.6529212004284997, -2.447481388810147], "SNR": 0.05, "name": "2h12"}