{"loc": [0, 4, 7], "rotate": [-2.273231100969953, 0.7595462036568382, -2.0709674593349243], "SNR": 0.05, "name": "2h12"}