{"loc": [4, 0, 0], "rotate": [2.4041854432277914, 1.1137968408295682, 0.3560178009003062], "SNR": 0.05, "name": "2h12"}