{"loc": [3, 7, -6], "rotate": [2.926376734655746, 0.550914506910317, -0.4762222949022005], "SNR": 0.05, "name": "2h12"}