{"loc": [-6, -6, -3], "rotate": [2.5214383572331798, 2.038026561121104, 1.7304153070595443], "SNR": 0.05, "name": "2h12"}