{"loc": [3, 5, 2], "rotate": [2.4451183361396045, 1.0371265061245984, 0.460694335026921], "SNR": 0.05, "name": "2h12"}