{"loc": [-7, -1, -3], "rotate": [-2.4728730613568457, 1.1370814446187436, -1.3814012525559622], "SNR": 0.05, "name": "2h12"}