{"loc": [-7, -1, 7], "rotate": [-2.022870890807327, 1.3032075054085088, -2.061908536695444], "SNR": 0.05, "name": "2h12"}