{"loc": [4, -4, 2], "rotate": [-2.327970575584396, 0.9297422939086295, -1.8414906778493472], "SNR": 0.05, "name": "2h12"}