{"loc": [-6, 7, 4], "rotate": [-2.0771497671543497, 1.8004280876081096, -2.8908498070587596], "SNR": 0.05, "name": "2h12"}