{"loc": [-6, 7, 7], "rotate": [2.091155567064539, 1.101294344341142, 0.4416366153563256], "SNR": 0.05, "name": "2h12"}