{"loc": [-7, 0, -4], "rotate": [2.2450802924415756, 1.7344555679376683, 1.103614305984124], "SNR": 0.05, "name": "2h12"}