{"loc": [4, 0, 1], "rotate": [-2.149398697907448, 1.4529649272552654, -1.8382186967912209], "SNR": 0.05, "name": "2h12"}