{"loc": [2, 3, -6], "rotate": [-2.0826290657885624, 1.101527657047751, -1.8254830215710303], "SNR": 0.05, "name": "2h12"}