{"loc": [-3, -4, 3], "rotate": [-2.2340524364696095, 1.2210051508627446, -2.369622204045804], "SNR": 0.05, "name": "2h12"}