{"loc": [2, 0, 0], "rotate": [2.376136200006042, 1.207861694381333, 0.7924599046578875], "SNR": 0.05, "name": "2h12"}