{"loc": [-1, 4, -2], "rotate": [2.2296899467957405, 1.5266881439916749, 0.3955512366258902], "SNR": 0.05, "name": "2h12"}