{"loc": [-1, -2, 4], "rotate": [2.8356676078064633, 0.7621223277613737, -0.8984456097421465], "SNR": 0.05, "name": "2h12"}