{"loc": [5, 1, -7], "rotate": [-2.995441937374561, 1.2817398220670717, -0.7990063305500487], "SNR": 0.05, "name": "2h12"}