{"loc": [0, 7, -5], "rotate": [2.654900000475325, 1.3349915871920035, 0.40786610384382455], "SNR": 0.05, "name": "2h12"}