{"loc": [6, 7, 0], "rotate": [-2.8450722099569425, 0.6222828571613512, -1.516820843027111], "SNR": 0.05, "name": "2h12"}