{"loc": [0, -3, -3], "rotate": [2.17665873494768, 1.0955923787032968, 0.39748824106120806], "SNR": 0.05, "name": "2h12"}