{"loc": [-1, -4, -2], "rotate": [2.1446834199072398, 1.7998194269485799, 0.9074489862785441], "SNR": 0.05, "name": "2h12"}