{"loc": [-5, -1, -3], "rotate": [1.8486853456423415, 1.8284409474940362, 0.8391871203705641], "SNR": 0.05, "name": "2h12"}