{"loc": [-1, 4, -5], "rotate": [-2.402291283688231, 2.169798986792382, -2.5449263457185887], "SNR": 0.05, "name": "2h12"}