{"loc": [1, 5, -3], "rotate": [2.202215454850091, 1.1784235456408998, 0.2987890601235776], "SNR": 0.05, "name": "2h12"}