{"loc": [-2, 0, 3], "rotate": [2.546420438949597, 1.0692756491874944, 0.2350461153051146], "SNR": 0.05, "name": "2h12"}