{"loc": [0, 0, -1], "rotate": [-2.2542830959288414, 0.8689923231836908, -1.9824060164848647], "SNR": 0.05, "name": "2h12"}