{"loc": [4, 1, -5], "rotate": [-1.9621162648258612, 0.9564534104323414, -2.3636224995240744], "SNR": 0.05, "name": "2h12"}