{"loc": [3, 0, -7], "rotate": [2.7567697857211253, 2.695668987446616, 1.3497887804669986], "SNR": 0.05, "name": "2h12"}