{"loc": [5, -7, 4], "rotate": [2.2792972317274978, 1.1955149577265303, 0.5586004117292969], "SNR": 0.05, "name": "2h12"}