{"loc": [-1, 2, 0], "rotate": [-2.2278082438932634, 0.853458950785865, -1.6533425188770323], "SNR": 0.05, "name": "2h12"}