{"loc": [1, -4, 0], "rotate": [2.520982045250435, 1.376736414683186, 0.5040075152996808], "SNR": 0.05, "name": "2h12"}