{"loc": [-6, -2, 0], "rotate": [2.642615000202427, 0.26496798774017377, -0.6219540302591724], "SNR": 0.05, "name": "2h12"}