{"loc": [-6, -1, -7], "rotate": [2.565257294102817, 1.0067384194260993, 0.21246856983831783], "SNR": 0.05, "name": "2h12"}