{"loc": [1, -4, 6], "rotate": [2.1666804716072448, 0.5898307063220442, 0.5348382278226786], "SNR": 0.05, "name": "2h12"}