{"loc": [3, 6, 0], "rotate": [2.032819734946797, 1.814366052008349, 0.9723336259426583], "SNR": 0.05, "name": "2h12"}