{"loc": [0, -7, -7], "rotate": [2.487509339386499, 2.5050215585556543, 1.4341883461935114], "SNR": 0.05, "name": "2h12"}