{"loc": [7, 7, 2], "rotate": [2.6681924342272776, 1.3660395551553997, 0.5430300761714815], "SNR": 0.05, "name": "2h12"}