{"loc": [1, 2, 2], "rotate": [-2.171395264403347, 1.9580855548617038, -2.491037870078267], "SNR": 0.05, "name": "2h12"}