{"loc": [4, 0, 4], "rotate": [1.9099452079031671, 1.3812297966842997, 0.8742388455823432], "SNR": 0.05, "name": "2h12"}