{"loc": [4, 5, 4], "rotate": [-1.9885982081516258, 0.9118073199390484, -2.1002149935105616], "SNR": 0.05, "name": "2h12"}