{"loc": [-4, 0, 0], "rotate": [2.0103459663823005, 2.066041738436325, 1.1393463327700506], "SNR": 0.05, "name": "2h12"}