{"loc": [0, 4, -4], "rotate": [-2.132546110579384, 1.3458985175997553, -1.6473775935676445], "SNR": 0.05, "name": "2h12"}