{"loc": [-6, -4, -7], "rotate": [3.0199569934157853, 0.9005779064525724, -0.36150010479559586], "SNR": 0.05, "name": "2h12"}