{"loc": [-4, -7, 6], "rotate": [2.619323360023681, 0.5845488645755704, -0.06027429647591773], "SNR": 0.05, "name": "2h12"}