{"loc": [0, 1, 5], "rotate": [2.4211464890116736, 1.6707444606419406, 1.1397936021680328], "SNR": 0.05, "name": "2h12"}