{"loc": [3, 1, -5], "rotate": [2.318808137903505, 1.130148854954034, 0.48097088247032077], "SNR": 0.05, "name": "2h12"}