{"loc": [-4, 3, 3], "rotate": [-2.8591438929716726, 0.7283290581866051, -1.4690196614847741], "SNR": 0.05, "name": "2h12"}