{"loc": [0, 0, -2], "rotate": [2.7420915364395744, 0.6715000745127108, -0.35767946595080113], "SNR": 0.05, "name": "2h12"}