{"loc": [5, -4, -2], "rotate": [2.2789106794781375, 1.8942071195834773, 1.0352423980472605], "SNR": 0.05, "name": "2h12"}