{"loc": [3, 0, -7], "rotate": [-2.93041395819462, 0.8408552595526032, -0.8664029106778274], "SNR": 0.05, "name": "2h12"}