{"loc": [7, -6, 6], "rotate": [-2.6803153099796257, 0.7327244386002927, -1.4047118407996764], "SNR": 0.05, "name": "2h12"}