{"loc": [-6, -4, 0], "rotate": [2.823431483440924, 1.339691879660855, 0.10646623603229433], "SNR": 0.05, "name": "2h12"}