{"loc": [7, -7, 3], "rotate": [1.96492909139145, 0.8228424803695678, 0.6421197533864608], "SNR": 0.05, "name": "2h12"}