{"loc": [0, 5, -3], "rotate": [-2.9085865139861027, 0.7826264848588562, -0.9475765758774894], "SNR": 0.05, "name": "2h12"}