{"loc": [4, -4, 3], "rotate": [2.085018829164018, 1.5750171825332078, 0.7539477072129755], "SNR": 0.05, "name": "2h12"}