{"loc": [3, 4, 2], "rotate": [-3.0085742058731624, 0.8131031733697565, -0.9519587964936052], "SNR": 0.05, "name": "2h12"}