{"loc": [6, -5, 5], "rotate": [-2.493794086376906, 1.0889653422292886, -1.4392424882979613], "SNR": 0.05, "name": "2h12"}