{"loc": [0, -3, 7], "rotate": [2.9772804115728793, 0.5018612565164421, -0.3978445461615211], "SNR": 0.05, "name": "2h12"}