{"loc": [-5, 5, 5], "rotate": [-3.005689549456509, 0.4281284160590642, -1.1277529329766052], "SNR": 0.05, "name": "2h12"}