{"loc": [6, 1, -2], "rotate": [-2.6298706339068816, 0.7446774181684915, -1.3755445492407194], "SNR": 0.05, "name": "2h12"}