{"loc": [1, -3, 0], "rotate": [-2.1989431498548266, 2.1565035181399668, -3.1283706098520856], "SNR": 0.05, "name": "2h12"}