{"loc": [-6, -4, 7], "rotate": [-2.082626533017666, 1.3416277366730724, -2.379071724429511], "SNR": 0.05, "name": "2h12"}