{"loc": [1, 0, -3], "rotate": [2.2448039383290634, 1.0667589514156801, 0.3589646991867317], "SNR": 0.05, "name": "2h12"}