{"loc": [6, 0, 2], "rotate": [3.0661727678573887, 0.5552385067354807, -1.3033797978683654], "SNR": 0.05, "name": "2h12"}