{"loc": [0, 6, 4], "rotate": [2.279445191259823, 1.2673932170667204, 0.8784053397423476], "SNR": 0.05, "name": "2h12"}