{"loc": [-4, 2, 3], "rotate": [3.0064897433894795, 0.6976989523610932, -0.8636156557072933], "SNR": 0.05, "name": "2h12"}