{"loc": [7, 3, -1], "rotate": [2.918694770488057, 0.8454735922412302, -0.5868847720193879], "SNR": 0.05, "name": "2h12"}