{"loc": [-3, 1, -6], "rotate": [-2.5494917171377, 0.5695155062507259, -1.3366276458972772], "SNR": 0.05, "name": "2h12"}