{"loc": [-6, -7, 6], "rotate": [2.8543355532581143, 0.889797053548714, 0.14424672980162473], "SNR": 0.05, "name": "2h12"}