{"loc": [-3, 3, 1], "rotate": [-2.099921115228895, 0.9287287686189745, -1.8549564731323045], "SNR": 0.05, "name": "2h12"}