{"loc": [6, -3, 5], "rotate": [-3.1005942725537596, 0.839047602067981, -0.6089620720156042], "SNR": 0.05, "name": "2h12"}