{"loc": [0, 2, -3], "rotate": [2.3537908923269133, 0.9867739810475783, 0.3579774678295419], "SNR": 0.05, "name": "2h12"}