{"loc": [0, 1, 1], "rotate": [2.150289404929072, 1.1478018350395818, 0.18588283020142227], "SNR": 0.05, "name": "2h12"}