{"loc": [2, -3, -5], "rotate": [1.9932044249982663, 1.6908324769053291, 0.21353403888519903], "SNR": 0.05, "name": "2h12"}