{"loc": [-1, -3, 7], "rotate": [2.4203269790960174, 1.064511085177253, 0.023011739138931717], "SNR": 0.05, "name": "2h12"}