{"loc": [0, 3, 2], "rotate": [-2.207058460461035, 1.3070874925471163, -2.1602382522780386], "SNR": 0.05, "name": "2h12"}