{"loc": [-4, -1, -3], "rotate": [2.5215092099994694, 1.7096259573617139, 0.8150082133652042], "SNR": 0.05, "name": "2h12"}