{"loc": [7, 2, 5], "rotate": [3.0623504088854925, 2.44515884652028, 2.1355290296445117], "SNR": 0.05, "name": "2h12"}