{"loc": [7, -3, -1], "rotate": [-2.0755977248254536, 1.1221437400464414, -2.414587427899335], "SNR": 0.05, "name": "2h12"}