{"loc": [0, 0, -1], "rotate": [-2.183692249857516, 1.1430521280969115, -1.6589768640817377], "SNR": 0.05, "name": "2h12"}