{"loc": [-3, 6, -6], "rotate": [2.310206316827612, 1.3630289037980445, 0.579046433424063], "SNR": 0.05, "name": "2h12"}