{"loc": [-2, 7, 2], "rotate": [3.0335207730131053, 0.748101768342011, -0.6475620109894288], "SNR": 0.05, "name": "2h12"}