{"loc": [2, 0, -1], "rotate": [-2.7824339355004892, 2.580003759660149, -3.13168101476395], "SNR": 0.05, "name": "2h12"}