{"loc": [0, -5, -5], "rotate": [2.8095627195702413, 0.9127494584699448, -0.022378043072329656], "SNR": 0.05, "name": "2h12"}