{"loc": [7, -2, 0], "rotate": [-2.176319651630904, 1.9090466087120892, -2.705267460411323], "SNR": 0.05, "name": "2h12"}