{"loc": [-4, -7, 2], "rotate": [2.6619058230646995, 0.9291501822241525, -0.2841742866730188], "SNR": 0.05, "name": "2h12"}