{"loc": [0, -1, -3], "rotate": [-2.7034843243543345, 2.211651046871876, 2.6320401531221083], "SNR": 0.05, "name": "2h12"}