{"loc": [-1, -5, -7], "rotate": [-1.9222195837068938, 2.3578509500131504, -2.755054181523656], "SNR": 0.05, "name": "2h12"}