{"loc": [2, 5, 4], "rotate": [2.3401991606241426, 1.580637033251454, 0.3302792839134587], "SNR": 0.05, "name": "2h12"}