{"loc": [5, -1, 1], "rotate": [2.6424617875723175, 2.526173124914692, 1.344746315964086], "SNR": 0.05, "name": "2h12"}