{"loc": [1, -6, -1], "rotate": [2.4677832279345, 1.5857085177516355, 0.2982038644470908], "SNR": 0.05, "name": "2h12"}