{"loc": [-7, 2, -3], "rotate": [2.3628975583069547, 1.8237428581205828, 0.8917518586940533], "SNR": 0.05, "name": "2h12"}