{"loc": [-4, 1, -4], "rotate": [2.065507149238714, 1.0564281414158074, 0.532324031857766], "SNR": 0.05, "name": "2h12"}