{"loc": [0, -5, -5], "rotate": [-2.282724629072041, 1.1264159464749217, -1.6551831395908962], "SNR": 0.05, "name": "2h12"}