{"loc": [2, 0, -7], "rotate": [2.057534797467407, 0.2620043124704944, 0.4119540958177664], "SNR": 0.05, "name": "2h12"}