{"loc": [0, 7, 2], "rotate": [-3.0174580896061616, 0.9072490054029592, -0.5079939422515518], "SNR": 0.05, "name": "2h12"}