{"loc": [7, -1, -5], "rotate": [-3.1357602201555683, 1.0012049008257444, -0.8268543232482941], "SNR": 0.05, "name": "2h12"}