{"loc": [-2, -6, 4], "rotate": [2.3772237450257716, 1.135329809253757, 0.4719443408015212], "SNR": 0.05, "name": "2h12"}