{"loc": [-5, 7, 3], "rotate": [2.4128976114933605, 1.0054760563085416, 0.5515518499322446], "SNR": 0.05, "name": "2h12"}