{"loc": [6, 6, 0], "rotate": [1.9686250329792028, 1.5988643801124527, 0.7001364732597456], "SNR": 0.05, "name": "2h12"}