{"loc": [0, -2, 2], "rotate": [3.093816448237658, 0.7755393018834178, -1.2210038636636484], "SNR": 0.05, "name": "2h12"}