{"loc": [-4, 2, -5], "rotate": [2.8151885637529928, 0.7183928118265039, -0.3465261988733105], "SNR": 0.05, "name": "2h12"}