{"loc": [3, -7, -3], "rotate": [-0.16516342255097774, 2.364192354403362, 1.8585717316189756], "SNR": 0.05, "name": "2h12"}