{"loc": [4, 7, -4], "rotate": [2.5028991982662534, 0.8580569326082529, 0.10679662402656702], "SNR": 0.05, "name": "2h12"}