{"loc": [6, 0, 1], "rotate": [-3.1227483592974927, 0.5184748109155127, -1.024581175517499], "SNR": 0.05, "name": "2h12"}