{"loc": [-1, 5, -5], "rotate": [2.1351638142332905, 1.1524439885530133, 1.1575997323474214], "SNR": 0.05, "name": "2h12"}