{"loc": [4, 2, -5], "rotate": [2.1251249052400505, 1.7934932200584617, 0.38437082081211027], "SNR": 0.05, "name": "2h12"}