{"loc": [-1, 7, -3], "rotate": [3.0565362297433296, 0.3463528974779991, -0.1668505656172831], "SNR": 0.05, "name": "2h12"}