{"loc": [0, -2, -5], "rotate": [2.1123432274655873, 1.8790845115806334, 0.8133782451289029], "SNR": 0.05, "name": "2h12"}