{"loc": [0, 2, 6], "rotate": [-2.516659960990124, 1.2176589833687026, -1.9779605222407042], "SNR": 0.05, "name": "2h12"}