{"loc": [1, -5, 1], "rotate": [2.835541157449013, 0.6854702781260991, -0.37455150726073], "SNR": 0.05, "name": "2h12"}