{"loc": [1, -5, -1], "rotate": [-1.9569021085049472, 1.8933976826567744, -2.379518019115206], "SNR": 0.05, "name": "2h12"}