{"loc": [1, 7, 1], "rotate": [2.7795523879947863, 1.3554548111595714, 0.002560549743558656], "SNR": 0.05, "name": "2h12"}