{"loc": [-2, -2, 5], "rotate": [-2.423748819649956, 0.7308288836916297, -1.421311405548829], "SNR": 0.05, "name": "2h12"}