{"loc": [-1, -4, 1], "rotate": [1.9494187128163507, 1.1976050671052558, 0.9796864715673727], "SNR": 0.05, "name": "2h12"}