{"loc": [0, -2, -3], "rotate": [2.381181798095586, 1.3921005297102234, 0.4121413084510734], "SNR": 0.05, "name": "2h12"}