{"loc": [-5, -7, -2], "rotate": [2.0360770757669657, 1.5792131765344413, 0.7546421524298054], "SNR": 0.05, "name": "2h12"}