{"loc": [-1, -4, 0], "rotate": [-2.4009681823898545, 1.359206450439029, -1.938684771381631], "SNR": 0.05, "name": "2h12"}