{"loc": [6, 3, -3], "rotate": [-2.6544453532251953, 0.6293883624462301, -1.4724822524056922], "SNR": 0.05, "name": "2h12"}