{"loc": [-6, 4, -4], "rotate": [2.18835231868541, 1.3882883135717448, 1.1547154936198807], "SNR": 0.05, "name": "2h12"}