{"loc": [0, -5, 1], "rotate": [-2.6461881424486378, 1.00682921405388, -1.8296293720037544], "SNR": 0.05, "name": "2h12"}