{"loc": [-3, -1, 3], "rotate": [-3.0464140212282667, 0.4609800257927723, -0.8439213316433894], "SNR": 0.05, "name": "2h12"}