{"loc": [-6, -4, -6], "rotate": [2.496381682943706, 0.5963660276928742, 0.24787238783301807], "SNR": 0.05, "name": "2h12"}