{"loc": [7, 5, -2], "rotate": [-2.293820210465484, 1.6580853705142071, -3.0148192590022593], "SNR": 0.05, "name": "2h12"}