{"loc": [4, -7, 3], "rotate": [2.5956673277624267, 0.8041878462337462, -0.16978158029810383], "SNR": 0.05, "name": "2h12"}