{"loc": [-7, -5, -4], "rotate": [2.0377616339701308, 1.8401176530416308, 0.9024817863557492], "SNR": 0.05, "name": "2h12"}