{"loc": [0, 3, 4], "rotate": [2.4574232347517913, 0.6488014098940313, 0.16108398971296534], "SNR": 0.05, "name": "2h12"}