{"loc": [5, -2, -4], "rotate": [2.1747024170828393, 1.6647359627428617, 0.9107815045657109], "SNR": 0.05, "name": "2h12"}