{"loc": [-5, -4, 3], "rotate": [2.64741385498478, 1.5278263412389477, 1.2225709197738708], "SNR": 0.05, "name": "2h12"}