{"loc": [2, 3, -6], "rotate": [-2.1895133410409313, 1.2090885198294754, -2.048806546236594], "SNR": 0.05, "name": "2h12"}