{"loc": [0, -4, 5], "rotate": [2.0257134640913548, 1.1372205360362118, 0.6777155784305667], "SNR": 0.05, "name": "2h12"}