{"loc": [-4, -1, 5], "rotate": [1.9522833973922755, 0.30918350021095353, 0.5477901325488552], "SNR": 0.05, "name": "2h12"}