{"loc": [7, -6, 3], "rotate": [-2.5303364271631685, 1.2577850454045378, -1.4476452138588711], "SNR": 0.05, "name": "2h12"}