{"loc": [-5, -7, -7], "rotate": [2.721913799483485, 1.502771336086169, 0.651744215033778], "SNR": 0.05, "name": "2h12"}