{"loc": [1, -1, -3], "rotate": [2.8000460554650313, 0.42393304263539383, -0.3015431492476732], "SNR": 0.05, "name": "2h12"}