{"loc": [-3, 7, -5], "rotate": [-2.345244354364288, 0.8798283219742167, -1.4318628381170935], "SNR": 0.05, "name": "2h12"}