{"loc": [0, -6, 5], "rotate": [-2.495863394832662, 0.9280515917834445, -1.5336222472556134], "SNR": 0.05, "name": "2h12"}