{"loc": [0, -3, 0], "rotate": [2.2450874520512887, 1.2368795350780049, 0.9294322908910783], "SNR": 0.05, "name": "2h12"}