{"loc": [7, 2, -3], "rotate": [-2.1060544109654877, 1.8389832608811207, -2.703726087819623], "SNR": 0.05, "name": "2h12"}