{"loc": [4, 2, 2], "rotate": [-2.076186694457605, 1.3139012909803824, -1.9019014682365414], "SNR": 0.05, "name": "2h12"}