{"loc": [6, 4, -2], "rotate": [2.449096051394971, 1.17381046437848, 0.052426332397911876], "SNR": 0.05, "name": "2h12"}