{"loc": [-2, -1, -2], "rotate": [-2.847121255380193, 1.0765785822343221, -1.085985296915966], "SNR": 0.05, "name": "2h12"}