{"loc": [2, -1, 7], "rotate": [1.7381279298855845, 1.62816693291255, 0.8263172759106534], "SNR": 0.05, "name": "2h12"}