{"loc": [0, 0, 3], "rotate": [2.239124038704622, 1.606822907404438, 0.5628408224629438], "SNR": 0.05, "name": "2h12"}