{"loc": [5, 1, 1], "rotate": [-2.3839630288388505, 2.20420582416909, -2.8410033594319803], "SNR": 0.05, "name": "2h12"}