{"loc": [-7, 0, -5], "rotate": [2.513482537595129, 1.5562053984854225, 0.8039492794761072], "SNR": 0.05, "name": "2h12"}