{"loc": [2, -6, 1], "rotate": [1.9756845168710078, 1.3616777881115867, 0.8980109595204654], "SNR": 0.05, "name": "2h12"}