{"loc": [6, -2, 4], "rotate": [-2.5182504326142414, 1.022803688590244, -2.079231826498121], "SNR": 0.05, "name": "2h12"}