{"loc": [-2, 1, 5], "rotate": [-2.9306231251187187, 0.8853728263528449, -1.3288868119253032], "SNR": 0.05, "name": "2h12"}