{"loc": [-5, -1, -5], "rotate": [2.4822125807467987, 1.2186557605281545, 0.37474281862402775], "SNR": 0.05, "name": "2h12"}