{"loc": [5, -7, -2], "rotate": [2.719878232980606, 0.8475782625699932, -0.43390585608162174], "SNR": 0.05, "name": "2h12"}