{"loc": [-6, -6, -2], "rotate": [-1.9436589984617982, 1.4662466515008963, -2.674394794845692], "SNR": 0.05, "name": "2h12"}