{"loc": [-5, 3, -3], "rotate": [-1.9159319138027642, 2.1763914630880428, -2.4752310175882126], "SNR": 0.05, "name": "2h12"}