{"loc": [-5, -5, 0], "rotate": [-2.3783206877258505, 1.1494422237114374, -1.9083841121031657], "SNR": 0.05, "name": "2h12"}