{"loc": [7, -7, 0], "rotate": [2.359495131411219, 1.1087514573981903, 0.4182940613056451], "SNR": 0.05, "name": "2h12"}