{"loc": [0, 1, 4], "rotate": [2.3294174928190596, 0.7346584091265341, 0.5362767940724764], "SNR": 0.05, "name": "2h12"}