{"loc": [0, -6, 6], "rotate": [2.774739263684415, 0.8688178003059714, -0.047256477497919835], "SNR": 0.05, "name": "2h12"}