{"loc": [6, -1, -7], "rotate": [2.198113636010172, 1.3078306683815901, 0.17034898886028693], "SNR": 0.05, "name": "2h12"}