{"loc": [-6, 7, 0], "rotate": [-2.5059850398163777, 0.8668936845046916, -1.5171919515567072], "SNR": 0.05, "name": "2h12"}