{"loc": [3, 6, -7], "rotate": [1.9678617432079535, 1.6655905168572773, 0.9055872502988586], "SNR": 0.05, "name": "2h12"}