{"loc": [4, -6, -3], "rotate": [2.651780009444431, 0.8358192893444051, 0.3796337728365675], "SNR": 0.05, "name": "2h12"}