{"loc": [-5, -4, 6], "rotate": [2.080330193885522, 1.8096523008848309, 1.1646569051960713], "SNR": 0.05, "name": "2h12"}