{"loc": [7, 0, 5], "rotate": [2.1388571116336537, 1.677666808154049, 0.8842361266526257], "SNR": 0.05, "name": "2h12"}