{"loc": [0, -1, -1], "rotate": [2.2810204394457285, 0.49544802594030607, -0.012594505467598363], "SNR": 0.05, "name": "2h12"}