{"loc": [1, -7, 4], "rotate": [-2.6026704881392377, 0.40667211547405496, -1.2109549466154153], "SNR": 0.05, "name": "2h12"}