{"loc": [1, 0, 7], "rotate": [2.5965952919928728, 0.5099775072179682, -0.08332813947113159], "SNR": 0.05, "name": "2h12"}