{"loc": [-7, -3, 1], "rotate": [2.6476790193654005, 1.1453889425019212, 0.05370136823428692], "SNR": 0.05, "name": "2h12"}