{"loc": [-1, 4, 0], "rotate": [-2.43911718830605, 0.5941992770613345, -1.7998122516140256], "SNR": 0.05, "name": "2h12"}