{"loc": [6, 3, -1], "rotate": [2.1658865163331247, 1.687418865999074, 1.1526168319781234], "SNR": 0.05, "name": "2h12"}