{"loc": [-3, -6, 6], "rotate": [2.1962376029763964, 1.7176491062322448, 0.9265925857055051], "SNR": 0.05, "name": "2h12"}