{"loc": [-5, 0, -4], "rotate": [2.5618484198126468, 1.3467958366220965, 0.26956528130022583], "SNR": 0.05, "name": "2h12"}