{"loc": [-3, -5, 1], "rotate": [2.4857807318008454, 0.7485099351328837, -0.34175760002505], "SNR": 0.05, "name": "2h12"}