{"loc": [6, -3, -1], "rotate": [-2.3108000472188173, 0.5641858874535155, -1.6412339270955778], "SNR": 0.05, "name": "2h12"}