{"loc": [0, 5, 5], "rotate": [2.631195387062805, 0.5455390584140623, -0.34714273883261104], "SNR": 0.05, "name": "2h12"}