{"loc": [1, 6, -3], "rotate": [-2.2174792105422747, 1.0149926589877416, -2.0483076090373262], "SNR": 0.05, "name": "2h12"}