{"loc": [-7, 5, -5], "rotate": [2.2008885905942535, 1.5781130496621736, 1.141065896601211], "SNR": 0.05, "name": "2h12"}