{"loc": [-7, 7, -1], "rotate": [-2.258197846766642, 1.2276806838925505, -1.8548871538944447], "SNR": 0.05, "name": "2h12"}