{"loc": [2, -7, 0], "rotate": [-2.5272555546245683, 2.506383588448427, 3.0578784096640628], "SNR": 0.05, "name": "2h12"}