{"loc": [-5, 5, 7], "rotate": [-2.9561238496979, 2.4251525471031514, 2.566211157621055], "SNR": 0.05, "name": "2h12"}