{"loc": [-3, 6, 1], "rotate": [2.561433017100691, 1.1768671954622858, 0.37237236650795447], "SNR": 0.05, "name": "2h12"}