{"loc": [4, -1, -7], "rotate": [1.9595579640039646, 0.8329038426610671, 0.410247276725722], "SNR": 0.05, "name": "2h12"}