{"loc": [-5, -3, -4], "rotate": [-2.092337819976082, 1.750218123428468, -2.942149851331143], "SNR": 0.05, "name": "2h12"}