{"loc": [-7, -2, 6], "rotate": [2.3436985177756826, 1.2925761047297608, 0.333244558488554], "SNR": 0.05, "name": "2h12"}