{"loc": [6, -4, -3], "rotate": [-2.014836703569657, 1.823024811947343, -2.485300576456065], "SNR": 0.05, "name": "2h12"}