{"loc": [-7, 2, -4], "rotate": [2.7694984187490412, 0.618420915287538, -0.3110223392068929], "SNR": 0.05, "name": "2h12"}