{"loc": [-1, -4, -3], "rotate": [2.756621067222604, 0.8445398270047418, -0.21840342854108583], "SNR": 0.05, "name": "2h12"}