{"loc": [4, 6, -1], "rotate": [3.0873631511602424, 0.7530986951603242, -0.7088825586759633], "SNR": 0.05, "name": "2h12"}