{"loc": [6, -1, 0], "rotate": [-2.337792623925307, 1.3576814225702643, -2.4796014121187797], "SNR": 0.05, "name": "2h12"}