{"loc": [1, 6, -7], "rotate": [-2.7457990354253963, 1.124534595931384, -1.8058431529040915], "SNR": 0.05, "name": "2h12"}