{"loc": [3, 7, 0], "rotate": [2.2622901667390294, 0.4693266315258605, -0.08958361527325436], "SNR": 0.05, "name": "2h12"}