{"loc": [0, 5, 0], "rotate": [2.2937463797930517, 2.17417727458057, 1.1292840911628397], "SNR": 0.05, "name": "2h12"}