{"loc": [-4, 5, 2], "rotate": [-2.1831930822948427, 0.6831760230321308, -1.4189564471756955], "SNR": 0.05, "name": "2h12"}