{"loc": [-2, -2, -7], "rotate": [2.8045278720521343, 0.7623974766679015, -0.11007799640935179], "SNR": 0.05, "name": "2h12"}