{"loc": [-1, 3, -7], "rotate": [-2.3290142411205528, 1.080631462508534, -1.926436853672995], "SNR": 0.05, "name": "2h12"}