{"loc": [0, 6, 0], "rotate": [-2.2666360072159093, 0.8139963284893987, -1.6509811445220113], "SNR": 0.05, "name": "2h12"}