{"loc": [-5, -3, -2], "rotate": [-2.2066100416333243, 0.5505541034670168, -1.8243305919376929], "SNR": 0.05, "name": "2h12"}