{"loc": [-6, 6, -5], "rotate": [2.0730435593363596, 1.520139017108061, 0.6531484307876425], "SNR": 0.05, "name": "2h12"}