{"loc": [6, 5, -6], "rotate": [-2.3486722057641534, 1.1572752557996429, -2.123233579523813], "SNR": 0.05, "name": "2h12"}