{"loc": [-1, -7, -7], "rotate": [-2.1391049678199936, 1.653722523652985, -2.589357905130488], "SNR": 0.05, "name": "2h12"}