{"loc": [5, -4, 4], "rotate": [2.8384946914995557, 0.6497667877747872, -0.4172646122489721], "SNR": 0.05, "name": "2h12"}