{"loc": [7, -7, 1], "rotate": [3.0567541902551865, 0.5304223634925587, -0.7767043888487648], "SNR": 0.05, "name": "2h12"}