{"loc": [3, -6, 7], "rotate": [-3.0921661941727785, 0.7873813681835995, -0.39954490101042933], "SNR": 0.05, "name": "2h12"}