{"loc": [3, -5, 4], "rotate": [2.3049692804320663, 2.060657333865055, 0.7458472201675048], "SNR": 0.05, "name": "2h12"}