{"loc": [-1, 2, 3], "rotate": [2.394223138883624, 1.1287107495953868, 0.31415437759509895], "SNR": 0.05, "name": "2h12"}