{"loc": [5, 7, -1], "rotate": [-1.7617943394622027, 2.3026571662864614, -2.7322889592361066], "SNR": 0.05, "name": "2h12"}