{"loc": [2, 0, 5], "rotate": [-2.1660795765031877, 1.2171299906571964, -1.9492788842521485], "SNR": 0.05, "name": "2h12"}