{"loc": [-1, -2, -4], "rotate": [-2.238754239915232, 0.7142501078497433, -1.8703145286060137], "SNR": 0.05, "name": "2h12"}