{"loc": [5, -1, -7], "rotate": [-3.0569497339925022, 0.5340539991679693, -1.2340536400600555], "SNR": 0.05, "name": "2h12"}