{"loc": [2, -6, 5], "rotate": [-2.202858650448531, 1.8377201396201406, -2.89547903044125], "SNR": 0.05, "name": "2h12"}