{"loc": [-2, 6, -7], "rotate": [-2.2506019728535827, 0.7075568248807126, -1.747769883437202], "SNR": 0.05, "name": "2h12"}