{"loc": [7, -3, 6], "rotate": [2.652415444221102, 1.1119524177784377, -0.021427511210207473], "SNR": 0.05, "name": "2h12"}