{"loc": [-2, 0, -3], "rotate": [2.181170937304421, 1.6613404978564932, 0.6509754155313837], "SNR": 0.05, "name": "2h12"}