{"loc": [-3, -7, -7], "rotate": [-2.0744787690406876, 0.8872517382570162, -2.10230144683911], "SNR": 0.05, "name": "2h12"}