{"loc": [0, -2, 4], "rotate": [-2.1447114738706143, 1.1766642778681473, -2.513569754969986], "SNR": 0.05, "name": "2h12"}