{"loc": [2, -1, 4], "rotate": [2.318875038737829, 1.1200679941784561, 0.768843318081315], "SNR": 0.05, "name": "2h12"}