{"loc": [-2, 0, -7], "rotate": [2.4182772196083433, 1.3536850993847844, 0.8274747839315437], "SNR": 0.05, "name": "2h12"}