{"loc": [-7, 5, 4], "rotate": [-3.072024672807897, 0.8706260352138125, -1.0942417015702037], "SNR": 0.05, "name": "2h12"}