{"loc": [1, 1, 6], "rotate": [3.061782557833076, 0.553208203987787, -0.5069292660656786], "SNR": 0.05, "name": "2h12"}