{"loc": [-4, -4, 7], "rotate": [-2.8189095104669573, 0.7043544900812668, -1.0125765847555475], "SNR": 0.05, "name": "2h12"}