{"loc": [-7, -1, 0], "rotate": [2.7341974443088293, 1.0682170753830362, -0.05392155078861376], "SNR": 0.05, "name": "2h12"}