{"loc": [-5, -1, -6], "rotate": [-1.9065400459755237, 1.7045507096934394, -2.273517598936426], "SNR": 0.05, "name": "2h12"}