{"loc": [2, 5, -5], "rotate": [2.3556114429983253, 1.468692734880641, 0.6740697000642224], "SNR": 0.05, "name": "2h12"}