{"loc": [-1, -2, 3], "rotate": [-3.055955229832174, 0.6457943872478182, -0.9663618475853487], "SNR": 0.05, "name": "2h12"}