{"loc": [7, 1, 5], "rotate": [2.7501207812410513, 2.4821275772276774, 1.4840142681067172], "SNR": 0.05, "name": "2h12"}