{"loc": [-4, 4, 2], "rotate": [2.753835139344223, 2.4108449580159097, 1.8731671916110166], "SNR": 0.05, "name": "2h12"}