{"loc": [-3, 2, 1], "rotate": [-2.189087337199738, 1.3332723294282856, -2.2324201600873823], "SNR": 0.05, "name": "2h12"}