{"loc": [-4, 2, 5], "rotate": [-2.213827479468517, 1.4297306196548722, -2.703598970571913], "SNR": 0.05, "name": "2h12"}