{"loc": [5, 5, 1], "rotate": [-2.2166778013299826, 2.146452261401204, -2.726173916854733], "SNR": 0.05, "name": "2h12"}