{"loc": [-6, 5, 2], "rotate": [-2.60633870006787, 0.6305066085360412, -1.1306866987407345], "SNR": 0.05, "name": "2h12"}