{"loc": [-3, 6, -6], "rotate": [2.187648386450971, 1.8099715124942746, 1.143325665570207], "SNR": 0.05, "name": "2h12"}