{"loc": [-5, 4, -1], "rotate": [2.0741171752759393, 1.9695711139549363, 0.8894224824167892], "SNR": 0.05, "name": "2h12"}