{"loc": [2, 1, -2], "rotate": [3.0538368304362185, 0.7637087019757215, -0.3188770898226961], "SNR": 0.05, "name": "2h12"}