{"loc": [-3, -5, -6], "rotate": [-2.287241331936873, 1.4045734404952903, -2.4306525959531182], "SNR": 0.05, "name": "2h12"}