{"loc": [5, 2, -1], "rotate": [-2.595870499976643, 1.0702105280673284, -1.265131646619604], "SNR": 500000, "name": "3hhb"}