{"loc": [5, -5, 5], "rotate": [2.2948389386993595, 1.6358164465267078, 0.6553700616799255], "SNR": 500000, "name": "3hhb"}