{"loc": [-1, 5, 0], "rotate": [2.183693928714422, 1.4811755900194052, 0.6750538368176139], "SNR": 500000, "name": "3hhb"}