{"loc": [-7, -2, -3], "rotate": [2.638043615417797, 0.8633089163227353, -0.21990217195335549], "SNR": 500000, "name": "3hhb"}