{"loc": [-2, 0, -3], "rotate": [-2.8427734734282972, 0.9311111043461762, -1.3060692072426343], "SNR": 500000, "name": "3hhb"}