{"loc": [-5, -4, 0], "rotate": [2.3577437482872967, 1.0398130141800082, -0.032159802239748625], "SNR": 500000, "name": "3hhb"}