{"loc": [3, 3, 4], "rotate": [2.298860659323732, 1.8733658316773991, 0.9605962773240747], "SNR": 500000, "name": "3hhb"}