{"loc": [-6, 4, -4], "rotate": [2.0266200130275056, 0.9628963967545262, 0.70572109882861], "SNR": 500000, "name": "3hhb"}