{"loc": [0, 0, 5], "rotate": [-2.7315260926689295, 0.9706787287685773, -1.401897586415143], "SNR": 500000, "name": "3hhb"}