{"loc": [2, -3, 6], "rotate": [3.0096634088117273, 0.6761640091226793, -0.7602964316561344], "SNR": 500000, "name": "3hhb"}