{"loc": [0, -1, 4], "rotate": [-2.3454643809889903, 0.7100288621547133, -1.831661100857634], "SNR": 500000, "name": "3hhb"}