{"loc": [-6, -6, 0], "rotate": [2.2259153298493746, 1.5120609285822437, 0.5292625480667624], "SNR": 500000, "name": "3hhb"}