{"loc": [4, -5, 5], "rotate": [-2.6741872465552743, 0.38639239420217286, -1.1722214903215769], "SNR": 500000, "name": "3hhb"}