{"loc": [-4, 2, -4], "rotate": [-1.8530883683095147, 0.6120803461404508, -1.8055252530791455], "SNR": 500000, "name": "3hhb"}