{"loc": [0, 0, -2], "rotate": [2.3340103550063653, 0.5578095510719404, 0.20997691771080826], "SNR": 500000, "name": "3hhb"}