{"loc": [1, -2, -3], "rotate": [-2.931163486519723, 2.3855415429932223, 2.1874533563232887], "SNR": 500000, "name": "3hhb"}