{"loc": [2, 0, 0], "rotate": [-2.637615058437966, 0.6575258081265049, -1.2381759419278253], "SNR": 500000, "name": "3hhb"}