{"loc": [-5, -2, -3], "rotate": [2.2772272038321653, 1.0519462604665166, 0.20513141990552777], "SNR": 500000, "name": "3hhb"}