{"loc": [7, 2, -3], "rotate": [0.8560707942685435, 1.588474716273021, -2.8945866964693563], "SNR": 500000, "name": "3hhb"}