{"loc": [0, -6, -2], "rotate": [2.220325293225579, 1.3008255463747886, 0.05046031686332951], "SNR": 500000, "name": "3hhb"}