{"loc": [-5, 3, 4], "rotate": [2.3590356460152324, 1.5130668016843645, 1.1330861405392825], "SNR": 500000, "name": "3hhb"}