{"loc": [3, 2, -3], "rotate": [2.1307271377261743, 0.981703855539407, 0.4405704234709466], "SNR": 500000, "name": "3hhb"}