{"loc": [0, 5, 3], "rotate": [1.9715397123493212, 1.573250752924574, 0.7647855390395017], "SNR": 500000, "name": "3hhb"}