{"loc": [-6, 0, -5], "rotate": [-2.1353175733404575, 1.9000457603772458, -2.4334348031759214], "SNR": 500000, "name": "3hhb"}