{"loc": [2, 3, -3], "rotate": [-2.9163039900583403, 2.1628754875014566, 2.6297191910526756], "SNR": 500000, "name": "3hhb"}