{"loc": [5, -2, -2], "rotate": [-2.7265040737740107, 0.6297417515075232, -1.5411892957120648], "SNR": 500000, "name": "3hhb"}