{"loc": [-4, -4, -6], "rotate": [-2.9367946901732394, 0.7696127087840581, -1.0389791568090028], "SNR": 500000, "name": "3hhb"}