{"loc": [-1, -6, -1], "rotate": [-1.9541429132020762, 1.211781015092132, -2.051520349057818], "SNR": 500000, "name": "3hhb"}