{"loc": [-4, -6, -7], "rotate": [-2.4053315371212314, 0.8553237493412964, -1.6383241096654033], "SNR": 500000, "name": "3hhb"}