{"loc": [-3, -6, 6], "rotate": [2.6173698899293627, 1.4108016851820138, 0.10450807185451993], "SNR": 500000, "name": "3hhb"}