{"loc": [-3, 0, 5], "rotate": [2.4361211171280184, 2.210144918735122, 1.3393140560471017], "SNR": 500000, "name": "3hhb"}