{"loc": [7, 5, -7], "rotate": [3.127129277306199, 0.8488733449015557, -0.47342661889730553], "SNR": 500000, "name": "3hhb"}