{"loc": [-3, 2, -3], "rotate": [-2.54210515902705, 0.8242298325686849, -1.5595749950272702], "SNR": 500000, "name": "3hhb"}