{"loc": [3, -1, 1], "rotate": [2.2461963620947425, 0.9184617298108735, 0.27911963346142393], "SNR": 500000, "name": "3hhb"}