{"loc": [6, -7, -3], "rotate": [2.2037683333177642, 1.275961549295508, 0.7488486353602457], "SNR": 500000, "name": "3hhb"}