{"loc": [-4, -6, 3], "rotate": [2.3213310898357142, 1.8269233135260612, 1.1934854457733348], "SNR": 500000, "name": "3hhb"}