{"loc": [4, 4, -7], "rotate": [-2.292758181399532, 1.4420493053284205, -2.5627370520983987], "SNR": 500000, "name": "3hhb"}