{"loc": [-6, 0, -7], "rotate": [-2.7814932981934577, 0.7760897094683185, -0.9284239532824605], "SNR": 500000, "name": "3hhb"}