{"loc": [2, -3, -3], "rotate": [2.4409304822890507, 1.3252741839354631, 0.5917317079507115], "SNR": 500000, "name": "3hhb"}