{"loc": [-3, 4, 0], "rotate": [-3.011223115298537, 0.22177186591522607, -0.9414411465852516], "SNR": 500000, "name": "3hhb"}