{"loc": [-1, -3, 0], "rotate": [-2.362342276248276, 1.6726381330959395, -2.4001670782892264], "SNR": 500000, "name": "3hhb"}