{"loc": [2, 0, -7], "rotate": [-2.2681607554051353, 0.9103328642198972, -1.9558182178849337], "SNR": 500000, "name": "3hhb"}