{"loc": [4, 3, 3], "rotate": [2.3465159873596426, 2.0721125255715878, 1.3469420865283686], "SNR": 500000, "name": "3hhb"}