{"loc": [-3, 2, -7], "rotate": [2.5315230387291376, 2.3032216079713868, 1.3931246615557131], "SNR": 500000, "name": "3hhb"}