{"loc": [0, 2, 3], "rotate": [2.4662306624033725, 2.4939179593015144, 1.629925784581682], "SNR": 500000, "name": "3hhb"}