{"loc": [-1, -4, -1], "rotate": [3.024874296015333, 0.7443745617468142, -0.7058486548740305], "SNR": 500000, "name": "3hhb"}