{"loc": [0, -5, -5], "rotate": [-3.0353372030139094, 0.7221294359774729, -0.8669450229699457], "SNR": 500000, "name": "3hhb"}