{"loc": [0, -1, -3], "rotate": [-2.333541673561228, 1.401106666879648, -2.739828257635043], "SNR": 500000, "name": "3hhb"}