{"loc": [7, 2, 5], "rotate": [2.9310231976583334, 1.1718185355522375, -0.11918940339365945], "SNR": 500000, "name": "3hhb"}