{"loc": [6, -3, -3], "rotate": [1.9034915164923398, 1.1740364553669238, 0.7466401991884104], "SNR": 500000, "name": "3hhb"}