{"loc": [-6, -5, -7], "rotate": [2.5772005888425267, 0.8142474581247221, 0.2106060734988124], "SNR": 500000, "name": "3hhb"}