{"loc": [0, -1, -2], "rotate": [-2.2604242554152867, 1.2588533335743812, -2.2340460907223694], "SNR": 500000, "name": "3hhb"}