{"loc": [-7, -5, 3], "rotate": [-3.0633736701006202, 0.6253111941483548, -0.5892550449052639], "SNR": 500000, "name": "3hhb"}