{"loc": [-2, 3, 0], "rotate": [0.7308794675893258, 0.8304054940850178, -1.633641074335742], "SNR": 500000, "name": "3hhb"}