{"loc": [0, 6, 6], "rotate": [-2.0029910949512373, 1.3964760628733153, -2.291840420167832], "SNR": 500000, "name": "3hhb"}