{"loc": [1, 7, 2], "rotate": [2.2135054483711527, 0.5677453207662378, 0.3728623010144663], "SNR": 500000, "name": "3hhb"}