{"loc": [3, -4, 4], "rotate": [-2.1522343270289563, 1.4684084775779498, -2.9236750701201646], "SNR": 500000, "name": "3hhb"}