{"loc": [-1, -4, -3], "rotate": [-2.3479016186190678, 1.469181218305447, -2.137022777793928], "SNR": 500000, "name": "3hhb"}