{"loc": [-2, -6, 0], "rotate": [2.4158214694697806, 1.041305148856837, -0.008872339531611264], "SNR": 500000, "name": "3hhb"}