{"loc": [3, 2, 6], "rotate": [2.2870452526038143, 1.7571794633609454, 1.3093751228488337], "SNR": 500000, "name": "3hhb"}