{"loc": [4, 7, -4], "rotate": [-2.4009162522113083, 1.9289064227565174, -2.633204045393659], "SNR": 500000, "name": "3hhb"}