{"loc": [-1, 5, 6], "rotate": [-2.4013397637562077, 1.3893249471791367, -1.5591283085299512], "SNR": 500000, "name": "3hhb"}