{"loc": [-2, 0, -5], "rotate": [2.4802525242661577, 0.7551924803429646, -0.03672289691977841], "SNR": 500000, "name": "3hhb"}