{"loc": [2, -3, 2], "rotate": [2.6409550047810777, 0.9732731279234811, 0.1132740062501545], "SNR": 500000, "name": "3hhb"}