{"loc": [4, -3, 7], "rotate": [2.7144469129491005, 0.8950136499834194, 0.10586299917802558], "SNR": 500000, "name": "3hhb"}