{"loc": [7, -6, 3], "rotate": [2.01782639571035, 1.9067050479590217, 1.5733664042217155], "SNR": 500000, "name": "3hhb"}