{"loc": [-6, 5, -5], "rotate": [-2.2960254886356757, 0.751775005136403, -1.9009848269021492], "SNR": 500000, "name": "3hhb"}