{"loc": [4, 5, -3], "rotate": [-2.6724804890310887, 0.7591693675030072, -1.1644415725810862], "SNR": 500000, "name": "3hhb"}