{"loc": [-5, -6, -1], "rotate": [2.541805330995883, 0.868529585780933, 0.4937260198500878], "SNR": 500000, "name": "3hhb"}