{"loc": [2, -4, 7], "rotate": [3.129476331594536, 0.7145775864511785, -0.4464449649650962], "SNR": 500000, "name": "3hhb"}