{"loc": [6, 1, -6], "rotate": [2.303965434844185, 1.8907809657058046, 1.1490170240349313], "SNR": 500000, "name": "3hhb"}