{"loc": [0, 0, 3], "rotate": [2.240626731537599, 0.3934983111486102, 0.653620366393352], "SNR": 500000, "name": "3hhb"}