{"loc": [-2, 2, -3], "rotate": [2.7208076161208976, 0.6035514946999805, -0.3276413267109495], "SNR": 500000, "name": "3hhb"}