{"loc": [-2, 5, -4], "rotate": [2.9947961558955987, 0.4232618423596386, -0.741842155439743], "SNR": 500000, "name": "3hhb"}