{"loc": [-7, -3, -7], "rotate": [2.5340099037650714, 0.891111061998336, 0.10920006474528372], "SNR": 500000, "name": "3hhb"}