{"loc": [-1, 7, -7], "rotate": [2.341621100462804, 1.3534570248717215, 0.7610972951258828], "SNR": 500000, "name": "3hhb"}