{"loc": [-7, 3, -6], "rotate": [-1.7520541916254657, 1.2049080762991289, -2.7235375011849534], "SNR": 500000, "name": "3hhb"}