{"loc": [4, -2, 7], "rotate": [-1.833073512468138, 1.7235535372057529, -2.9030544141449073], "SNR": 500000, "name": "3hhb"}