{"loc": [-5, -4, 2], "rotate": [-2.94932272223255, 0.8508494656393831, -0.7334877260549947], "SNR": 500000, "name": "3hhb"}