{"loc": [0, -2, -1], "rotate": [3.070130125802612, 0.7620846220693142, -0.5367131413809699], "SNR": 500000, "name": "3hhb"}