{"loc": [1, 7, 0], "rotate": [2.8126834600418165, 0.8753387737844689, -0.1432316067301161], "SNR": 500000, "name": "3hhb"}