{"loc": [0, 0, 0], "rotate": [2.4956794879566595, 0.3181523619463195, 0.01802124474599483], "SNR": 500000, "name": "3hhb"}