{"loc": [0, -3, -4], "rotate": [-2.4990145941268924, 1.6014400988137114, -2.1821514941902294], "SNR": 500000, "name": "3hhb"}