{"loc": [4, -4, -1], "rotate": [2.0824202498538558, 1.1358313562292195, 0.8058143315278828], "SNR": 500000, "name": "3hhb"}