{"loc": [1, -6, 2], "rotate": [2.4928808071308164, 2.594356621865656, 1.4460078863952617], "SNR": 500000, "name": "3hhb"}