{"loc": [5, 0, -2], "rotate": [2.8933213753886355, 2.209551282277259, 1.7892321875286679], "SNR": 500000, "name": "3hhb"}