{"loc": [5, -5, 5], "rotate": [2.6844540617793293, 2.1909607528404664, 1.742313225433727], "SNR": 500000, "name": "3hhb"}