{"loc": [5, 2, 2], "rotate": [-2.6223490197720167, 2.3426379186944013, 3.0220461455463896], "SNR": 500000, "name": "3hhb"}