{"loc": [6, 4, -4], "rotate": [2.4567293776587165, 1.863005757707231, 1.1519886385104425], "SNR": 500000, "name": "3hhb"}