{"loc": [-2, 0, -4], "rotate": [-2.3887499350410857, 2.327093885477453, -2.897141896757851], "SNR": 500000, "name": "3hhb"}