{"loc": [1, 1, -5], "rotate": [2.286015577848844, 1.0068920600882534, 0.3385424112990977], "SNR": 500000, "name": "3hhb"}