{"loc": [0, 0, -3], "rotate": [2.4666092432577953, 1.0261411407151144, 0.6181058479791215], "SNR": 500000, "name": "3hhb"}