{"loc": [0, 5, 1], "rotate": [2.4697004798262636, 1.1254258046818315, 0.24266921277223388], "SNR": 500000, "name": "3hhb"}