{"loc": [-2, 2, -7], "rotate": [2.586232382625757, 1.4283608270078598, 1.0168090049848955], "SNR": 500000, "name": "3hhb"}