{"loc": [-1, -1, 3], "rotate": [-2.1665003110845236, 1.2294725688342696, -1.9924335023085482], "SNR": 500000, "name": "3hhb"}