{"loc": [4, -3, 1], "rotate": [2.6178542860776806, 2.868387713085358, 1.8606862826522186], "SNR": 500000, "name": "3hhb"}