{"loc": [0, 0, -4], "rotate": [2.384456830892678, 1.4081744910172647, 0.7951066578240062], "SNR": 500000, "name": "3hhb"}