{"loc": [-2, 2, -4], "rotate": [2.9992589758624533, 0.6830879628950848, -0.5784407180898822], "SNR": 500000, "name": "3hhb"}