{"loc": [3, -2, -5], "rotate": [2.7879745103530706, 0.4890238449995433, -0.6553659497666422], "SNR": 500000, "name": "3hhb"}