{"loc": [0, 5, -7], "rotate": [-2.4551886425016063, 1.0210761722962447, -1.3487071119157876], "SNR": 500000, "name": "3hhb"}