{"loc": [2, 3, 3], "rotate": [2.141832182596313, 1.1174559053540243, 0.7868404876492833], "SNR": 500000, "name": "3hhb"}