{"loc": [-4, 7, -7], "rotate": [2.8181536010532775, 0.8624481923773054, -0.6459366466966765], "SNR": 500000, "name": "3hhb"}