{"loc": [0, -5, 7], "rotate": [-2.5011290149615446, 0.9407435740402592, -1.6430652314106433], "SNR": 500000, "name": "3hhb"}