{"loc": [-7, -6, -1], "rotate": [-2.9370059908591504, 2.388193924843085, 2.7028086083203564], "SNR": 500000, "name": "3hhb"}