{"loc": [-1, 3, -4], "rotate": [2.227936481348376, 2.275977842627183, 1.394112719750942], "SNR": 500000, "name": "3hhb"}