{"loc": [-6, -5, -2], "rotate": [-2.7672637771251187, 0.8591427876504738, -1.4683371091796147], "SNR": 500000, "name": "3hhb"}