{"loc": [-2, 6, -6], "rotate": [-1.8270410860482473, 1.0298182969411533, -2.1450288949290317], "SNR": 500000, "name": "3hhb"}