{"loc": [7, 7, 1], "rotate": [2.3213234811358574, 1.9560669740715706, 1.0696769770835786], "SNR": 500000, "name": "3hhb"}