{"loc": [-5, -5, -7], "rotate": [-2.6355820893152404, 1.3850601151355608, -2.0311649810536], "SNR": 500000, "name": "3hhb"}