{"loc": [0, 3, 0], "rotate": [2.602205813657773, 0.8569839227005235, -0.3989978755413585], "SNR": 500000, "name": "3hhb"}