{"loc": [-6, -1, 3], "rotate": [2.5801264062132785, 1.5686471168614187, 0.8645803086792441], "SNR": 500000, "name": "3hhb"}