{"loc": [1, 1, 4], "rotate": [-2.307178746677303, 0.9022107574665527, -2.070624545950718], "SNR": 500000, "name": "3hhb"}