{"loc": [-1, 6, -5], "rotate": [-2.4432966876766895, 1.3224560960389073, -2.251258354611502], "SNR": 500000, "name": "3hhb"}