{"loc": [-2, -6, 6], "rotate": [-2.9890774280181427, 0.7509106249998639, -0.9023789511994974], "SNR": 500000, "name": "3hhb"}