{"loc": [-3, 6, -5], "rotate": [2.413649369059496, 1.1046695743622608, -0.001873256285685897], "SNR": 500000, "name": "3hhb"}