{"loc": [-3, -4, 0], "rotate": [0.9184980706486714, 1.4109360098917647, -2.2658509841924848], "SNR": 500000, "name": "3hhb"}