{"loc": [2, 2, 1], "rotate": [-2.4799695750269306, 0.5723567654199183, -1.4604799070710877], "SNR": 500000, "name": "3hhb"}