{"loc": [3, -2, -4], "rotate": [-2.8999993372665815, 0.7761521698205686, -1.225355499291546], "SNR": 500000, "name": "3hhb"}