{"loc": [1, 3, 6], "rotate": [-2.277780086785046, 0.8559443547115128, -1.5801609906586795], "SNR": 500000, "name": "3hhb"}