{"loc": [-1, 0, -4], "rotate": [2.860651097807848, 0.7386145836800851, -0.6171552836928933], "SNR": 500000, "name": "3hhb"}