{"loc": [3, -2, 0], "rotate": [2.4037671490632913, 0.4066166087049128, -0.22112906492053383], "SNR": 500000, "name": "3hhb"}