{"loc": [-6, -7, 3], "rotate": [2.1589923802963, 1.152431252112278, 0.8923378671588764], "SNR": 500000, "name": "3hhb"}