{"loc": [6, -6, 7], "rotate": [-2.3341896654168077, 0.9634605234680811, -1.4210932331592707], "SNR": 500000, "name": "3hhb"}