{"loc": [4, -2, -3], "rotate": [-3.1311166641978874, 0.3755424880156047, -0.8949867228665433], "SNR": 500000, "name": "3hhb"}