{"loc": [-3, 0, -6], "rotate": [-2.2274170352957894, 0.6618106641901366, -1.5752431388495174], "SNR": 500000, "name": "3hhb"}