{"loc": [-5, 0, 7], "rotate": [-2.245285032267824, 0.3179380642166801, -1.847046673015824], "SNR": 500000, "name": "3hhb"}