{"loc": [3, -4, 3], "rotate": [1.963569452488351, 1.011897069105786, 0.557521362845138], "SNR": 500000, "name": "3hhb"}