{"loc": [1, -2, -5], "rotate": [-1.9625124735742008, 0.8999850737203835, -2.050312520710701], "SNR": 500000, "name": "3hhb"}