{"loc": [-5, -2, -2], "rotate": [2.3166706020513694, 1.4591027864189077, -0.06577988628490544], "SNR": 500000, "name": "3hhb"}