{"loc": [-4, 1, 7], "rotate": [2.793353632835028, 0.6997809342369115, -0.22460178950703263], "SNR": 500000, "name": "3hhb"}