{"loc": [-7, 4, 6], "rotate": [-1.7500614474988418, 1.8004663248992034, -2.417657865304424], "SNR": 500000, "name": "3hhb"}