{"loc": [-4, -4, 0], "rotate": [2.245897805534113, 0.9509770031751735, 0.01697488439647652], "SNR": 500000, "name": "3hhb"}