{"loc": [0, -5, -3], "rotate": [2.3086446709672153, 0.9555061593190901, -0.1670059391334897], "SNR": 500000, "name": "3hhb"}