{"loc": [-2, -4, 1], "rotate": [-2.3222579653170223, 0.9358861085980613, -1.9867398104100946], "SNR": 500000, "name": "3hhb"}