{"loc": [3, 2, 2], "rotate": [-2.691263079565762, 0.5243876186981719, -1.2887361898813297], "SNR": 500000, "name": "3hhb"}