{"loc": [2, -6, -7], "rotate": [2.2434589954538735, 1.4171035498882374, 0.43003747593367336], "SNR": 500000, "name": "3hhb"}