{"loc": [0, -7, 6], "rotate": [2.8939032708775687, 0.6237898867042052, -0.22348451433788963], "SNR": 500000, "name": "3hhb"}