{"loc": [3, 5, -2], "rotate": [-2.4235483431067837, 0.9113785006945612, -1.909614707305696], "SNR": 500000, "name": "3hhb"}