{"loc": [7, 6, -2], "rotate": [-2.2655641488628713, 1.2146558869106046, -1.9867242104569254], "SNR": 500000, "name": "3hhb"}