{"loc": [4, -7, -5], "rotate": [-2.6659326312549796, 0.9804433714236207, -1.158329442041179], "SNR": 500000, "name": "3hhb"}