{"loc": [2, 5, -4], "rotate": [-3.028514227477938, 0.5284762831474917, -0.8327012688148899], "SNR": 500000, "name": "3hhb"}