{"loc": [6, -6, -1], "rotate": [2.9757679397480947, 0.8398562018224318, -0.8928478855245466], "SNR": 500000, "name": "3hhb"}