{"loc": [3, 2, -5], "rotate": [-3.0991728811226125, 0.19943750110127395, -0.8369878004815696], "SNR": 500000, "name": "3hhb"}