{"loc": [-6, -4, 6], "rotate": [2.450951103933599, 1.5193814004177544, 0.4145665658469414], "SNR": 500000, "name": "3hhb"}