{"loc": [-5, 6, 3], "rotate": [2.456642552128836, 0.7104041265077999, 0.02762620396932584], "SNR": 500000, "name": "3hhb"}