{"loc": [-3, -7, -2], "rotate": [2.350669529980659, 1.124641628163919, 0.4895023041482895], "SNR": 500000, "name": "3hhb"}