{"loc": [6, -5, -3], "rotate": [2.268876671842779, 1.3978217754040456, 0.69072321917195], "SNR": 500000, "name": "3hhb"}