{"loc": [-1, -7, -1], "rotate": [2.250047545676467, 0.5351030339643733, 0.135970926150761], "SNR": 500000, "name": "3hhb"}