{"loc": [1, 2, -1], "rotate": [-2.9642959700053386, 0.8894777052645062, -0.678030117795005], "SNR": 500000, "name": "3hhb"}