{"loc": [4, 0, 0], "rotate": [2.489197554888431, 1.0576754072318513, 0.4735716161460336], "SNR": 500000, "name": "3hhb"}