{"loc": [4, -7, 5], "rotate": [-2.0271625129874224, 0.9462547966454128, -2.190361156603436], "SNR": 500000, "name": "3hhb"}