{"loc": [0, 1, -4], "rotate": [2.231667990634222, 1.2306842258496575, 0.09513685643529092], "SNR": 500000, "name": "3hhb"}