{"loc": [5, 3, -3], "rotate": [-2.9549217804054564, 0.6860588092513286, -1.0362891498827833], "SNR": 500000, "name": "3hhb"}