{"loc": [3, -6, -5], "rotate": [3.0919225248538353, 0.8127176865227049, -0.6756792925208748], "SNR": 500000, "name": "3hhb"}