{"loc": [-5, -5, -4], "rotate": [-2.4897694004150073, 1.031133576016509, -1.811929721679303], "SNR": 500000, "name": "3hhb"}