{"loc": [0, 0, 0], "rotate": [-2.223703387758478, 0.5655295236394667, -1.922254578776703], "SNR": 500000, "name": "3hhb"}