{"loc": [3, -3, 1], "rotate": [2.447760848593006, 0.844472995236681, 0.16858450312682846], "SNR": 500000, "name": "3hhb"}