{"loc": [3, 1, 1], "rotate": [2.4915789784777482, 0.7392756034502515, 0.08851253381798965], "SNR": 500000, "name": "3hhb"}