{"loc": [5, 5, 0], "rotate": [-3.006851270707342, 2.4344221053625223, 2.7968064879335612], "SNR": 500000, "name": "3hhb"}