{"loc": [-7, -2, -1], "rotate": [-2.39704642628399, 1.0911431847753024, -1.960755925408849], "SNR": 500000, "name": "3hhb"}