{"loc": [7, 6, -1], "rotate": [2.4147461345198087, 1.570173544754958, 0.4169828985193182], "SNR": 500000, "name": "3hhb"}