{"loc": [0, -6, 0], "rotate": [2.218202894884677, 1.9790261113252374, 1.1621319715954233], "SNR": 500000, "name": "3hhb"}