{"loc": [-5, 4, -3], "rotate": [2.6765864685654637, 0.7358573188090071, 0.31115191344641197], "SNR": 500000, "name": "3hhb"}