{"loc": [0, -2, -2], "rotate": [2.88381309237391, 0.8068429369844172, -0.473425789305359], "SNR": 500000, "name": "3hhb"}