{"loc": [3, -7, 0], "rotate": [-2.187051975131318, 1.2195663839855349, -2.0982104145201093], "SNR": 500000, "name": "3hhb"}