{"loc": [5, 0, 3], "rotate": [2.357837695954242, 0.4056274568627241, 0.034158019637170946], "SNR": 500000, "name": "3hhb"}