{"loc": [-7, -6, -1], "rotate": [2.180296457490672, 1.663096631357767, 0.99386996642187], "SNR": 500000, "name": "3hhb"}