{"loc": [-2, 3, 5], "rotate": [2.7472737980038997, 1.0284906831066163, -0.005722641332745089], "SNR": 500000, "name": "3hhb"}