{"loc": [-5, 7, -2], "rotate": [2.0813943998855353, 1.128404016421801, 0.8284587299887779], "SNR": 500000, "name": "3hhb"}