{"loc": [-1, 4, -5], "rotate": [2.644321442545772, 0.7958645730700125, -0.08155883144370725], "SNR": 500000, "name": "3hhb"}