{"loc": [-1, -5, -3], "rotate": [2.158791603951642, 1.224484715823226, 0.31081640216315876], "SNR": 500000, "name": "3hhb"}