{"loc": [-4, -2, 5], "rotate": [2.4712940747671075, 1.9961344711402575, 1.1139153197095653], "SNR": 500000, "name": "3hhb"}