{"loc": [-5, 5, -7], "rotate": [1.8578525891914464, 1.234187521433494, 0.7114621894686295], "SNR": 500000, "name": "3hhb"}