{"loc": [7, 2, -3], "rotate": [2.0741572296281445, 1.785783569040156, 0.9245893774209295], "SNR": 500000, "name": "3hhb"}