{"loc": [-7, -7, 1], "rotate": [2.5089248264566777, 1.4653137117071668, 1.014843079830996], "SNR": 500000, "name": "3hhb"}