{"loc": [5, 5, -1], "rotate": [-2.5207556722820605, 2.1163704584165686, -3.028377191041856], "SNR": 500000, "name": "3hhb"}