{"loc": [7, 6, 0], "rotate": [2.3789818684565405, 1.0105297162224331, 0.04554194821410771], "SNR": 500000, "name": "3hhb"}