{"loc": [-3, 0, -1], "rotate": [2.1806688798757072, 1.8262610629279914, 0.9142992661164071], "SNR": 500000, "name": "3hhb"}