{"loc": [-5, -7, 1], "rotate": [-2.5219482537591054, 0.6678332830554395, -1.392260867172756], "SNR": 500000, "name": "3hhb"}