{"loc": [-2, 2, -7], "rotate": [2.7229564410931313, 0.856172079810614, -0.498860731671493], "SNR": 500000, "name": "3hhb"}