{"loc": [2, 5, -4], "rotate": [2.0431375389195017, 2.1463751501087107, 0.8318941750312783], "SNR": 500000, "name": "3hhb"}