{"loc": [-2, 5, 0], "rotate": [-2.8167115565186074, 2.2820877281484897, 2.5759471763490853], "SNR": 500000, "name": "3hhb"}