{"loc": [1, -2, 1], "rotate": [-2.1321347257841103, 0.814007642833975, -2.19414327538759], "SNR": 500000, "name": "3hhb"}