{"loc": [-6, 7, -3], "rotate": [2.6389906290101663, 1.2353632985790735, 0.35102668695938766], "SNR": 500000, "name": "3hhb"}