{"loc": [1, 0, 1], "rotate": [2.460203885431131, 0.9204231164353514, -0.24213617456076986], "SNR": 500000, "name": "3hhb"}