{"loc": [2, 0, 1], "rotate": [-2.4293673371060223, 0.9297823163857685, -1.4227713572793266], "SNR": 500000, "name": "3hhb"}