{"loc": [-5, 0, 6], "rotate": [-1.9581530244399763, 1.6465426697065042, -2.3747504746503774], "SNR": 500000, "name": "3hhb"}