{"loc": [-1, 3, -1], "rotate": [2.5536297107534276, 0.7627109514030295, -0.2793342573176681], "SNR": 500000, "name": "3hhb"}