{"loc": [-1, -2, -7], "rotate": [2.2693916827870186, 1.044959478100865, 0.20853712211163886], "SNR": 500000, "name": "3hhb"}