{"loc": [7, -2, -3], "rotate": [1.900696190397961, 0.6509691462242728, 0.6205166298442105], "SNR": 500000, "name": "3hhb"}