{"loc": [-2, -1, -5], "rotate": [2.291017905357236, 0.6545594910806698, 0.4163025449364911], "SNR": 500000, "name": "3hhb"}