{"loc": [-5, 4, 2], "rotate": [2.831570814091239, 0.9550856200444617, -0.1477501462197763], "SNR": 500000, "name": "3hhb"}