{"loc": [7, 4, -2], "rotate": [3.057948979092769, 0.8637217839926409, -0.7389142473814763], "SNR": 500000, "name": "3hhb"}