{"loc": [-3, 4, 5], "rotate": [2.3162856461949333, 1.7255124694139412, 0.3601232177945986], "SNR": 500000, "name": "3hhb"}