{"loc": [0, 4, -7], "rotate": [-2.9781474840142224, 0.6567338136296745, -1.1685713828861766], "SNR": 500000, "name": "3hhb"}