{"loc": [3, -2, 2], "rotate": [1.8431841653933032, 1.2606344428724179, 0.8257515564660608], "SNR": 500000, "name": "3hhb"}