{"loc": [0, -5, -3], "rotate": [-2.7459839033891735, 0.5384335915686499, -1.3628891250190212], "SNR": 500000, "name": "3hhb"}