{"loc": [0, 3, 0], "rotate": [3.1403769803587522, 0.6937611963740562, -0.9664206446494091], "SNR": 500000, "name": "3hhb"}