{"loc": [0, 0, 6], "rotate": [2.223350967180764, 1.1872630392463146, 0.9418649567128357], "SNR": 500000, "name": "3hhb"}