{"loc": [0, 0, 3], "rotate": [-1.9993781864436009, 0.7959918976101856, -1.9319994667207565], "SNR": 500000, "name": "3hhb"}