{"loc": [4, -5, -7], "rotate": [-2.430169117314616, 0.9587734825525559, -2.2496719378841714], "SNR": 500000, "name": "3hhb"}