{"loc": [-5, -3, 0], "rotate": [2.079711620338343, 1.851457314332214, 0.858088426910136], "SNR": 500000, "name": "3hhb"}