{"loc": [1, 0, 3], "rotate": [1.9636399746418258, 1.3089190297132318, 0.7044906083032746], "SNR": 500000, "name": "3hhb"}