{"loc": [-2, 7, 5], "rotate": [2.7731340152107458, 0.9955946037290249, -0.008749419881724925], "SNR": 500000, "name": "3hhb"}