{"loc": [3, 4, -2], "rotate": [-2.081564006457401, 1.1413155167089868, -1.451769394499697], "SNR": 500000, "name": "3hhb"}