{"loc": [4, 4, -5], "rotate": [-2.3521779699012373, 0.9650927489114738, -1.723934554778938], "SNR": 500000, "name": "3hhb"}