{"loc": [2, 2, 7], "rotate": [-1.8712442399564364, 1.1004231056705092, -2.321158129367763], "SNR": 500000, "name": "3hhb"}