{"loc": [0, 5, -3], "rotate": [2.0226602779464073, 1.0613153574729817, 0.741027212124097], "SNR": 500000, "name": "3hhb"}