{"loc": [-6, 1, -1], "rotate": [-2.022193781627067, 0.7139156539616778, -2.3429299466578235], "SNR": 500000, "name": "3hhb"}