{"loc": [-6, 3, 0], "rotate": [-2.2697600877552615, 1.630703642214689, -1.9282641441360542], "SNR": 500000, "name": "3hhb"}