{"loc": [2, -5, 7], "rotate": [-2.9284145495064045, 0.6074219334662893, -1.2511009781922493], "SNR": 500000, "name": "3hhb"}