{"loc": [0, -5, 5], "rotate": [-2.1635182770614025, 2.155901047386512, -2.536362661067967], "SNR": 500000, "name": "3hhb"}