{"loc": [-4, 7, -6], "rotate": [-3.0422206422816918, 0.654140152291624, -0.679779519080458], "SNR": 500000, "name": "3hhb"}