{"loc": [-6, 1, 5], "rotate": [-3.0814135755913052, 0.6117524863606443, -0.9305635275336058], "SNR": 500000, "name": "3hhb"}