{"loc": [2, 0, 0], "rotate": [2.522317012243421, 1.6995584686615415, 0.4395197672911812], "SNR": 500000, "name": "3hhb"}