{"loc": [-2, 0, 2], "rotate": [2.0667024702482495, 1.9689800602710343, 0.5102166190218266], "SNR": 500000, "name": "3hhb"}