{"loc": [1, -4, -6], "rotate": [2.4584552429059263, 0.4054924320487468, 0.15103354683106096], "SNR": 500000, "name": "3hhb"}