{"loc": [-3, 0, 3], "rotate": [3.044098308778391, 0.6895922788307391, -0.8482571815214451], "SNR": 500000, "name": "3hhb"}