{"loc": [5, -7, -1], "rotate": [-2.657955238703161, 1.0755126457160478, -1.7024409481711025], "SNR": 500000, "name": "3hhb"}