{"loc": [-6, 3, -4], "rotate": [-2.2016007946628138, 1.4076124125625273, -2.2750704674408855], "SNR": 500000, "name": "3hhb"}