{"loc": [-4, -1, 0], "rotate": [-2.753572351933646, 0.7522039385762004, -1.3509282322226794], "SNR": 500000, "name": "3hhb"}