{"loc": [4, 5, -2], "rotate": [2.4144013755050397, 1.4973234728481501, 1.1397491785480027], "SNR": 500000, "name": "3hhb"}