{"loc": [0, 1, 3], "rotate": [2.8538957422685955, 0.7584081259685176, 0.03678996465639479], "SNR": 500000, "name": "3hhb"}