{"loc": [5, 4, 1], "rotate": [-2.55504414050209, 0.8507397481172563, -1.9321431605952393], "SNR": 500000, "name": "3hhb"}