{"loc": [3, 0, 5], "rotate": [2.3775231805172283, 1.6054763122741835, 0.4660461534948358], "SNR": 500000, "name": "3hhb"}