{"loc": [7, -6, -2], "rotate": [1.8857524675020012, 1.158853908534249, 0.8103421568175311], "SNR": 500000, "name": "3hhb"}