{"loc": [6, -7, -6], "rotate": [-2.664574460150328, 0.7566772356312743, -1.6965288636704758], "SNR": 500000, "name": "3hhb"}