{"loc": [-2, -2, 2], "rotate": [-2.229518965018131, 2.587887860292839, -2.909637539351957], "SNR": 500000, "name": "3hhb"}