{"loc": [-1, -1, 4], "rotate": [2.064857416273125, 1.704686598761084, 1.3481707941751573], "SNR": 500000, "name": "3hhb"}