{"loc": [-4, 0, 0], "rotate": [-2.745121154031171, 0.8097271929636375, -1.2126676755115646], "SNR": 500000, "name": "3hhb"}