{"loc": [-2, 4, -2], "rotate": [2.2611101502507935, 1.5619200378424785, 1.0951631087930742], "SNR": 500000, "name": "3hhb"}