{"loc": [-2, 0, 5], "rotate": [-2.095436215018165, 1.5332961040571866, -2.787233773993606], "SNR": 500000, "name": "3hhb"}