{"loc": [-1, 0, 4], "rotate": [-2.03190295786397, 1.459589935744239, -1.8398162729816212], "SNR": 500000, "name": "3hhb"}