{"loc": [5, -4, -3], "rotate": [2.9428507974933935, 0.8118213650342924, -0.6217569312394643], "SNR": 500000, "name": "3hhb"}