{"loc": [6, -3, 6], "rotate": [2.394388174741189, 0.8133168353661274, 0.4056202431462386], "SNR": 500000, "name": "3hhb"}