{"loc": [2, 4, -6], "rotate": [2.4253905536070817, 0.7734507564168228, -0.07749027417273943], "SNR": 500000, "name": "3hhb"}