{"loc": [-5, -1, -5], "rotate": [2.6197141251200224, 0.7271475359911297, -0.36865512051757926], "SNR": 500000, "name": "3hhb"}