{"loc": [-7, 2, 2], "rotate": [-2.120537828974391, 1.4308463141346066, -2.8856993332129077], "SNR": 500000, "name": "3hhb"}