{"loc": [2, 0, 3], "rotate": [-2.7448055024518823, 0.6501150453977224, -1.4435093004179749], "SNR": 500000, "name": "3hhb"}