{"loc": [-3, -6, 0], "rotate": [2.123893091623558, 1.0876151159324248, 0.46680920473818677], "SNR": 500000, "name": "3hhb"}