{"loc": [-4, -2, 7], "rotate": [-2.9357248085415746, 0.6408052478250804, -1.5170508117260741], "SNR": 500000, "name": "3hhb"}