{"loc": [3, 6, 0], "rotate": [1.7884172566601528, 1.0332195818478895, 0.7770257466820686], "SNR": 500000, "name": "3hhb"}