{"loc": [-4, 0, -2], "rotate": [-2.4927763491593677, 1.3230272493790274, -2.0871662605647474], "SNR": 500000, "name": "3hhb"}