{"loc": [-6, 6, -6], "rotate": [-3.113319370889772, 0.7970336975396082, -1.0671985569825837], "SNR": 500000, "name": "3hhb"}