{"loc": [-2, -6, 5], "rotate": [2.2115443401269914, 0.6254547506201468, 0.6464843500793225], "SNR": 500000, "name": "3hhb"}