{"loc": [2, 7, -4], "rotate": [2.653548157701294, 0.9531173769084437, 0.13177350815274333], "SNR": 500000, "name": "3hhb"}