{"loc": [6, 7, 7], "rotate": [2.669274713233089, 0.684221405240837, -0.31023951750272777], "SNR": 500000, "name": "3hhb"}