{"loc": [-2, 1, 2], "rotate": [2.635215901105686, 0.9858034872403302, -0.2372506555666693], "SNR": 500000, "name": "3hhb"}