{"loc": [-7, 7, 0], "rotate": [2.2030627309461552, 1.8822452708329247, 1.4911935888170127], "SNR": 500000, "name": "3hhb"}