{"loc": [0, 1, -7], "rotate": [-2.061342541264509, 0.7596842131912223, -2.144311272486803], "SNR": 500000, "name": "3hhb"}