{"loc": [-4, -2, -3], "rotate": [-2.6127631567044984, 1.369238379772942, -1.7203023245229794], "SNR": 500000, "name": "3hhb"}