{"loc": [3, -5, 4], "rotate": [2.263066066279849, 0.3660187521302332, 0.35003806440756113], "SNR": 500000, "name": "3hhb"}