{"loc": [5, -4, 3], "rotate": [-1.9882476883548086, 1.166751726944629, -2.3726384862207324], "SNR": 500000, "name": "3hhb"}