{"loc": [-3, 1, 4], "rotate": [3.0338014844010415, 1.060304696399056, -0.4820664311404581], "SNR": 500000, "name": "3hhb"}