{"loc": [6, -6, -2], "rotate": [-2.288930155008626, 0.7624666501981103, -1.9623173292729483], "SNR": 500000, "name": "3hhb"}