{"loc": [1, 0, 3], "rotate": [2.752588571597596, 0.9500172552130276, -0.23699453189160688], "SNR": 500000, "name": "3hhb"}