{"loc": [-5, 6, 7], "rotate": [2.295920829868638, 1.685099460071733, 0.4423328586485469], "SNR": 500000, "name": "3hhb"}