{"loc": [0, 4, -3], "rotate": [2.5526855215104423, 1.2830497358798199, 0.9572238337944574], "SNR": 500000, "name": "3hhb"}