{"loc": [6, 0, -4], "rotate": [-2.5920395262286413, 0.35966822202697474, -1.5842191664335188], "SNR": 500000, "name": "3hhb"}