{"loc": [-4, -1, 2], "rotate": [2.9715726307365546, 0.7908948208993025, -0.2798186413651902], "SNR": 500000, "name": "3hhb"}