{"loc": [-5, 4, 5], "rotate": [2.27737652165775, 1.1209476894124897, 0.6288187937868832], "SNR": 500000, "name": "3hhb"}