{"loc": [1, 4, 7], "rotate": [2.237087598493243, 2.1021463848265616, 1.072763746538057], "SNR": 500000, "name": "3hhb"}