{"loc": [7, -5, 1], "rotate": [-3.0510518243842286, 0.680763847549155, -0.7751032986569237], "SNR": 500000, "name": "3hhb"}