{"loc": [7, 1, 0], "rotate": [-2.661778279295145, 0.934475712610286, -1.234551530029931], "SNR": 500000, "name": "3hhb"}