{"loc": [-5, -4, 0], "rotate": [-2.523367969156545, 1.0278350086407173, -1.4304565299505032], "SNR": 500000, "name": "3hhb"}