{"loc": [5, 2, 6], "rotate": [2.654842809456354, 0.6121165228482949, -0.14450889194640804], "SNR": 500000, "name": "3hhb"}