{"loc": [3, -6, -3], "rotate": [-2.0991783333344336, 1.152327746997128, -2.3583524341543454], "SNR": 500000, "name": "3hhb"}