{"loc": [-5, 5, -1], "rotate": [2.6494324556488063, 1.0325849318151663, -0.12379943663616921], "SNR": 500000, "name": "3hhb"}