{"loc": [-6, 0, 3], "rotate": [2.913496908363397, 0.6297479840547187, -0.827570216126356], "SNR": 500000, "name": "3hhb"}