{"loc": [3, -7, 2], "rotate": [-2.9824196786979322, 2.5014583195640516, 2.195687945459292], "SNR": 500000, "name": "3hhb"}