{"loc": [-6, -6, -6], "rotate": [-0.3959210192917211, 1.9449584957209494, 1.9339226327434451], "SNR": 500000, "name": "3hhb"}