{"loc": [5, -7, 0], "rotate": [3.137710849194198, 0.1358376006395561, -0.5552950252305644], "SNR": 500000, "name": "3hhb"}