{"loc": [-4, 7, -6], "rotate": [-1.871109138138762, 1.3016590166902013, -2.2226799319000183], "SNR": 500000, "name": "3hhb"}