{"loc": [6, -5, -4], "rotate": [-1.9203495046141388, 0.3911739577226616, -2.1971267889888626], "SNR": 500000, "name": "3hhb"}