{"loc": [-2, 0, 0], "rotate": [2.003772251896345, 1.0811324250003433, 0.7087495484812357], "SNR": 500000, "name": "3hhb"}