{"loc": [3, -2, 2], "rotate": [2.1178297513158135, 1.3591513780249034, 0.7307704393701296], "SNR": 500000, "name": "3hhb"}