{"loc": [-1, -4, 1], "rotate": [2.6139027861387736, 0.41833343460383215, 0.12335438303488666], "SNR": 500000, "name": "3hhb"}