{"loc": [7, -2, 5], "rotate": [2.316827560587615, 0.8937845316497395, 0.5973711294364541], "SNR": 500000, "name": "3hhb"}