{"loc": [-3, 7, -3], "rotate": [2.227432489723317, 0.45210756111067746, 0.48679117454633236], "SNR": 500000, "name": "3hhb"}