{"loc": [-4, 7, 0], "rotate": [-2.5553058845218968, 0.6848144018501597, -1.489068500526857], "SNR": 500000, "name": "3hhb"}