{"loc": [5, -7, 3], "rotate": [-2.4277577843777163, 1.098315560287637, -1.9175038567636533], "SNR": 500000, "name": "3hhb"}