{"loc": [-6, -7, 2], "rotate": [2.091640981750753, 1.7279582918090157, 0.8705984509388285], "SNR": 500000, "name": "3hhb"}