{"loc": [-6, 3, -5], "rotate": [2.7648318395690716, 0.7726669273368295, -0.13389758985947747], "SNR": 500000, "name": "3hhb"}