{"loc": [3, 2, -7], "rotate": [-3.042983964038437, 2.469976115714758, 2.4874285713207755], "SNR": 500000, "name": "3hhb"}