{"loc": [-4, -4, 6], "rotate": [-2.4306996208332836, 1.3050489433770582, -2.37296901004786], "SNR": 500000, "name": "3hhb"}