{"loc": [6, -4, -3], "rotate": [3.0981061436147606, 0.18225811762831248, -0.8627731423037978], "SNR": 500000, "name": "3hhb"}