{"loc": [0, 1, -4], "rotate": [2.37817817175105, 0.6346788231573852, 0.3255783187137807], "SNR": 500000, "name": "3hhb"}