{"loc": [6, 6, -4], "rotate": [2.331045440619027, 0.9817864920264086, 0.23681687498290718], "SNR": 500000, "name": "3hhb"}