{"loc": [2, -6, 7], "rotate": [2.6592889463702067, 0.6705464062486737, 0.03791309293160753], "SNR": 500000, "name": "3hhb"}