{"loc": [3, 6, 5], "rotate": [2.6644438822623413, 0.9691187123702834, 0.2734007631574255], "SNR": 500000, "name": "3hhb"}