{"loc": [-7, 4, 7], "rotate": [2.757544574483606, 2.45368659614739, 1.9213700851135065], "SNR": 500000, "name": "3hhb"}