{"loc": [2, 7, -5], "rotate": [2.1666716200638483, 1.1559350371412884, 0.9769560654897648], "SNR": 500000, "name": "3hhb"}