{"loc": [-2, -2, 0], "rotate": [2.4200143724241747, 1.1373211840581994, 0.25137333563844916], "SNR": 500000, "name": "3hhb"}