{"loc": [-6, 0, -1], "rotate": [-2.7967117183391212, 0.7781745063109795, -1.3368947697470346], "SNR": 500000, "name": "3hhb"}