{"loc": [-7, 0, -1], "rotate": [2.3419698826635242, 1.4654828502786938, 0.6921394403857037], "SNR": 500000, "name": "3hhb"}