{"loc": [-4, -3, -1], "rotate": [2.454905174789719, 1.4485821016092164, 0.36555868466419433], "SNR": 500000, "name": "3hhb"}