{"loc": [3, 1, 6], "rotate": [-2.2265615500720943, 1.373263950806308, -2.0757933426078155], "SNR": 500000, "name": "3hhb"}