{"loc": [7, 2, 2], "rotate": [2.0696517545074866, 1.408025568118563, 0.48296028922253154], "SNR": 500000, "name": "3hhb"}