{"loc": [-2, 7, 4], "rotate": [2.9652902623152477, 2.176442922772384, 1.9267154732078309], "SNR": 500000, "name": "3hhb"}