{"loc": [-5, 1, 5], "rotate": [2.6421384613201355, 0.25650344830442046, -0.4975591895131617], "SNR": 500000, "name": "3hhb"}