{"loc": [-7, -5, 7], "rotate": [-2.619510789617012, 0.39059118644101054, -0.6304086606158451], "SNR": 500000, "name": "3hhb"}