{"loc": [-5, -4, -2], "rotate": [2.856344521737308, 0.4745957356533931, -0.5041705858154101], "SNR": 500000, "name": "3hhb"}