{"loc": [5, 2, 3], "rotate": [-2.9917887353500245, 0.7580957182196819, -1.0158251331424513], "SNR": 500000, "name": "3hhb"}