{"loc": [6, -5, -7], "rotate": [-2.703311285094765, 1.8918292022743137, 3.0642930077033883], "SNR": 500000, "name": "3hhb"}