{"loc": [-5, -3, 0], "rotate": [1.966292820432131, 1.448153014859738, 0.6756794249214545], "SNR": 500000, "name": "3hhb"}