{"loc": [4, -6, 5], "rotate": [-3.141341261728487, 0.3464632576337074, -0.49508970092953297], "SNR": 500000, "name": "3hhb"}