{"loc": [4, 4, 7], "rotate": [-3.0812869137028778, 2.4597620553521686, 2.025991550859692], "SNR": 500000, "name": "3hhb"}