{"loc": [-4, -4, -7], "rotate": [-3.0092455277162657, 2.2302617125757007, 2.5367051859283776], "SNR": 500000, "name": "3hhb"}