{"loc": [3, -1, -4], "rotate": [-2.9541838298054652, 0.5859289422481048, -0.9367865274850307], "SNR": 500000, "name": "3hhb"}