{"loc": [-1, 2, -6], "rotate": [-2.179182141702201, 0.7308536513149239, -2.168202909435479], "SNR": 500000, "name": "3hhb"}