{"loc": [5, -2, -5], "rotate": [-2.9708455404772383, 0.6996020211651152, -1.323488069202911], "SNR": 500000, "name": "3hhb"}