{"loc": [-3, 1, -4], "rotate": [2.255254061811334, 0.8573718730447084, 0.23330686660875913], "SNR": 500000, "name": "3hhb"}