{"loc": [2, 4, -4], "rotate": [-2.8757000589819706, 0.6765361951083134, -1.1087464333017338], "SNR": 500000, "name": "3hhb"}