{"loc": [4, -1, -5], "rotate": [-2.3434761111232607, 1.160106037330568, -1.4244609359356013], "SNR": 500000, "name": "3hhb"}