{"loc": [4, -6, -5], "rotate": [-2.6000803689376837, 0.7228121058052646, -1.2914910200913825], "SNR": 500000, "name": "3hhb"}