{"loc": [-2, -3, -6], "rotate": [2.543953316801666, 1.0764701155977854, -0.035592613741986676], "SNR": 500000, "name": "3hhb"}