{"loc": [4, 4, 6], "rotate": [2.544991398916471, 2.8743108302256473, 1.4842520724003676], "SNR": 500000, "name": "3hhb"}