{"loc": [-7, 2, 4], "rotate": [3.033655640512265, 0.9826629848389962, -0.9001400817409001], "SNR": 500000, "name": "3hhb"}