{"loc": [4, -3, 7], "rotate": [2.4425659037325484, 2.3039031093211864, 1.380662567199342], "SNR": 500000, "name": "3hhb"}