{"loc": [-5, -7, -3], "rotate": [2.4886506558225285, 1.0235730901081093, 0.5543164309597007], "SNR": 500000, "name": "3hhb"}