{"loc": [1, 5, 4], "rotate": [-2.100695946523105, 1.609584749579238, -2.4737660679593043], "SNR": 500000, "name": "3hhb"}