{"loc": [5, -4, 1], "rotate": [-2.2761779029004794, 1.2083935356066027, -1.9468850728332334], "SNR": 500000, "name": "3hhb"}