{"loc": [-1, -6, -5], "rotate": [2.099812518250672, 1.041275162340413, 0.4644566601602683], "SNR": 500000, "name": "3hhb"}