{"loc": [2, 7, -7], "rotate": [2.6637463647134423, 0.4529996386002418, -0.050714996518584424], "SNR": 500000, "name": "3hhb"}