{"loc": [0, -4, 3], "rotate": [3.1193630414699514, 0.767946438158356, -0.9905721454455331], "SNR": 500000, "name": "3hhb"}