{"loc": [3, -2, 5], "rotate": [2.4313016089538464, 1.0684001927003806, 0.07333806618943865], "SNR": 500000, "name": "3hhb"}