{"loc": [-3, 7, -2], "rotate": [-2.133033538963661, 1.9175807098729571, -2.54538262807079], "SNR": 500000, "name": "3hhb"}