{"loc": [2, -6, -5], "rotate": [2.786111221175626, 0.574425395380114, -0.30513470663743014], "SNR": 500000, "name": "3hhb"}