{"loc": [3, 1, 1], "rotate": [-2.445820099272156, 0.9277518622957331, -1.8138071902457704], "SNR": 500000, "name": "3hhb"}