{"loc": [1, 7, -5], "rotate": [2.977145695101848, 0.8923424875313148, -0.24898364238958093], "SNR": 500000, "name": "3hhb"}