{"loc": [7, -6, -7], "rotate": [2.436872496103945, 1.0913080376153297, 0.40174635100395384], "SNR": 500000, "name": "3hhb"}