{"loc": [-7, -4, 1], "rotate": [2.1635755043218587, 1.0834759902224915, 0.7991982504913797], "SNR": 500000, "name": "3hhb"}