{"loc": [-7, -4, 0], "rotate": [2.284622763688921, 1.0531424913448297, 0.40635176365409587], "SNR": 500000, "name": "3hhb"}