{"loc": [7, 2, 0], "rotate": [2.131560092557099, 1.479405932526169, 0.6381418390524067], "SNR": 500000, "name": "3hhb"}