{"loc": [1, 0, -4], "rotate": [2.7497793488826825, 0.7579518934923397, -0.03378334780155866], "SNR": 500000, "name": "3hhb"}