{"loc": [-7, 5, 0], "rotate": [-2.757748526563979, 2.075001552698147, 2.9014167590600906], "SNR": 500000, "name": "3hhb"}