{"loc": [-3, -4, 6], "rotate": [2.359112138881325, 1.7771055455227054, 0.6277025140212924], "SNR": 500000, "name": "3hhb"}