{"loc": [1, 0, 1], "rotate": [-3.044478209108396, 0.5752364644165482, -0.6636012172896034], "SNR": 500000, "name": "3hhb"}