{"loc": [7, -4, -4], "rotate": [-2.314768293341616, 1.8395726123240788, -2.878882004578084], "SNR": 500000, "name": "3hhb"}