{"loc": [5, -4, -5], "rotate": [-2.282663787428114, 1.0462251581231845, -1.8081594256835496], "SNR": 500000, "name": "3hhb"}