{"loc": [1, -5, 0], "rotate": [2.8773231051643657, 0.6971627078055473, -0.5508363336649258], "SNR": 500000, "name": "3hhb"}