{"loc": [5, 1, -6], "rotate": [2.362942141664201, 1.6622611520739632, 0.8102611376225693], "SNR": 500000, "name": "3hhb"}