{"loc": [-3, -7, -3], "rotate": [2.359484733225162, 1.4941193504957269, 0.6243974452777328], "SNR": 500000, "name": "3hhb"}