{"loc": [2, 3, -5], "rotate": [2.638260376132321, 0.8241122755459735, 0.13241203713411656], "SNR": 500000, "name": "3hhb"}