{"loc": [0, 0, -1], "rotate": [2.5355831094755037, 2.0172228169606634, 1.083179678073647], "SNR": 500000, "name": "3hhb"}