{"loc": [5, -1, -1], "rotate": [2.309029930309663, 1.671224721576398, 0.6095490553493117], "SNR": 500000, "name": "3hhb"}