{"loc": [-6, -6, 6], "rotate": [1.9870031977980702, 1.299324398602928, 0.7893032031117383], "SNR": 500000, "name": "3hhb"}