{"loc": [2, 5, -5], "rotate": [-2.2557048393218495, 1.4096708456478426, -1.8423073835288584], "SNR": 500000, "name": "3hhb"}