{"loc": [-5, -6, -6], "rotate": [-2.2791117218640182, 0.9704270321751934, -1.765979962802104], "SNR": 500000, "name": "3hhb"}