{"loc": [0, -1, 0], "rotate": [3.0643423195775847, 0.9820277012754529, -0.49961440070798335], "SNR": 500000, "name": "3hhb"}