{"loc": [-2, 0, -3], "rotate": [2.3693778247628527, 2.178963073796365, 0.7570930738076911], "SNR": 500000, "name": "3hhb"}