{"loc": [-5, 4, -6], "rotate": [1.7838001590200145, 1.6837415527861075, 0.5505194562541337], "SNR": 500000, "name": "3hhb"}