{"loc": [4, 0, 1], "rotate": [2.163387337845793, 0.46171817343136096, -0.10992243779277429], "SNR": 500000, "name": "3hhb"}