{"loc": [-6, 7, -1], "rotate": [2.8140066901294714, 0.8637207759609768, -0.6911680794861106], "SNR": 500000, "name": "3hhb"}