{"loc": [6, -4, 5], "rotate": [-2.5606081112174506, 0.7593224001211705, -1.0980227793796593], "SNR": 500000, "name": "3hhb"}