{"loc": [-7, 3, -4], "rotate": [-2.030793998774475, 1.5510770164049048, -1.7101467121212568], "SNR": 500000, "name": "3hhb"}