{"loc": [4, -1, -6], "rotate": [2.494669474901972, 1.5070779876624993, 1.2714568173962493], "SNR": 500000, "name": "3hhb"}