{"loc": [5, 2, 0], "rotate": [-2.6388575058581174, 1.0243381083396115, -1.4956747294273334], "SNR": 500000, "name": "3hhb"}