{"loc": [-1, 4, -7], "rotate": [2.052354839584832, 1.1710754730506987, 0.5422551939434488], "SNR": 500000, "name": "3hhb"}