{"loc": [3, 1, 5], "rotate": [2.843481003010985, 2.5877673738663565, 2.450573269497784], "SNR": 500000, "name": "3hhb"}