{"loc": [2, 0, 3], "rotate": [2.6030863889529563, 0.9740112324595221, 0.5348207061004899], "SNR": 500000, "name": "3hhb"}