{"loc": [3, 4, 6], "rotate": [2.5061573961304973, 1.642882587581517, 0.9090245619241548], "SNR": 500000, "name": "3hhb"}