{"loc": [3, 1, 4], "rotate": [2.6607809893335492, 1.1962310478969211, -0.20521243402241726], "SNR": 500000, "name": "3hhb"}