{"loc": [-7, 0, -2], "rotate": [2.310004293376451, 1.614628603197266, 0.4826330130017892], "SNR": 500000, "name": "3hhb"}