{"loc": [-4, 4, -2], "rotate": [2.4377744625175204, 0.970127304674914, 0.4195542979286361], "SNR": 500000, "name": "3hhb"}