{"loc": [2, -2, -3], "rotate": [-2.9115904450409724, 1.4414766989962866, -1.5549482638278178], "SNR": 500000, "name": "3hhb"}