{"loc": [-7, 6, 7], "rotate": [-2.709435777173263, 0.692743798650714, -0.8349584196494133], "SNR": 500000, "name": "3hhb"}