{"loc": [3, 7, -5], "rotate": [-2.218641547905204, 1.3688006546531049, -2.4114499496248536], "SNR": 500000, "name": "3hhb"}