{"loc": [-7, 3, -5], "rotate": [2.251526850955239, 1.4985460124456864, 1.1932173094987115], "SNR": 500000, "name": "3hhb"}