{"loc": [4, -2, -3], "rotate": [-3.132524913159716, 0.5536560882304153, -0.7335565823042174], "SNR": 500000, "name": "3hhb"}