{"loc": [2, -1, 0], "rotate": [-2.2911027855931754, 1.3912423153186133, -1.6855935292132342], "SNR": 500000, "name": "3hhb"}