{"loc": [2, -5, -5], "rotate": [-2.1770300951636052, 0.7492805701164037, -1.60125435034302], "SNR": 500000, "name": "3hhb"}