{"loc": [-2, -7, 3], "rotate": [2.3001884083057305, 1.2915916008700554, 0.2055795878096566], "SNR": 500000, "name": "3hhb"}