{"loc": [-3, -3, 5], "rotate": [-2.299246160017467, 2.139996839371257, -3.0236312357441713], "SNR": 500000, "name": "3hhb"}