{"loc": [-1, -7, -5], "rotate": [2.1793834520669177, 1.4701511462908403, 0.08620108918529161], "SNR": 500000, "name": "3hhb"}