{"loc": [-2, 5, 0], "rotate": [2.25303390257884, 1.4527061878744527, 0.4809221974895438], "SNR": 500000, "name": "3hhb"}