{"loc": [4, 6, 4], "rotate": [2.205609746321073, 1.6942982741931287, 0.9289064433015254], "SNR": 500000, "name": "3hhb"}