{"loc": [-2, 2, -1], "rotate": [2.9544385165642746, 0.6756684537583667, -0.5359274988389607], "SNR": 500000, "name": "3hhb"}