{"loc": [-2, -3, -6], "rotate": [2.253405270666114, 1.769565362722071, 0.5426162810410786], "SNR": 500000, "name": "3hhb"}