{"loc": [5, 0, -3], "rotate": [2.2448850394403093, 1.9106340729085747, 0.528794223080641], "SNR": 500000, "name": "3hhb"}