{"loc": [0, 0, -1], "rotate": [2.2634833614406653, 0.4039472228437307, 0.37814650920744247], "SNR": 500000, "name": "3hhb"}