{"loc": [2, -3, 5], "rotate": [2.7776727198002202, 0.8292347925178687, 0.08151261306551023], "SNR": 500000, "name": "3hhb"}