{"loc": [1, 1, -3], "rotate": [3.0136850378799602, 0.6899956965766804, -0.890951263408443], "SNR": 500000, "name": "3hhb"}