{"loc": [5, 4, 2], "rotate": [2.055919453399656, 1.800145570594718, 1.261720820847566], "SNR": 500000, "name": "3hhb"}