{"loc": [5, -3, 2], "rotate": [2.1371415797317828, 1.8469119729064638, 0.6595496701970344], "SNR": 500000, "name": "3hhb"}