{"loc": [3, 7, -3], "rotate": [2.4094849821507784, 1.53216870744391, 0.30149080927966787], "SNR": 500000, "name": "3hhb"}