{"loc": [5, -2, 3], "rotate": [-2.3400543677614216, 1.2978592137795575, -2.4827102038366444], "SNR": 500000, "name": "3hhb"}