{"loc": [-1, -6, -4], "rotate": [2.222611575468398, 0.5821948591677404, 0.20255799446187409], "SNR": 500000, "name": "3hhb"}