{"loc": [3, 7, 2], "rotate": [2.4457545149215423, 0.5353074469402936, 0.0012546500891190554], "SNR": 500000, "name": "3hhb"}