{"loc": [-3, 5, 0], "rotate": [2.0933236319785578, 1.7092556409971134, 0.9712693887417937], "SNR": 500000, "name": "3hhb"}