{"loc": [5, 3, 1], "rotate": [-1.9248433338523805, 1.584397448487129, -2.4516082494674136], "SNR": 500000, "name": "3hhb"}