{"loc": [-6, -5, 7], "rotate": [2.7046735485592697, 0.6677637177655521, -0.18521011210066546], "SNR": 500000, "name": "3hhb"}