{"loc": [0, 7, -7], "rotate": [2.464626298163942, 1.956085337135947, 1.0703037888708455], "SNR": 500000, "name": "3hhb"}