{"loc": [-1, 6, 4], "rotate": [-2.3364404648861297, 1.5334802265406693, -2.0543891237249476], "SNR": 500000, "name": "3hhb"}