{"loc": [2, 2, -7], "rotate": [2.3197620179982286, 1.4491263754380204, 0.8942822486646637], "SNR": 500000, "name": "3hhb"}