{"loc": [-2, 0, -1], "rotate": [-1.7876243299375407, 0.6544724380033111, -2.117586352162235], "SNR": 500000, "name": "3hhb"}