{"loc": [0, 0, -5], "rotate": [2.0067904995564643, 1.0988303585842527, 0.39511247810971856], "SNR": 500000, "name": "3hhb"}