{"loc": [7, 0, 2], "rotate": [1.7511320398724866, 0.8433567002178053, 0.5354612043480343], "SNR": 500000, "name": "3hhb"}