{"loc": [-6, 4, 0], "rotate": [1.9577817560566222, 0.8619390896093422, 0.4522362451669306], "SNR": 500000, "name": "3hhb"}