{"loc": [-1, 3, 1], "rotate": [-2.371944589467392, 0.7783837824462951, -1.2953020952715713], "SNR": 500000, "name": "3hhb"}