{"loc": [-3, -3, 3], "rotate": [-2.7042628985170536, 1.2463026999932916, -1.8432356856937337], "SNR": 500000, "name": "3hhb"}