{"loc": [0, -2, 1], "rotate": [2.001796876496297, 1.070099766194143, 0.2008278356162555], "SNR": 500000, "name": "3hhb"}