{"loc": [-6, 0, -2], "rotate": [2.3300432323737166, 0.9635134971421382, 0.39027459368012335], "SNR": 500000, "name": "3hhb"}