{"loc": [0, -7, -4], "rotate": [2.0301813230868775, 0.7097573599260197, 0.05489661935336959], "SNR": 500000, "name": "3hhb"}