{"loc": [3, -7, -1], "rotate": [2.7391989488147557, 0.4202011524686016, -0.7236046914320831], "SNR": 500000, "name": "3hhb"}