{"loc": [1, -1, 1], "rotate": [-2.521985699304029, 2.39673587381841, 3.0715776796749763], "SNR": 500000, "name": "3hhb"}