{"loc": [0, 0, 0], "rotate": [-2.142732821361231, 1.389097747491304, -2.1575855827765897], "SNR": 500000, "name": "3hhb"}