{"loc": [1, -5, -1], "rotate": [-2.4101885071069655, 0.810037867653328, -1.9315956727626018], "SNR": 500000, "name": "3hhb"}