{"loc": [0, 4, -6], "rotate": [2.8462788284518576, 0.8413185928428522, -0.7989475117576224], "SNR": 500000, "name": "3hhb"}