{"loc": [3, 0, -7], "rotate": [-2.6558568235962774, 0.5204185798596823, -1.183077255800319], "SNR": 500000, "name": "3hhb"}