{"loc": [2, 5, -2], "rotate": [2.1717067386327957, 1.006192791307335, 0.37177463838615415], "SNR": 500000, "name": "3hhb"}