{"loc": [-5, 7, 0], "rotate": [2.685080405730471, 1.9205335061427589, 1.241546790656478], "SNR": 500000, "name": "3hhb"}