{"loc": [-2, -6, 6], "rotate": [-2.193246734248496, 0.47722306088451916, -1.753886237483245], "SNR": 500000, "name": "3hhb"}