{"loc": [-3, 3, -4], "rotate": [2.3153478265877725, 1.1714565267823343, -0.16676394569390388], "SNR": 500000, "name": "3hhb"}