{"loc": [2, 1, 2], "rotate": [2.2931904238538623, 0.6663847728484443, 0.6027685924395394], "SNR": 500000, "name": "3hhb"}