{"loc": [0, 7, 5], "rotate": [-2.707795784555327, 0.5884328990774754, -1.3839661095366564], "SNR": 500000, "name": "3hhb"}