{"loc": [-5, 2, 0], "rotate": [-2.401309759168793, 0.8956491501578429, -1.6455170616496306], "SNR": 500000, "name": "3hhb"}