{"loc": [0, -2, 5], "rotate": [2.520747672007766, 1.3068274993045235, 0.39339154035536067], "SNR": 500000, "name": "3hhb"}