{"loc": [0, 1, -7], "rotate": [2.6376282938122633, 0.9673817433188229, -0.026024808528916372], "SNR": 500000, "name": "3hhb"}