{"loc": [5, -1, -6], "rotate": [2.3036191409913735, 0.6936620101266281, 0.20217837900809585], "SNR": 500000, "name": "3hhb"}