{"loc": [5, -5, -7], "rotate": [-1.927499126729899, 1.2334950507944233, -2.5273532511152133], "SNR": 500000, "name": "3hhb"}