{"loc": [7, 2, 1], "rotate": [2.387966272884013, 1.6931426349626135, 0.3201802253851082], "SNR": 500000, "name": "3hhb"}