{"loc": [7, -6, -5], "rotate": [-2.0356191759034905, 1.6002728764185543, -2.536069653156523], "SNR": 500000, "name": "3hhb"}