{"loc": [-1, -4, -2], "rotate": [-2.106843898461773, 0.9311471321551891, -2.037166878648318], "SNR": 500000, "name": "3hhb"}