{"loc": [-1, -2, 2], "rotate": [-1.8946470299716935, 1.1262306187968634, -2.356754507582552], "SNR": 500000, "name": "3hhb"}