{"loc": [0, 3, 1], "rotate": [3.10334533759099, 0.41901653223079954, -0.43374777526569763], "SNR": 500000, "name": "3hhb"}