{"loc": [-4, -6, 5], "rotate": [3.133575253692223, 0.8775203646312484, -0.6170930843234483], "SNR": 500000, "name": "3hhb"}