{"loc": [7, 0, 3], "rotate": [2.437797359115557, 1.0433043868222798, 0.3131711297766433], "SNR": 500000, "name": "3hhb"}