{"loc": [-2, 5, -5], "rotate": [2.3805109294829787, 1.2076981125485944, 0.3747176623022234], "SNR": 500000, "name": "3hhb"}