{"loc": [4, 6, -1], "rotate": [2.3039532248958494, 1.667157065028934, 1.201443893294704], "SNR": 500000, "name": "3hhb"}