{"loc": [-7, 1, 2], "rotate": [2.6829293426228222, 0.7997984368561505, -0.3588727152120694], "SNR": 500000, "name": "3hhb"}