{"loc": [1, 2, 4], "rotate": [2.9300628248141285, 0.5469340733565029, -0.33899216842588553], "SNR": 500000, "name": "3hhb"}