{"loc": [7, 5, 7], "rotate": [2.204636438580424, 0.901928782346444, -0.01911662563115203], "SNR": 500000, "name": "3hhb"}