{"loc": [-1, 3, -5], "rotate": [-2.1804874977930786, 0.6611932459332074, -1.8736576316408176], "SNR": 500000, "name": "3hhb"}