{"loc": [-1, -1, -7], "rotate": [1.8621838353252067, 1.859786716914294, 0.792186273797346], "SNR": 500000, "name": "3hhb"}