{"loc": [3, 6, 3], "rotate": [-2.433772077349048, 1.4810131367724855, -2.615780365745861], "SNR": 500000, "name": "3hhb"}