{"loc": [-2, 5, 5], "rotate": [-2.1446542997028186, 1.0158828930613226, -2.35112397662854], "SNR": 500000, "name": "3hhb"}