{"loc": [-3, 0, 0], "rotate": [2.2215831181519516, 1.0783461347419239, 0.20861775853540196], "SNR": 500000, "name": "3hhb"}