{"loc": [-6, -2, 0], "rotate": [2.2416738202926236, 0.9584809761638282, 0.0417127431767143], "SNR": 500000, "name": "3hhb"}