{"loc": [6, 0, -6], "rotate": [-2.7610386872716046, 0.9161661811104108, -1.2682087831085522], "SNR": 500000, "name": "3hhb"}