{"loc": [5, -2, 6], "rotate": [2.09682638294695, 1.7388566515738484, 1.1780082977522264], "SNR": 500000, "name": "3hhb"}