{"loc": [7, -6, -1], "rotate": [-1.7308445226031626, 1.6147062303918376, -2.13770983261999], "SNR": 500000, "name": "3hhb"}