{"loc": [-7, 0, 0], "rotate": [-2.617728112085931, 0.8200238031238236, -1.8527617685402522], "SNR": 500000, "name": "3hhb"}