{"loc": [-2, 0, -6], "rotate": [2.073799286712342, 1.3526532718057493, 0.6671606470257946], "SNR": 500000, "name": "3hhb"}