{"loc": [0, -5, 5], "rotate": [-2.6265988943349257, 2.7346977986725007, 2.4551055233405266], "SNR": 500000, "name": "3hhb"}