{"loc": [-3, 4, 3], "rotate": [-2.621637299970674, 2.4590960064011074, -2.969531254975237], "SNR": 500000, "name": "3hhb"}