{"loc": [1, 0, -6], "rotate": [2.5507329152571376, 2.258546713329609, 1.4280108530892117], "SNR": 500000, "name": "3hhb"}