{"loc": [-3, -7, 0], "rotate": [-2.349882486947081, 1.302484280582232, -2.2540681455790295], "SNR": 500000, "name": "3hhb"}