{"loc": [-1, 3, 3], "rotate": [2.887056031830817, 2.962788116815134, 2.0909843938174877], "SNR": 500000, "name": "3hhb"}