{"loc": [3, -3, -3], "rotate": [-3.1313686981764186, 0.5615689359544362, -1.171993381851791], "SNR": 500000, "name": "3hhb"}