{"loc": [-6, -7, 0], "rotate": [2.559386755153713, 0.8566131408958788, 0.005343687731416307], "SNR": 500000, "name": "3hhb"}