{"loc": [-7, -4, 7], "rotate": [1.0439083858547946, 1.3238488231064385, -1.9940030240002953], "SNR": 500000, "name": "3hhb"}