{"loc": [0, 3, -7], "rotate": [-2.2078810359753263, 1.5667288010024736, -2.0496449965076518], "SNR": 500000, "name": "3hhb"}