{"loc": [7, 0, 5], "rotate": [-2.0872870827725096, 1.154653905867442, -2.155099225386705], "SNR": 500000, "name": "3hhb"}