{"loc": [5, 1, -1], "rotate": [-2.9847305965903623, 2.3251982002337064, 2.8482974719172467], "SNR": 500000, "name": "3hhb"}