{"loc": [5, 3, 3], "rotate": [2.4357404610124944, 1.3179992651368642, 0.6704592662371367], "SNR": 500000, "name": "3hhb"}