{"loc": [1, 5, 1], "rotate": [2.4970566010101107, 0.7386459343178191, -0.12036069149439793], "SNR": 500000, "name": "3hhb"}