{"loc": [-6, -7, -4], "rotate": [2.456394266411723, 1.203084898185191, 0.22172338122105073], "SNR": 500000, "name": "3hhb"}