{"loc": [5, -4, -7], "rotate": [2.0134840002519447, 0.5829129350015366, -0.22509437391920564], "SNR": 500000, "name": "3hhb"}