{"loc": [2, -7, -1], "rotate": [-2.468593027967244, 0.9155298878141562, -1.713625462955459], "SNR": 500000, "name": "3hhb"}