{"loc": [-6, 2, -3], "rotate": [-3.082895463776765, 0.8412557218477812, -0.9384315454389847], "SNR": 500000, "name": "3hhb"}