{"loc": [-2, 7, 7], "rotate": [2.2695930511578584, 1.3785669453521285, 1.043090049726613], "SNR": 500000, "name": "3hhb"}