{"loc": [-7, -2, -6], "rotate": [-2.0350200429790846, 0.581356882096996, -2.177696607501619], "SNR": 500000, "name": "3hhb"}