{"loc": [3, 2, 6], "rotate": [2.03319072628466, 1.4203275364443522, 0.604007533431728], "SNR": 500000, "name": "3hhb"}