{"loc": [0, 4, -3], "rotate": [2.1381414993665557, 0.36025876554855757, 0.22518726540113804], "SNR": 500000, "name": "3hhb"}