{"loc": [-2, 3, 4], "rotate": [-2.8258598411615075, 0.786707913139516, -1.2960902042147724], "SNR": 500000, "name": "3hhb"}