{"loc": [4, -6, 0], "rotate": [2.33930205135045, 1.4378318462116753, 0.5785200522661541], "SNR": 500000, "name": "3hhb"}