{"loc": [-5, -3, 0], "rotate": [2.671543452828629, 0.6795990068203022, 0.09607737331708119], "SNR": 500000, "name": "3hhb"}