{"loc": [-1, 2, -6], "rotate": [-2.3756067745878338, 0.4136531862043903, -1.7486337945087418], "SNR": 500000, "name": "3hhb"}