{"loc": [3, 7, 7], "rotate": [2.0494331367674006, 1.792452029218498, 1.2030896614416537], "SNR": 500000, "name": "3hhb"}