{"loc": [-2, -6, -6], "rotate": [2.1497873398076397, 1.3194325939863876, 1.166933003629068], "SNR": 500000, "name": "3hhb"}