{"loc": [-2, -1, -1], "rotate": [-3.022437084859307, 2.4644902657058414, 2.3857173112785794], "SNR": 0.05, "name": "6t3e"}