{"loc": [1, 5, -7], "rotate": [2.174907040521729, 0.9329533088027024, 0.28812724974896986], "SNR": 0.05, "name": "6t3e"}