{"loc": [4, -4, 4], "rotate": [2.117206228434143, 1.0300873726482944, 0.661133783430547], "SNR": 0.05, "name": "6t3e"}