{"loc": [3, -7, 7], "rotate": [2.072771839225611, 1.8166196204700176, 0.8079528099334974], "SNR": 0.05, "name": "6t3e"}