{"loc": [2, 3, -2], "rotate": [2.4769889072166067, 1.5029645642993816, 0.42843002444830214], "SNR": 0.05, "name": "6t3e"}