{"loc": [4, 0, 4], "rotate": [0.8949244858909295, 1.741133224903925, -2.5946262557973623], "SNR": 0.05, "name": "6t3e"}