{"loc": [1, 7, 2], "rotate": [2.3337303701065473, 1.3740320004240405, 0.6870418069742512], "SNR": 0.05, "name": "6t3e"}