{"loc": [-3, -5, 0], "rotate": [3.0400053497232338, 0.803382319951772, -0.3879109241691561], "SNR": 0.05, "name": "6t3e"}