{"loc": [2, -4, -1], "rotate": [-1.9426858707876693, 1.9354466966295802, -2.4493767892465637], "SNR": 0.05, "name": "6t3e"}