{"loc": [-5, -4, -4], "rotate": [2.941567799174957, 0.6313537418477128, -0.14733640835105938], "SNR": 0.05, "name": "6t3e"}