{"loc": [0, 6, 5], "rotate": [1.7973556003705229, 1.175125974100316, 1.3951678744410947], "SNR": 0.05, "name": "6t3e"}