{"loc": [2, 3, -4], "rotate": [2.8580488448504417, 1.9297253263671976, 1.6550296662595534], "SNR": 0.05, "name": "6t3e"}