{"loc": [0, -4, -5], "rotate": [2.9571130275360704, 0.9680728848846526, 0.039190342090064126], "SNR": 0.05, "name": "6t3e"}