{"loc": [-1, -5, -1], "rotate": [-2.369256204723393, 2.4011333356587374, -2.715190411489528], "SNR": 0.05, "name": "6t3e"}