{"loc": [-6, 6, -5], "rotate": [-2.3302225254004325, 1.408669397932549, -2.2849246202786313], "SNR": 0.05, "name": "6t3e"}