{"loc": [-3, 0, 2], "rotate": [-1.9898901098465598, 0.9393481092061338, -2.0063868494504096], "SNR": 0.05, "name": "6t3e"}