{"loc": [7, -6, -1], "rotate": [2.152887753824205, 1.2918644573406, -0.14183213340628176], "SNR": 0.05, "name": "6t3e"}