{"loc": [-2, 3, 5], "rotate": [-2.1676516837464646, 1.0184786536784782, -2.176731900387067], "SNR": 0.05, "name": "6t3e"}