{"loc": [3, 1, 0], "rotate": [2.463829133814942, 1.278485708750579, 0.5105316993657697], "SNR": 0.05, "name": "6t3e"}