{"loc": [4, 2, 0], "rotate": [2.8631854247608346, 0.7754008070093417, -0.38392400877273136], "SNR": 0.05, "name": "6t3e"}