{"loc": [-6, 3, -2], "rotate": [-2.4691638027149776, 0.6866863285996503, -1.539953822278257], "SNR": 0.05, "name": "6t3e"}