{"loc": [3, -3, 0], "rotate": [2.575019328848889, 1.4144118098970462, 0.22676490156196222], "SNR": 0.05, "name": "6t3e"}