{"loc": [-6, 4, 2], "rotate": [2.0538335895840616, 1.093328816847745, 0.4840838104277145], "SNR": 0.05, "name": "6t3e"}