{"loc": [-3, 7, 5], "rotate": [-1.7330492401539863, 1.3385208084703712, -2.3008648304116415], "SNR": 0.05, "name": "6t3e"}