{"loc": [-6, 7, 0], "rotate": [-2.240471703758414, 0.8538717686644787, -1.7924538101208556], "SNR": 0.05, "name": "6t3e"}