{"loc": [5, 4, -3], "rotate": [2.2180797074153955, 1.7840940959172469, 0.8728920790032446], "SNR": 0.05, "name": "6t3e"}