{"loc": [-2, -6, -3], "rotate": [-2.3982586018612007, 1.37812606904324, -2.5980768076483836], "SNR": 0.05, "name": "6t3e"}