{"loc": [5, 4, 0], "rotate": [-2.7405784118615277, 0.6588950568270828, -1.0418070802126638], "SNR": 0.05, "name": "6t3e"}