{"loc": [2, 1, -7], "rotate": [2.2751817103253362, 1.600706156749939, 0.7729504793799207], "SNR": 0.05, "name": "6t3e"}