{"loc": [-7, 0, 2], "rotate": [-3.107820631002064, 0.8364962191585346, -0.7830810801107125], "SNR": 0.05, "name": "6t3e"}