{"loc": [6, 3, 7], "rotate": [-2.3668261229313474, 1.197847367860814, -2.000899745796331], "SNR": 0.05, "name": "6t3e"}