{"loc": [0, 0, 1], "rotate": [2.1363352390754358, 1.0596143709461343, 0.5304076697976128], "SNR": 0.05, "name": "6t3e"}