{"loc": [0, 4, -2], "rotate": [-2.839832069785551, 1.0553507014442283, -1.5533936930119279], "SNR": 0.05, "name": "6t3e"}