{"loc": [-1, -7, 4], "rotate": [2.363632745368699, 1.2016264918689075, 0.40676032931774736], "SNR": 0.05, "name": "6t3e"}