{"loc": [4, 3, 4], "rotate": [-2.4633787130575127, 1.4412308339768787, -1.7775705589408826], "SNR": 0.05, "name": "6t3e"}