{"loc": [-7, 2, 0], "rotate": [-2.3633250987009724, 0.9550973334630907, -1.685796642059621], "SNR": 0.05, "name": "6t3e"}