{"loc": [-1, -2, 7], "rotate": [2.579666339531809, 0.7568772520454703, 0.09335441464859588], "SNR": 0.05, "name": "6t3e"}