{"loc": [-3, 3, -2], "rotate": [-2.9014375623915214, 0.5836199457429456, -1.1825817686461253], "SNR": 0.05, "name": "6t3e"}