{"loc": [-4, -4, 0], "rotate": [-2.5928704615855875, 0.816836943450633, -1.7581817838087423], "SNR": 0.05, "name": "6t3e"}