{"loc": [0, -6, -5], "rotate": [2.244158834875094, 1.152997817172202, 0.5118727654030913], "SNR": 0.05, "name": "6t3e"}