{"loc": [-3, -1, 6], "rotate": [2.5704808373692947, 0.7617960375106289, -0.3324075545412998], "SNR": 0.05, "name": "6t3e"}