{"loc": [0, -5, -2], "rotate": [-2.9482370119314205, 0.7821546789606328, -0.9684412686344329], "SNR": 0.05, "name": "6t3e"}