{"loc": [-6, -3, 3], "rotate": [2.655936985589934, 2.054694951343081, 1.9075728483240395], "SNR": 0.05, "name": "6t3e"}