{"loc": [1, -4, 4], "rotate": [-2.1645879587643218, 0.9569460901432013, -1.8062518353083907], "SNR": 0.05, "name": "6t3e"}