{"loc": [-7, -2, 3], "rotate": [-1.7579436911580648, 0.6263008885708015, -2.3241326926418258], "SNR": 0.05, "name": "6t3e"}