{"loc": [-1, -5, 0], "rotate": [3.132490346871476, 0.43053302832598506, -0.9021793271705129], "SNR": 0.05, "name": "6t3e"}