{"loc": [5, 0, -7], "rotate": [-2.530453731441471, 0.4285314856026819, -1.6508925094644233], "SNR": 0.05, "name": "6t3e"}