{"loc": [-5, 1, 0], "rotate": [-2.1289820787514784, 1.8703267148656966, -2.480431537176238], "SNR": 0.05, "name": "6t3e"}