{"loc": [1, 3, -4], "rotate": [2.630966395221095, 2.2834901645041925, 1.647596974388407], "SNR": 0.05, "name": "6t3e"}