{"loc": [-1, 2, -1], "rotate": [-1.8020360691466861, 0.9323231328793083, -2.3735240912546964], "SNR": 0.05, "name": "6t3e"}