{"loc": [5, 0, -1], "rotate": [2.2831348683772186, 0.7514871253190184, 0.2068746802301951], "SNR": 0.05, "name": "6t3e"}