{"loc": [0, -2, -1], "rotate": [-2.2275904020784436, 0.8240584681421252, -2.0081181451824115], "SNR": 0.05, "name": "6t3e"}