{"loc": [2, -3, -5], "rotate": [2.519312965879239, 1.4148865809796043, -0.02308749888410045], "SNR": 0.05, "name": "6t3e"}