{"loc": [1, -5, 4], "rotate": [-2.234625103184051, 1.082734160646398, -2.0123184867124984], "SNR": 0.05, "name": "6t3e"}