{"loc": [4, -2, -2], "rotate": [-2.1604088525360563, 2.0196927125776485, -2.6855040858152326], "SNR": 0.05, "name": "6t3e"}