{"loc": [6, 4, -3], "rotate": [2.6208393031242245, 2.2767704709277425, 1.5446650048985586], "SNR": 0.05, "name": "6t3e"}