{"loc": [0, -4, -4], "rotate": [2.702822358636573, 2.2529963178871593, 1.388072388180018], "SNR": 0.05, "name": "6t3e"}