{"loc": [-6, 3, 1], "rotate": [0.8867722004599788, 1.7829332587739075, -2.515665600840678], "SNR": 0.05, "name": "6t3e"}