{"loc": [-4, -3, -6], "rotate": [-2.486135008767729, 1.5346334708300902, -2.229656611292933], "SNR": 0.05, "name": "6t3e"}