{"loc": [0, 2, 1], "rotate": [-2.271513534712214, 1.1082662525186229, -1.4650025767951824], "SNR": 0.05, "name": "6t3e"}