{"loc": [2, 2, 5], "rotate": [1.918263665656093, 1.35542945236675, 0.23946110906863258], "SNR": 0.05, "name": "6t3e"}