{"loc": [-3, -2, -6], "rotate": [-2.853746316612632, 0.801886996635745, -1.1677181688616194], "SNR": 0.05, "name": "6t3e"}