{"loc": [-7, -5, 4], "rotate": [-2.540957202113895, 0.6842982769726764, -2.04200455676936], "SNR": 0.05, "name": "6t3e"}