{"loc": [7, 7, -3], "rotate": [1.813304659328793, 1.075211796910838, 0.7946328192621448], "SNR": 0.05, "name": "6t3e"}