{"loc": [7, -3, 0], "rotate": [-2.1225278463747554, 0.874171216394493, -2.1114670053728926], "SNR": 0.05, "name": "6t3e"}