{"loc": [-5, 5, 1], "rotate": [2.4406675912901505, 0.9108771500548248, 0.3546183088622917], "SNR": 0.05, "name": "6t3e"}