{"loc": [-5, 1, 4], "rotate": [2.1999479260584316, 1.17015775708184, 0.6614096634056782], "SNR": 0.05, "name": "6t3e"}