{"loc": [-1, -2, 6], "rotate": [-2.4300860247937264, 0.5489942018827484, -1.3612289891619402], "SNR": 0.05, "name": "6t3e"}