{"loc": [2, -7, 2], "rotate": [1.9142518325732247, 1.079258631204263, 0.748835198612258], "SNR": 0.05, "name": "6t3e"}