{"loc": [0, 5, -4], "rotate": [-1.8855875134178635, 0.3817196307075644, -2.0537132836184497], "SNR": 0.05, "name": "6t3e"}