{"loc": [-3, -5, -7], "rotate": [2.488212432946439, 0.8022103993107608, 0.03527521967432951], "SNR": 0.05, "name": "6t3e"}