{"loc": [5, 5, 7], "rotate": [2.2422800196782315, 1.1370668412117524, 0.6804651809015599], "SNR": 0.05, "name": "6t3e"}