{"loc": [-4, -4, -5], "rotate": [-2.348967455325714, 0.7689830487984298, -1.360011170426889], "SNR": 0.05, "name": "6t3e"}