{"loc": [0, 6, -2], "rotate": [2.0205029541572124, 1.01825445670709, 0.50553707117275], "SNR": 0.05, "name": "6t3e"}