{"loc": [-6, 4, 1], "rotate": [2.138870946093591, 1.2367047248622067, 0.5746769789112707], "SNR": 0.05, "name": "6t3e"}