{"loc": [2, 6, 6], "rotate": [2.171464805454576, 1.0846787602510257, 0.3521850020792043], "SNR": 0.05, "name": "6t3e"}