{"loc": [0, -4, -5], "rotate": [-2.8751184933292957, 0.821423922477247, -1.1442244209288843], "SNR": 0.05, "name": "6t3e"}