{"loc": [4, -4, 3], "rotate": [2.377193196210348, 1.4028169808001398, 0.8160875165592528], "SNR": 0.05, "name": "6t3e"}