{"loc": [-7, 5, -4], "rotate": [2.7811415388342975, 0.6164630130636447, -0.43340820992772144], "SNR": 0.05, "name": "6t3e"}