{"loc": [2, 3, -5], "rotate": [-2.370239340144095, 1.0626787071449504, -2.1771306553134817], "SNR": 0.05, "name": "6t3e"}