{"loc": [-7, 0, -2], "rotate": [-2.424124589988112, 0.9790397948702367, -2.228820582073055], "SNR": 0.05, "name": "6t3e"}