{"loc": [6, 3, 1], "rotate": [2.315177828462484, 1.6720934362706548, 0.5375950164680191], "SNR": 0.05, "name": "6t3e"}