{"loc": [7, -7, -7], "rotate": [2.379390843431002, 0.6700909895607549, -0.06530395880258479], "SNR": 0.05, "name": "6t3e"}