{"loc": [7, 1, -7], "rotate": [2.8310503675303744, 0.39829222620525473, -0.5968726498352817], "SNR": 0.05, "name": "6t3e"}