{"loc": [-1, 6, 4], "rotate": [-2.3647822149505675, 1.7462795464543532, -2.489493415445475], "SNR": 0.05, "name": "6t3e"}