{"loc": [-7, 7, 0], "rotate": [2.6459669039968263, 0.8262702106956307, -0.2683571171259024], "SNR": 0.05, "name": "6t3e"}