{"loc": [-5, 3, -1], "rotate": [2.338249053511248, 0.9620732278896402, 0.3880528156027848], "SNR": 0.05, "name": "6t3e"}