{"loc": [7, 7, 2], "rotate": [2.3181102550997683, 2.262050479925399, 1.1711710986765838], "SNR": 0.05, "name": "6t3e"}