{"loc": [2, -6, 7], "rotate": [-2.009865487714239, 0.8058075277247064, -1.8948687234770685], "SNR": 0.05, "name": "6t3e"}