{"loc": [-3, 7, -2], "rotate": [2.053284036388227, 1.0137626775939566, 0.4843629639703726], "SNR": 0.05, "name": "6t3e"}