{"loc": [-3, -3, -7], "rotate": [-2.2675106188286973, 1.930181805045392, -2.648647425408226], "SNR": 0.05, "name": "6t3e"}