{"loc": [3, 3, 7], "rotate": [2.0022809337322633, 1.25289567656253, 0.4650082398444795], "SNR": 0.05, "name": "6t3e"}