{"loc": [-3, -4, 2], "rotate": [2.475170328587836, 1.0062939500109251, 0.5353328151438105], "SNR": 0.05, "name": "6t3e"}