{"loc": [3, -2, 7], "rotate": [2.186224706102743, 1.6879245154093219, 1.0844336453120569], "SNR": 0.05, "name": "6t3e"}