{"loc": [2, -7, 2], "rotate": [2.3433126505030755, 1.942626637147162, 1.0439364762657712], "SNR": 0.05, "name": "6t3e"}