{"loc": [-6, 7, 0], "rotate": [-2.842264029782952, 0.9844205854547782, -1.085414376226662], "SNR": 0.05, "name": "6t3e"}