{"loc": [-3, 4, -1], "rotate": [-2.2315212052646993, 0.5070155864932638, -1.5244518572899264], "SNR": 0.05, "name": "6t3e"}