{"loc": [7, 3, 1], "rotate": [2.8347782824077954, 0.8786249382423624, -0.5644648204130019], "SNR": 0.05, "name": "6t3e"}