{"loc": [-4, 1, -3], "rotate": [-3.038858419546864, 0.8553913198300269, -0.998337905552651], "SNR": 0.05, "name": "6t3e"}