{"loc": [-5, 1, 2], "rotate": [1.9860246534124637, 1.502042507584517, 0.2724023306697996], "SNR": 0.05, "name": "6t3e"}