{"loc": [4, 7, -2], "rotate": [2.1615509245035334, 1.47852217333774, 0.7349685836782988], "SNR": 0.05, "name": "6t3e"}