{"loc": [-3, 0, -6], "rotate": [-2.2454205625667982, 0.7232795019318521, -1.53739017828439], "SNR": 0.05, "name": "6t3e"}