{"loc": [-6, 2, -4], "rotate": [-2.7843696114065675, 0.8804452834189926, -1.5249156067651841], "SNR": 0.05, "name": "6t3e"}