{"loc": [-4, 0, 0], "rotate": [2.5885021257901273, 0.2144932300899447, -0.6626342546095008], "SNR": 0.05, "name": "6t3e"}