{"loc": [-1, 5, 4], "rotate": [2.1922350479571984, 1.2259864699224448, 0.8103122473450491], "SNR": 0.05, "name": "6t3e"}