{"loc": [4, -2, 4], "rotate": [-2.115039881124984, 1.0800445729047865, -1.8910837641963107], "SNR": 0.05, "name": "6t3e"}