{"loc": [5, 5, -1], "rotate": [2.0160885580006123, 0.7348198870778259, 0.33311714140903226], "SNR": 0.05, "name": "6t3e"}