{"loc": [-1, -7, -4], "rotate": [-2.901090931080144, 0.7751652596103032, -1.2718742283322089], "SNR": 0.05, "name": "6t3e"}