{"loc": [-3, -7, -5], "rotate": [-2.5119490911139497, 0.9292232996855588, -2.101819959750354], "SNR": 0.05, "name": "6t3e"}