{"loc": [0, 0, 0], "rotate": [2.512241841664957, 0.7706581893847666, -0.30480520049166315], "SNR": 0.05, "name": "6t3e"}