{"loc": [0, 3, 0], "rotate": [2.13765891365093, 1.3990950977023973, 0.6893468868397626], "SNR": 0.05, "name": "6t3e"}