{"loc": [0, -3, 0], "rotate": [-2.2566166964429493, 0.772492419900629, -1.9019705115859282], "SNR": 0.05, "name": "6t3e"}