{"loc": [1, -4, 4], "rotate": [2.827280726982165, 2.619699600999981, 2.026653345238693], "SNR": 0.05, "name": "6t3e"}