{"loc": [-4, 6, -5], "rotate": [2.3543670421913188, 1.6812793122191647, 0.7637880033267079], "SNR": 0.05, "name": "6t3e"}