{"loc": [0, -2, 1], "rotate": [2.061095748990717, 1.097505076126083, 0.9085692952261657], "SNR": 0.05, "name": "6t3e"}