{"loc": [0, -3, 7], "rotate": [2.9331108343595975, 0.7411288254832851, 0.12917473553446251], "SNR": 0.05, "name": "6t3e"}