{"loc": [3, -3, 7], "rotate": [-2.356978495442771, 2.4425110586617813, -2.9253877867063793], "SNR": 0.05, "name": "6t3e"}