{"loc": [5, 6, 7], "rotate": [-3.1017622388164403, 0.8008184241979969, -1.0778221217336597], "SNR": 0.05, "name": "6t3e"}