{"loc": [-3, 7, 3], "rotate": [1.8607164646043985, 1.6405195715744658, 0.8265368025483542], "SNR": 0.05, "name": "6t3e"}