{"loc": [1, 4, -6], "rotate": [2.423841348096985, 1.2809641792118658, 0.5680112247178579], "SNR": 0.05, "name": "6t3e"}