{"loc": [-3, 5, 0], "rotate": [-2.4264172791448866, 0.860350143402133, -1.6580556025962188], "SNR": 0.05, "name": "6t3e"}