{"loc": [-6, 2, 3], "rotate": [2.662460342870455, 1.544300095397764, 0.24214888500133236], "SNR": 0.05, "name": "6t3e"}