{"loc": [7, 2, -2], "rotate": [3.0979476745935837, 0.7012670125895486, -0.6377846819980836], "SNR": 0.05, "name": "6t3e"}