{"loc": [0, 0, 0], "rotate": [2.3564388348194814, 1.4699233365980817, 0.7168695554468992], "SNR": 0.05, "name": "6t3e"}