{"loc": [1, 4, 4], "rotate": [-3.05769006249162, 2.45212605357199, 1.8760675420472273], "SNR": 0.05, "name": "6t3e"}