{"loc": [-3, -3, -2], "rotate": [2.8146731800191724, 0.9100654152698727, -0.2440162587451558], "SNR": 0.05, "name": "6t3e"}