{"loc": [-1, 6, 3], "rotate": [1.9718710351151532, 1.4600138040470338, 0.8930311161732599], "SNR": 0.05, "name": "6t3e"}