{"loc": [0, 6, -6], "rotate": [-3.111098046528904, 0.673760398503308, -1.09612408783045], "SNR": 0.05, "name": "6t3e"}