{"loc": [-4, -4, -7], "rotate": [2.529972866096483, 2.274955319188211, 1.2184306599147823], "SNR": 0.05, "name": "6t3e"}