{"loc": [4, -7, 0], "rotate": [-2.2416301101732548, 1.1104716194721662, -1.9275384503136945], "SNR": 0.05, "name": "6t3e"}