{"loc": [7, 1, -4], "rotate": [-3.1298041732120865, 0.7506541098176401, -0.42204441126614706], "SNR": 0.05, "name": "6t3e"}