{"loc": [-5, 4, 6], "rotate": [2.186987225182712, 0.8548586935880086, 0.22023468963944448], "SNR": 0.05, "name": "6t3e"}