{"loc": [-6, 6, -6], "rotate": [1.7959860965008343, 1.169842628191905, 0.5434537305956271], "SNR": 0.05, "name": "6t3e"}