{"loc": [-6, 0, 2], "rotate": [1.9571437604147865, 1.326295307693742, 0.7473177840837261], "SNR": 0.05, "name": "6t3e"}