{"loc": [-4, -5, -3], "rotate": [2.2431662205891194, 0.7795101447394145, 0.41596423112554076], "SNR": 0.05, "name": "6t3e"}