{"loc": [0, -3, 2], "rotate": [2.2283149732488807, 2.339002536562413, 1.3439475624347703], "SNR": 0.05, "name": "6t3e"}