{"loc": [-3, -7, 6], "rotate": [-2.160452536101487, 0.8756144730565115, -1.8627961445447954], "SNR": 0.05, "name": "6t3e"}