{"loc": [-4, 4, 2], "rotate": [-2.204160439693121, 1.097527200687949, -2.1863331905186256], "SNR": 0.05, "name": "6t3e"}