{"loc": [-1, 4, -4], "rotate": [2.5258703818912465, 1.0395890372872743, 0.15697528584842355], "SNR": 0.05, "name": "6t3e"}