{"loc": [2, -5, 4], "rotate": [2.2438685880265177, 1.1187689225548296, 0.7469086906316745], "SNR": 0.05, "name": "6t3e"}