{"loc": [0, -7, 7], "rotate": [1.8686183497639657, 1.0828302662952565, 0.7209790894125315], "SNR": 0.05, "name": "6t3e"}