{"loc": [5, -1, 7], "rotate": [-2.768830872252424, 0.6886514631130742, -0.9821250408513901], "SNR": 0.05, "name": "6t3e"}