{"loc": [4, 2, -4], "rotate": [2.266077664848689, 0.5985293485187843, 0.1053221488189724], "SNR": 0.05, "name": "6t3e"}