{"loc": [1, -6, -1], "rotate": [-2.436122897185738, 1.1029034510464564, -1.453848699095369], "SNR": 0.05, "name": "6t3e"}