{"loc": [-3, 4, -5], "rotate": [-3.00513004119755, 0.754315011839249, -1.2582641913968267], "SNR": 0.05, "name": "6t3e"}