{"loc": [-6, 5, -3], "rotate": [2.9688928641175867, 0.5804480777952626, -0.8965833769393017], "SNR": 0.05, "name": "6t3e"}