{"loc": [-4, 5, -1], "rotate": [-2.6473686023586813, 0.7443429203281179, -1.2498859141951069], "SNR": 0.05, "name": "6t3e"}