{"loc": [-6, -2, 6], "rotate": [-1.985619815383872, 0.8702979554043697, -2.251777708363469], "SNR": 0.05, "name": "6t3e"}