{"loc": [0, 1, -2], "rotate": [2.3240127114367355, 1.6970138715966532, 1.1026433818157], "SNR": 0.05, "name": "6t3e"}