{"loc": [-3, 0, -5], "rotate": [2.1896317472701474, 1.0441802798604347, 0.5056865857559495], "SNR": 0.05, "name": "6t3e"}