{"loc": [2, 3, 4], "rotate": [2.551641205628552, 1.3571228355389884, 0.11987177849238176], "SNR": 0.05, "name": "6t3e"}