{"loc": [3, 5, 1], "rotate": [-2.36200713247947, 0.5528361102715907, -1.620037580365608], "SNR": 0.05, "name": "6t3e"}