{"loc": [3, 4, 6], "rotate": [-2.8906258870715926, 1.7488248393104442, -3.0050952876894907], "SNR": 0.05, "name": "6t3e"}