{"loc": [4, 6, -5], "rotate": [2.7029263118292897, 0.6001325353644217, -0.4028317297682244], "SNR": 0.05, "name": "6t3e"}