{"loc": [5, -2, -6], "rotate": [-2.3481075466562538, 1.2200626321742032, -1.8364730334470207], "SNR": 0.05, "name": "6t3e"}