{"loc": [-1, 3, 1], "rotate": [-2.6518972795261697, 0.7663934138545055, -1.75542923646653], "SNR": 0.05, "name": "6t3e"}