{"loc": [6, 0, 2], "rotate": [-3.017847298151902, 0.8643767686802671, -0.8117816550117961], "SNR": 0.05, "name": "6t3e"}