{"loc": [-3, 2, -2], "rotate": [3.1132421455621624, 0.6259867879067967, -0.5931873560109359], "SNR": 0.05, "name": "6t3e"}