{"loc": [0, 3, -7], "rotate": [-3.0438448013438264, 0.37061103017385894, -0.6237271973713542], "SNR": 0.05, "name": "6t3e"}