{"loc": [-7, -1, 0], "rotate": [2.0749830350674214, 0.9047005553418414, 0.5929855895847286], "SNR": 0.05, "name": "6t3e"}