{"loc": [-2, -5, 5], "rotate": [2.7222928977106418, 0.3854755992212885, -0.4936139104587721], "SNR": 0.05, "name": "6t3e"}