{"loc": [1, -5, -5], "rotate": [-1.9813886698389143, 1.47871610908248, -2.371736270437358], "SNR": 0.05, "name": "6t3e"}