{"loc": [-4, 0, 3], "rotate": [2.327142212522297, 1.6754797791106613, 0.9363165136076761], "SNR": 0.05, "name": "6t3e"}