{"loc": [0, 5, 4], "rotate": [1.248750927637398, 0.36200492578600596, -1.9639700927672399], "SNR": 0.05, "name": "6t3e"}