{"loc": [4, 7, -5], "rotate": [-1.9042809866942094, 1.565792472106585, -2.98461688226571], "SNR": 0.05, "name": "6t3e"}