{"loc": [-5, 6, -1], "rotate": [-2.5525812940372647, 1.3491204480511714, -1.665534301582388], "SNR": 0.05, "name": "6t3e"}