{"loc": [-1, 3, 1], "rotate": [2.3268484896164776, 1.569630867771212, 0.9207844659579241], "SNR": 0.05, "name": "6t3e"}