{"loc": [-2, 0, 4], "rotate": [2.2788635067347283, 1.252323885841934, 0.2269029129783797], "SNR": 0.05, "name": "6t3e"}