{"loc": [-5, -7, -1], "rotate": [-2.4266467719960554, 1.1224747033698264, -1.9701699343829178], "SNR": 0.05, "name": "6t3e"}