{"loc": [4, -3, 2], "rotate": [2.6961399013182836, 2.7055468423498747, 1.6312832919447628], "SNR": 0.05, "name": "6t3e"}