{"loc": [1, -7, 7], "rotate": [2.453285771934363, 0.6840303155297089, -0.04842672466527478], "SNR": 0.05, "name": "6t3e"}