{"loc": [4, -7, -6], "rotate": [-2.23656894227481, 1.0564811490615864, -2.2261174193403686], "SNR": 0.05, "name": "6t3e"}