{"loc": [0, 1, 1], "rotate": [2.0278720706799467, 1.4041991735513786, 0.8276208644608961], "SNR": 0.05, "name": "6t3e"}