{"loc": [-6, 2, 1], "rotate": [-2.0556158377370624, 1.5792795380146323, -2.0117651761916027], "SNR": 0.05, "name": "6t3e"}