{"loc": [-2, -3, -7], "rotate": [3.091054597876454, 0.5020824973840936, -1.2915360057340977], "SNR": 0.05, "name": "6t3e"}