{"loc": [4, 0, -6], "rotate": [-2.7199232943066676, 0.5186670458782129, -1.3038099427427459], "SNR": 0.05, "name": "6t3e"}