{"loc": [5, 7, 0], "rotate": [2.4720604895067826, 2.111355579683958, 1.2640497766068732], "SNR": 0.05, "name": "6t3e"}