{"loc": [-7, 2, -4], "rotate": [2.5830021326508024, 1.897814259649984, 1.4952747413025238], "SNR": 0.05, "name": "6t3e"}