{"loc": [2, -1, 6], "rotate": [-2.9288679810202094, 0.2674680615002968, -0.882310560520875], "SNR": 0.05, "name": "6t3e"}