{"loc": [-3, -2, -5], "rotate": [2.453862311812933, 1.3830714333087002, 0.6025425139842969], "SNR": 0.05, "name": "6t3e"}