{"loc": [-7, -1, -4], "rotate": [-2.2208748805731484, 1.3210413122431848, -2.2653675229264274], "SNR": 0.05, "name": "6t3e"}