{"loc": [-5, -3, -3], "rotate": [3.015138335187722, 0.6219079356745952, -0.8821181230369314], "SNR": 0.05, "name": "6t3e"}