{"loc": [-2, -5, -4], "rotate": [2.082005917943831, 0.8777132947651441, 0.5606614472297475], "SNR": 0.05, "name": "6t3e"}