{"loc": [5, -2, 3], "rotate": [-2.2096570710179906, 1.8283035995916272, -2.50049437562316], "SNR": 0.05, "name": "6t3e"}