{"loc": [0, 0, -4], "rotate": [-2.121006965211906, 1.4255528997717732, -2.320746628872503], "SNR": 0.05, "name": "6t3e"}