{"loc": [4, 0, -7], "rotate": [2.6551136482794164, 1.0104948539081722, -0.057452524175298156], "SNR": 0.05, "name": "6t3e"}