{"loc": [1, -7, -4], "rotate": [-2.3245417832913144, 2.3098030563690553, 3.1275581648612008], "SNR": 0.05, "name": "6t3e"}