{"loc": [-3, 2, 6], "rotate": [2.9785269925032343, 0.7997277580091491, -0.08636074517087368], "SNR": 0.05, "name": "6t3e"}