{"loc": [-7, -4, -2], "rotate": [-3.018557843731076, 0.8343764171922495, -0.5681471802822389], "SNR": 0.05, "name": "6t3e"}