{"loc": [2, 2, 1], "rotate": [2.7285991215088385, 1.583294978621103, 0.1614236063547348], "SNR": 0.05, "name": "6t3e"}