{"loc": [4, -5, 0], "rotate": [2.559457247558666, 0.8818435928249299, 0.034975458840701246], "SNR": 0.05, "name": "6t3e"}