{"loc": [6, 0, 0], "rotate": [2.2816049981256143, 1.0902878446683693, 0.5317828793034439], "SNR": 0.05, "name": "6t3e"}