{"loc": [3, 6, -4], "rotate": [-2.679211028753542, 0.9354153640958007, -1.4800830138458771], "SNR": 0.05, "name": "6t3e"}