{"loc": [0, -1, 1], "rotate": [-2.432635510441621, 0.6996406563099103, -1.476692784950295], "SNR": 0.05, "name": "6t3e"}