{"loc": [2, -6, 0], "rotate": [2.7673149900538023, 0.8700710291574056, -0.07922330321376707], "SNR": 0.05, "name": "6t3e"}