{"loc": [1, -3, -4], "rotate": [2.298986477294011, 1.9044081447337706, 1.1851003130143167], "SNR": 0.05, "name": "6t3e"}