{"loc": [-2, 7, -6], "rotate": [-2.1156526486748404, 2.4272277297062104, -2.683066124813333], "SNR": 0.05, "name": "6t3e"}