{"loc": [-1, 6, 7], "rotate": [2.6574223388513434, 0.8990577807772719, -0.25265462788318543], "SNR": 0.05, "name": "6t3e"}