{"loc": [0, 3, 7], "rotate": [2.714610953191286, 2.3441133216072116, 1.6522796922714735], "SNR": 0.05, "name": "6t3e"}