{"loc": [0, -2, 6], "rotate": [2.854546457673442, 0.9036519002184775, -0.3361683811372548], "SNR": 0.05, "name": "6t3e"}