{"loc": [2, -4, -1], "rotate": [2.2746314381566277, 1.502310075531252, 0.2172095612510815], "SNR": 0.05, "name": "6t3e"}