{"loc": [-4, 2, 0], "rotate": [1.0389918577991906, 1.326544382988928, -2.2969648839375965], "SNR": 0.05, "name": "6t3e"}