{"loc": [-4, 0, 3], "rotate": [-2.1164395961547835, 0.44586253729907016, -1.961694409348047], "SNR": 0.05, "name": "6t3e"}