{"loc": [7, -6, 3], "rotate": [2.897673191024143, 0.6974577034324408, -0.18519516802549227], "SNR": 0.05, "name": "6t3e"}