{"loc": [-6, -5, 0], "rotate": [2.4798767124494496, 1.0361068983123396, 0.4674049228111689], "SNR": 0.05, "name": "6t3e"}