{"loc": [-3, 1, 7], "rotate": [-1.9675313869009632, 0.8030961431207286, -1.8187830400455658], "SNR": 0.05, "name": "6t3e"}