{"loc": [-6, -4, 2], "rotate": [-1.9730442751236112, 1.3633501443272706, -2.3299610931619146], "SNR": 0.05, "name": "6t3e"}