{"loc": [3, -1, 6], "rotate": [-2.0080736052729993, 1.4292274401114982, -1.976419198455272], "SNR": 0.05, "name": "6t3e"}