{"loc": [-7, 0, 6], "rotate": [2.7302698894117934, 1.1005029726967384, -0.4560388495350612], "SNR": 0.05, "name": "6t3e"}