{"loc": [3, 2, 0], "rotate": [-0.82590654104353, 0.931665457904782, 0.5062879753414005], "SNR": 0.05, "name": "6t3e"}