{"loc": [3, 0, 4], "rotate": [2.28496039991126, 0.9371909958883959, 0.48639936651814003], "SNR": 0.05, "name": "6t3e"}