{"loc": [2, 0, -4], "rotate": [2.6107919125891703, 2.539955377244354, 1.2551749055531802], "SNR": 0.05, "name": "6t3e"}