{"loc": [3, -7, -4], "rotate": [-2.969351465245562, 0.4844454296820185, -0.7701600151331848], "SNR": 0.05, "name": "6t3e"}