{"loc": [3, -4, 0], "rotate": [-2.8622307972387664, 0.842808577424128, -1.5839196049573663], "SNR": 0.05, "name": "6t3e"}