{"loc": [-6, 3, 7], "rotate": [2.402358134091883, 1.377257895229165, -0.08217153930792383], "SNR": 0.05, "name": "6t3e"}