{"loc": [-5, -2, 5], "rotate": [2.092276143781156, 1.4114142341667189, 0.6718433378248487], "SNR": 0.05, "name": "6t3e"}