{"loc": [0, -4, 5], "rotate": [2.450152462009405, 0.4971444122842252, 0.11814323510922119], "SNR": 0.05, "name": "6t3e"}