{"loc": [4, 5, -3], "rotate": [2.9923030083196824, 0.3884100635113475, -0.7124563610891986], "SNR": 0.05, "name": "6t3e"}