{"loc": [0, 4, -7], "rotate": [2.191646361048923, 0.9901885271049801, 0.3722068544225648], "SNR": 0.05, "name": "6t3e"}