{"loc": [0, -7, 7], "rotate": [2.507232850182806, 0.7015526893998035, -0.06710788890321204], "SNR": 0.05, "name": "6t3e"}