{"loc": [-2, 3, 6], "rotate": [2.164384245928342, 1.1674688222988996, 0.48533614202000247], "SNR": 0.05, "name": "6t3e"}