{"loc": [6, -1, -6], "rotate": [-1.8591368374008488, 1.7764102373549184, -2.2416216282406], "SNR": 0.05, "name": "6t3e"}