{"loc": [7, -1, 6], "rotate": [2.519952076112043, 1.1075816099369953, 0.2006654191808293], "SNR": 0.05, "name": "6t3e"}