{"loc": [-7, -5, -4], "rotate": [-2.300614559076383, 0.3565772478205763, -1.8036540455580716], "SNR": 0.05, "name": "6t3e"}