{"loc": [5, 3, 2], "rotate": [2.092173302211908, 1.4772859482677012, 0.5628714664136852], "SNR": 0.05, "name": "6t3e"}