{"loc": [-2, 7, -5], "rotate": [2.8052390151689006, 1.0883378826028662, -0.5380098484432022], "SNR": 0.05, "name": "6t3e"}