{"loc": [1, 0, -6], "rotate": [2.2626339914023474, 1.9401653034029382, 0.6627057020631891], "SNR": 0.05, "name": "6t3e"}