{"loc": [7, 3, -6], "rotate": [2.3253580615127167, 1.5855853222150944, 0.21042217675570354], "SNR": 0.05, "name": "6t3e"}