{"loc": [0, -5, -3], "rotate": [1.9447414300094024, 1.4495050307804538, 0.6454998208595485], "SNR": 0.05, "name": "6t3e"}