{"loc": [5, -4, -2], "rotate": [-2.7689477606568715, 0.5061402076897343, -1.4517452007613891], "SNR": 0.05, "name": "6t3e"}