{"loc": [0, -5, -4], "rotate": [2.7546531030480037, 2.2492962904980423, 1.8013259856716493], "SNR": 0.05, "name": "6t3e"}