{"loc": [0, -1, -5], "rotate": [-2.7574411464759, 0.5963705740171379, -1.340922905956949], "SNR": 0.05, "name": "6t3e"}