{"loc": [4, -5, 0], "rotate": [2.406022404937593, 0.82740773222705, 0.1336339111258245], "SNR": 0.05, "name": "6t3e"}