{"loc": [0, 6, 6], "rotate": [-2.616907251135124, 0.743752916439949, -1.4991831635360229], "SNR": 0.05, "name": "6t3e"}