{"loc": [7, -4, -4], "rotate": [2.2895495222543913, 1.2636324900108955, 0.4526193049579065], "SNR": 0.05, "name": "6t3e"}