{"loc": [2, 6, 3], "rotate": [-2.892629175022836, 0.7776521678304398, -0.5228730823691914], "SNR": 0.05, "name": "6t3e"}