{"loc": [5, -3, 5], "rotate": [-2.3196703123325046, 0.7192542544309987, -1.5941694312277028], "SNR": 0.05, "name": "6t3e"}