{"loc": [7, 7, -6], "rotate": [1.8786780668284464, 1.375498923057525, 0.46964025422087147], "SNR": 0.05, "name": "6t3e"}