{"loc": [6, 0, -7], "rotate": [2.4980407758660688, 2.9538855073294474, 1.905512571203612], "SNR": 0.05, "name": "6t3e"}