{"loc": [6, -1, 1], "rotate": [2.2644764837027997, 1.680828171446181, 0.8839399379416334], "SNR": 0.05, "name": "6t3e"}