{"loc": [6, 2, 1], "rotate": [-2.3290295584126963, 1.2775537335146032, -2.021342728611645], "SNR": 0.05, "name": "6t3e"}