{"loc": [0, 2, 0], "rotate": [-2.331811331182237, 1.071572791703999, -2.007222351611628], "SNR": 0.05, "name": "6t3e"}