{"loc": [0, 2, -3], "rotate": [2.537871239164638, 2.3321814572166035, 1.5796582104412245], "SNR": 0.05, "name": "6t3e"}