{"loc": [3, -7, 2], "rotate": [-2.7633309410731814, 2.815966557795263, 2.8108682535079086], "SNR": 0.05, "name": "6t3e"}