{"loc": [-1, -5, -5], "rotate": [-2.3698743123745274, 1.1544419925608982, -2.1717542419296425], "SNR": 0.05, "name": "6t3e"}