{"loc": [-4, 7, 1], "rotate": [-1.9623819077615297, 1.0403299798901835, -1.608033076350717], "SNR": 0.05, "name": "6t3e"}