{"loc": [4, -1, 1], "rotate": [-2.7714240053166517, 0.6450439096453583, -1.0795478196197634], "SNR": 0.05, "name": "6t3e"}