{"loc": [1, -3, 3], "rotate": [-2.4726156489001627, 0.9155872534728096, -2.0295883002939985], "SNR": 0.05, "name": "6t3e"}