{"loc": [-1, 0, 0], "rotate": [-2.628831014800155, 0.7076061998590264, -1.170261172537211], "SNR": 0.05, "name": "6t3e"}