{"loc": [-5, -3, -7], "rotate": [2.2953377981225307, 1.5246726630677132, 0.3946893138337694], "SNR": 0.05, "name": "6t3e"}