{"loc": [3, 5, -3], "rotate": [-2.3928021366118686, 0.9026838059504746, -1.9581253521783872], "SNR": 0.05, "name": "6t3e"}