{"loc": [4, -6, 3], "rotate": [2.304439392677789, 1.3311819958077284, 0.6045449358674442], "SNR": 0.05, "name": "6t3e"}