{"loc": [0, 7, -7], "rotate": [2.2234182298628604, 1.8764128918841638, 0.9646223309029391], "SNR": 0.05, "name": "6t3e"}