{"loc": [-6, 2, -7], "rotate": [1.15933808817292, 1.6879503090207346, -2.574796374092674], "SNR": 0.05, "name": "6t3e"}