{"loc": [-2, 5, -6], "rotate": [2.0076635403734553, 1.5865871858325535, 0.5902634054267373], "SNR": 0.05, "name": "6t3e"}