{"loc": [3, 5, 7], "rotate": [-2.5595648449622286, 2.0939319799164933, 2.793874891200238], "SNR": 0.05, "name": "6t3e"}