{"loc": [6, 0, 6], "rotate": [-2.4285070396503157, 1.2071216569057341, -1.9096502823888308], "SNR": 0.05, "name": "6t3e"}