{"loc": [-7, 3, 3], "rotate": [-2.1242218653386002, 0.4170993010107705, -2.038611667114224], "SNR": 0.05, "name": "6t3e"}