{"loc": [-5, -6, 5], "rotate": [1.9372190321605316, 1.5217402434159333, 0.8686598239926918], "SNR": 0.05, "name": "6t3e"}