{"loc": [-6, 5, 3], "rotate": [-2.7443712038131234, 0.4545622035749176, -0.989243447939046], "SNR": 0.05, "name": "6t3e"}