{"loc": [-5, 5, -4], "rotate": [2.4973645683622094, 0.6562735559485935, -0.21140287507844044], "SNR": 0.05, "name": "6t3e"}