{"loc": [1, -3, -2], "rotate": [3.083557530518622, 2.1814115579699664, 2.1143986725352146], "SNR": 0.05, "name": "6t3e"}