{"loc": [-4, 3, 2], "rotate": [-2.4193379939647413, 1.959147315925256, -2.4135559069177317], "SNR": 0.05, "name": "6t3e"}