{"loc": [5, 3, 2], "rotate": [-2.4168557467613603, 0.9172322286681011, -1.8796712271806688], "SNR": 0.05, "name": "6t3e"}