{"loc": [3, -1, -4], "rotate": [2.604037801712592, 0.6257057466534076, 0.01119918880861455], "SNR": 0.05, "name": "6t3e"}