{"loc": [-4, -4, 2], "rotate": [-2.553790526425292, 1.0492475015935954, -1.6404543004554089], "SNR": 0.05, "name": "6t3e"}