{"loc": [-1, -3, -4], "rotate": [-2.378005406499796, 1.3347736033459454, -1.7053032494150862], "SNR": 0.05, "name": "6t3e"}