{"loc": [-6, 1, -1], "rotate": [2.2913589851303353, 1.2822734251271826, 0.9763796595431858], "SNR": 0.05, "name": "6t3e"}