{"loc": [-3, 0, 5], "rotate": [-2.967439517637034, 0.8521969182445679, -0.5747100525913398], "SNR": 0.05, "name": "6t3e"}