{"loc": [-6, -3, -7], "rotate": [-2.7756404733296516, 1.075547316917234, -1.3902537232805559], "SNR": 0.05, "name": "6t3e"}