{"loc": [-3, -1, -1], "rotate": [2.6464541748343238, 0.6008702215137558, 0.08135064053178552], "SNR": 0.05, "name": "6t3e"}