{"loc": [6, 6, -7], "rotate": [2.452275433955639, 1.0980626220053806, -0.09538257214526509], "SNR": 0.05, "name": "6t3e"}