{"loc": [1, 3, -4], "rotate": [2.1472354574696673, 1.5921092827778862, 0.612457664105109], "SNR": 0.05, "name": "6t3e"}