{"loc": [-5, -3, -4], "rotate": [-2.7524676195666884, 2.5129173255567836, 2.613485970616057], "SNR": 0.05, "name": "6t3e"}