{"loc": [6, 0, -7], "rotate": [-2.6345761828691443, 1.3178414387893693, -1.381734856112036], "SNR": 0.05, "name": "6t3e"}