{"loc": [4, 7, 0], "rotate": [-2.3024826648751877, 0.9635050479178072, -2.0099853247774937], "SNR": 0.05, "name": "6t3e"}