{"loc": [0, 2, 2], "rotate": [-2.2912006536012157, 0.983450160344704, -1.63083115756448], "SNR": 0.05, "name": "6t3e"}