{"loc": [2, -1, 3], "rotate": [-2.9587149116310107, 0.8038693729032467, -1.0506140418211822], "SNR": 0.05, "name": "6t3e"}