{"loc": [4, 0, 6], "rotate": [-2.6607286914960344, 0.03670703271441424, -1.174059945117112], "SNR": 0.05, "name": "6t3e"}