{"loc": [-3, 2, 4], "rotate": [2.3288469266991982, 1.3672567967695037, 0.4722966398880281], "SNR": 0.05, "name": "6t3e"}