{"loc": [-4, 1, -6], "rotate": [3.1316086241791723, 2.436106411734607, 2.5337947939095966], "SNR": 0.05, "name": "6t3e"}