{"loc": [-5, 6, -4], "rotate": [-2.362445301035191, 0.692419733197831, -1.6216272014980682], "SNR": 0.05, "name": "6t3e"}