{"loc": [0, -4, 0], "rotate": [-3.0172336801946162, 0.9748376931700156, -1.012312771803002], "SNR": 0.05, "name": "6t3e"}