{"loc": [-6, 6, 0], "rotate": [2.6724048830783587, 0.997055813507531, 0.1653372532016249], "SNR": 0.05, "name": "6t3e"}