{"loc": [2, -3, 0], "rotate": [2.806428755398553, 0.750547695107895, -0.30318226569546897], "SNR": 0.05, "name": "6t3e"}