{"loc": [-3, -6, 3], "rotate": [2.2911473117717818, 0.6296150949002614, 0.30433563859341595], "SNR": 0.05, "name": "6t3e"}