{"loc": [-2, 1, 6], "rotate": [3.0980313082198254, 0.8153895464949524, -0.7169364827305196], "SNR": 0.05, "name": "6t3e"}