{"loc": [7, -6, -7], "rotate": [2.4383912988298073, 1.5438369278446393, 1.0193538053725335], "SNR": 0.05, "name": "6t3e"}