{"loc": [-3, 6, 0], "rotate": [-2.1274981544982654, 1.1574786249611, -1.7569161861973803], "SNR": 0.05, "name": "6t3e"}