{"loc": [-2, 3, -6], "rotate": [2.2913518135317466, 1.4231640736828628, 0.5836084043833949], "SNR": 0.05, "name": "6t3e"}