{"loc": [-7, 2, -7], "rotate": [2.94660576846214, 0.540282535389259, -0.5755274203867945], "SNR": 0.05, "name": "6t3e"}