{"loc": [3, -2, 5], "rotate": [-2.601706840202784, 0.6368586539083528, -1.189122768951816], "SNR": 0.05, "name": "6t3e"}