{"loc": [-4, -3, -4], "rotate": [2.470036967183396, 0.8242710158111541, 0.05601176617146421], "SNR": 0.05, "name": "6t3e"}