{"loc": [-2, 2, 0], "rotate": [2.4293452828816386, 1.0298968817589862, 0.3654782614997919], "SNR": 0.05, "name": "6t3e"}