{"loc": [-4, -1, 0], "rotate": [1.9742955443934636, 1.2047692034253163, 1.0144145593642226], "SNR": 0.05, "name": "6t3e"}