{"loc": [-5, -5, 5], "rotate": [-2.0956530680344203, 1.5816982983792636, -2.0161050116898616], "SNR": 0.05, "name": "6t3e"}