{"loc": [-6, 6, 3], "rotate": [-2.4247086576640813, 1.0937358655979768, -1.6298859870990459], "SNR": 0.05, "name": "6t3e"}