{"loc": [-7, 4, -1], "rotate": [1.9562424533241123, 1.019151288140912, 0.4586624439696326], "SNR": 0.05, "name": "6t3e"}