{"loc": [7, 2, 0], "rotate": [-2.35596458813293, 1.0720784488095707, -2.124436652147766], "SNR": 0.05, "name": "6t3e"}