{"loc": [-2, -7, 4], "rotate": [2.558289609827212, 0.7965253739093773, -0.3804500688499829], "SNR": 0.05, "name": "6t3e"}