{"loc": [1, -7, 4], "rotate": [-2.2274906679012267, 0.17789496224538706, -1.7006541276336293], "SNR": 0.05, "name": "6t3e"}