{"loc": [3, 1, -5], "rotate": [2.7851211314333657, 0.49906352759060885, -0.746338283508766], "SNR": 0.05, "name": "6t3e"}