{"loc": [6, -3, 7], "rotate": [-2.6399339914835402, 1.064576578008443, -1.3515698749445575], "SNR": 0.05, "name": "6t3e"}