{"loc": [6, -7, 6], "rotate": [-2.3623923220725938, 1.0447028312392974, -1.750359184663817], "SNR": 0.05, "name": "6t3e"}