{"loc": [-7, -1, -4], "rotate": [2.4185113708227854, 0.42435775394250436, -0.08150709684786259], "SNR": 0.05, "name": "6t3e"}