{"loc": [3, 4, -3], "rotate": [1.0336526353563047, 1.975395321782972, -2.6201184884128588], "SNR": 0.05, "name": "6t3e"}