{"loc": [-5, 1, -1], "rotate": [2.3077140179476445, 1.2337497797475496, 0.2992842879986402], "SNR": 0.05, "name": "6t3e"}