{"loc": [4, -7, 0], "rotate": [-3.0918018020171067, 0.9367267976393324, -0.6790996462216876], "SNR": 0.05, "name": "6t3e"}