{"loc": [0, 5, 3], "rotate": [-2.481876954183481, 0.8054650035487042, -1.8861638335834452], "SNR": 0.05, "name": "6t3e"}