{"loc": [-1, -4, -1], "rotate": [2.367166102086939, 1.061194527975439, 0.7258154167716652], "SNR": 0.05, "name": "6t3e"}