{"loc": [3, 5, 4], "rotate": [2.6383044491090266, 0.4486938273387303, -0.32627855034388725], "SNR": 0.05, "name": "6t3e"}