{"loc": [0, 7, 0], "rotate": [2.0115282120866365, 1.409759637131173, 0.8096617185668707], "SNR": 0.05, "name": "6t3e"}