{"loc": [3, -5, 1], "rotate": [2.4545694822628614, 1.3266018473064816, 0.29898773741463885], "SNR": 0.05, "name": "6t3e"}