{"loc": [-4, -2, 0], "rotate": [-2.718694197550034, 0.8261628759373169, -1.7944687406078936], "SNR": 0.05, "name": "6t3e"}