{"loc": [-5, -3, -5], "rotate": [2.4984349895937723, 1.1116265793613878, 0.18887455765664393], "SNR": 0.05, "name": "6t3e"}