{"loc": [1, 1, 2], "rotate": [2.328924961065146, 1.0194236219680963, 0.4977478131189814], "SNR": 0.05, "name": "6t3e"}