{"loc": [-4, 3, -5], "rotate": [2.6656057530193746, 0.153253628704511, -0.24771173176817357], "SNR": 0.05, "name": "6t3e"}