{"loc": [-7, 3, 0], "rotate": [-2.5284638149940704, 0.5579250481654878, -1.6522340337729042], "SNR": 0.05, "name": "6t3e"}