{"loc": [4, 3, 0], "rotate": [-2.2969969742335214, 0.776874800787658, -1.6170407488689327], "SNR": 0.05, "name": "6t3e"}