{"loc": [-6, -4, -5], "rotate": [2.88274079394723, 0.8926294007580213, -0.5000612879078095], "SNR": 0.05, "name": "6t3e"}