{"loc": [-3, 6, -5], "rotate": [2.40974318875431, 0.802748934989934, -0.07577856078643147], "SNR": 0.05, "name": "6t3e"}