{"loc": [0, 0, -3], "rotate": [1.776115016805818, 1.6430489695219892, 0.7422337133526223], "SNR": 0.05, "name": "6t3e"}