{"loc": [-6, 3, -7], "rotate": [2.4921641791976112, 0.25208053478001585, -0.17302439721131654], "SNR": 0.05, "name": "6t3e"}