{"loc": [6, -5, -3], "rotate": [2.203262907600819, 1.72932868548772, 0.9900791419831229], "SNR": 0.05, "name": "6t3e"}