{"loc": [-1, -2, 7], "rotate": [2.134947446941233, 1.853866756485402, 1.0401832334646495], "SNR": 0.05, "name": "6t3e"}