{"loc": [4, 4, 5], "rotate": [2.0049199421136747, 1.6656251658074899, 0.5677517832420623], "SNR": 0.05, "name": "6t3e"}