{"loc": [-3, -7, -1], "rotate": [2.2873930190759046, 2.0096011251664443, 1.1958379113419457], "SNR": 0.05, "name": "6t3e"}