{"loc": [5, 5, 0], "rotate": [-2.920427938634231, 0.8004571879447702, -1.223598565534371], "SNR": 0.05, "name": "6t3e"}