{"loc": [2, 1, 0], "rotate": [-2.0899900198942056, 1.6088007582772843, -2.4085564917976483], "SNR": 0.05, "name": "6t3e"}