{"loc": [-6, 3, 1], "rotate": [-2.4095141242929192, 0.42645707528809895, -1.4418921157466649], "SNR": 0.05, "name": "6t3e"}