{"loc": [5, 1, -2], "rotate": [-2.596630584321869, 0.9011806269642815, -1.733921546058115], "SNR": 0.05, "name": "6t3e"}