{"loc": [-7, 2, -6], "rotate": [2.9850517243615897, 0.5262387825020417, -0.36865658902770915], "SNR": 0.05, "name": "6t3e"}