{"loc": [-3, 4, -2], "rotate": [-2.7019678759364862, 0.7930208205313458, -1.4262007302775275], "SNR": 0.05, "name": "6t3e"}