{"loc": [-6, 3, 2], "rotate": [-2.806077824583915, 0.7439513198610718, -1.4557044956930658], "SNR": 0.05, "name": "6t3e"}