{"loc": [-4, 7, -4], "rotate": [2.149802630165049, 1.7450350655709315, 1.1626415969221815], "SNR": 0.05, "name": "6t3e"}