{"loc": [0, 0, 4], "rotate": [2.506418727062871, 2.030059889059066, 1.287978050997888], "SNR": 0.05, "name": "6t3e"}