{"loc": [-2, -2, -7], "rotate": [-2.8489249265926655, 1.017846402053218, -1.0863634346269504], "SNR": 0.05, "name": "6t3e"}