{"loc": [-2, 0, 0], "rotate": [2.3525577220340375, 0.6604268268855582, 0.2774627719532873], "SNR": 0.05, "name": "6t3e"}