{"loc": [-6, 4, 7], "rotate": [-2.6199445953394407, 0.9025841480924559, -1.9286123664207806], "SNR": 0.05, "name": "6t3e"}