{"loc": [0, -5, 0], "rotate": [2.64095263293089, 1.2698898677255779, 0.10498147353975276], "SNR": 0.05, "name": "6t3e"}