{"loc": [-2, 4, 5], "rotate": [2.978673588810928, 0.592239051487981, -0.7414129098988853], "SNR": 0.05, "name": "6t3e"}