{"loc": [4, 7, -5], "rotate": [-2.867862571074858, 2.4790070122723313, 2.2418948549799533], "SNR": 0.05, "name": "6t3e"}