{"loc": [-3, -2, -3], "rotate": [-3.0210798995492882, 1.0438499468633817, -1.0044418215035882], "SNR": 0.05, "name": "6t3e"}