{"loc": [-5, -6, 3], "rotate": [2.1073994131022733, 1.1396013875380602, 0.3979429868511913], "SNR": 0.05, "name": "6t3e"}