{"loc": [-5, -3, 7], "rotate": [-2.915070771957903, 0.666995446794684, -1.2442713460158892], "SNR": 0.05, "name": "6t3e"}