{"loc": [6, 0, -6], "rotate": [2.445080808691598, 1.2869388705314466, -0.03870215980505629], "SNR": 0.05, "name": "6t3e"}