{"loc": [2, 4, 5], "rotate": [2.7435656622317897, 1.0512470870003525, -0.3406564446156046], "SNR": 0.05, "name": "6t3e"}