{"loc": [-1, -5, 1], "rotate": [2.8147740213655017, 0.9502322989112334, -0.1377870411965377], "SNR": 0.05, "name": "6t3e"}