{"loc": [0, -7, 3], "rotate": [-3.091108162122038, 0.5587627566929249, -1.078288419074147], "SNR": 0.05, "name": "6t3e"}