{"loc": [3, 3, -7], "rotate": [2.325784901966436, 2.2482706370782037, 1.2884100518127486], "SNR": 0.05, "name": "6t3e"}