{"loc": [3, 4, -7], "rotate": [3.058332785415667, 0.9925156712660796, -0.49948729848331336], "SNR": 0.05, "name": "6t3e"}