{"loc": [0, -2, 4], "rotate": [2.3079121361497736, 1.5069868745620478, 1.1366587838439324], "SNR": 0.05, "name": "6t3e"}