{"loc": [3, 4, 5], "rotate": [2.3768914360124533, 0.98919437480787, 0.11655078250501198], "SNR": 0.05, "name": "6t3e"}