{"loc": [-3, 2, -6], "rotate": [2.8547564406895583, 0.2630085625727755, -0.4501842830262267], "SNR": 0.05, "name": "6t3e"}