{"loc": [6, -5, -3], "rotate": [2.309861123541502, 1.3026156904882835, 0.3455018235845164], "SNR": 0.05, "name": "6t3e"}