{"loc": [-2, -7, 5], "rotate": [2.333489539510786, 0.8990563456220033, 0.29415536933985864], "SNR": 0.05, "name": "6t3e"}