{"loc": [-6, -7, 6], "rotate": [2.131020571347802, 1.4567367751836504, 0.8639522916938035], "SNR": 0.05, "name": "6t3e"}