{"loc": [-4, -7, 1], "rotate": [2.1268976597515437, 1.4499727075269067, 0.47991424628465773], "SNR": 0.05, "name": "6t3e"}