{"loc": [0, 1, 6], "rotate": [2.7406228411002136, 0.7834366681011172, -0.2608940559300976], "SNR": 0.05, "name": "6t3e"}