{"loc": [-4, 0, 2], "rotate": [-2.223403110405415, 2.0099536802274387, -2.947968630465331], "SNR": 0.05, "name": "6t3e"}