{"loc": [-1, -7, 0], "rotate": [2.753608271392159, 1.0556208796518234, 0.41428145913109515], "SNR": 0.05, "name": "6t3e"}