{"loc": [3, 6, 6], "rotate": [2.6555022285211582, 0.4531265784949163, -0.5182219894424458], "SNR": 0.05, "name": "6t3e"}