{"loc": [7, 5, -7], "rotate": [-3.07526815789594, 0.5848914554402688, -1.1011532757750717], "SNR": 0.05, "name": "6t3e"}