{"loc": [-2, 0, -4], "rotate": [2.0464581543344207, 1.3886652282516736, 0.7614228865563644], "SNR": 0.05, "name": "6t3e"}