{"loc": [-7, 4, -1], "rotate": [0.3339041354562688, 0.8412931917982801, -1.4622037308132794], "SNR": 0.05, "name": "6t3e"}