{"loc": [0, -1, -3], "rotate": [2.2741730703116403, 1.4581906751270728, 1.034722354748388], "SNR": 0.05, "name": "6t3e"}