{"loc": [5, -5, -2], "rotate": [2.593435261658037, 0.8529756074459822, 0.3453459582148598], "SNR": 0.05, "name": "6t3e"}