{"loc": [-4, -6, 0], "rotate": [2.231306105517211, 1.0902177038750798, 0.5111633165891816], "SNR": 0.05, "name": "6t3e"}