{"loc": [3, 3, 4], "rotate": [-2.5887649535378063, 0.6432240415061106, -1.506868709246641], "SNR": 0.05, "name": "6t3e"}