{"loc": [-1, -7, -3], "rotate": [2.094522708543826, 1.3038472367162546, 0.7464182676323485], "SNR": 0.05, "name": "6t3e"}