{"loc": [-6, -3, 7], "rotate": [0.7921610316831091, 0.8896199139432273, -1.836536702053875], "SNR": 0.05, "name": "6t3e"}