{"loc": [0, -4, -6], "rotate": [-2.000813145987003, 0.7197331053225122, -1.854346327447122], "SNR": 0.05, "name": "6t3e"}