{"loc": [0, -2, -2], "rotate": [-2.8626678021959124, 0.7450944296929203, -1.2001901596793145], "SNR": 0.05, "name": "6t3e"}