{"loc": [1, -3, 6], "rotate": [2.5225890578372616, 1.2695803569516004, 0.4467244722667869], "SNR": 0.05, "name": "6t3e"}