{"loc": [6, 5, 2], "rotate": [-2.6449803678533925, 0.4163137325049036, -1.5673531146750228], "SNR": 0.05, "name": "6t3e"}