{"loc": [7, 0, -7], "rotate": [2.34768835652899, 1.4983197556431387, 0.42747431809274294], "SNR": 0.05, "name": "6t3e"}