{"loc": [6, -1, -6], "rotate": [2.016300230947092, 1.5085337800042942, 0.646310530487809], "SNR": 0.05, "name": "6t3e"}