{"loc": [4, 0, -6], "rotate": [2.1523810821115954, 1.5455993452594106, 0.5647880685409113], "SNR": 0.05, "name": "6t3e"}