{"loc": [2, 1, 5], "rotate": [-3.042761065998484, 0.683103009901409, -0.9999848840481887], "SNR": 0.05, "name": "6t3e"}