{"loc": [5, -4, -5], "rotate": [2.1924473154568735, 1.175093630483457, 0.3765982154624424], "SNR": 0.05, "name": "6t3e"}