{"loc": [4, -1, 1], "rotate": [-2.6020745445440365, 0.7240470664585109, -1.4053312483301263], "SNR": 0.05, "name": "6t3e"}