{"loc": [0, -6, 0], "rotate": [2.976967611117383, 0.6262140249935705, -0.37502091135439436], "SNR": 0.05, "name": "6t3e"}