{"loc": [5, -1, -2], "rotate": [2.6066177944392415, 0.8721961449596702, 0.014530467637128385], "SNR": 0.05, "name": "6t3e"}