{"loc": [0, 1, -1], "rotate": [-1.9940702294222215, 1.8355699277131945, -2.130751381618971], "SNR": 0.05, "name": "6t3e"}