{"loc": [6, -7, -2], "rotate": [1.8086530282111104, 1.7327860758281082, 1.512498864655544], "SNR": 0.05, "name": "6t3e"}