{"loc": [3, 5, -2], "rotate": [-2.3505435883055186, 1.7435674566073496, -2.6215101999992547], "SNR": 0.05, "name": "6t3e"}