{"loc": [7, -2, 3], "rotate": [2.537630316143844, 2.5795356047459213, 1.3555977893555107], "SNR": 0.05, "name": "6t3e"}