{"loc": [4, -5, 3], "rotate": [-1.9107899415335468, 1.3001371285364214, -2.329049658062027], "SNR": 0.05, "name": "6t3e"}