{"loc": [3, 5, 0], "rotate": [2.43867792117268, 1.343763604911598, 0.3295256549745117], "SNR": 0.05, "name": "6t3e"}