{"loc": [-1, -7, -1], "rotate": [-2.555007315560445, 0.7670703894671026, -1.3349864112140675], "SNR": 0.05, "name": "6t3e"}