{"loc": [2, -6, -6], "rotate": [-2.230248270823145, 1.9594550112981368, -2.6903169391330364], "SNR": 0.05, "name": "6t3e"}