{"loc": [3, -5, -6], "rotate": [2.9182534031826335, 0.5208526031199632, -0.5912997044829243], "SNR": 0.05, "name": "6t3e"}