{"loc": [3, -4, -3], "rotate": [2.006995077587853, 2.7044770355499295, 0.9002154074405354], "SNR": 0.05, "name": "6t3e"}