{"loc": [-5, -2, 4], "rotate": [2.478179690129754, 1.3463682490871822, 0.6277004306905922], "SNR": 0.05, "name": "6t3e"}