{"loc": [-7, 0, -4], "rotate": [2.1568113209423805, 2.001487308709541, 1.0553862226810122], "SNR": 0.05, "name": "6t3e"}