{"loc": [2, -6, 6], "rotate": [2.494536564086755, 1.4544061142849702, 1.0563236486014027], "SNR": 0.05, "name": "6t3e"}