{"loc": [-4, 3, 7], "rotate": [2.34739150883792, 1.8104267041707514, 0.8966530190075509], "SNR": 0.05, "name": "6t3e"}