{"loc": [-1, 7, 3], "rotate": [-2.6020945857734383, 1.065599467028525, -1.0842470810241156], "SNR": 0.05, "name": "6t3e"}