{"loc": [-3, -6, 5], "rotate": [-2.565949483194381, 0.8074735873160022, -1.20214850513723], "SNR": 0.05, "name": "6t3e"}