{"loc": [-6, 0, 7], "rotate": [2.9254796257064517, 0.7255928744097719, -0.6841599027322725], "SNR": 0.05, "name": "6t3e"}