{"loc": [-3, 2, -4], "rotate": [-2.9978425668365745, 0.8156416050275054, -0.9413393189680315], "SNR": 0.05, "name": "6t3e"}