{"loc": [-5, 3, -2], "rotate": [2.56773155884296, 0.915071405712336, -0.09378043431927838], "SNR": 0.05, "name": "6t3e"}