{"loc": [-5, -5, -3], "rotate": [-3.009763732673051, 0.3133538002092228, -0.677906944728334], "SNR": 0.05, "name": "6t3e"}