{"loc": [-7, -3, -1], "rotate": [2.410222787763944, 0.4315398654205647, 0.17305220494963716], "SNR": 0.05, "name": "6t3e"}