{"loc": [-4, 4, 6], "rotate": [-2.7779943168204597, 0.7629419683537864, -1.3764907883516835], "SNR": 0.05, "name": "6t3e"}