{"loc": [-1, -5, -6], "rotate": [2.202485503615365, 1.1562863898131024, 0.11958195688690335], "SNR": 0.05, "name": "6t3e"}