{"loc": [0, 1, -7], "rotate": [-2.308405575323805, 1.1326825056590935, -1.832817623764863], "SNR": 0.05, "name": "6t3e"}