{"loc": [3, 6, 7], "rotate": [2.3500906431147066, 0.9526013623770797, 0.010751397250222092], "SNR": 0.05, "name": "6t3e"}