{"loc": [-6, 6, 2], "rotate": [-2.5786276554902265, 0.7818600927572102, -1.6752392165860446], "SNR": 0.05, "name": "6t3e"}