{"loc": [-5, -5, 4], "rotate": [2.310206630452387, 1.4975703497485318, 0.223963122306223], "SNR": 0.05, "name": "6t3e"}