{"loc": [-1, 6, 7], "rotate": [2.0865372924821917, 2.0864039543420954, 1.2391207946794995], "SNR": 0.05, "name": "6t3e"}