{"loc": [4, 1, 4], "rotate": [2.346680093061322, 1.897341014931434, 0.8233623448008053], "SNR": 0.05, "name": "6t3e"}