{"loc": [-4, 0, 3], "rotate": [2.515104752084361, 2.384372090191052, 1.4677894499716915], "SNR": 0.05, "name": "6t3e"}