{"loc": [7, -2, 0], "rotate": [2.7835461872420617, 2.0246432855556087, 1.7635591810162574], "SNR": 0.05, "name": "6t3e"}