{"loc": [-3, -1, -5], "rotate": [2.73171466993347, 0.5125497549056637, -0.3295907733719996], "SNR": 0.05, "name": "6t3e"}