{"loc": [-6, -4, 3], "rotate": [-2.5030652160612963, 0.6129112199104125, -1.5855218282259806], "SNR": 0.05, "name": "6t3e"}