{"loc": [1, -6, -1], "rotate": [-2.887692274097905, 0.3018226123000471, -0.9146308168876172], "SNR": 0.05, "name": "6t3e"}