{"loc": [3, -2, 0], "rotate": [-2.615115918958606, 2.659536604497414, -2.9382660824332496], "SNR": 0.05, "name": "6t3e"}