{"loc": [0, 7, -4], "rotate": [1.9737329471865424, 1.825502045193494, 0.6546405146657149], "SNR": 0.05, "name": "6t3e"}