{"loc": [3, 6, 5], "rotate": [2.8316824357493284, 0.6902309898662758, -0.7115302845395207], "SNR": 0.05, "name": "6t3e"}