{"loc": [-5, -7, 6], "rotate": [2.469322599282427, 1.4025106896478297, 0.08085249145044669], "SNR": 0.05, "name": "6t3e"}