{"loc": [-6, 0, -7], "rotate": [2.535616987716348, 0.7393850044117845, 0.029450756726510763], "SNR": 0.05, "name": "6t3e"}