{"loc": [0, 0, -5], "rotate": [-3.1144124769190933, 0.8573362661293772, -0.6537816218532715], "SNR": 0.05, "name": "6t3e"}