{"loc": [-2, -3, -2], "rotate": [2.182954384211266, 1.1475367088333572, 0.24752515608465692], "SNR": 0.05, "name": "6t3e"}