{"loc": [6, 0, 6], "rotate": [1.97337943654751, 1.602502609284558, 0.7894783232626401], "SNR": 0.05, "name": "6t3e"}