{"loc": [-1, 5, 0], "rotate": [2.712166758793929, 2.8101857514906685, 1.7010983290329478], "SNR": 0.05, "name": "6t3e"}