{"loc": [-1, 0, -1], "rotate": [-2.4100874989202903, 1.1784539025600502, -2.0883663904494383], "SNR": 0.05, "name": "6t3e"}