{"loc": [2, -6, 6], "rotate": [2.1943723797482675, 0.8688738084108865, -0.21456938378299314], "SNR": 0.05, "name": "6t3e"}