{"loc": [-4, 6, 6], "rotate": [-2.2387929738171777, 1.2172003604122592, -2.220077471286644], "SNR": 0.05, "name": "6t3e"}