{"loc": [0, 0, 0], "rotate": [2.3185844756400105, 0.7486130806112729, 0.48260858237178755], "SNR": 0.05, "name": "6t3e"}