{"loc": [-7, 1, 3], "rotate": [2.1547585443913073, 1.0614889802894931, 0.8484832063026063], "SNR": 0.05, "name": "6t3e"}