{"loc": [-7, -4, -3], "rotate": [2.4885362613825026, 0.5273342172865494, 0.4560147599366207], "SNR": 0.05, "name": "6t3e"}