{"loc": [-7, -4, -5], "rotate": [1.9420375344804535, 1.8036982278831006, 0.9483474221247766], "SNR": 0.05, "name": "6t3e"}