{"loc": [-7, -5, 3], "rotate": [-2.313546647134161, 1.1903986800419688, -2.1374155977179994], "SNR": 0.05, "name": "6t3e"}