{"loc": [4, 2, -5], "rotate": [-2.296176857678844, 1.324458634673019, -2.7475306958249277], "SNR": 0.05, "name": "6t3e"}