{"loc": [0, 7, -2], "rotate": [2.1255853874205175, 0.8911308230116939, 0.5744044198551511], "SNR": 0.05, "name": "6t3e"}