{"loc": [3, -7, -2], "rotate": [2.17705263135749, 1.5833764313619563, 0.26500886978327104], "SNR": 0.05, "name": "6t3e"}