{"loc": [0, 6, 7], "rotate": [2.464953353610095, 1.1947987212972415, 0.1689355921866675], "SNR": 0.05, "name": "6t3e"}