{"loc": [4, -7, -3], "rotate": [-3.0588261786694617, 0.6017504091647616, -0.9951793722131629], "SNR": 0.05, "name": "6t3e"}