{"loc": [1, -5, -1], "rotate": [2.2327821633706657, 1.0584873116398716, -0.06490094868751126], "SNR": 0.05, "name": "6t3e"}