{"loc": [6, 3, 1], "rotate": [-1.966115158831582, 1.1562727611351102, -1.87138848273835], "SNR": 0.05, "name": "6t3e"}