{"loc": [-7, -3, 0], "rotate": [1.9615746972328998, 1.797311313221006, 0.650962731813438], "SNR": 0.05, "name": "3gl1"}