{"loc": [1, 1, 7], "rotate": [-2.871882856863737, 0.9964229443957568, -1.1774795486277592], "SNR": 0.05, "name": "3gl1"}