{"loc": [1, -4, -3], "rotate": [2.3911593032128438, 0.5145414210029817, -0.08226192303611977], "SNR": 0.05, "name": "3gl1"}