{"loc": [-1, 5, 0], "rotate": [2.2469791575501894, 1.5027345048587744, 0.7022794870006747], "SNR": 0.05, "name": "3gl1"}