{"loc": [6, 4, -2], "rotate": [2.504395534770145, 0.9519279880555764, 0.24237064775630707], "SNR": 0.05, "name": "3gl1"}