{"loc": [3, -5, 4], "rotate": [2.2902743692598526, 1.596215236540804, 0.1915034793077575], "SNR": 0.05, "name": "3gl1"}