{"loc": [-5, -1, 5], "rotate": [2.283061640443785, 1.768962606698774, 1.3144853900128575], "SNR": 0.05, "name": "3gl1"}