{"loc": [3, 7, -5], "rotate": [2.5396594043614362, 1.4262771481999434, 0.6369778705761966], "SNR": 0.05, "name": "3gl1"}