{"loc": [-7, 4, 2], "rotate": [-2.5143551276950307, 1.4883781380286165, -2.6285711453015197], "SNR": 0.05, "name": "3gl1"}