{"loc": [7, -6, -4], "rotate": [2.2344483187909994, 1.7949253533833993, 1.5234492035396328], "SNR": 0.05, "name": "3gl1"}