{"loc": [-2, -7, -3], "rotate": [2.8436261185977703, 0.8568627673684712, 0.12542404953588776], "SNR": 0.05, "name": "3gl1"}