{"loc": [-2, 0, 3], "rotate": [2.624314155237963, 2.5493670601322007, 1.8734497664233136], "SNR": 0.05, "name": "3gl1"}