{"loc": [1, -4, -5], "rotate": [2.58005275977445, 0.8337806598859739, -0.01715801481641676], "SNR": 0.05, "name": "3gl1"}