{"loc": [-2, 2, -4], "rotate": [2.9176634120274763, 0.6686161123385669, -0.3727645687182107], "SNR": 0.05, "name": "3gl1"}