{"loc": [0, 2, 6], "rotate": [3.0253649561079046, 2.294048798983235, 1.7788027187657114], "SNR": 0.05, "name": "3gl1"}