{"loc": [-6, 4, -7], "rotate": [-2.782968290675943, 1.0183472583354127, -1.5843844146657435], "SNR": 0.05, "name": "3gl1"}