{"loc": [7, -2, -5], "rotate": [-2.985482284991535, 0.6558123248752301, -1.0887144484811264], "SNR": 0.05, "name": "3gl1"}