{"loc": [3, 3, -3], "rotate": [2.468159890405504, 1.1818545967718164, 0.2281770337693957], "SNR": 0.05, "name": "3gl1"}