{"loc": [3, 1, -5], "rotate": [2.42081566055626, 1.1210975746238434, 0.5707302571024458], "SNR": 0.05, "name": "3gl1"}