{"loc": [1, 7, -5], "rotate": [-2.1525652030531504, 0.6184565253505035, -1.6851287276998346], "SNR": 0.05, "name": "3gl1"}