{"loc": [3, -1, -3], "rotate": [-2.169588056072443, 0.7062262084345281, -2.413474128276852], "SNR": 0.05, "name": "3gl1"}