{"loc": [7, 6, 1], "rotate": [2.4639579686562567, 1.5472970497935143, 0.16323993834045242], "SNR": 0.05, "name": "3gl1"}