{"loc": [-3, 3, 0], "rotate": [-2.258564536824283, 1.9838119709213053, -2.695694468618188], "SNR": 0.05, "name": "3gl1"}