{"loc": [-1, -2, -7], "rotate": [2.2046609970532622, 1.8704027813648627, 0.918452505186125], "SNR": 0.05, "name": "3gl1"}