{"loc": [2, -3, 1], "rotate": [2.3016364919651116, 1.0620902076806535, 0.8081452395832204], "SNR": 0.05, "name": "3gl1"}