{"loc": [5, 6, -7], "rotate": [2.219538252388994, 0.8567464346017732, 0.4021538205276416], "SNR": 0.05, "name": "3gl1"}