{"loc": [0, 0, 6], "rotate": [2.3864670354796655, 0.3344782182474444, -0.03086709578357667], "SNR": 0.05, "name": "3gl1"}