{"loc": [-2, -4, 2], "rotate": [2.5342662295480274, 1.4877177084908997, 0.29169708592574445], "SNR": 0.05, "name": "3gl1"}