{"loc": [-2, 5, -7], "rotate": [2.9455033318832844, 0.7926963140376391, -0.24476217405608114], "SNR": 0.05, "name": "3gl1"}