{"loc": [3, 7, 1], "rotate": [-2.6260532614027876, 1.2089857727117865, -1.4538797008676156], "SNR": 0.05, "name": "3gl1"}