{"loc": [-7, 0, 2], "rotate": [-2.396338287706097, 0.8494721425543253, -2.016661904313274], "SNR": 0.05, "name": "3gl1"}