{"loc": [-3, 5, 4], "rotate": [-2.8997811724435554, 0.9110490205554415, -0.9883009546407089], "SNR": 0.05, "name": "3gl1"}