{"loc": [0, -2, -7], "rotate": [2.283734524190881, 1.578354033987609, 0.8142310505220424], "SNR": 0.05, "name": "3gl1"}