{"loc": [-1, 1, 6], "rotate": [-2.2984838428383, 0.7406008148324512, -1.840771028018793], "SNR": 0.05, "name": "3gl1"}