{"loc": [3, 4, -4], "rotate": [3.0378291138760667, 0.6642595322912556, -0.7516868207498469], "SNR": 0.05, "name": "3gl1"}