{"loc": [4, 6, -4], "rotate": [-3.101951927986646, 0.3729784981248092, -0.5515259258907221], "SNR": 0.05, "name": "3gl1"}