{"loc": [1, 2, -7], "rotate": [-2.4377327049379875, 1.3664422666256646, -2.296971530168048], "SNR": 0.05, "name": "3gl1"}