{"loc": [0, 5, -5], "rotate": [-2.7633255340217424, 0.5490550194690561, -1.1934168102338525], "SNR": 0.05, "name": "3gl1"}