{"loc": [0, 4, 7], "rotate": [2.153232101701243, 0.8116475163234729, 0.6720312851957786], "SNR": 0.05, "name": "3gl1"}