{"loc": [-6, -5, -5], "rotate": [1.9584990531290156, 1.8829889118099623, 0.816660182747568], "SNR": 0.05, "name": "3gl1"}