{"loc": [-5, 3, -2], "rotate": [-2.987915497065977, 2.2485094817485347, 2.953057976343398], "SNR": 0.05, "name": "3gl1"}