{"loc": [6, -1, 4], "rotate": [-2.6226644430335764, 1.022429330196264, -1.9134703790208827], "SNR": 0.05, "name": "3gl1"}