{"loc": [5, 5, 6], "rotate": [2.1221296685251576, 1.6332421490528946, 1.139370130895409], "SNR": 0.05, "name": "3gl1"}