{"loc": [6, -6, 6], "rotate": [2.3263243183823312, 1.7716234170221226, 1.0165827221945392], "SNR": 0.05, "name": "3gl1"}