{"loc": [2, 3, 6], "rotate": [-2.512344762044215, 0.8636902906441026, -1.698022281901601], "SNR": 0.05, "name": "3gl1"}