{"loc": [-6, 0, -5], "rotate": [2.436227235681023, 1.201597604251025, 0.3430914349571921], "SNR": 0.05, "name": "3gl1"}