{"loc": [0, -7, -6], "rotate": [2.854457841231697, 0.9190318929701911, -0.6126154403660263], "SNR": 0.05, "name": "3gl1"}