{"loc": [-7, 5, -1], "rotate": [2.201938469962266, 1.1221816394865014, 0.5310710289187253], "SNR": 0.05, "name": "3gl1"}