{"loc": [-1, -3, 2], "rotate": [-2.2849025346111764, 2.2808935547718954, -2.8463537476201055], "SNR": 0.05, "name": "3gl1"}