{"loc": [-7, -7, 3], "rotate": [2.8953187713619535, 0.6977765474485953, -0.37007499268431904], "SNR": 0.05, "name": "3gl1"}