{"loc": [0, 3, 7], "rotate": [2.9814933468589317, 1.0081455500125585, -0.5122846334705206], "SNR": 0.05, "name": "3gl1"}