{"loc": [-1, 0, -3], "rotate": [1.9530825071778035, 1.6011074582203353, 0.8034572179828464], "SNR": 0.05, "name": "3gl1"}