{"loc": [2, -4, -4], "rotate": [2.7792363422764406, 0.8406892371527579, -0.33358893393860695], "SNR": 0.05, "name": "3gl1"}