{"loc": [-2, -2, -5], "rotate": [2.9554607504307517, 0.7275523443144127, -0.062251094596777724], "SNR": 0.05, "name": "3gl1"}