{"loc": [-2, -7, 1], "rotate": [-2.4936865671486235, 0.7377816155877536, -1.7999785375091693], "SNR": 0.05, "name": "3gl1"}