{"loc": [-3, 7, 4], "rotate": [2.910472682883745, 0.7725180857948102, -0.47707595055835633], "SNR": 0.05, "name": "3gl1"}