{"loc": [-3, 0, 6], "rotate": [2.3919595741457615, 1.2699174410019474, 0.028862432473198796], "SNR": 0.05, "name": "3gl1"}