{"loc": [-2, 4, -3], "rotate": [2.947887853997619, 0.9624497226618928, -0.19367543314835517], "SNR": 0.05, "name": "3gl1"}