{"loc": [0, 6, -1], "rotate": [1.9859402568583586, 1.6897010653964264, 0.5917203326932717], "SNR": 0.05, "name": "3gl1"}