{"loc": [4, -4, 2], "rotate": [-2.6871923824730217, 0.8542959549346241, -1.389421235127445], "SNR": 0.05, "name": "3gl1"}