{"loc": [0, 6, -2], "rotate": [2.5507780083394302, 0.781654525712116, 0.11732293851299894], "SNR": 0.05, "name": "3gl1"}