{"loc": [7, -2, 4], "rotate": [-2.240819576172799, 0.6128108713337449, -1.7928838970599124], "SNR": 0.05, "name": "3gl1"}