{"loc": [-4, -5, -6], "rotate": [2.2121194976668934, 2.1728670940792822, 1.3011761268831854], "SNR": 0.05, "name": "3gl1"}