{"loc": [0, 2, 0], "rotate": [2.565168463974541, 2.3268188509548633, 1.1158109531315015], "SNR": 0.05, "name": "3gl1"}