{"loc": [-6, -7, -5], "rotate": [-3.0176657085410783, 0.5123130888634695, -1.2197593252040748], "SNR": 0.05, "name": "3gl1"}