{"loc": [0, -5, -3], "rotate": [2.5479798622150387, 1.659598324921525, 0.6730245887629425], "SNR": 0.05, "name": "3gl1"}