{"loc": [-5, 0, 4], "rotate": [-2.2059980276954487, 1.1972676320566185, -1.9280356208447975], "SNR": 0.05, "name": "3gl1"}