{"loc": [5, 5, 6], "rotate": [2.760166068665325, 0.4132096990315241, 0.05316661450505694], "SNR": 0.05, "name": "3gl1"}