{"loc": [0, 7, 1], "rotate": [2.150671748311009, 1.3604536189179837, 0.4122403947787142], "SNR": 0.05, "name": "3gl1"}