{"loc": [7, 0, -1], "rotate": [-2.192068361055499, 1.2425064604132277, -2.5641109722425703], "SNR": 0.05, "name": "3gl1"}