{"loc": [-6, -4, -1], "rotate": [2.2652047581583683, 1.4155963712604012, 0.3555137102127432], "SNR": 0.05, "name": "3gl1"}