{"loc": [2, 2, 4], "rotate": [2.217282619888762, 1.0873591806273377, 0.6044290323709752], "SNR": 0.05, "name": "3gl1"}