{"loc": [-1, 6, 5], "rotate": [-3.0669802063635685, 0.45411141478347195, -0.6550085966117474], "SNR": 0.05, "name": "3gl1"}