{"loc": [4, -2, 5], "rotate": [2.347573153841021, 1.704789945791725, 1.3768429333181444], "SNR": 0.05, "name": "3gl1"}