{"loc": [1, -1, 2], "rotate": [2.3261177591674618, 1.9616712268763992, 0.5955436356244576], "SNR": 0.05, "name": "3gl1"}