{"loc": [3, 4, -5], "rotate": [-2.761195902138724, 0.9618195343504061, -1.1617906938555471], "SNR": 0.05, "name": "3gl1"}