{"loc": [4, -5, 0], "rotate": [2.2430611534593905, 1.1571797643298025, 0.06342144067891346], "SNR": 0.05, "name": "3gl1"}