{"loc": [5, 7, 5], "rotate": [2.3289419323337324, 1.5734750451175552, 0.7246288473051329], "SNR": 0.05, "name": "3gl1"}