{"loc": [-6, 3, 2], "rotate": [2.875494019039455, 0.6705709153978947, -0.021462070199652353], "SNR": 0.05, "name": "3gl1"}