{"loc": [-2, 1, -7], "rotate": [2.3938306652717674, 1.1942474595723973, 0.2806769228472258], "SNR": 0.05, "name": "3gl1"}