{"loc": [-1, -6, -2], "rotate": [-2.6964001019258426, 0.8078105254998704, -1.5811565564144192], "SNR": 0.05, "name": "3gl1"}