{"loc": [7, -1, 2], "rotate": [2.6701788039341783, 0.4486504011291757, -0.3507827152921965], "SNR": 0.05, "name": "3gl1"}