{"loc": [5, 3, 3], "rotate": [2.786368811052947, 0.8367986792363526, -0.2188663436821048], "SNR": 0.05, "name": "3gl1"}