{"loc": [-6, -1, -1], "rotate": [1.9045267291387253, 1.0617035291152943, 0.5210517754115072], "SNR": 0.05, "name": "3gl1"}