{"loc": [4, -3, -1], "rotate": [2.1174961678002195, 1.8814406951363447, 0.6488394776579135], "SNR": 0.05, "name": "3gl1"}