{"loc": [2, 2, 4], "rotate": [2.3872583838410346, 0.8049917875360236, 0.40110149964004527], "SNR": 0.05, "name": "3gl1"}