{"loc": [4, -2, -7], "rotate": [-2.6266234391569414, 1.0288941733603438, -1.4162261484457956], "SNR": 0.05, "name": "3gl1"}