{"loc": [-3, 2, -4], "rotate": [-2.7267038038397797, 0.7249677885418251, -1.2642407070493011], "SNR": 0.05, "name": "3gl1"}