{"loc": [0, -2, 4], "rotate": [2.311065422078413, 0.8924663756951885, 0.308305861929213], "SNR": 0.05, "name": "3gl1"}