{"loc": [-7, 0, 6], "rotate": [2.3727933854989955, 2.0352276715462585, 1.3318123303404021], "SNR": 0.05, "name": "3gl1"}