{"loc": [0, 3, 3], "rotate": [2.050560327773881, 0.5497461885647266, 0.41173729150263], "SNR": 0.05, "name": "3gl1"}