{"loc": [-6, 5, 1], "rotate": [-2.2900583759404394, 1.4361817403493686, -1.9006742236271834], "SNR": 0.05, "name": "3gl1"}