{"loc": [-4, 0, 1], "rotate": [-2.8818461823318477, 2.636808613108158, 2.797500779127061], "SNR": 0.05, "name": "3gl1"}