{"loc": [-6, 4, -4], "rotate": [2.530960688697983, 1.502278357331494, 0.360127522407577], "SNR": 0.05, "name": "3gl1"}