{"loc": [6, 1, -1], "rotate": [2.100958364146481, 1.5905314575062943, 1.1545512141592709], "SNR": 0.05, "name": "3gl1"}