{"loc": [-4, 2, -6], "rotate": [2.3914973746546693, 1.4612512589710756, 1.0781797794184331], "SNR": 0.05, "name": "3gl1"}