{"loc": [0, 0, -2], "rotate": [2.263853080062816, 1.4435317703053094, 1.125704487602834], "SNR": 0.05, "name": "3gl1"}