{"loc": [2, -2, 0], "rotate": [2.114342273780573, 1.590268205603834, 0.9327550085743559], "SNR": 0.05, "name": "3gl1"}