{"loc": [0, 7, 4], "rotate": [2.108530350746855, 1.1925042143168865, 0.9532327623037883], "SNR": 0.05, "name": "3gl1"}