{"loc": [5, 3, 7], "rotate": [2.4011202299283214, 1.3826711838449517, 0.9300445536590339], "SNR": 0.05, "name": "3gl1"}