{"loc": [-2, -6, -7], "rotate": [2.1061609258417713, 1.1099045018746247, 0.8076739046206313], "SNR": 0.05, "name": "3gl1"}