{"loc": [-7, 0, 1], "rotate": [-2.764524890808858, 0.7172153917301317, -1.4042725150902833], "SNR": 0.05, "name": "3gl1"}