{"loc": [0, -2, -2], "rotate": [-2.4888741954781177, 0.8614411157842157, -1.995888460608194], "SNR": 0.05, "name": "3gl1"}