{"loc": [6, -4, -6], "rotate": [2.039701922567705, 1.0689321111287748, 0.5522733050915993], "SNR": 0.05, "name": "3gl1"}