{"loc": [0, -7, 3], "rotate": [0.7049122801347582, 2.096578439267154, -2.8620102951451947], "SNR": 0.05, "name": "3gl1"}