{"loc": [1, 5, 1], "rotate": [-3.1145088031978307, 0.8532062583925115, -1.1279916714493772], "SNR": 0.05, "name": "3gl1"}