{"loc": [-2, 1, -6], "rotate": [-2.1324729265955162, 1.2979876462517612, -1.9908956740217758], "SNR": 0.05, "name": "3gl1"}