{"loc": [-2, 1, -1], "rotate": [-0.874700155719068, 1.1073184842659842, 0.05876391267186869], "SNR": 0.05, "name": "3gl1"}