{"loc": [3, 4, -6], "rotate": [-2.118529954358589, 1.9726606066430128, -2.810411142296898], "SNR": 0.05, "name": "3gl1"}