{"loc": [-6, -7, -4], "rotate": [2.2251064367375646, 0.8895987035331671, 0.586874588758279], "SNR": 0.05, "name": "3gl1"}