{"loc": [-3, -5, -1], "rotate": [2.573309822426302, 0.683960534999934, 0.11142811099505423], "SNR": 0.05, "name": "3gl1"}