{"loc": [4, -1, 0], "rotate": [2.657940624386196, 0.7822935168497039, -0.1353028411278683], "SNR": 0.05, "name": "3gl1"}