{"loc": [-2, -1, -4], "rotate": [-2.3593796081790437, 1.2352838926746028, -2.1680377459047757], "SNR": 0.05, "name": "3gl1"}