{"loc": [-2, 3, -6], "rotate": [2.9033030944310894, 0.7039335596176691, -0.06035001797714694], "SNR": 0.05, "name": "3gl1"}