{"loc": [7, -4, -4], "rotate": [-2.6566284343521365, 0.748187330923076, -1.4250977585656597], "SNR": 0.05, "name": "3gl1"}