{"loc": [-1, -7, 3], "rotate": [2.4094097336100067, 1.6397007944885618, 0.9273256123103284], "SNR": 0.05, "name": "3gl1"}