{"loc": [5, -2, 0], "rotate": [3.0065330754812756, 2.7171508787156338, 2.04379884234904], "SNR": 0.05, "name": "3gl1"}