{"loc": [3, -4, -6], "rotate": [2.4692183169075967, 0.6046818298562322, 0.17634919114015513], "SNR": 0.05, "name": "3gl1"}