{"loc": [0, 2, 6], "rotate": [-2.7120147793221188, 0.9884317833486699, -1.220570836946802], "SNR": 0.05, "name": "3gl1"}