{"loc": [-3, 7, -1], "rotate": [2.038422154642503, 1.9183675952526684, 1.1867516795172424], "SNR": 0.05, "name": "3gl1"}