{"loc": [-4, -4, 6], "rotate": [2.3159567903737472, 1.6037120053673974, 1.2032233816047948], "SNR": 0.05, "name": "3gl1"}