{"loc": [-4, 1, -6], "rotate": [2.478456851789771, 0.5226168831654635, 0.37862014357802404], "SNR": 0.05, "name": "3gl1"}