{"loc": [4, -3, 6], "rotate": [-2.7622180121916453, 2.475758892099118, 2.7729950352418355], "SNR": 0.05, "name": "3gl1"}