{"loc": [-2, -7, -2], "rotate": [2.844940105921897, 0.7245296122868408, -0.13891741288517295], "SNR": 0.05, "name": "3gl1"}