{"loc": [-1, 3, 1], "rotate": [-2.8766276501912955, 0.7952923245568673, -0.7784339062461793], "SNR": 0.05, "name": "3gl1"}