{"loc": [-5, 0, -4], "rotate": [-2.3062193025528583, 0.275071676937082, -1.757048591176432], "SNR": 0.05, "name": "3gl1"}