{"loc": [-6, -3, -6], "rotate": [1.892082201959987, 2.2109636973951194, 1.1032462582323348], "SNR": 0.05, "name": "3gl1"}