{"loc": [2, -2, 6], "rotate": [2.1955031149493074, 1.528969580562595, 0.49490927324801043], "SNR": 0.05, "name": "3gl1"}