{"loc": [-7, 5, 4], "rotate": [2.3325691150499184, 0.720880117894239, -0.03135852603124799], "SNR": 0.05, "name": "3gl1"}