{"loc": [0, 0, 7], "rotate": [-2.796882731242809, 1.0162113351936923, -1.126050872078761], "SNR": 0.05, "name": "3gl1"}