{"loc": [6, -2, 3], "rotate": [2.6603808468560466, 0.41458514868445123, 0.05700405766437502], "SNR": 0.05, "name": "3gl1"}