{"loc": [7, -6, -6], "rotate": [2.0144123244378513, 1.734725651270814, 0.9360736702551912], "SNR": 0.05, "name": "3gl1"}