{"loc": [3, 0, 5], "rotate": [2.463416324743273, 1.613132602213488, 0.5951697682451339], "SNR": 0.05, "name": "3gl1"}