{"loc": [0, 3, -4], "rotate": [1.9341451610239901, 1.6516280415682354, 0.7787662691817625], "SNR": 0.05, "name": "3gl1"}