{"loc": [-1, -5, -1], "rotate": [3.0104790236239176, 0.9470107548081464, -0.6166118273100608], "SNR": 0.05, "name": "3gl1"}