{"loc": [-4, 1, 0], "rotate": [2.1255749890066524, 0.4764550033191951, 0.5101857355349073], "SNR": 0.05, "name": "3gl1"}