{"loc": [5, 6, 2], "rotate": [2.569110185631668, 1.6905442146105207, 1.1792966186658653], "SNR": 0.05, "name": "3gl1"}