{"loc": [-3, -1, -4], "rotate": [2.9946752262950245, 2.710423171506628, 1.9736757881606772], "SNR": 0.05, "name": "3gl1"}