{"loc": [-1, 7, 1], "rotate": [-2.340355428716024, 1.2094839282197312, -1.9833567244199828], "SNR": 0.05, "name": "3gl1"}