{"loc": [-3, 1, -4], "rotate": [-2.396343364660633, 1.4588428786676804, -1.625522297681323], "SNR": 0.05, "name": "3gl1"}