{"loc": [-1, 1, 1], "rotate": [2.0926506590347738, 1.619975630893218, 0.9610512834236273], "SNR": 0.05, "name": "3gl1"}