{"loc": [-7, 3, -3], "rotate": [2.409458249236327, 1.232985366789551, 0.22987267104602996], "SNR": 0.05, "name": "3gl1"}