{"loc": [3, 2, -6], "rotate": [-2.919727539072822, 0.7643387071998055, -1.0777026202380506], "SNR": 0.05, "name": "3gl1"}