{"loc": [-5, -2, 2], "rotate": [2.404792819225795, 0.8211488556285254, 0.21476735358182614], "SNR": 0.05, "name": "3gl1"}