{"loc": [0, -5, 5], "rotate": [-2.6425404624767466, 0.9892668775649422, -1.3261001791757578], "SNR": 0.05, "name": "3gl1"}