{"loc": [0, 1, -5], "rotate": [-2.096419984819115, 0.8545131996466746, -2.244368124596008], "SNR": 0.05, "name": "3gl1"}