{"loc": [-5, 5, -5], "rotate": [-2.2975613805125885, 0.8685434247732989, -2.1036067061654338], "SNR": 0.05, "name": "3gl1"}