{"loc": [4, 0, 7], "rotate": [2.7799697762155655, 0.7072100369714842, -0.061515810176719046], "SNR": 0.05, "name": "3gl1"}