{"loc": [7, 3, 3], "rotate": [1.9407029730465715, 1.6654298812412651, 0.7298114570777733], "SNR": 0.05, "name": "3gl1"}