{"loc": [1, 5, -3], "rotate": [2.0873881703764736, 1.5991881065059574, 0.5582752025038608], "SNR": 0.05, "name": "3gl1"}