{"loc": [-2, -1, 4], "rotate": [2.764368439664635, 0.612291246610931, -0.6225377331140594], "SNR": 0.05, "name": "3gl1"}