{"loc": [-7, 0, 6], "rotate": [3.0631642204897993, 0.7955995762807097, -0.3745660845147198], "SNR": 0.05, "name": "3gl1"}