{"loc": [-7, 0, -3], "rotate": [2.1794814075678635, 1.4660649929846128, 0.8169533325737665], "SNR": 0.05, "name": "3gl1"}