{"loc": [-4, 3, 0], "rotate": [-1.9981784635701558, 1.5656336767690686, -2.2158946870114358], "SNR": 0.05, "name": "3gl1"}