{"loc": [-5, 4, 6], "rotate": [2.150540632041395, 1.0863891002666441, 0.690085656901181], "SNR": 0.05, "name": "3gl1"}