{"loc": [-4, 0, -4], "rotate": [1.9925826613864848, 0.9422401718556646, 0.5251361787939559], "SNR": 0.05, "name": "3gl1"}