{"loc": [0, -2, -1], "rotate": [1.8667774753526243, 0.916093634031464, 0.4137290386821733], "SNR": 0.05, "name": "3gl1"}