{"loc": [6, 7, -4], "rotate": [-2.137157906197633, 1.4657470068302438, -2.5880116321722353], "SNR": 0.05, "name": "3gl1"}