{"loc": [4, -5, -3], "rotate": [2.3250367403588, 1.612421450709277, 0.6415904456191712], "SNR": 0.05, "name": "3gl1"}