{"loc": [5, 2, 0], "rotate": [2.9302250827100096, 0.8405604275210984, -0.6537173842232472], "SNR": 0.05, "name": "3gl1"}