{"loc": [5, 0, -2], "rotate": [2.4420072712093144, 0.32062010218241066, 0.06945650192214696], "SNR": 0.05, "name": "3gl1"}