{"loc": [7, -2, 7], "rotate": [2.1949288034570857, 0.46169851920076205, 0.38901256226862785], "SNR": 0.05, "name": "3gl1"}