{"loc": [7, 0, -5], "rotate": [-2.205501763700845, 1.87348354396253, -2.78629307694619], "SNR": 0.05, "name": "3gl1"}