{"loc": [-4, 0, 4], "rotate": [-2.6364490917010626, 1.0651605034532807, -1.583691139791309], "SNR": 0.05, "name": "3gl1"}