{"loc": [6, -1, 0], "rotate": [-2.9280972438523785, 0.8361735312304194, -1.2750110050816639], "SNR": 0.05, "name": "3gl1"}