{"loc": [4, -7, 6], "rotate": [2.941016178800104, 0.6154427099876103, -0.9982544989943593], "SNR": 0.05, "name": "3gl1"}