{"loc": [-3, 4, -1], "rotate": [2.6636243834394584, 0.9730700999766628, -0.4008990840973205], "SNR": 0.05, "name": "3gl1"}