{"loc": [-4, 0, -1], "rotate": [2.2918052953623933, 1.811582826022104, 1.1340505214855214], "SNR": 0.05, "name": "3gl1"}