{"loc": [-3, 6, 7], "rotate": [2.3475977345312247, 1.0485247019390063, -0.008113666957934373], "SNR": 0.05, "name": "3gl1"}