{"loc": [-7, -7, -5], "rotate": [2.5850142800180764, 1.1006918121972338, 0.15324873653040724], "SNR": 0.05, "name": "3gl1"}