{"loc": [-2, -1, 0], "rotate": [3.130786055832315, 0.49845157938020357, -0.6073925571060413], "SNR": 0.05, "name": "3gl1"}