{"loc": [7, -4, -6], "rotate": [-2.4425579805614626, 1.0225028157809657, -1.3344825496352122], "SNR": 0.05, "name": "3gl1"}