{"loc": [-2, 4, 0], "rotate": [2.0977469148949988, 1.397986343211174, 0.45386244608981857], "SNR": 0.05, "name": "3gl1"}