{"loc": [5, -6, 6], "rotate": [2.0329158726749106, 1.0904508321405486, 0.6745659695679442], "SNR": 0.05, "name": "3gl1"}