{"loc": [-5, 3, 7], "rotate": [-2.759036276131766, 0.8353053511784269, -1.0661472735681297], "SNR": 0.05, "name": "3gl1"}