{"loc": [-3, 7, 2], "rotate": [2.461768409349352, 0.3789406090501417, -0.09774931430485491], "SNR": 0.05, "name": "3gl1"}