{"loc": [-2, -3, 6], "rotate": [-3.0184380018268615, 0.7506540921796715, -0.9705356886064115], "SNR": 0.05, "name": "3gl1"}