{"loc": [7, 1, 2], "rotate": [-2.5530471630324483, 0.6321562773613075, -1.6245437750201952], "SNR": 0.05, "name": "3gl1"}