{"loc": [-2, 7, -1], "rotate": [2.7403539889437636, 0.6171452904799842, -0.0831073722100649], "SNR": 0.05, "name": "3gl1"}