{"loc": [2, -6, -1], "rotate": [-2.4155580458685155, 1.030455514886381, -1.640248551878545], "SNR": 0.05, "name": "3gl1"}