{"loc": [-2, -2, -3], "rotate": [2.8519086466671686, 2.6677888210681537, 1.7382382396362608], "SNR": 0.05, "name": "3gl1"}