{"loc": [-6, 2, 4], "rotate": [2.1332624869808376, 1.939539640841989, 0.6724738341712614], "SNR": 0.05, "name": "3gl1"}