{"loc": [-4, -4, 5], "rotate": [-2.265471517255104, 1.6416921668870383, -2.4535585306573107], "SNR": 0.05, "name": "3gl1"}