{"loc": [6, 2, 0], "rotate": [-2.2096777344587455, 1.0077064314474584, -2.205410901745482], "SNR": 0.05, "name": "3gl1"}