{"loc": [-7, 7, 5], "rotate": [2.49642864147729, 0.7021303111092303, 0.2477427432211096], "SNR": 0.05, "name": "3gl1"}