{"loc": [-6, 0, 3], "rotate": [2.2249603189979514, 1.3866833810976558, 0.7613027670202639], "SNR": 0.05, "name": "3gl1"}