{"loc": [7, 3, -6], "rotate": [-1.8975641772852463, 0.8736030064770938, -1.6979435500363937], "SNR": 0.05, "name": "3gl1"}