{"loc": [1, -6, -7], "rotate": [-2.687448980645835, 0.786383484627724, -1.4388924502753797], "SNR": 0.05, "name": "3gl1"}