{"loc": [0, 0, 7], "rotate": [2.178836431086596, 0.9731408293739242, 0.4804113649666224], "SNR": 0.05, "name": "3gl1"}