{"loc": [0, 0, -6], "rotate": [2.4081257010123194, 0.5428683448303713, -0.16339080581860072], "SNR": 0.05, "name": "3gl1"}