{"loc": [-4, -3, 3], "rotate": [2.7443011197967664, 0.41142075961926045, -0.37585044928493155], "SNR": 0.05, "name": "3gl1"}