{"loc": [-4, -2, 0], "rotate": [2.9108609021842695, 1.046288325943998, -0.48628987166831666], "SNR": 0.05, "name": "3gl1"}