{"loc": [0, -6, 1], "rotate": [2.3336972944403067, 0.8741339760237143, 0.4718769942705098], "SNR": 0.05, "name": "3gl1"}