{"loc": [7, -6, 6], "rotate": [2.440672644710864, 1.9654283060325284, 0.874638092803488], "SNR": 0.05, "name": "3gl1"}