{"loc": [-4, 0, 0], "rotate": [1.797499425008337, 0.25337039117927745, 0.7994700605520455], "SNR": 0.05, "name": "3gl1"}