{"loc": [4, -5, 0], "rotate": [-2.0895226162742837, 0.4318505369146888, -1.4384748485329548], "SNR": 0.05, "name": "3gl1"}