{"loc": [3, 0, 2], "rotate": [2.3287443115988866, 1.7308274559856578, 1.2165505643419179], "SNR": 0.05, "name": "3gl1"}