{"loc": [-2, -6, -4], "rotate": [-2.9859948360841733, 0.8433512977590251, -0.7671591072614862], "SNR": 0.05, "name": "3gl1"}