{"loc": [-2, 3, 4], "rotate": [2.4868843632770994, 1.883110034434452, 1.647852209813883], "SNR": 0.05, "name": "3gl1"}