{"loc": [0, 3, 2], "rotate": [2.511929432851136, 1.3364844514821828, 0.3579448129178084], "SNR": 0.05, "name": "3gl1"}