{"loc": [4, 2, 7], "rotate": [-2.1455008573958456, 1.2085430922507734, -1.9186732103853965], "SNR": 0.05, "name": "3gl1"}