{"loc": [5, 0, -7], "rotate": [2.322985300203027, 1.7200957053431325, 0.9386923954662508], "SNR": 0.05, "name": "3gl1"}