{"loc": [1, -7, -4], "rotate": [2.350540413465129, 1.4251122025801093, 0.42618133186408363], "SNR": 0.05, "name": "3gl1"}