{"loc": [-6, 6, 0], "rotate": [2.375718304492179, 1.5801558463126866, 0.7814660433713054], "SNR": 0.05, "name": "3gl1"}