{"loc": [7, 4, 0], "rotate": [2.376495105139783, 0.8254987505594825, 0.17082259311817122], "SNR": 0.05, "name": "3gl1"}