{"loc": [6, 5, -6], "rotate": [2.038882866214274, 1.1392684390924817, 0.6429476661671201], "SNR": 0.05, "name": "3gl1"}