{"loc": [-6, 7, -4], "rotate": [2.459570926701021, 1.4188052879313022, 0.2420817488692141], "SNR": 0.05, "name": "3gl1"}