{"loc": [-4, 0, 0], "rotate": [2.5756111467848823, 0.44117053342643153, -0.21193650397877845], "SNR": 0.05, "name": "3gl1"}