{"loc": [4, 5, 6], "rotate": [2.3299741160118397, 0.5072409001294425, 0.06055136555127689], "SNR": 0.05, "name": "3gl1"}