{"loc": [-4, 5, 0], "rotate": [2.3275036104380455, 1.2092709441152247, 0.7692669645640909], "SNR": 0.05, "name": "3gl1"}