{"loc": [7, -7, 4], "rotate": [2.3905324643269195, 1.9046628284973424, 1.027205302388933], "SNR": 0.05, "name": "3gl1"}