{"loc": [-3, 5, -7], "rotate": [1.7636774544449827, 1.5801562948405248, 0.7552763909292116], "SNR": 0.05, "name": "3gl1"}