{"loc": [-4, 7, 1], "rotate": [2.981123290295769, 0.9775331510027272, -0.2685053020257478], "SNR": 0.05, "name": "3gl1"}