{"loc": [-4, -4, -4], "rotate": [2.446669875223994, 0.8707617892610364, -0.10617924946679577], "SNR": 0.05, "name": "3gl1"}