{"loc": [-3, -2, -2], "rotate": [2.2385093622964938, 1.0441384070060413, 0.2909753969045205], "SNR": 0.05, "name": "3gl1"}