{"loc": [-4, 0, 0], "rotate": [2.3594312462037808, 0.8993499861641757, 0.3420988805047097], "SNR": 0.05, "name": "3gl1"}