{"loc": [2, 0, -6], "rotate": [2.50040954563703, 0.8150355593138409, -0.2149226869408407], "SNR": 0.05, "name": "3gl1"}