{"loc": [-2, -4, 2], "rotate": [2.3021172170279303, 0.9871983720172263, 0.9031687415023235], "SNR": 0.05, "name": "3gl1"}