{"loc": [7, -6, -2], "rotate": [2.53261090326366, 0.7538624390448517, -0.20026194541893902], "SNR": 0.05, "name": "3gl1"}