{"loc": [3, 3, 0], "rotate": [-2.688235330900769, 0.7769724777351271, -1.5110881005253454], "SNR": 0.05, "name": "3gl1"}