{"loc": [-5, -4, 7], "rotate": [-2.190905027299082, 1.5741810505016876, -2.402214102447854], "SNR": 0.05, "name": "3gl1"}