{"loc": [1, -5, -1], "rotate": [-2.300634498541821, 0.9764962430470474, -2.053357783278696], "SNR": 0.05, "name": "3gl1"}