{"loc": [-1, 0, -5], "rotate": [-2.1552819661175975, 0.5900249538583036, -1.736039204993792], "SNR": 0.05, "name": "3gl1"}