{"loc": [7, 4, -7], "rotate": [2.3990343260018343, 1.6803605396446928, 0.9932668846103608], "SNR": 0.05, "name": "3gl1"}