{"loc": [-2, 6, 3], "rotate": [2.085284787575611, 1.353566194481863, 0.3042525876580633], "SNR": 0.05, "name": "3gl1"}