{"loc": [-3, 6, -7], "rotate": [2.0756503957487684, 1.7679445076899434, 0.7645858558786259], "SNR": 0.05, "name": "3gl1"}