{"loc": [6, -2, -4], "rotate": [2.5846340105483305, 0.7479540857645189, -0.15395574172199963], "SNR": 0.05, "name": "3gl1"}