{"loc": [-7, 5, 0], "rotate": [-2.9009977509801277, 0.8182774303421847, -0.813448014429333], "SNR": 0.05, "name": "3gl1"}