{"loc": [-5, 2, 5], "rotate": [-2.7305173249340338, 0.8491227720674337, -1.6348899821840879], "SNR": 0.05, "name": "3gl1"}