{"loc": [1, -6, -7], "rotate": [-2.8220613266516934, 0.6652882803396382, -1.5205637754764223], "SNR": 0.05, "name": "3gl1"}