{"loc": [-4, 0, -4], "rotate": [-2.093004349351865, 1.474984560540717, -2.2817392458896526], "SNR": 0.05, "name": "3gl1"}