{"loc": [-2, -6, -6], "rotate": [2.366061776168176, 1.8936412416813029, 0.7304987071257141], "SNR": 0.05, "name": "3gl1"}