{"loc": [2, -4, -6], "rotate": [3.006507944677371, 0.6718276398717882, -0.3345381629845466], "SNR": 0.05, "name": "3gl1"}