{"loc": [-4, 0, 1], "rotate": [-2.6978233504486298, 1.3547734807718894, -1.8332709610535733], "SNR": 0.05, "name": "3gl1"}