{"loc": [-7, 5, -2], "rotate": [-3.108568570304211, 0.7143744757355738, -0.9058615496341264], "SNR": 0.05, "name": "3gl1"}