{"loc": [-6, -1, -5], "rotate": [2.093437226250217, 1.030825741734881, 0.6880815957074887], "SNR": 0.05, "name": "3gl1"}