{"loc": [-1, -6, 1], "rotate": [-2.8024197643382656, 0.5896860986055824, -0.8427004219166848], "SNR": 0.05, "name": "3gl1"}