{"loc": [-4, 0, 6], "rotate": [-2.7310458348133215, 0.8523341125029025, -1.3603791416346291], "SNR": 0.05, "name": "3gl1"}