{"loc": [-4, 5, 4], "rotate": [-2.4771045430259067, 1.4931773322423427, -1.7581798115476441], "SNR": 0.05, "name": "3gl1"}