{"loc": [0, 4, 7], "rotate": [1.878502538548089, 1.1527412044516383, 0.6845417014366735], "SNR": 0.05, "name": "3gl1"}