{"loc": [7, 5, 4], "rotate": [2.6366505268888405, 1.619012641800948, 0.4295522641791095], "SNR": 0.05, "name": "3gl1"}