{"loc": [-2, -2, 0], "rotate": [-2.1544367437328833, 1.4656144151429895, -2.153523492382164], "SNR": 0.05, "name": "3gl1"}