{"loc": [-4, 2, -2], "rotate": [2.5941095136002574, 0.6248488057974532, -0.2420438260758295], "SNR": 0.05, "name": "3gl1"}