{"loc": [-4, -3, -2], "rotate": [2.2022664456303875, 1.4570488342720576, 0.7870895312691034], "SNR": 0.05, "name": "3gl1"}