{"loc": [3, -1, -1], "rotate": [-1.0904079187048707, 2.574806715597053, 1.1033631294853237], "SNR": 0.05, "name": "3gl1"}