{"loc": [5, 6, -7], "rotate": [2.002296432104428, 0.8729361335110621, 0.5070970157376221], "SNR": 0.05, "name": "3gl1"}