{"loc": [5, -7, -1], "rotate": [2.0419941038402833, 2.071759812901277, 1.052366735697287], "SNR": 0.05, "name": "3gl1"}