{"loc": [0, 4, -7], "rotate": [2.1829590182046044, 1.5598568666031256, 0.45255728602759127], "SNR": 0.05, "name": "3gl1"}