{"loc": [-6, -7, -4], "rotate": [2.5379062669841463, 1.9188245666586417, 1.372842963826715], "SNR": 0.05, "name": "3gl1"}