{"loc": [-7, 7, 7], "rotate": [-2.554185004192311, 1.3528325781283832, -2.4868151127700098], "SNR": 0.05, "name": "3gl1"}