{"loc": [0, 4, -5], "rotate": [2.6892608342701805, 0.7545605434258459, -0.45553345424272107], "SNR": 0.05, "name": "3gl1"}