{"loc": [7, 3, 2], "rotate": [1.899758237125319, 1.4479332912072265, 0.8063293639039425], "SNR": 0.05, "name": "3gl1"}