{"loc": [-4, -6, 7], "rotate": [2.5634204605972366, 0.9690254491818535, 0.24017757247951874], "SNR": 0.05, "name": "3gl1"}