{"loc": [-7, 7, 5], "rotate": [-2.2669896423577103, 1.627658360825822, -2.134192648073946], "SNR": 0.05, "name": "3gl1"}