{"loc": [-1, 1, -3], "rotate": [2.4057510528108117, 1.4176763688356608, 0.5690368470737941], "SNR": 0.05, "name": "3gl1"}