{"loc": [3, 3, 3], "rotate": [2.48629854724587, 1.4285306183322577, 0.06936605813727036], "SNR": 0.05, "name": "3gl1"}