{"loc": [-3, 0, -2], "rotate": [2.646180694197051, 1.3418702372043203, -0.1585247656301661], "SNR": 0.05, "name": "3gl1"}