{"loc": [2, -1, 5], "rotate": [1.9539682289021385, 1.3028949590106058, 0.8423309504943399], "SNR": 0.05, "name": "3gl1"}