{"loc": [-6, 1, -5], "rotate": [-2.32660315066491, 1.9330951788490496, -2.768831484174263], "SNR": 0.05, "name": "3gl1"}