{"loc": [7, 5, 6], "rotate": [2.362949349457627, 2.033124067882372, 0.8270079850051016], "SNR": 0.05, "name": "3gl1"}