{"loc": [4, -4, -7], "rotate": [2.223991276408642, 1.9621204986394924, 1.2548312462096454], "SNR": 0.05, "name": "3gl1"}