{"loc": [5, -4, -6], "rotate": [-2.2110305676260946, 0.9968253486957414, -1.9695632807023906], "SNR": 0.05, "name": "3gl1"}