{"loc": [1, -3, 2], "rotate": [2.5367272979673374, 0.33649265061691547, -0.555133378475033], "SNR": 0.05, "name": "3gl1"}