{"loc": [-2, 7, -3], "rotate": [2.0742609151161067, 1.8105260314891714, 0.5451111027493377], "SNR": 0.05, "name": "3gl1"}