{"loc": [-2, -3, -4], "rotate": [-2.2097285698793794, 0.8843068614557968, -1.572330180611862], "SNR": 0.05, "name": "3gl1"}