{"loc": [-2, 6, 3], "rotate": [2.4563907459682275, 0.3799077032287108, -0.1987275255309009], "SNR": 0.05, "name": "3gl1"}