{"loc": [-2, -2, -5], "rotate": [-2.95488596217146, 0.8278401934461591, -1.730688762850142], "SNR": 0.05, "name": "3gl1"}