{"loc": [7, 2, -7], "rotate": [-2.5818216773581804, 2.4816067594823705, -2.9592464617601193], "SNR": 0.05, "name": "3gl1"}