{"loc": [3, -6, 0], "rotate": [2.111505997477387, 1.1447919707199337, 0.19219786180818], "SNR": 0.05, "name": "3gl1"}