{"loc": [5, 7, 2], "rotate": [2.302861318506053, 0.6474864861271553, 0.28556025837496], "SNR": 0.05, "name": "3gl1"}