{"loc": [3, 3, 0], "rotate": [-2.0762276244676046, 1.4272978977704143, -2.547419414325598], "SNR": 0.05, "name": "3gl1"}