{"loc": [-4, 6, 0], "rotate": [-2.293547196843502, 1.6582669106777879, -2.412591188483794], "SNR": 0.05, "name": "3gl1"}