{"loc": [2, 6, -3], "rotate": [-2.1081100908056816, 1.097775517270491, -2.041705683314954], "SNR": 0.05, "name": "3gl1"}