{"loc": [1, 7, 1], "rotate": [2.333424815512269, 1.0636188681363359, 0.23029610152490748], "SNR": 0.05, "name": "3gl1"}