{"loc": [-6, 0, 7], "rotate": [-2.3444585914779994, 1.0265914261285387, -2.343045167720656], "SNR": 0.05, "name": "3gl1"}