{"loc": [-4, 5, 5], "rotate": [2.083791593750148, 1.6152794953958003, 0.9169335808533499], "SNR": 0.05, "name": "3gl1"}