{"loc": [4, 5, 3], "rotate": [-2.110145809883624, 0.6255936032555802, -2.1949937369460533], "SNR": 0.05, "name": "3gl1"}