{"loc": [-2, -3, 5], "rotate": [3.0862011208932714, 0.6997510590812009, -0.4082771466471775], "SNR": 0.05, "name": "3gl1"}