{"loc": [-1, 0, -7], "rotate": [2.7876906393359024, 0.7338546234008908, -0.4839733117962227], "SNR": 0.05, "name": "3gl1"}