{"loc": [-6, 5, 2], "rotate": [-2.8060730511739695, 0.7813719705914934, -1.1817610225262911], "SNR": 0.05, "name": "3gl1"}