{"loc": [-5, 5, 7], "rotate": [2.369417260571598, 1.591131230351895, 0.8580017884974687], "SNR": 0.05, "name": "3gl1"}