{"loc": [-3, 6, 0], "rotate": [2.2277237921142885, 1.2933567916548838, 0.8262283455725644], "SNR": 0.05, "name": "3gl1"}