{"loc": [4, -1, -5], "rotate": [-1.1692860665626537, 2.0591016740585153, 0.5164829842115094], "SNR": 0.05, "name": "3gl1"}