{"loc": [1, 3, 0], "rotate": [2.396736863625857, 1.0175400453565107, 0.30272907402917376], "SNR": 0.05, "name": "3gl1"}