{"loc": [2, 4, -7], "rotate": [-2.577932384891091, 0.9804819753788667, -1.630792537466264], "SNR": 0.05, "name": "3gl1"}