{"loc": [1, 1, 7], "rotate": [-2.575958193537772, 0.5832353665219073, -1.182939652625751], "SNR": 0.05, "name": "3gl1"}