{"loc": [7, 7, -3], "rotate": [-2.3848293575276314, 0.5517097972794573, -1.5314666847578182], "SNR": 0.05, "name": "3gl1"}