{"loc": [-3, -1, 7], "rotate": [-2.4722461236570505, 0.7107015822732774, -1.779422348989968], "SNR": 0.05, "name": "3gl1"}