{"loc": [-4, 2, 5], "rotate": [-2.3841766409188785, 0.7458143650287513, -1.8576408582724173], "SNR": 0.05, "name": "3gl1"}