{"loc": [-7, -4, 1], "rotate": [-2.995564473113262, 0.6317843311906707, -0.8058568778067496], "SNR": 0.05, "name": "3gl1"}