{"loc": [7, -3, 3], "rotate": [1.9022838538977187, 1.2462157536650964, 0.8111043468386302], "SNR": 0.05, "name": "3gl1"}