{"loc": [2, 3, -3], "rotate": [-2.5937749672852917, 0.7707581627977762, -1.7410975476860306], "SNR": 0.05, "name": "3gl1"}