{"loc": [-6, -7, -2], "rotate": [-2.2055289780186684, 1.0115050447602008, -2.303996110989213], "SNR": 0.05, "name": "3gl1"}