{"loc": [5, 0, 4], "rotate": [2.3020873236674437, 2.265571746065957, 1.2276113357765657], "SNR": 0.05, "name": "3gl1"}