{"loc": [-7, 0, 4], "rotate": [2.3686652971658795, 1.0727635051421167, 0.5539175243184986], "SNR": 0.05, "name": "3gl1"}