{"loc": [1, -1, 4], "rotate": [2.6271889884058366, 1.4972839605761898, 0.5485640150829263], "SNR": 0.05, "name": "3gl1"}