{"loc": [2, -2, 7], "rotate": [2.7710643661698855, 0.8619364818464286, 0.13809167366275693], "SNR": 0.05, "name": "3gl1"}