{"loc": [5, -1, 2], "rotate": [3.0441155725207003, 0.703834839153665, -0.27748605239897006], "SNR": 0.05, "name": "3gl1"}