{"loc": [3, 4, -5], "rotate": [2.408858255780329, 1.0823251298357264, 0.37322232796730964], "SNR": 0.05, "name": "3gl1"}