{"loc": [-6, -3, -2], "rotate": [2.175191276251626, 1.8696897543829525, 1.0966949011167173], "SNR": 0.05, "name": "3gl1"}