{"loc": [7, -1, 0], "rotate": [-3.107574041310308, 0.30898054873291697, -0.8830193536272594], "SNR": 0.05, "name": "3gl1"}