{"loc": [6, -2, 5], "rotate": [-2.461443249843146, 1.3493597789696221, -1.7720560375771404], "SNR": 0.05, "name": "3gl1"}