{"loc": [-5, 0, 6], "rotate": [2.2213001170104034, 1.995679376320127, 1.1932744387210588], "SNR": 0.05, "name": "3gl1"}