{"loc": [0, 0, 0], "rotate": [-2.62769688791244, 0.9663322829871103, -1.3679551317629577], "SNR": 0.05, "name": "3gl1"}