{"loc": [2, 0, 4], "rotate": [2.3077927447035966, 1.57384806240357, 0.4065145986625933], "SNR": 0.05, "name": "3gl1"}