{"loc": [-3, -2, -2], "rotate": [2.857162706494658, 0.8423303886226777, -0.061438440439627144], "SNR": 0.05, "name": "3gl1"}