{"loc": [-7, 3, -3], "rotate": [2.3099462244346047, 1.3409569083164536, 1.0070100321419706], "SNR": 0.05, "name": "3gl1"}