{"loc": [-4, 4, 2], "rotate": [2.2427942751404397, 0.8223388901010941, 0.24710000234819085], "SNR": 0.05, "name": "3gl1"}