{"loc": [6, 2, 2], "rotate": [-2.2674175059935147, 1.3657557558361302, -2.1065291250075373], "SNR": 0.05, "name": "3gl1"}