{"loc": [-7, -5, 1], "rotate": [-2.2945403156889257, 1.4005618004139935, -1.7847960704500012], "SNR": 0.05, "name": "3gl1"}