{"loc": [-4, -1, -6], "rotate": [1.9671058705675144, 1.23674798887354, 0.17653980173088316], "SNR": 0.05, "name": "3gl1"}