{"loc": [-5, 5, -6], "rotate": [-2.7316021136044615, 1.006577198921341, -1.4432702710977778], "SNR": 0.05, "name": "3gl1"}