{"loc": [-7, -3, 0], "rotate": [-2.897927425673774, 0.5208344181965673, -0.8755450238103611], "SNR": 0.05, "name": "3gl1"}