{"loc": [-6, 7, 6], "rotate": [2.1472711870779766, 1.2459072730325293, 0.5127524893563867], "SNR": 0.05, "name": "3gl1"}