{"loc": [0, -2, 5], "rotate": [-2.5343709883373537, 0.8356881525195607, -1.5044092256993467], "SNR": 0.05, "name": "3gl1"}