{"loc": [-7, -1, 3], "rotate": [2.3686579255756004, 1.1462898623887334, 0.47507272178997734], "SNR": 0.05, "name": "3gl1"}