{"loc": [-1, -2, -7], "rotate": [-2.499489209727996, 1.1638241562942517, -2.065807302674761], "SNR": 0.05, "name": "3gl1"}