{"loc": [6, -4, -3], "rotate": [2.711298814098452, 0.7391121532122167, -0.21015058765023004], "SNR": 0.05, "name": "3gl1"}