{"loc": [3, 7, -1], "rotate": [-2.315006544556351, 0.938603740336031, -2.2080205495269807], "SNR": 0.05, "name": "3gl1"}