{"loc": [7, -1, -1], "rotate": [2.920199023938703, 0.7405347667898537, -0.49042463368363215], "SNR": 0.05, "name": "3gl1"}