{"loc": [1, 0, 2], "rotate": [2.259020865805886, 1.8263422364505608, 1.0940014921073693], "SNR": 0.05, "name": "3gl1"}