{"loc": [5, 5, 6], "rotate": [2.4330116624261633, 1.9798193010320038, 1.0937422122837739], "SNR": 0.05, "name": "3gl1"}