{"loc": [6, 3, -4], "rotate": [-2.6369541881950345, 0.7425173431824217, -0.944919673084129], "SNR": 0.05, "name": "3gl1"}