{"loc": [-1, -7, 5], "rotate": [-2.2863513948135346, 1.3148241325525754, -2.1694372154041965], "SNR": 0.05, "name": "3gl1"}