{"loc": [0, -5, 4], "rotate": [2.453484093725631, 1.4507822673859194, 0.042993611068714896], "SNR": 0.05, "name": "3gl1"}