{"loc": [1, 7, 7], "rotate": [2.680141401970608, 0.8926431316558264, -0.14120632365069585], "SNR": 0.05, "name": "3gl1"}