{"loc": [-1, -2, 2], "rotate": [2.812353379535911, 0.6215869315717943, -0.15667833451706425], "SNR": 0.05, "name": "3gl1"}