{"loc": [5, -6, 0], "rotate": [2.255774786426833, 1.3378290054510453, 0.792603877442385], "SNR": 0.05, "name": "3gl1"}