{"loc": [-4, 2, -2], "rotate": [1.819563723565704, 0.9444711982811614, 0.25451430838609157], "SNR": 0.05, "name": "3gl1"}