{"loc": [-3, 0, 5], "rotate": [2.115710553067837, 1.570727755747786, 0.6196592953943219], "SNR": 0.05, "name": "3gl1"}