{"loc": [-6, 5, -4], "rotate": [2.0467714575058116, 0.9425836071149569, 0.5922136407211394], "SNR": 0.05, "name": "3gl1"}