{"loc": [0, 2, 0], "rotate": [-2.311167778841501, 0.9359036629195426, -2.1556315270343878], "SNR": 0.05, "name": "3gl1"}