{"loc": [3, 0, 5], "rotate": [2.322731316263833, 1.1741746842759784, 0.21740609032339772], "SNR": 0.05, "name": "3gl1"}