{"loc": [0, 2, -4], "rotate": [2.1479600467862037, 0.2157988845885511, 0.06129898105676623], "SNR": 0.05, "name": "3gl1"}