{"loc": [-3, -4, -7], "rotate": [2.2891175001453217, 1.2541066246838115, 0.12642098339819982], "SNR": 0.05, "name": "3gl1"}