{"loc": [-5, 3, 0], "rotate": [2.3097546343526147, 2.3084352657815264, 1.5108003022011316], "SNR": 0.05, "name": "3gl1"}