{"loc": [-7, 5, 4], "rotate": [-2.1143912658953723, 1.0476842051006425, -2.0549086282761464], "SNR": 0.05, "name": "3gl1"}