{"loc": [-5, 2, 3], "rotate": [-2.8467488498754254, 0.7771954071695608, -1.1636337713033555], "SNR": 0.05, "name": "3gl1"}