{"loc": [7, -6, 4], "rotate": [-2.391561858285873, 1.0765832530261874, -1.8909181841651561], "SNR": 0.05, "name": "3gl1"}