{"loc": [6, 0, -4], "rotate": [2.59276638744022, 1.2051491930673013, 0.3008659819276937], "SNR": 0.05, "name": "3gl1"}