{"loc": [-2, 2, 0], "rotate": [-3.0474728912507554, 0.729903000057435, -1.1281111447135608], "SNR": 0.05, "name": "3gl1"}