{"loc": [-3, 0, -2], "rotate": [-2.519512881075698, 1.1858562312508991, -1.4134694877426235], "SNR": 0.05, "name": "3gl1"}