{"loc": [-2, 4, 1], "rotate": [2.8373117738708737, 1.1236281991658073, -0.3515830475785387], "SNR": 0.05, "name": "3gl1"}