{"loc": [-3, -4, -4], "rotate": [2.4546386709640493, 1.1560646636895497, 0.29810062376101243], "SNR": 0.05, "name": "3gl1"}