{"loc": [5, 7, 7], "rotate": [-2.677995044516998, 0.9362741224331477, -1.5394141560706112], "SNR": 0.05, "name": "3gl1"}