{"loc": [0, -1, 0], "rotate": [-2.815454438924555, 0.5404376212940666, -1.4326039459085114], "SNR": 0.05, "name": "3gl1"}