{"loc": [-5, 2, 6], "rotate": [2.107772656609581, 1.6613030088040603, 1.0627803422342685], "SNR": 0.05, "name": "3gl1"}