{"loc": [-6, 3, 5], "rotate": [-2.183887504876225, 1.4404776924316232, -2.2194166039179115], "SNR": 0.05, "name": "3gl1"}