{"loc": [6, -1, -7], "rotate": [2.1458187110386118, 1.9868610769368584, 0.6094546243661702], "SNR": 0.05, "name": "3gl1"}