{"loc": [-6, 4, -7], "rotate": [-2.574697724367843, 2.131659380791316, -2.887108428703296], "SNR": 0.05, "name": "3gl1"}