{"loc": [-5, 7, 2], "rotate": [-2.2520813945713756, 0.8128552062103042, -1.7068882976477413], "SNR": 0.05, "name": "3gl1"}