{"loc": [3, 5, -4], "rotate": [-2.4587645317080504, 1.5511173255483417, -2.325093418176643], "SNR": 0.05, "name": "3gl1"}