{"loc": [4, -4, 0], "rotate": [-1.904525990216743, 1.4118839013422162, -2.2520357563960363], "SNR": 0.05, "name": "3gl1"}