{"loc": [-1, -6, -7], "rotate": [2.301911578619974, 1.5336506744392397, 1.4293996153959465], "SNR": 0.05, "name": "3gl1"}