{"loc": [5, -6, -6], "rotate": [2.1048183377015843, 1.8911720715002325, 0.8483457043276659], "SNR": 0.05, "name": "3gl1"}