{"loc": [0, 4, -3], "rotate": [-2.9379661787957727, 0.6624339175861441, -0.6466971138878156], "SNR": 0.05, "name": "3gl1"}