{"loc": [1, 0, 7], "rotate": [-2.231392732489679, 1.488154580133758, -2.101631905889794], "SNR": 0.05, "name": "3gl1"}