{"loc": [7, 5, -4], "rotate": [2.3575730536048454, 1.8009081698474578, 1.3572362420571646], "SNR": 0.05, "name": "3gl1"}