{"loc": [7, 1, 3], "rotate": [1.8694736227092643, 0.5176809343591813, 0.7452064280006168], "SNR": 0.05, "name": "3gl1"}