{"loc": [-5, -6, 2], "rotate": [-2.284358577735203, 1.469797264222516, -2.039856880966603], "SNR": 0.05, "name": "3gl1"}