{"loc": [1, -4, 0], "rotate": [2.2447550321991634, 1.472017084536731, 0.7746317739387747], "SNR": 0.05, "name": "3gl1"}