{"loc": [-7, -7, -4], "rotate": [2.802932885564647, 1.5787460389284802, 0.5759418133890416], "SNR": 0.05, "name": "3gl1"}