{"loc": [2, -1, 7], "rotate": [-2.5166757453940463, 2.124379095927268, 3.0065578548364598], "SNR": 0.05, "name": "3gl1"}