{"loc": [3, 6, 3], "rotate": [-3.0730718375596675, 0.7097952686131617, -1.1854644171422217], "SNR": 0.05, "name": "3gl1"}