{"loc": [1, -3, 2], "rotate": [0.9964306195578055, 1.9599027407964178, -2.343139662577992], "SNR": 0.05, "name": "3gl1"}