{"loc": [1, -6, -4], "rotate": [-2.5220180868569786, 1.0557400382729376, -1.8256762548391596], "SNR": 0.05, "name": "3gl1"}