{"loc": [-6, 1, -7], "rotate": [-2.1785763797232005, 2.738849050134795, -2.7302319799121064], "SNR": 0.05, "name": "3gl1"}