{"loc": [-2, 2, 6], "rotate": [1.8453602429070541, 0.9876147041535968, -0.028637477399754946], "SNR": 0.05, "name": "3gl1"}