{"loc": [2, 7, 3], "rotate": [2.4349516329537146, 0.9534837708812945, 0.3501467636993105], "SNR": 0.05, "name": "3gl1"}