{"loc": [6, -6, 3], "rotate": [2.672514088742822, 0.7672097207860998, -0.15571411463583842], "SNR": 0.05, "name": "3gl1"}