{"loc": [-6, 2, -4], "rotate": [2.225318462958675, 1.071490207484376, -0.08834122759020697], "SNR": 0.05, "name": "3gl1"}