{"loc": [2, 4, -7], "rotate": [-2.348518982658643, 1.7438842549507427, -2.3496776980336698], "SNR": 0.05, "name": "3gl1"}