{"loc": [0, -5, 6], "rotate": [-1.872555162161764, 2.6131781832376566, -2.263277525673994], "SNR": 0.05, "name": "3gl1"}