{"loc": [-6, 3, -4], "rotate": [2.1136937380621927, 1.5172865935162942, 0.9381281870170337], "SNR": 0.05, "name": "3gl1"}