{"loc": [-1, -7, -4], "rotate": [1.930723197803566, 1.0885645313330472, 0.8702262876446158], "SNR": 0.05, "name": "3gl1"}