{"loc": [-3, -1, 5], "rotate": [-1.3290275061332337, 1.652139590771969, 0.8035909465126617], "SNR": 0.05, "name": "3gl1"}