{"loc": [-1, -7, 2], "rotate": [1.9954426045082394, 1.3619618069217523, 0.905621745031627], "SNR": 0.05, "name": "3gl1"}