{"loc": [-7, 0, -2], "rotate": [2.526094973238053, 1.1373529088144207, 0.008990684380415555], "SNR": 0.05, "name": "3gl1"}