{"loc": [3, 2, -2], "rotate": [2.7854598395132464, 1.353111994085536, 0.39867517358666993], "SNR": 0.05, "name": "3gl1"}