{"loc": [2, -5, 0], "rotate": [-2.77882684342467, 0.6879614068996242, -1.2570001596231324], "SNR": 0.05, "name": "3gl1"}