{"loc": [0, -4, -2], "rotate": [-2.662252985777187, 0.6413611089730654, -1.0228148211802497], "SNR": 0.05, "name": "3gl1"}