{"loc": [-6, -7, 5], "rotate": [-2.295561237244311, 2.256791025101839, -3.039912076142665], "SNR": 0.05, "name": "3gl1"}