{"loc": [4, -6, 6], "rotate": [-1.8069954711026528, 1.1999037959043786, -2.6409711727404765], "SNR": 0.05, "name": "3gl1"}