{"loc": [-5, -4, -6], "rotate": [2.400842575760698, 0.6187339908567006, 0.08668415532946361], "SNR": 0.05, "name": "3gl1"}