{"loc": [-6, -1, 1], "rotate": [-3.1160063791723758, 0.6389432556291448, -1.19198600358963], "SNR": 0.05, "name": "3gl1"}