{"loc": [0, -3, 2], "rotate": [2.2047450472337826, 1.2073085545323206, 0.25011633159054164], "SNR": 0.05, "name": "3gl1"}