{"loc": [0, -2, -2], "rotate": [2.209861184875551, 0.8189940189694854, 0.3901328039811415], "SNR": 0.05, "name": "3gl1"}