{"loc": [7, 2, -2], "rotate": [2.6656398305194178, 0.4035066979336921, -0.38713106366923433], "SNR": 0.05, "name": "3gl1"}