{"loc": [4, 6, 2], "rotate": [2.373357258224023, 0.9149411235695661, -0.19666152488759278], "SNR": 0.05, "name": "3gl1"}