{"loc": [-3, -3, -1], "rotate": [2.058220544044593, 0.8703979378626727, 0.5575529976017384], "SNR": 0.05, "name": "3gl1"}