{"loc": [6, -1, -5], "rotate": [2.3207734977006234, 2.2583532795551324, 1.1767739310081227], "SNR": 0.05, "name": "3gl1"}