{"loc": [-5, 2, -3], "rotate": [-2.017602298032344, 1.1747966750432772, -1.9557819210152378], "SNR": 0.05, "name": "3gl1"}