{"loc": [-3, -7, -4], "rotate": [2.8090237917152816, 0.5423601033039795, -0.44954221432485764], "SNR": 0.05, "name": "3gl1"}