{"loc": [7, -6, 6], "rotate": [-2.5958110993314545, 0.8510299045070335, -1.5765361026428821], "SNR": 0.05, "name": "3gl1"}