{"loc": [-5, -7, 6], "rotate": [-2.031395707291454, 0.7286337364555956, -1.7082658606581185], "SNR": 0.05, "name": "3gl1"}