{"loc": [-7, -5, 0], "rotate": [-3.101613550715262, 0.8273641742272642, -0.6033934636798993], "SNR": 0.05, "name": "3gl1"}