{"loc": [-7, -6, -5], "rotate": [2.2818323866884094, 1.487584001663896, 0.8343336189040207], "SNR": 0.05, "name": "3gl1"}