{"loc": [5, 6, -1], "rotate": [-2.8299375557869064, 1.1664955611003667, -1.0817108525518249], "SNR": 0.05, "name": "3gl1"}