{"loc": [6, 1, 7], "rotate": [2.0956758145935104, 1.5496972533984417, 0.24900618457665247], "SNR": 0.05, "name": "3gl1"}