{"loc": [-6, 6, 5], "rotate": [-2.523522381996272, 2.2796697739756633, 2.9966475476107215], "SNR": 0.05, "name": "3gl1"}