{"loc": [-6, 6, -5], "rotate": [2.9476924204671984, 0.8101763123035904, -0.09916369295937409], "SNR": 0.05, "name": "3gl1"}