{"loc": [-1, 4, -5], "rotate": [2.569022261791051, 1.3316597186616363, 0.9545145010932888], "SNR": 0.05, "name": "3gl1"}