{"loc": [7, -2, -2], "rotate": [2.2695666408345834, 1.5076171911792098, 0.4870779796751015], "SNR": 0.05, "name": "3gl1"}