{"loc": [2, 0, -6], "rotate": [-2.5031919262292393, 0.9990750644875959, -2.0392556123362673], "SNR": 0.05, "name": "3gl1"}