{"loc": [-5, -1, -1], "rotate": [2.796217256662299, 0.8669834561034492, 0.010286502811273808], "SNR": 0.05, "name": "3gl1"}