{"loc": [6, 0, -1], "rotate": [2.3803012344268994, 1.7874282335130065, 1.5173486324322192], "SNR": 0.05, "name": "3gl1"}