{"loc": [7, -3, 4], "rotate": [2.5418977108579583, 0.7895373458926294, 0.20806734713444322], "SNR": 0.05, "name": "3gl1"}