{"loc": [7, 6, -1], "rotate": [2.710475984589085, 0.7783341731451692, -0.2731944528429204], "SNR": 0.05, "name": "3gl1"}