{"loc": [0, 1, 0], "rotate": [2.1475935671004573, 1.291737098666846, 0.7789110158083501], "SNR": 0.05, "name": "3gl1"}