{"loc": [7, 1, -3], "rotate": [1.8580065481601364, 1.4355376983117776, 0.6923617603092954], "SNR": 0.05, "name": "3gl1"}