{"loc": [-1, 3, 3], "rotate": [-2.783429927318976, 0.6788532139526051, -0.98608513451365], "SNR": 0.05, "name": "3gl1"}