{"loc": [-7, 3, 2], "rotate": [2.435023764563334, 2.161981653261376, 1.380481700629638], "SNR": 0.05, "name": "3gl1"}