{"loc": [0, -1, 6], "rotate": [-3.1065210011980597, 0.8183526853113107, -0.9956780789268346], "SNR": 0.05, "name": "3gl1"}