{"loc": [0, 6, 0], "rotate": [2.6973158682427236, 2.648318402616551, 1.9848890693227832], "SNR": 0.05, "name": "3gl1"}