{"loc": [7, 2, -7], "rotate": [2.3876765161648277, 0.916569176745959, -0.29915871092973856], "SNR": 0.05, "name": "3gl1"}