{"loc": [-1, -4, 0], "rotate": [2.4302786539772243, 1.0495378557039412, 0.6196381023990732], "SNR": 0.05, "name": "3gl1"}