{"loc": [-5, -5, 0], "rotate": [2.8305790366583925, 0.7619757933580747, -0.2799518764051067], "SNR": 0.05, "name": "3gl1"}