{"loc": [0, -4, 2], "rotate": [-2.524327439155316, 0.6577394653859674, -1.9334789461277764], "SNR": 0.05, "name": "3gl1"}