{"loc": [-1, -1, 0], "rotate": [2.356871508122009, 0.9616850707444046, 0.5717343340929522], "SNR": 0.05, "name": "3gl1"}