{"loc": [-5, -4, 3], "rotate": [3.102689284954429, 0.7175250132761228, -1.0721173735575766], "SNR": 0.05, "name": "3gl1"}