{"loc": [-4, 6, -6], "rotate": [-2.011274831772277, 1.4420915241147363, -2.525362641277465], "SNR": 0.05, "name": "3gl1"}