{"loc": [0, 1, 2], "rotate": [2.111191525831364, 1.1547953280686298, 0.5525008147522434], "SNR": 0.05, "name": "3gl1"}