{"loc": [5, 2, -1], "rotate": [2.5632904808459407, 0.6185683914014435, -0.13306134558124091], "SNR": 0.05, "name": "3gl1"}