{"loc": [7, 5, 0], "rotate": [2.777783841471328, 0.18594297207576035, 0.02000608168686884], "SNR": 0.05, "name": "3gl1"}