{"loc": [7, 4, 2], "rotate": [2.085281307359859, 1.4641665111720252, 0.9718422658920581], "SNR": 0.05, "name": "3gl1"}