{"loc": [3, 5, 0], "rotate": [-2.390862890478036, 1.0938706276382055, -1.7074436336375156], "SNR": 0.05, "name": "3gl1"}