{"loc": [2, 7, -7], "rotate": [-2.738677105404285, 0.5512908010487622, -1.1512914519793847], "SNR": 0.05, "name": "3gl1"}