{"loc": [-4, -1, -1], "rotate": [-2.6950583181255476, 0.8840646504206292, -1.4376490377537756], "SNR": 0.05, "name": "3gl1"}