{"loc": [4, -7, 7], "rotate": [2.3612865207908755, 1.6324032299648754, 0.7593032624533175], "SNR": 0.05, "name": "3gl1"}