{"loc": [6, -7, -3], "rotate": [2.191268499844454, 0.8110180113102902, 0.0046277450241996795], "SNR": 0.05, "name": "3gl1"}