{"loc": [3, -6, 6], "rotate": [2.472436935359078, 1.285792192788639, 0.3236186963775561], "SNR": 0.05, "name": "3gl1"}