{"loc": [2, 5, 0], "rotate": [2.7012166853078035, 0.9015162374405669, 0.2880952936410877], "SNR": 0.05, "name": "3gl1"}