{"loc": [5, 0, -2], "rotate": [2.559180831582653, 0.7121803912539613, 0.04760612520645338], "SNR": 0.05, "name": "3gl1"}