{"loc": [7, -1, -3], "rotate": [-2.2396985140600707, 1.500187326179491, -2.1649258000548923], "SNR": 0.05, "name": "3gl1"}