{"loc": [-2, 4, 0], "rotate": [2.299774003230809, 0.8496511257433114, 0.11367121923015229], "SNR": 0.05, "name": "3gl1"}