{"loc": [-7, 0, 4], "rotate": [-2.1589334591477023, 1.3045414298502929, -2.0825747383240816], "SNR": 0.05, "name": "3gl1"}