{"loc": [4, -2, -4], "rotate": [-2.1620516281491073, 1.438756759825147, -2.1884914429441418], "SNR": 0.05, "name": "3gl1"}