{"loc": [-3, 3, 6], "rotate": [2.607632815922677, 2.514756503697046, 1.7532769983812795], "SNR": 0.05, "name": "3gl1"}