{"loc": [1, -7, 1], "rotate": [-2.2654286105978154, 1.4138043039507109, -1.6428570440161403], "SNR": 0.05, "name": "3gl1"}