{"loc": [-3, -6, -2], "rotate": [-2.5410849692200776, 0.6445808244204995, -1.338885205667244], "SNR": 0.05, "name": "3gl1"}