{"loc": [0, -2, 0], "rotate": [-2.1713796233612097, 1.2295784316091938, -2.0774412514610283], "SNR": 0.05, "name": "3gl1"}