{"loc": [0, -4, 0], "rotate": [-2.2838492507741557, 1.0761648512050581, -2.178008031978294], "SNR": 0.05, "name": "3gl1"}