{"loc": [-5, 5, 1], "rotate": [2.4942779625362617, 1.4818839895854303, 0.1984548703931494], "SNR": 0.05, "name": "3gl1"}