{"loc": [7, -7, 1], "rotate": [-2.676937491704826, 0.7551263159210321, -1.6658018271811978], "SNR": 0.05, "name": "3gl1"}