{"loc": [-5, 5, -4], "rotate": [2.058240247868505, 1.8254601015088021, 0.8671802356440399], "SNR": 0.05, "name": "3gl1"}