{"loc": [-7, 2, -3], "rotate": [2.7111790352282976, 0.8325468315896916, 0.06322566014949588], "SNR": 0.05, "name": "3gl1"}