{"loc": [1, -5, 3], "rotate": [2.891573444297585, 0.8038987706852855, -0.3610499129472267], "SNR": 0.05, "name": "3gl1"}