{"loc": [2, 3, 4], "rotate": [-2.390199349244087, 1.0301883929642484, -1.8915064803238395], "SNR": 0.05, "name": "3gl1"}