{"loc": [5, -6, -6], "rotate": [2.489171560431292, 2.1493219101878895, 1.215574435087649], "SNR": 0.05, "name": "3gl1"}