{"loc": [-3, 2, -5], "rotate": [2.523215450718275, 1.6677021484243082, 1.245751903174345], "SNR": 0.05, "name": "3gl1"}