{"loc": [2, 4, 0], "rotate": [2.451699643256811, 1.2579903454647454, 0.6092090311472085], "SNR": 0.05, "name": "3gl1"}