{"loc": [7, -2, 0], "rotate": [1.9223738969915616, 1.0838935534933005, 0.7118467712197344], "SNR": 0.05, "name": "3gl1"}