{"loc": [0, 3, -6], "rotate": [2.5299557071776237, 1.7636862445092873, 1.404883570838492], "SNR": 0.05, "name": "3gl1"}