{"loc": [-1, -1, 4], "rotate": [2.1421117686669935, 1.072160559537384, 0.2949346833904285], "SNR": 0.05, "name": "3gl1"}