{"loc": [0, 0, 2], "rotate": [2.728366531893667, 0.39510394629737283, -0.1443631571416237], "SNR": 0.05, "name": "3gl1"}