{"loc": [2, 6, -3], "rotate": [2.9257086390167775, 0.45416516935492407, -0.31246648664338184], "SNR": 0.05, "name": "3gl1"}