{"loc": [7, 5, -3], "rotate": [2.8997986940243456, 1.1514514263669144, 0.2719163988275834], "SNR": 0.05, "name": "3gl1"}