{"loc": [0, 7, -6], "rotate": [2.313012194812264, 0.9711375708722991, 0.013827712664806924], "SNR": 0.05, "name": "3gl1"}