{"loc": [7, 3, -3], "rotate": [-2.5908861130287217, 0.497908070872583, -1.6595572259009448], "SNR": 0.05, "name": "3gl1"}