{"loc": [-1, -2, -2], "rotate": [2.2442947211422646, 1.5222737803160176, 0.6551779171856115], "SNR": 0.05, "name": "3gl1"}