{"loc": [4, -3, -7], "rotate": [2.3228267277410115, 1.6331025506701566, 0.6448464161486349], "SNR": 0.05, "name": "3gl1"}