{"loc": [-4, 0, 6], "rotate": [-2.7549001538685918, 0.7891879643109435, -1.4275089177476235], "SNR": 0.05, "name": "3gl1"}