{"loc": [-5, -2, 5], "rotate": [2.6851817454798845, 1.0565319698630933, 0.21528969403039389], "SNR": 0.05, "name": "3gl1"}