{"loc": [2, 2, 3], "rotate": [-2.047120754481239, 0.5490631898142485, -2.235457073793758], "SNR": 0.05, "name": "3gl1"}