{"loc": [3, -4, 5], "rotate": [-2.2121102139157194, 1.372579896668384, -1.8480976025133555], "SNR": 0.05, "name": "3gl1"}