{"loc": [0, -6, -4], "rotate": [2.747363541699342, 1.2780983025683819, -0.3437978104790099], "SNR": 0.05, "name": "3gl1"}