{"loc": [2, -5, -1], "rotate": [2.62610620797018, 2.152032184185886, 1.3418112398288513], "SNR": 0.05, "name": "3gl1"}