{"loc": [-7, 1, 4], "rotate": [2.955673998634347, 0.7043466800451732, -0.051244608394662675], "SNR": 0.05, "name": "3gl1"}