{"loc": [0, -7, 7], "rotate": [2.052302699236078, 1.572525696062861, 0.5411704457757743], "SNR": 0.05, "name": "3gl1"}