{"loc": [-6, -6, -7], "rotate": [2.312698072280843, 2.173806613865352, 1.25157193659262], "SNR": 0.05, "name": "3gl1"}