{"loc": [3, -6, 5], "rotate": [2.920685354061706, 0.9601455534276331, -0.23364925384402147], "SNR": 0.05, "name": "3gl1"}