{"loc": [-3, -5, 0], "rotate": [2.724391684229714, 1.6292898716054525, 1.1949285255921334], "SNR": 0.05, "name": "3gl1"}