{"loc": [7, -2, 4], "rotate": [1.9993156858154102, 1.4761023504872866, 0.6197121718975896], "SNR": 0.05, "name": "3gl1"}