{"loc": [-5, 0, 3], "rotate": [2.9439397779272274, 0.8759444968417669, -0.3059448675517323], "SNR": 0.05, "name": "3gl1"}