{"loc": [-3, 0, -6], "rotate": [2.0661249151823275, 1.6650778815696197, 0.636212009836751], "SNR": 0.05, "name": "3gl1"}