{"loc": [2, -6, -1], "rotate": [2.6524256447057635, 2.429341933434091, 1.4788886801431418], "SNR": 0.05, "name": "3gl1"}