{"loc": [-5, -6, 1], "rotate": [2.646903676287983, 1.4659198906328916, 0.25801313061852726], "SNR": 0.05, "name": "3gl1"}