{"loc": [4, 6, -4], "rotate": [2.4027977317409186, 2.125546675682322, 1.1681788798590873], "SNR": 0.05, "name": "3gl1"}