{"loc": [-1, 2, -6], "rotate": [-2.6824169633464257, 0.7272934571446389, -1.1239192341182789], "SNR": 0.05, "name": "3gl1"}