{"loc": [7, 3, 7], "rotate": [-2.955977710997981, 2.436527998719539, 2.4601044180483282], "SNR": 0.05, "name": "3gl1"}