{"loc": [1, -6, -6], "rotate": [3.1156869831708005, 0.6849909913788825, -0.8293486760706469], "SNR": 0.05, "name": "3gl1"}