{"loc": [0, 1, -4], "rotate": [-2.2008723830514665, 2.3391935602297522, -2.987938834328331], "SNR": 0.05, "name": "3gl1"}