{"loc": [3, 4, -7], "rotate": [1.9871068515553023, 0.6094735463102927, 0.5805353738460244], "SNR": 0.05, "name": "3gl1"}