{"loc": [1, -5, 3], "rotate": [2.5036103099901994, 1.0381972961135468, -0.04132630562104509], "SNR": 0.05, "name": "3gl1"}