{"loc": [2, -7, 4], "rotate": [-2.0968312339949087, 0.9933244754584474, -2.1962093273310708], "SNR": 0.05, "name": "3gl1"}