{"loc": [1, 2, 1], "rotate": [-2.7202292393258074, 2.5052731515125144, 2.6403897791836277], "SNR": 0.05, "name": "3gl1"}