{"loc": [-2, -7, -7], "rotate": [2.630721356264172, 1.167290224550346, -0.04105902141549442], "SNR": 0.05, "name": "3gl1"}