{"loc": [4, 5, 1], "rotate": [1.9873627529081839, 1.4442383001847556, 0.971129418802999], "SNR": 0.05, "name": "3gl1"}