{"loc": [3, 1, 6], "rotate": [2.4581299004517954, 1.0384726802168562, 0.15671445823794997], "SNR": 0.05, "name": "3gl1"}