{"loc": [3, 5, -2], "rotate": [-2.7749533284612156, 0.6506458092538382, -1.3537082843407138], "SNR": 0.05, "name": "3gl1"}