{"loc": [5, 7, 7], "rotate": [-2.6120793480154005, 1.6172509013193495, -2.560707535524464], "SNR": 0.05, "name": "3gl1"}