{"loc": [3, -5, -2], "rotate": [0.7314492791183416, 2.252171069320686, -3.1023059452971338], "SNR": 0.05, "name": "3gl1"}