{"loc": [-6, 2, -5], "rotate": [-2.317723092685935, 0.9158386512519759, -1.8533209788789748], "SNR": 0.05, "name": "3gl1"}