{"loc": [1, 0, -5], "rotate": [2.582183497984312, 1.0974220952125389, -0.11621041609532921], "SNR": 0.05, "name": "3gl1"}