{"loc": [5, 0, 0], "rotate": [-2.006083136430903, 1.1158336132265279, -2.1557998133328673], "SNR": 0.05, "name": "3gl1"}