{"loc": [-1, -3, -1], "rotate": [-2.281356782349885, 1.3041155463165932, -2.279399244031351], "SNR": 0.05, "name": "3gl1"}