{"loc": [-6, 1, 1], "rotate": [-2.0919202829798644, 1.0913726845585277, -2.4048679706782528], "SNR": 0.05, "name": "3gl1"}