{"loc": [0, 2, 0], "rotate": [2.263466857621517, 1.7182136461202477, 0.6068740811717392], "SNR": 0.05, "name": "3gl1"}