{"loc": [-1, -6, 0], "rotate": [2.6453446937935188, 1.1226926281162455, -0.0049510857701310475], "SNR": 0.05, "name": "3gl1"}