{"loc": [-2, 2, 4], "rotate": [-1.8547207001264014, 1.4693756542283556, -2.0059794762711216], "SNR": 0.05, "name": "3gl1"}