{"loc": [2, 7, -7], "rotate": [-2.161579347231337, 1.497524510209403, -2.5126480876129715], "SNR": 500000, "name": "6t3e"}