{"loc": [4, -2, -4], "rotate": [-2.061236599478576, 1.8324182700918918, -2.01609354392946], "SNR": 500000, "name": "6t3e"}