{"loc": [0, -2, -5], "rotate": [2.1358240375162505, 1.4117966075607544, 0.8188262298945217], "SNR": 500000, "name": "6t3e"}