{"loc": [-4, 3, 6], "rotate": [-2.629007231888024, 0.98998171555996, -1.211952036021367], "SNR": 500000, "name": "6t3e"}