{"loc": [-3, -4, 3], "rotate": [-2.9488370721888417, 0.6074321721930773, -1.321926862367494], "SNR": 500000, "name": "6t3e"}