{"loc": [6, -6, 4], "rotate": [-2.0662074685156684, 2.649570381421822, -2.645798605850246], "SNR": 500000, "name": "6t3e"}