{"loc": [-1, 3, 0], "rotate": [2.357599378249027, 1.0891349812151545, 0.5047866231387214], "SNR": 500000, "name": "6t3e"}