{"loc": [-5, 4, 6], "rotate": [2.567236197739946, 1.102707899772907, 0.4698193001539746], "SNR": 500000, "name": "6t3e"}