{"loc": [-3, 4, -6], "rotate": [-1.797096702834484, 0.6924952604188352, -2.203731563418299], "SNR": 500000, "name": "6t3e"}