{"loc": [0, 4, -5], "rotate": [-1.8341152708744528, 0.2623254026840756, -1.4592763298804032], "SNR": 500000, "name": "6t3e"}