{"loc": [0, -7, 6], "rotate": [2.8267808068839817, 1.4589006650381113, 0.7428930426620374], "SNR": 500000, "name": "6t3e"}