{"loc": [-1, -1, 0], "rotate": [-2.1767667861675917, 1.2031215161684041, -2.050608617070956], "SNR": 500000, "name": "6t3e"}