{"loc": [-4, -2, 3], "rotate": [-2.308211708546255, 0.6580999144188588, -1.7931144710355682], "SNR": 500000, "name": "6t3e"}