{"loc": [3, 2, 4], "rotate": [1.923280918974123, 1.8314367760494616, 0.4245118250208398], "SNR": 500000, "name": "6t3e"}