{"loc": [-4, 6, 2], "rotate": [-2.8694782137890207, 0.9728741285882624, -1.6350382748436305], "SNR": 500000, "name": "6t3e"}