{"loc": [7, -3, 0], "rotate": [2.435023842549302, 0.7958359849473352, 0.20000931987394766], "SNR": 500000, "name": "6t3e"}