{"loc": [1, 7, 0], "rotate": [3.006665131047405, 0.8492583106295216, -0.7159111848237885], "SNR": 500000, "name": "6t3e"}