{"loc": [6, 4, 0], "rotate": [-2.5143000875443478, 0.8690126247119625, -1.9758071212054777], "SNR": 500000, "name": "6t3e"}