{"loc": [-1, 3, 3], "rotate": [3.062422804900203, 0.6191666480390308, -0.6414057762756896], "SNR": 500000, "name": "6t3e"}