{"loc": [6, -3, 0], "rotate": [-2.0462289841340007, 1.0772332348347817, -2.130482428942994], "SNR": 500000, "name": "6t3e"}