{"loc": [-7, 3, 6], "rotate": [2.208428562707242, 1.3594677164041324, 0.7865353298639903], "SNR": 500000, "name": "6t3e"}