{"loc": [-1, 1, -2], "rotate": [2.5891880487202723, 1.364706838744637, 0.18463636052316296], "SNR": 500000, "name": "6t3e"}