{"loc": [2, 5, -7], "rotate": [-2.078790463833717, 1.8062406705271323, -2.576312545611447], "SNR": 500000, "name": "6t3e"}