{"loc": [1, 7, 5], "rotate": [2.166773986469655, 0.7835550206943329, 0.09241022399707738], "SNR": 500000, "name": "6t3e"}