{"loc": [-1, 4, 1], "rotate": [2.2034929446742217, 1.8750516432964681, 0.9521658655874177], "SNR": 500000, "name": "6t3e"}