{"loc": [-4, 0, 0], "rotate": [-2.42239391790222, 0.6750276010239846, -1.8073666891588949], "SNR": 500000, "name": "6t3e"}