{"loc": [0, -3, -7], "rotate": [-2.3843011343232616, 1.0840579522180858, -1.765745105485311], "SNR": 500000, "name": "6t3e"}