{"loc": [6, 3, 2], "rotate": [-3.024031166006264, 0.7366948866705528, -0.593098954851458], "SNR": 500000, "name": "6t3e"}