{"loc": [-5, -1, -4], "rotate": [1.9087166562433076, 1.1256878963137544, 0.9438134375103555], "SNR": 500000, "name": "6t3e"}