{"loc": [-4, -1, -6], "rotate": [-2.967786981140545, 0.6435589173369154, -0.7481495946217647], "SNR": 500000, "name": "6t3e"}