{"loc": [-7, -5, 5], "rotate": [2.394618561956658, 0.8360171851166289, -0.06644055772738555], "SNR": 500000, "name": "6t3e"}