{"loc": [3, -3, -1], "rotate": [-2.401664793587438, 1.8417892104695517, -2.2169386125028727], "SNR": 500000, "name": "6t3e"}