{"loc": [3, -6, 0], "rotate": [1.8878658252944382, 1.5823118340725049, 0.5316084033273193], "SNR": 500000, "name": "6t3e"}