{"loc": [3, 5, 1], "rotate": [2.0949321235815885, 1.4263591247749414, 0.399415481072175], "SNR": 500000, "name": "6t3e"}