{"loc": [-7, -5, 1], "rotate": [1.942418605423128, 1.8639468135952486, 0.9197245177083033], "SNR": 500000, "name": "6t3e"}