{"loc": [0, -1, -7], "rotate": [-2.0391169112317176, 1.5901929880075252, -2.162277195923771], "SNR": 500000, "name": "6t3e"}