{"loc": [-4, 6, -3], "rotate": [2.1740486833375203, 1.2710524464136426, 0.840466510758723], "SNR": 500000, "name": "6t3e"}