{"loc": [4, 5, 7], "rotate": [3.0879314603390164, 0.6847330169312987, -0.8859939625394351], "SNR": 500000, "name": "6t3e"}