{"loc": [-1, 0, 0], "rotate": [-2.1676489575766853, 1.1342468540113195, -2.506086138651995], "SNR": 500000, "name": "6t3e"}