{"loc": [-1, -1, 2], "rotate": [2.8768408665237004, 2.3216509681343265, 1.9476467379615565], "SNR": 500000, "name": "6t3e"}