{"loc": [1, -1, 4], "rotate": [2.30071853693268, 2.0352391902291354, 0.7673177542523134], "SNR": 500000, "name": "6t3e"}