{"loc": [0, -2, -4], "rotate": [2.2278699882371185, 1.415919121298619, 0.2933499208181115], "SNR": 500000, "name": "6t3e"}