{"loc": [-5, -1, -6], "rotate": [2.4192169889415314, 1.2523903771193978, 0.21884377729451723], "SNR": 500000, "name": "6t3e"}