{"loc": [-7, -7, -7], "rotate": [2.140816460377853, 1.9129415085825094, 0.9489298133702481], "SNR": 500000, "name": "6t3e"}