{"loc": [-2, -1, -2], "rotate": [-2.565159418977286, 1.423988248184892, -1.6830604224973014], "SNR": 500000, "name": "6t3e"}