{"loc": [-2, -4, 3], "rotate": [2.4588419671214226, 0.9279950653822617, 0.09030317362308445], "SNR": 500000, "name": "6t3e"}