{"loc": [5, 5, 3], "rotate": [-2.961920144444959, 0.49709635486914, -1.0030250810455759], "SNR": 500000, "name": "6t3e"}