{"loc": [0, 0, 3], "rotate": [2.740637683502794, 0.7550791841587042, -0.42383918508907725], "SNR": 500000, "name": "6t3e"}