{"loc": [-2, 5, 0], "rotate": [2.399886497240569, 1.6457444022792822, 0.9751034036904719], "SNR": 500000, "name": "6t3e"}