{"loc": [-7, -2, -1], "rotate": [-2.010790770661164, 1.8019701195743814, -2.8138944405480255], "SNR": 500000, "name": "6t3e"}