{"loc": [4, 6, 3], "rotate": [2.5243118756955503, 1.7114023047629252, 1.043358262197732], "SNR": 500000, "name": "6t3e"}