{"loc": [4, -5, 7], "rotate": [2.3843648433592106, 2.67941372380522, 1.7903529911013871], "SNR": 500000, "name": "6t3e"}