{"loc": [-5, 6, 6], "rotate": [0.9665793915867548, 1.1082663026763224, -2.519586198485459], "SNR": 500000, "name": "6t3e"}