{"loc": [0, 4, -6], "rotate": [-2.5903310570102085, 0.3289406348012517, -1.512874735030404], "SNR": 500000, "name": "6t3e"}