{"loc": [7, 1, -6], "rotate": [-2.589721346764098, 0.7660376927839089, -1.1641393922703236], "SNR": 500000, "name": "6t3e"}