{"loc": [-7, 7, -5], "rotate": [-2.12604139881941, 1.2032697376004926, -2.126355141952739], "SNR": 500000, "name": "6t3e"}