{"loc": [2, 2, 0], "rotate": [2.0837710871139397, 1.1832347926798912, 0.7041267948282548], "SNR": 500000, "name": "6t3e"}