{"loc": [2, 0, 7], "rotate": [2.3621486785122983, 1.2390388061897704, -0.011629577742082259], "SNR": 500000, "name": "6t3e"}