{"loc": [-7, 2, -6], "rotate": [-2.6873877981285506, 2.5461142960710594, 2.714648889961305], "SNR": 500000, "name": "6t3e"}