{"loc": [-1, -1, -1], "rotate": [-2.539445322321977, 0.5892632806578068, -1.2585099189096307], "SNR": 500000, "name": "6t3e"}