{"loc": [3, 6, -4], "rotate": [2.4042513159356003, 1.3567487142323302, 0.6648285464972837], "SNR": 500000, "name": "6t3e"}