{"loc": [1, -5, 1], "rotate": [2.166747587852222, 1.1112359346561975, 0.8169598567254293], "SNR": 500000, "name": "6t3e"}