{"loc": [-4, 5, -7], "rotate": [-2.2310039701607107, 1.443777350019222, -2.3402450774272427], "SNR": 500000, "name": "6t3e"}