{"loc": [-7, -5, 0], "rotate": [2.424242410230219, 2.295485551622716, 1.3770328459084342], "SNR": 500000, "name": "6t3e"}