{"loc": [1, -2, 0], "rotate": [2.968816989684286, 0.7180238359687393, -0.3694278569776649], "SNR": 500000, "name": "6t3e"}