{"loc": [4, -7, -6], "rotate": [2.16434764685272, 0.9261143265316578, 0.5943164708261715], "SNR": 500000, "name": "6t3e"}