{"loc": [0, 0, -1], "rotate": [-2.3185888844753744, 0.9898371430371714, -1.7071008040966498], "SNR": 500000, "name": "6t3e"}