{"loc": [3, -3, 0], "rotate": [-2.4079821709429576, 0.9198327117102442, -1.7394531583179196], "SNR": 500000, "name": "6t3e"}