{"loc": [3, 2, 0], "rotate": [2.458201565062311, 1.110059168001371, 0.10588184731104927], "SNR": 500000, "name": "6t3e"}