{"loc": [-5, -6, -2], "rotate": [2.150214713068748, 1.962716210869381, 0.9077784169075146], "SNR": 500000, "name": "6t3e"}