{"loc": [-5, -4, -7], "rotate": [-2.6831960235757606, 1.1276971675195926, -1.4128686607498926], "SNR": 500000, "name": "6t3e"}