{"loc": [5, 0, 2], "rotate": [-2.416564834178939, 1.1645459604106019, -1.8921561327566165], "SNR": 500000, "name": "6t3e"}