{"loc": [-5, 2, -2], "rotate": [-2.4689855280691515, 1.033338461802812, -1.696313918183037], "SNR": 500000, "name": "6t3e"}