{"loc": [-1, -3, 1], "rotate": [-2.0927326239306794, 1.0022126067153045, -2.0028148060330566], "SNR": 500000, "name": "6t3e"}