{"loc": [3, -7, -1], "rotate": [2.351851999224247, 2.3331343815652947, 0.8834584212309515], "SNR": 500000, "name": "6t3e"}