{"loc": [-3, 2, -4], "rotate": [2.6702854412641415, 0.5880419555801457, -0.026142478578324375], "SNR": 500000, "name": "6t3e"}