{"loc": [4, 0, -1], "rotate": [2.008941061916701, 1.201096388957066, 0.7616833098610503], "SNR": 500000, "name": "6t3e"}