{"loc": [1, -7, -1], "rotate": [-2.490251976462811, 1.2632500167398009, -1.8482083872824706], "SNR": 500000, "name": "6t3e"}