{"loc": [0, 4, 1], "rotate": [2.5381249263358825, 1.398020859083524, 0.09343541943258082], "SNR": 500000, "name": "6t3e"}