{"loc": [-3, -7, 3], "rotate": [2.571496108741387, 0.18038770453168815, -0.4008461096054848], "SNR": 500000, "name": "6t3e"}