{"loc": [-4, 5, -5], "rotate": [-2.7237317672811154, 0.7505329484353012, -1.0820468800679113], "SNR": 500000, "name": "6t3e"}