{"loc": [-6, 1, 5], "rotate": [2.453893442229698, 1.0463685630082429, 0.5325259892162201], "SNR": 500000, "name": "6t3e"}