{"loc": [-6, 4, 2], "rotate": [2.222321630510615, 1.0855530774958229, 0.5450792122598216], "SNR": 500000, "name": "6t3e"}