{"loc": [-2, -4, -1], "rotate": [1.9448126791185811, 1.3792455178873033, 1.007842860391049], "SNR": 500000, "name": "6t3e"}