{"loc": [1, -2, 7], "rotate": [2.016392813263496, 1.450261302823421, 0.3671019076150628], "SNR": 500000, "name": "6t3e"}