{"loc": [-2, 5, -3], "rotate": [-2.2384987313770215, 0.7744531724886256, -1.4488564309679246], "SNR": 500000, "name": "6t3e"}