{"loc": [-2, 0, 1], "rotate": [3.1141893505667504, 2.183766187938296, 2.4360698352484587], "SNR": 500000, "name": "6t3e"}