{"loc": [-1, 4, 0], "rotate": [-2.8335208407928754, 0.7014385892091818, -0.862118803169473], "SNR": 500000, "name": "6t3e"}