{"loc": [5, -6, 7], "rotate": [2.298582301167918, 1.6558849173086294, 0.817981207692999], "SNR": 500000, "name": "6t3e"}