{"loc": [0, 1, -7], "rotate": [-2.258768977573234, 1.1748691367723325, -2.577148470197788], "SNR": 500000, "name": "6t3e"}