{"loc": [2, 4, 7], "rotate": [-2.9542693810946816, 0.6721553383042969, -1.3373005553449293], "SNR": 500000, "name": "6t3e"}