{"loc": [2, -5, 1], "rotate": [-2.7642707871755507, 0.9471885832791687, -1.4245890411708841], "SNR": 500000, "name": "6t3e"}