{"loc": [1, 0, 5], "rotate": [2.249604106106145, 1.131738015529523, 0.2882522277744989], "SNR": 500000, "name": "6t3e"}