{"loc": [1, -6, -7], "rotate": [-2.3481999025592075, 1.7801014151216723, -2.7086837205352703], "SNR": 500000, "name": "6t3e"}