{"loc": [5, 5, 4], "rotate": [-2.287658952863044, 0.7281049032545505, -1.923853945578737], "SNR": 500000, "name": "6t3e"}