{"loc": [-4, 1, -2], "rotate": [2.250098467634065, 0.8939635171077855, 0.36296833128007633], "SNR": 500000, "name": "6t3e"}