{"loc": [4, 1, -2], "rotate": [3.0961024128733254, 0.8444850582653614, -1.0621825420874595], "SNR": 500000, "name": "6t3e"}