{"loc": [6, 7, -3], "rotate": [2.423354195317018, 1.2081154634447695, 0.14013266653792278], "SNR": 500000, "name": "6t3e"}