{"loc": [-7, 2, -5], "rotate": [2.4401844179980863, 1.567734507642834, 1.0395099491819144], "SNR": 500000, "name": "6t3e"}