{"loc": [-6, 4, -2], "rotate": [-2.957583503720332, 0.7333684966476225, -1.4910099508630243], "SNR": 500000, "name": "6t3e"}