{"loc": [2, -7, -5], "rotate": [2.2352997847521667, 1.5091503985302595, 0.6517839202618924], "SNR": 500000, "name": "6t3e"}