{"loc": [-2, -3, -2], "rotate": [2.2869419620827407, 1.5774717150389272, 0.886285065902542], "SNR": 500000, "name": "6t3e"}