{"loc": [-2, -1, -6], "rotate": [2.2181309668889524, 1.6545579024182906, 0.7095025997127867], "SNR": 500000, "name": "6t3e"}