{"loc": [2, -5, -7], "rotate": [-2.682144420663051, 0.4393952010918762, -0.9353594181244459], "SNR": 500000, "name": "6t3e"}