{"loc": [5, 0, -3], "rotate": [1.688990688373996, 1.7981718440138739, 0.8182756835377935], "SNR": 500000, "name": "6t3e"}