{"loc": [5, 6, 2], "rotate": [2.3023411469510453, 1.3715423338928272, 0.3519464231298645], "SNR": 500000, "name": "6t3e"}