{"loc": [0, 2, 2], "rotate": [-2.7393253650041403, 0.9182300164043575, -1.2466511817887345], "SNR": 500000, "name": "6t3e"}