{"loc": [-2, 6, 4], "rotate": [-2.267066736639975, 1.220972341224679, -1.9625902412972602], "SNR": 500000, "name": "6t3e"}