{"loc": [7, -3, -4], "rotate": [-3.0322326645721596, 0.7747795263382461, -1.2047751875923995], "SNR": 500000, "name": "6t3e"}