{"loc": [2, 5, -4], "rotate": [2.557981982818132, 1.7164299941502577, 1.1908612318852687], "SNR": 500000, "name": "6t3e"}