{"loc": [6, -2, 2], "rotate": [2.2934863594973307, 1.196607274880542, 0.898907973682397], "SNR": 500000, "name": "6t3e"}