{"loc": [6, -3, 1], "rotate": [2.2372406245811605, 1.9735208715044172, 0.8175945906332204], "SNR": 500000, "name": "6t3e"}