{"loc": [7, -4, 1], "rotate": [2.018676495446432, 1.668545759028881, 0.735436659236848], "SNR": 500000, "name": "6t3e"}