{"loc": [-2, -5, -5], "rotate": [2.0889114726097437, 1.2726915550811855, 0.5179343291048403], "SNR": 500000, "name": "6t3e"}