{"loc": [1, -6, 6], "rotate": [2.7625400689335646, 0.5531542736144438, -0.35737301119796383], "SNR": 500000, "name": "6t3e"}