{"loc": [3, -3, 4], "rotate": [-3.10717541017562, 2.3826047116102544, 2.5622673510758482], "SNR": 500000, "name": "6t3e"}