{"loc": [0, 2, -2], "rotate": [-2.2156474677128584, 1.235442020225933, -2.0875327068841005], "SNR": 500000, "name": "6t3e"}