{"loc": [7, 0, 0], "rotate": [1.9913016830194945, 1.4930225038162355, 0.7844110250093191], "SNR": 500000, "name": "6t3e"}