{"loc": [3, 4, 7], "rotate": [-2.931959630069969, 0.6941590589590518, -1.252878138456458], "SNR": 500000, "name": "6t3e"}