{"loc": [4, -4, -3], "rotate": [-3.1187354899757866, 0.6263939882340301, -0.20957634770403785], "SNR": 500000, "name": "6t3e"}