{"loc": [6, 6, -4], "rotate": [2.0264987340046514, 1.138891257938593, 0.7545803470130154], "SNR": 500000, "name": "6t3e"}