{"loc": [0, -7, 7], "rotate": [-2.5159160551179403, 1.136319867003985, -1.6955922311211031], "SNR": 500000, "name": "6t3e"}