{"loc": [-2, -4, -2], "rotate": [2.262540694767994, 0.658211190892053, 0.5135295432574721], "SNR": 500000, "name": "6t3e"}