{"loc": [-2, 5, 0], "rotate": [1.8507714194587863, 1.8326355731640573, 0.9749806961828903], "SNR": 500000, "name": "6t3e"}