{"loc": [0, 6, 0], "rotate": [2.4231565532761956, 1.512347705756285, 0.2587534141756527], "SNR": 500000, "name": "6t3e"}