{"loc": [7, 6, 0], "rotate": [-2.3644996992541034, 0.8632929866387201, -1.8628762332087465], "SNR": 500000, "name": "6t3e"}