{"loc": [-5, -2, 0], "rotate": [-1.9117689098654307, 1.3458215507311266, -2.3948516822145076], "SNR": 500000, "name": "6t3e"}