{"loc": [1, -7, -3], "rotate": [-2.842269594847586, 0.7893874407474532, -1.7372673834239472], "SNR": 500000, "name": "6t3e"}