{"loc": [-2, -7, -2], "rotate": [-2.496331264748626, 1.5724856631300348, -2.736807002877455], "SNR": 500000, "name": "6t3e"}