{"loc": [0, -3, -5], "rotate": [2.6771712078346153, 1.1073209761860299, -0.12106373314990072], "SNR": 500000, "name": "6t3e"}