{"loc": [6, -2, 2], "rotate": [-3.071280117919146, 1.0629586059511003, -1.2515726591440965], "SNR": 500000, "name": "6t3e"}