{"loc": [6, 0, 5], "rotate": [-2.4727271956611245, 0.7750097632648009, -1.7600592483380724], "SNR": 500000, "name": "6t3e"}