{"loc": [-5, -2, 0], "rotate": [-1.9049105048723411, 1.3370271987613234, -2.3685714754275145], "SNR": 500000, "name": "6t3e"}