{"loc": [-6, 0, -5], "rotate": [-2.238399974677042, 1.539476949371215, -2.471424088836371], "SNR": 500000, "name": "6t3e"}