{"loc": [5, 1, 5], "rotate": [2.1382853948723275, 1.8501603888885538, 1.1702181988925915], "SNR": 500000, "name": "6t3e"}