{"loc": [-2, 3, 5], "rotate": [-2.9103119988498483, 0.33823682443330544, -1.1604471260623237], "SNR": 500000, "name": "6t3e"}