{"loc": [7, 1, 7], "rotate": [2.9407629127483683, 0.8822300959040466, -0.47591114836354625], "SNR": 500000, "name": "6t3e"}