{"loc": [-4, 4, -2], "rotate": [-2.8705970404436014, 0.5040460350931141, -1.1362541726170214], "SNR": 500000, "name": "6t3e"}