{"loc": [5, 6, -4], "rotate": [1.9459085874615556, 1.4576116166983681, 0.8939985058243405], "SNR": 500000, "name": "6t3e"}