{"loc": [-1, -2, 3], "rotate": [-2.9570466479927235, 0.758316751580816, -0.9800993236006259], "SNR": 500000, "name": "6t3e"}