{"loc": [4, 0, 7], "rotate": [-2.1115000082870905, 1.8012421615436038, -2.037758468172081], "SNR": 500000, "name": "6t3e"}