{"loc": [1, 0, 0], "rotate": [-2.3274855129852883, 1.2545761116064393, -1.9344272828712812], "SNR": 500000, "name": "6t3e"}