{"loc": [-2, 2, 3], "rotate": [2.423490253198263, 2.194114261127139, 1.4254804070804028], "SNR": 500000, "name": "6t3e"}