{"loc": [-2, -7, 3], "rotate": [-2.378337876862679, 2.0968263000909504, -2.7863400462272376], "SNR": 500000, "name": "6t3e"}