{"loc": [0, 0, -5], "rotate": [-2.5174260228626255, 0.46085665878253246, -1.3811019236214572], "SNR": 500000, "name": "6t3e"}