{"loc": [0, 7, -7], "rotate": [-2.793745205346031, 2.2250551013624573, 2.835960121832104], "SNR": 500000, "name": "6t3e"}