{"loc": [3, -2, -3], "rotate": [2.7147131350407916, 0.5735551680855595, -0.5560040130999736], "SNR": 500000, "name": "6t3e"}