{"loc": [-5, -2, -1], "rotate": [-2.4358836154078616, 1.3587425028764462, -1.9968286554416388], "SNR": 500000, "name": "6t3e"}