{"loc": [7, 3, -2], "rotate": [2.18555389687361, 1.0985119796086777, 0.3910911074621341], "SNR": 500000, "name": "6t3e"}