{"loc": [0, 6, -2], "rotate": [2.3238116889872464, 1.622036205050543, 0.9062150923540893], "SNR": 500000, "name": "6t3e"}