{"loc": [-5, -1, 0], "rotate": [2.291837017319228, 1.6018105275184362, 0.6968370533145728], "SNR": 500000, "name": "6t3e"}