{"loc": [7, 6, 1], "rotate": [3.091243380618976, 0.31581501473038004, -1.084263811936269], "SNR": 500000, "name": "6t3e"}