{"loc": [4, -3, -5], "rotate": [2.464447609827604, 1.0430611628375264, 0.37587280257724953], "SNR": 500000, "name": "6t3e"}