{"loc": [0, 5, 1], "rotate": [2.52106660726127, 1.6973369560758027, 0.8074099546085718], "SNR": 500000, "name": "6t3e"}