{"loc": [-5, 3, 5], "rotate": [2.2045892948948094, 0.9569722953637422, 0.5101285132038597], "SNR": 500000, "name": "6t3e"}