{"loc": [4, -2, 2], "rotate": [-2.5203850147398907, 0.7819544270373859, -1.6837635449058397], "SNR": 500000, "name": "6t3e"}