{"loc": [2, -3, 6], "rotate": [2.1515161450420854, 1.814409806030164, 1.0206827225002364], "SNR": 500000, "name": "6t3e"}