{"loc": [2, 4, -6], "rotate": [2.535908474250579, 2.1760598821117414, 1.5913223323704184], "SNR": 500000, "name": "6t3e"}