{"loc": [5, 0, -2], "rotate": [-3.0674604266170875, 0.6143488364167561, -0.911345224378934], "SNR": 500000, "name": "6t3e"}