{"loc": [-3, 5, -4], "rotate": [-2.2026724932735546, 0.8885862425802976, -1.8876538303301131], "SNR": 500000, "name": "6t3e"}