{"loc": [-1, 4, 3], "rotate": [-2.2883189000899877, 1.2908871763775487, -2.148047001877867], "SNR": 500000, "name": "6t3e"}