{"loc": [4, -4, -1], "rotate": [2.533250708420068, 2.421925255095989, 1.4156775863846305], "SNR": 500000, "name": "6t3e"}