{"loc": [-6, 2, -4], "rotate": [-2.582996058730911, 1.0107230201225175, -1.8775958410830575], "SNR": 500000, "name": "6t3e"}