{"loc": [3, 0, -5], "rotate": [2.08009115097916, 1.7314539765710861, 0.81747593354143], "SNR": 500000, "name": "6t3e"}