{"loc": [6, 0, 1], "rotate": [2.0800415193964317, 1.2238159630293926, 0.5019462380678033], "SNR": 500000, "name": "6t3e"}