{"loc": [-7, -3, -1], "rotate": [-2.211448374545931, 2.075469258029731, -2.571622675210653], "SNR": 500000, "name": "6t3e"}