{"loc": [-7, 4, -4], "rotate": [2.6133905554935155, 1.662700109187106, 1.0701493284986727], "SNR": 500000, "name": "6t3e"}