{"loc": [7, -2, -2], "rotate": [2.108267120274504, 1.9296339868656687, 0.9183961869991443], "SNR": 500000, "name": "6t3e"}