{"loc": [7, 3, -3], "rotate": [-2.148496746824453, 1.122006916376521, -1.7564864182854836], "SNR": 500000, "name": "6t3e"}