{"loc": [1, 1, 3], "rotate": [2.3396095565362547, 0.5875242734017112, -0.10676102020448656], "SNR": 500000, "name": "6t3e"}