{"loc": [2, 7, 2], "rotate": [2.322900558760943, 1.8181807296849313, 0.9880985675495189], "SNR": 500000, "name": "6t3e"}