{"loc": [-5, 0, 1], "rotate": [-2.1829189157825706, 1.6291517797340345, -2.8627160649793857], "SNR": 500000, "name": "6t3e"}