{"loc": [-2, -2, -5], "rotate": [1.8587961173403, 1.623747886318784, 0.6804244400907236], "SNR": 500000, "name": "6t3e"}