{"loc": [-3, -2, -3], "rotate": [2.2787710916393737, 2.0977127969938567, 0.9302174680595033], "SNR": 500000, "name": "6t3e"}