{"loc": [7, 3, -4], "rotate": [2.4693717500853247, 0.260350867416287, 0.3964126941584165], "SNR": 500000, "name": "6t3e"}