{"loc": [-7, 0, 7], "rotate": [3.109452079445056, 0.6334586657857846, -0.7848839293128375], "SNR": 500000, "name": "6t3e"}