{"loc": [-6, 7, 2], "rotate": [-2.207744796854861, 1.5157407866326, -2.1623112490885257], "SNR": 500000, "name": "6t3e"}