{"loc": [4, 1, 5], "rotate": [-2.290231039641283, 0.9866560338954169, -2.0733963594607614], "SNR": 500000, "name": "6t3e"}