{"loc": [4, -3, 2], "rotate": [-3.1149610697665655, 2.5752730790312706, 2.3741164766422473], "SNR": 500000, "name": "6t3e"}