{"loc": [5, 1, 5], "rotate": [2.166140878724558, 1.8342444205663189, 0.9593682611213119], "SNR": 500000, "name": "6t3e"}