{"loc": [6, -4, -7], "rotate": [-2.5532365203369674, 2.76329224585253, 2.8634800658147688], "SNR": 500000, "name": "6t3e"}