{"loc": [-2, 1, 2], "rotate": [2.430972576864469, 1.8516910877523587, 0.553403823924288], "SNR": 500000, "name": "6t3e"}