{"loc": [7, -7, -5], "rotate": [2.5076539223703174, 0.7917956201320221, 0.6761495213041034], "SNR": 500000, "name": "6t3e"}