{"loc": [0, -3, 2], "rotate": [2.1287631280847896, 1.1515529837442997, 0.847774540074324], "SNR": 500000, "name": "6t3e"}