{"loc": [3, 7, -4], "rotate": [2.187778369136784, 0.6274649317623332, 0.16310101327535095], "SNR": 500000, "name": "6t3e"}