{"loc": [1, 6, -3], "rotate": [2.0958804419435855, 1.8607694405472157, 0.7694380745968692], "SNR": 500000, "name": "6t3e"}