{"loc": [0, -4, 2], "rotate": [2.2538714160097846, 2.7042969878164, 1.3891810680050036], "SNR": 500000, "name": "6t3e"}