{"loc": [1, 7, -1], "rotate": [2.368010060312612, 1.0532757876408572, 0.6249896553451263], "SNR": 500000, "name": "6t3e"}