{"loc": [7, -1, 0], "rotate": [2.275923266137329, 1.6819431719471793, 1.0972196300445296], "SNR": 500000, "name": "6t3e"}