{"loc": [-1, -1, 7], "rotate": [-2.0089693885247106, 0.5929124466584939, -2.1477171927031407], "SNR": 500000, "name": "6t3e"}