{"loc": [-6, 7, -4], "rotate": [-2.7129710592187046, 0.8087246856824378, -1.485614714771306], "SNR": 500000, "name": "6t3e"}