{"loc": [1, 6, -1], "rotate": [-1.8576334275942619, 0.8780790152470344, -2.47483888263942], "SNR": 500000, "name": "6t3e"}