{"loc": [-4, 0, -6], "rotate": [2.26239186914168, 1.103642396849165, 0.38118633098849736], "SNR": 500000, "name": "6t3e"}