{"loc": [-1, 5, 0], "rotate": [2.7164346897557996, 1.2833371247762573, 0.0062462323262429285], "SNR": 500000, "name": "6t3e"}