{"loc": [-5, -6, 3], "rotate": [2.4040740452887657, 1.5874369826375618, 0.5108573173175155], "SNR": 500000, "name": "6t3e"}