{"loc": [0, 6, 3], "rotate": [-2.18259462349677, 2.5028330577166096, -3.07592929165673], "SNR": 500000, "name": "6t3e"}