{"loc": [-5, -7, -7], "rotate": [2.7920722013880694, 0.6438617966896735, -0.6027560997180496], "SNR": 500000, "name": "6t3e"}