{"loc": [-4, 5, -3], "rotate": [2.01019876554146, 1.6756550196484992, 0.6383502631085707], "SNR": 500000, "name": "6t3e"}