{"loc": [7, 7, -2], "rotate": [2.1887753253189404, 1.3362078412938152, 0.7500901527446687], "SNR": 500000, "name": "6t3e"}