{"loc": [-5, 6, -3], "rotate": [-2.0001082201307545, 0.2797099564234364, -1.855134638631768], "SNR": 500000, "name": "6t3e"}