{"loc": [-1, 2, 6], "rotate": [2.188995415025797, 0.9659815594279305, 0.6710294644328276], "SNR": 500000, "name": "6t3e"}