{"loc": [3, -5, 0], "rotate": [2.723869048887258, 1.8542387405983978, 1.3535404869086671], "SNR": 500000, "name": "6t3e"}