{"loc": [-7, 5, 1], "rotate": [2.1014234264602933, 1.829776983975711, 0.9190009997446249], "SNR": 500000, "name": "6t3e"}