{"loc": [-2, -3, -7], "rotate": [3.005170259350654, 2.5071149372918033, 2.144298367484268], "SNR": 500000, "name": "6t3e"}