{"loc": [3, 3, -5], "rotate": [-3.0328409917873604, 2.377053715356428, 2.373407476543003], "SNR": 500000, "name": "6t3e"}