{"loc": [-5, -5, -5], "rotate": [2.373342604664752, 2.202562078690329, 1.1897952248710384], "SNR": 500000, "name": "6t3e"}