{"loc": [-3, -5, -2], "rotate": [2.219365606005295, 1.7012422932430424, 0.8186528166735076], "SNR": 500000, "name": "6t3e"}