{"loc": [-1, -7, -1], "rotate": [-2.604899895971198, 1.2064928376241129, -1.3019070901580239], "SNR": 500000, "name": "6t3e"}