{"loc": [1, -1, 7], "rotate": [2.231003368729781, 1.8859813165769994, 1.6303085573237834], "SNR": 500000, "name": "6t3e"}