{"loc": [-6, 0, 7], "rotate": [-2.501018440093141, 0.9089458252026575, -1.7169040857764428], "SNR": 500000, "name": "6t3e"}