{"loc": [2, 3, 5], "rotate": [-2.1475543186778547, 1.5143902896437829, -2.4180881369019374], "SNR": 500000, "name": "6t3e"}