{"loc": [-3, -2, 2], "rotate": [-2.8999437945932995, 0.75192900273948, -1.147434443919843], "SNR": 500000, "name": "6t3e"}