{"loc": [4, 3, 6], "rotate": [2.1744771813078385, 1.7772686166830216, 0.733411702256521], "SNR": 500000, "name": "6t3e"}