{"loc": [6, -3, 5], "rotate": [2.199426229030679, 1.0528652190113912, 0.43370301184984145], "SNR": 500000, "name": "6t3e"}