{"loc": [-6, -6, 7], "rotate": [2.597802810446852, 1.1231485999814508, -0.05922755073451084], "SNR": 500000, "name": "6t3e"}