{"loc": [-3, -2, -6], "rotate": [-2.656358878602, 1.062222254364878, -1.3183040036466973], "SNR": 500000, "name": "6t3e"}