{"loc": [0, 3, 1], "rotate": [2.1657609238731057, 1.4260089246049998, 0.5024490702607776], "SNR": 500000, "name": "6t3e"}