{"loc": [0, 6, -7], "rotate": [2.0841093027072763, 1.9571019509517142, 0.7102330931765194], "SNR": 500000, "name": "6t3e"}