{"loc": [-4, -2, -5], "rotate": [-2.0816739031704814, 1.3483553240165935, -1.8652686685775979], "SNR": 500000, "name": "6t3e"}