{"loc": [7, 4, 1], "rotate": [-2.7752364620565553, 0.6167902897849471, -1.127911084371664], "SNR": 500000, "name": "6t3e"}