{"loc": [2, 0, -4], "rotate": [-2.301202793496886, 1.486932913633747, -2.4585621423767083], "SNR": 500000, "name": "6t3e"}