{"loc": [2, -4, -4], "rotate": [2.2061565975381408, 1.3398177855537832, 0.7232697512861985], "SNR": 500000, "name": "6t3e"}