{"loc": [0, 0, 5], "rotate": [2.0928064262941297, 1.7234633079920851, 0.3824800372827957], "SNR": 500000, "name": "6t3e"}