{"loc": [4, -4, 7], "rotate": [-2.975094431063738, 0.7961636007167346, -0.815737968822849], "SNR": 500000, "name": "6t3e"}