{"loc": [-6, 3, 0], "rotate": [-2.342144642613068, 2.570607708798187, -2.952066037336285], "SNR": 500000, "name": "6t3e"}