{"loc": [-3, 6, 6], "rotate": [-2.0995776217566093, 1.2416237828687735, -2.3751121876461876], "SNR": 500000, "name": "6t3e"}