{"loc": [-2, 6, 0], "rotate": [2.3794657508819337, 1.5190946357772699, 0.33839119496020764], "SNR": 500000, "name": "6t3e"}