{"loc": [7, 6, 1], "rotate": [-2.537546211495477, 1.2819153497154638, -1.5137329734646514], "SNR": 500000, "name": "6t3e"}