{"loc": [-1, 3, -5], "rotate": [2.886220390151258, 0.5729298447995538, -0.20315846988932498], "SNR": 500000, "name": "6t3e"}