{"loc": [7, -2, 7], "rotate": [1.8448199647354606, 1.6476598372377682, 0.9577493618328357], "SNR": 500000, "name": "6t3e"}