{"loc": [-4, -6, 6], "rotate": [-2.6365970417489555, 2.174075845375051, -2.8762335419576557], "SNR": 500000, "name": "6t3e"}