{"loc": [2, 7, 0], "rotate": [2.380718145500352, 2.009158032997888, 1.0682542032846354], "SNR": 500000, "name": "6t3e"}