{"loc": [-6, -4, 1], "rotate": [-1.97958376957431, 1.3873444262106245, -1.869583972366578], "SNR": 500000, "name": "6t3e"}