{"loc": [3, 0, -2], "rotate": [2.3747172659603546, 1.424804021665149, 0.0753855664266089], "SNR": 500000, "name": "6t3e"}