{"loc": [1, 7, -2], "rotate": [-2.3060181859889983, 1.2814682989175146, -2.596841097319837], "SNR": 500000, "name": "6t3e"}