{"loc": [-5, -1, -1], "rotate": [-2.465719913988559, 0.9636280564463963, -1.6793137979506891], "SNR": 500000, "name": "6t3e"}