{"loc": [-5, -7, -6], "rotate": [-2.350895254837229, 1.3334079741102736, -2.0178190182388356], "SNR": 500000, "name": "6t3e"}