{"loc": [-1, -5, -3], "rotate": [2.442553139210281, 0.7419238757017975, -0.19508333180197285], "SNR": 500000, "name": "6t3e"}