{"loc": [7, 3, 2], "rotate": [-2.4626187587659576, 0.9898895451109769, -1.5930389449045268], "SNR": 500000, "name": "6t3e"}