{"loc": [3, 3, -6], "rotate": [-2.7085325137259266, 2.7577886007133694, 2.4836303844559073], "SNR": 500000, "name": "6t3e"}