{"loc": [-5, -5, 0], "rotate": [2.2198098724543462, 0.5572313162931469, 0.36218717183487575], "SNR": 500000, "name": "6t3e"}