{"loc": [-5, 2, 1], "rotate": [-2.4754728057666533, 0.8218977748716187, -1.89645441466782], "SNR": 500000, "name": "6t3e"}