{"loc": [-6, 0, 4], "rotate": [2.7900327256263657, 1.0571143223844972, -0.018372050465082942], "SNR": 500000, "name": "6t3e"}