{"loc": [-6, -6, -2], "rotate": [2.536499722703431, 0.6237009539788233, 0.11474322036401156], "SNR": 500000, "name": "6t3e"}