{"loc": [-2, 7, 0], "rotate": [2.903076537010201, 0.6540384169082629, -0.4003041966842565], "SNR": 500000, "name": "6t3e"}