{"loc": [3, -2, 0], "rotate": [2.7320731826604643, 1.0047011404189676, 0.0971918266866336], "SNR": 500000, "name": "6t3e"}