{"loc": [-1, 7, 7], "rotate": [2.5333106492661344, 0.5658973284223139, -0.40654730021985475], "SNR": 500000, "name": "6t3e"}