{"loc": [-4, 7, 6], "rotate": [2.2795664995747216, 0.8483164389064066, 0.05362884606550041], "SNR": 500000, "name": "6t3e"}