{"loc": [1, 5, 7], "rotate": [-2.1578580297709364, 0.7616883477476806, -1.8250888720505594], "SNR": 500000, "name": "6t3e"}