{"loc": [7, 3, -4], "rotate": [-3.0696911143603454, 0.7894954239349344, -0.5328424018194995], "SNR": 500000, "name": "6t3e"}