{"loc": [6, 3, 3], "rotate": [-2.7172676089443084, 0.7155789395351863, -1.403213509952005], "SNR": 500000, "name": "6t3e"}