{"loc": [6, 0, -2], "rotate": [-2.1411761841257158, 0.42036259353587196, -1.6588171618456697], "SNR": 500000, "name": "6t3e"}