{"loc": [3, -6, 5], "rotate": [2.462762452207999, 0.9484275308519434, 0.22366584011229143], "SNR": 500000, "name": "6t3e"}