{"loc": [0, -5, 0], "rotate": [2.096181404494874, 1.6790947627228878, 0.7822732562648332], "SNR": 500000, "name": "6t3e"}