{"loc": [0, -1, -3], "rotate": [3.0707427540243066, 0.6834449174856396, -0.5912063651616235], "SNR": 500000, "name": "6t3e"}