{"loc": [-4, 1, 1], "rotate": [2.815669520893453, 0.9240402098813149, -0.2756456645579179], "SNR": 500000, "name": "6t3e"}