{"loc": [6, 1, 4], "rotate": [-2.2445146536500515, 1.0911947997907694, -1.7894417614315914], "SNR": 500000, "name": "6t3e"}