{"loc": [7, 4, 7], "rotate": [2.4023114515390667, 0.8737368476485156, -0.28316944139402045], "SNR": 500000, "name": "6t3e"}