{"loc": [7, 2, -6], "rotate": [2.324911334684809, 1.2689875758565141, 0.7051771810202893], "SNR": 500000, "name": "6t3e"}