{"loc": [-7, 2, 7], "rotate": [2.132983347494464, 0.7922666964309526, 0.14926323146057738], "SNR": 500000, "name": "6t3e"}