{"loc": [3, -1, 2], "rotate": [-2.3411305207785924, 1.3963962163616326, -1.9219603868352169], "SNR": 500000, "name": "6t3e"}