{"loc": [1, 6, 0], "rotate": [3.063167636790337, 0.7223594851557801, -0.5731783463336405], "SNR": 500000, "name": "6t3e"}