{"loc": [-4, -5, 5], "rotate": [-2.507093458579212, 0.9439808912597948, -1.7431979248932175], "SNR": 500000, "name": "6t3e"}