{"loc": [6, 4, 5], "rotate": [-2.016714362521948, 1.173729957111333, -2.191947384377945], "SNR": 500000, "name": "6t3e"}