{"loc": [0, 4, 0], "rotate": [1.9518779597040272, 1.514855167679387, 0.6480696648320021], "SNR": 500000, "name": "6t3e"}