{"loc": [-4, 6, 6], "rotate": [-2.6103549566790423, 0.5813977949642026, -1.471363531686497], "SNR": 500000, "name": "6t3e"}