{"loc": [-2, 4, 0], "rotate": [-2.252918084579531, 1.2300674933737463, -1.5051819934689068], "SNR": 500000, "name": "6t3e"}