{"loc": [-7, 4, -1], "rotate": [-1.984191938357511, 1.9177165092184496, -2.458337488210353], "SNR": 500000, "name": "6t3e"}