{"loc": [2, 5, -3], "rotate": [-2.3986425036726886, 1.10081078745663, -2.0470677418625804], "SNR": 500000, "name": "6t3e"}