{"loc": [2, -7, -1], "rotate": [2.738492012446849, 0.788635520427033, -0.01959930460770723], "SNR": 500000, "name": "6t3e"}