{"loc": [-3, -4, -7], "rotate": [-2.873650883866887, 0.8304360077831571, -1.36781092721844], "SNR": 500000, "name": "6t3e"}