{"loc": [-6, 5, -7], "rotate": [2.222148873539166, 1.406807433342375, 0.6973944450097254], "SNR": 500000, "name": "6t3e"}