{"loc": [6, 1, -2], "rotate": [-1.979837773896172, 1.1884493444159723, -2.5539176577629186], "SNR": 500000, "name": "6t3e"}