{"loc": [7, -6, 1], "rotate": [-2.989949023935659, 0.5723841197210563, -1.101740830982129], "SNR": 500000, "name": "6t3e"}