{"loc": [-5, -1, 4], "rotate": [3.022822363521582, 0.9316019760445899, -0.08532995668627767], "SNR": 500000, "name": "6t3e"}