{"loc": [4, 6, 6], "rotate": [-1.9790305212284394, 0.9208456352230339, -2.34783345250474], "SNR": 500000, "name": "6t3e"}