{"loc": [-1, 5, 1], "rotate": [-2.624242661211001, 0.7420521642101828, -1.3602956328006297], "SNR": 500000, "name": "6t3e"}