{"loc": [-5, -5, 5], "rotate": [2.5780771227865564, 1.732126628298943, 1.206076110690659], "SNR": 500000, "name": "6t3e"}