{"loc": [-1, -3, 0], "rotate": [3.0553535354649943, 0.5340016360913143, -0.56277907579357], "SNR": 500000, "name": "6t3e"}