{"loc": [-6, 3, -7], "rotate": [-0.7616781268956085, 0.8804035578228239, 0.3574906785405847], "SNR": 500000, "name": "6t3e"}