{"loc": [6, 1, 2], "rotate": [2.835112395911533, 1.006939800204512, -0.6661693883540141], "SNR": 500000, "name": "6t3e"}