{"loc": [4, -4, -5], "rotate": [-2.8580013081847304, 0.8112893803410348, -0.9358791062464485], "SNR": 500000, "name": "6t3e"}