{"loc": [7, -5, 4], "rotate": [2.315298685712464, 1.4363598477217885, 0.3313999187066015], "SNR": 500000, "name": "6t3e"}