{"loc": [-4, 0, -6], "rotate": [2.963996956185704, 1.2644042856032272, -0.5368898354687679], "SNR": 500000, "name": "6t3e"}