{"loc": [0, 0, 1], "rotate": [2.7367001784797598, 0.8307206528800234, -0.25707111503803265], "SNR": 500000, "name": "6t3e"}