{"loc": [6, 1, 1], "rotate": [2.4688365899618936, 0.8016314331931567, 0.2651424902941077], "SNR": 500000, "name": "6t3e"}