{"loc": [-6, -2, 5], "rotate": [2.990669989469452, 0.8141341252646027, -0.7406945702401], "SNR": 500000, "name": "6t3e"}