{"loc": [7, -7, -5], "rotate": [-2.2452192346969646, 1.1029701314870197, -1.891038739407402], "SNR": 500000, "name": "6t3e"}