{"loc": [-6, -4, -1], "rotate": [-2.6458544248614717, 2.8195393744098696, 2.2462608775041204], "SNR": 500000, "name": "6t3e"}