{"loc": [7, 5, 7], "rotate": [2.063634103126849, 1.7339667559498082, 0.8065423337523302], "SNR": 500000, "name": "6t3e"}