{"loc": [2, 0, 4], "rotate": [2.2649266196056606, 0.8420009515678706, 0.25681895770657936], "SNR": 500000, "name": "6t3e"}