{"loc": [7, 7, 0], "rotate": [2.4788092750720008, 1.8046487804536264, 1.361239188634152], "SNR": 500000, "name": "6t3e"}