{"loc": [-3, 3, -3], "rotate": [-2.8209149414041197, 0.38744240918599354, -1.2638229478329943], "SNR": 500000, "name": "6t3e"}