{"loc": [-6, -5, -1], "rotate": [1.9545388035760272, 1.3863539865440295, 0.51520888140231], "SNR": 500000, "name": "6t3e"}