{"loc": [2, 0, -1], "rotate": [2.4377967933718, 0.8668717406920555, 0.15833191608322278], "SNR": 500000, "name": "6t3e"}