{"loc": [3, 6, 6], "rotate": [2.230294463723703, 0.7110973689551627, 0.19825937131136537], "SNR": 500000, "name": "6t3e"}