{"loc": [-5, 0, -2], "rotate": [-2.950767660465819, 2.370381189123479, 2.633527946348701], "SNR": 500000, "name": "6t3e"}