{"loc": [0, 2, -1], "rotate": [-2.1941119142159136, 1.2798728671831905, -1.7082730158891621], "SNR": 500000, "name": "6t3e"}