{"loc": [0, 5, -4], "rotate": [-2.236723958894788, 1.4865657384240312, -2.2170772247836656], "SNR": 500000, "name": "6t3e"}