{"loc": [2, 1, 3], "rotate": [2.1359432090916495, 1.1643350700752466, 0.07211927810942048], "SNR": 500000, "name": "6t3e"}