{"loc": [6, 3, -7], "rotate": [2.241940200483009, 1.5946988756582954, 0.9290084248411002], "SNR": 500000, "name": "6t3e"}