{"loc": [7, 0, 0], "rotate": [-2.7500527171244435, 0.8439861262041986, -1.755370226877], "SNR": 500000, "name": "6t3e"}