{"loc": [7, -1, 0], "rotate": [2.231674207818383, 1.9677769148900863, 1.1875764671587754], "SNR": 500000, "name": "6t3e"}