{"loc": [-4, -6, 7], "rotate": [-2.3167347874820945, 2.2514768876458433, -2.694181062851045], "SNR": 500000, "name": "6t3e"}