{"loc": [3, -7, 3], "rotate": [1.780534923134584, 1.1641163344039689, 0.8034367963120603], "SNR": 500000, "name": "6t3e"}