{"loc": [0, 5, -3], "rotate": [2.828919979344719, 0.5092103725250655, -0.32275719767118033], "SNR": 500000, "name": "6t3e"}