{"loc": [-1, 6, 0], "rotate": [-2.2393540437060113, 1.1325204330204781, -1.9457677288056445], "SNR": 500000, "name": "6t3e"}