{"loc": [-2, 7, 7], "rotate": [3.0288130325071907, 0.6492953640664637, -0.7133398872639404], "SNR": 500000, "name": "6t3e"}