{"loc": [2, -7, 3], "rotate": [-1.8221526289259535, 1.082806716393272, -2.187518550711819], "SNR": 500000, "name": "6t3e"}