{"loc": [3, -4, 0], "rotate": [-2.633858315667821, 0.27757726520052095, -1.658770748617453], "SNR": 500000, "name": "6t3e"}