{"loc": [-6, 0, 0], "rotate": [2.118583926344271, 1.3283425638656108, 0.7656444223108921], "SNR": 500000, "name": "6t3e"}