{"loc": [3, -2, 6], "rotate": [-2.7451961469570416, 1.020692687548144, -1.1631092599417265], "SNR": 500000, "name": "6t3e"}