{"loc": [-1, -7, -1], "rotate": [2.257345466758545, 1.4096081262441251, 0.12180635128212611], "SNR": 500000, "name": "6t3e"}