{"loc": [0, -4, 5], "rotate": [2.773869777497, 0.6989913166284788, -0.3955324381724621], "SNR": 500000, "name": "6t3e"}