{"loc": [-7, 0, -2], "rotate": [2.171175391426894, 1.7515230320723905, 0.842012141454613], "SNR": 500000, "name": "6t3e"}