{"loc": [4, 5, 0], "rotate": [-2.1762147731872483, 1.479979298134905, -2.578976745869695], "SNR": 500000, "name": "6t3e"}