{"loc": [4, -7, -7], "rotate": [2.5922670243503982, 1.2908372646822848, 0.05363932416151338], "SNR": 500000, "name": "6t3e"}