{"loc": [-1, -2, -7], "rotate": [2.4563511936144704, 2.144257968850562, 1.5867661568550593], "SNR": 500000, "name": "6t3e"}