{"loc": [-6, 6, -6], "rotate": [2.7415297397418277, 0.16386080976470888, -0.29246069075887454], "SNR": 500000, "name": "6t3e"}