{"loc": [3, 3, -2], "rotate": [2.36357647727008, 1.0835787209546042, 0.4051457640633953], "SNR": 500000, "name": "6t3e"}