{"loc": [2, 7, 0], "rotate": [3.1110527924295313, 0.8175056981144616, -0.7809624835583886], "SNR": 500000, "name": "6t3e"}