{"loc": [-5, 7, -2], "rotate": [2.6123256804530133, 0.8704675623136988, -0.279256295367984], "SNR": 500000, "name": "6t3e"}