{"loc": [-6, 2, 5], "rotate": [2.1425551870421438, 1.2608322857894438, 0.6834588813746685], "SNR": 500000, "name": "6t3e"}