{"loc": [3, 1, 0], "rotate": [2.9879580278782556, 0.5191063514866844, -0.7226328085482026], "SNR": 500000, "name": "6t3e"}