{"loc": [0, -3, 3], "rotate": [2.5657641070373534, 1.3948904772176107, 0.3798973466379933], "SNR": 500000, "name": "6t3e"}