{"loc": [4, 0, -6], "rotate": [2.5267420647280807, 1.9510119906540102, 1.4015284580985325], "SNR": 500000, "name": "6t3e"}