{"loc": [1, 0, -1], "rotate": [2.557464702744537, 0.545705909342567, -0.039857763679451416], "SNR": 500000, "name": "6t3e"}