{"loc": [5, 0, -2], "rotate": [-2.2610200886174616, 1.3189830833004776, -1.9868610989047202], "SNR": 500000, "name": "6t3e"}