{"loc": [0, 5, -3], "rotate": [2.514180573162896, 2.1767778572582364, 1.3531950859972122], "SNR": 500000, "name": "6t3e"}