{"loc": [-6, 6, 6], "rotate": [2.247026902238854, 1.2880316245742953, 0.3807536624235528], "SNR": 500000, "name": "6t3e"}