{"loc": [5, 7, -4], "rotate": [2.7516196158287776, 0.21830473208891155, -0.5894618113236632], "SNR": 500000, "name": "6t3e"}