{"loc": [-2, 5, 0], "rotate": [-2.968986656819795, 0.8424558441772697, -0.6475313608466376], "SNR": 500000, "name": "6t3e"}