{"loc": [-2, 4, 6], "rotate": [2.2115485305480354, 0.9297657191201231, 0.5113438195713053], "SNR": 500000, "name": "6t3e"}