{"loc": [-2, 3, -6], "rotate": [-3.1088773970260384, 0.6419844327746361, -0.4621170123675237], "SNR": 500000, "name": "6t3e"}