{"loc": [-5, -7, -5], "rotate": [2.4174931581924097, 1.4724341143249298, 0.12834491170317341], "SNR": 500000, "name": "6t3e"}