{"loc": [7, 2, -5], "rotate": [-2.0862722415696426, 1.2590904670365708, -2.36410366223901], "SNR": 500000, "name": "6t3e"}