{"loc": [7, 0, -7], "rotate": [-2.536152052984668, 0.9479701129439303, -1.935441809709507], "SNR": 500000, "name": "6t3e"}