{"loc": [1, 5, 1], "rotate": [1.7981794912399809, 0.7271164599248302, 0.04315722112813899], "SNR": 500000, "name": "6t3e"}