{"loc": [-5, -2, 7], "rotate": [2.3511575548468473, 1.0441074917904163, 0.019287716139632878], "SNR": 500000, "name": "6t3e"}