{"loc": [0, 3, 4], "rotate": [-2.029661861208014, 1.229960583831237, -2.379462105107133], "SNR": 500000, "name": "6t3e"}