{"loc": [-6, -6, -5], "rotate": [2.187892953786541, 1.5383276498556102, 0.9911967157452004], "SNR": 500000, "name": "6t3e"}