{"loc": [2, -4, -1], "rotate": [-2.0686115956679427, 1.0555318237746094, -2.140952893246144], "SNR": 500000, "name": "6t3e"}