{"loc": [-3, -1, 0], "rotate": [2.5011132758706442, 0.5395804538521797, -0.048155021718522414], "SNR": 500000, "name": "6t3e"}