{"loc": [-5, 5, -6], "rotate": [-2.9852914156145673, 0.6958650349386264, -1.0561738149439157], "SNR": 500000, "name": "6t3e"}