{"loc": [6, 0, -3], "rotate": [2.5538095667751564, 2.2866087444125878, 1.6214919982371288], "SNR": 500000, "name": "6t3e"}