{"loc": [-3, 4, 6], "rotate": [2.3802160904133958, 1.1395694274134336, 0.32430094690596045], "SNR": 500000, "name": "6t3e"}