{"loc": [6, -3, -4], "rotate": [2.8529971701076273, 0.9783537475379218, -0.18879974497880697], "SNR": 500000, "name": "6t3e"}