{"loc": [-1, 0, -7], "rotate": [2.332884667546916, 0.4952197184847299, -0.19780142666549355], "SNR": 500000, "name": "6t3e"}