{"loc": [7, -1, 6], "rotate": [2.6677640323218963, 0.8599314457641924, -0.13634481489507375], "SNR": 500000, "name": "6t3e"}