{"loc": [-4, -1, 0], "rotate": [2.9497387342749213, 0.10187363727436483, -0.8377331479261342], "SNR": 500000, "name": "6t3e"}