{"loc": [5, -7, 7], "rotate": [2.620960912549976, 0.6913946135754169, -0.1198967931487963], "SNR": 500000, "name": "6t3e"}