{"loc": [-2, 6, 3], "rotate": [-2.477437443933052, 0.6090685380655594, -1.2660643207252134], "SNR": 500000, "name": "6t3e"}