{"loc": [0, -3, 2], "rotate": [2.570379598207171, 2.0472280310152438, 1.1296094427579761], "SNR": 500000, "name": "6t3e"}