{"loc": [-6, 1, 4], "rotate": [2.893907616192498, 0.4062111906074704, -0.5196649996015167], "SNR": 500000, "name": "6t3e"}