{"loc": [-2, -4, 5], "rotate": [-2.2060849145340278, 0.9219573960965703, -1.947129089694095], "SNR": 500000, "name": "6t3e"}