{"loc": [-5, -5, 1], "rotate": [2.218378215293131, 1.5299105967266262, 0.8815417625831008], "SNR": 500000, "name": "6t3e"}