{"loc": [6, 5, 1], "rotate": [2.2576729475835005, 1.1362288799356366, 0.6512229810785611], "SNR": 500000, "name": "6t3e"}