{"loc": [-2, 4, 6], "rotate": [-1.730395131921538, 1.1057569998520158, -2.3634937522009123], "SNR": 500000, "name": "6t3e"}