{"loc": [-3, 3, -3], "rotate": [2.053357412078622, 1.4073900667987664, 0.6262215380986685], "SNR": 500000, "name": "6t3e"}