{"loc": [-2, 5, 1], "rotate": [-2.249729540523708, 1.4269648227527023, -2.4860165730843087], "SNR": 500000, "name": "6t3e"}