{"loc": [6, -5, -4], "rotate": [2.3441914188494177, 0.2893848114998206, -0.26408210693677797], "SNR": 500000, "name": "6t3e"}