{"loc": [-6, 7, -6], "rotate": [-2.365597497872296, 0.8259671875720337, -1.9691804087148166], "SNR": 500000, "name": "6t3e"}