{"loc": [4, 7, 3], "rotate": [2.056147799945992, 1.5625540139402194, 0.705624692669829], "SNR": 500000, "name": "6t3e"}