{"loc": [4, -7, 5], "rotate": [-2.5596851364246214, 0.7422937947458533, -1.4515584436757136], "SNR": 500000, "name": "6t3e"}