{"loc": [1, 4, 6], "rotate": [2.030294260051783, 1.3590174798665382, 0.7822253989719169], "SNR": 500000, "name": "6t3e"}