{"loc": [2, -5, 4], "rotate": [-2.7770315461020147, 0.7331684019046172, -1.2119066910000507], "SNR": 500000, "name": "6t3e"}