{"loc": [2, -5, 0], "rotate": [1.0068994074185196, 1.7660254732825051, -2.438330268199627], "SNR": 500000, "name": "6t3e"}