{"loc": [2, 5, 7], "rotate": [2.368902283165884, 1.5940516711543635, 1.2795624555063814], "SNR": 500000, "name": "6t3e"}