{"loc": [-7, 4, 7], "rotate": [2.229285062495593, 0.8578900285151017, -0.052602650943003426], "SNR": 500000, "name": "6t3e"}