{"loc": [6, 7, 0], "rotate": [-3.043667671583578, 0.6893220862929205, -0.6903062177717988], "SNR": 500000, "name": "6t3e"}