{"loc": [0, 0, 4], "rotate": [2.13791789253376, 1.5541113263936, 0.938616067455179], "SNR": 500000, "name": "6t3e"}