{"loc": [-3, -7, 5], "rotate": [2.136515598446419, 1.5857399119767535, 0.850465920823628], "SNR": 500000, "name": "6t3e"}