{"loc": [0, -6, 4], "rotate": [-2.2046401176186032, 0.6398329411274338, -1.976207990953652], "SNR": 500000, "name": "6t3e"}