{"loc": [-2, -7, -1], "rotate": [2.0817738932228385, 1.5367678795427757, 0.24129791393849329], "SNR": 500000, "name": "6t3e"}