{"loc": [1, 2, -6], "rotate": [1.9123237092143424, 1.2630965902023994, 0.6487190925081765], "SNR": 500000, "name": "6t3e"}