{"loc": [-7, -7, -4], "rotate": [-2.982561896847751, 0.7442205751847656, -1.2722295365807672], "SNR": 500000, "name": "6t3e"}