{"loc": [-6, -2, -1], "rotate": [2.4029486737708727, 1.7464825732717189, 1.2042222262215203], "SNR": 500000, "name": "6t3e"}