{"loc": [-4, -7, 1], "rotate": [2.316947017978572, 1.2016426040539763, 0.735149214144046], "SNR": 500000, "name": "6t3e"}