{"loc": [0, 2, 5], "rotate": [1.7667404880118298, 1.2056253353412087, 0.8034400577830774], "SNR": 500000, "name": "6t3e"}