{"loc": [0, -6, -3], "rotate": [2.298554211075696, 2.2816859914114365, 1.211161430450319], "SNR": 500000, "name": "6t3e"}