{"loc": [7, -2, 6], "rotate": [-2.134906947355273, 1.1091545547676527, -2.4072881161278437], "SNR": 500000, "name": "6t3e"}