{"loc": [-1, -5, 7], "rotate": [2.344065886422953, 0.919793576751844, 0.18054814010014447], "SNR": 500000, "name": "6t3e"}