{"loc": [-3, -6, -2], "rotate": [3.0286920070104175, 0.7561252779153183, -0.7527503840251039], "SNR": 500000, "name": "6t3e"}