{"loc": [-7, -1, 7], "rotate": [-2.4233961769389665, 0.6346429707441876, -2.064732270872988], "SNR": 500000, "name": "6t3e"}