{"loc": [-5, 5, 3], "rotate": [2.1385166394945467, 1.5358267192638801, 0.8671784790982958], "SNR": 500000, "name": "6t3e"}