{"loc": [0, 6, 0], "rotate": [2.2161415454976416, 1.145961557257428, 0.6732713411928116], "SNR": 500000, "name": "6t3e"}