{"loc": [-2, 0, -7], "rotate": [2.116003380785489, 1.3267956918515817, 0.6554162382399036], "SNR": 500000, "name": "6t3e"}