{"loc": [5, 4, 2], "rotate": [-2.1444960885421818, 1.2359939061865177, -2.0552896793442064], "SNR": 500000, "name": "6t3e"}