{"loc": [6, 3, -5], "rotate": [2.3946567901469686, 1.6187746771219673, 0.5804883691455628], "SNR": 500000, "name": "6t3e"}