{"loc": [-7, 1, 4], "rotate": [1.9046867662248088, 1.913522764538887, 0.4401083751116341], "SNR": 500000, "name": "6t3e"}