{"loc": [-1, 2, -2], "rotate": [2.3935068249670275, 2.3026738877925057, 1.365356314295738], "SNR": 500000, "name": "6t3e"}