{"loc": [-1, 2, -5], "rotate": [2.060640329840163, 0.9435696504655715, 0.413963487999071], "SNR": 500000, "name": "6t3e"}