{"loc": [1, -6, -6], "rotate": [2.19538157916505, 0.9634547722788525, 0.6041979051316521], "SNR": 500000, "name": "6t3e"}