{"loc": [-1, -6, -2], "rotate": [-2.6227924079885336, 2.257527401273803, -2.9363754554635215], "SNR": 500000, "name": "6t3e"}