{"loc": [-3, 0, 7], "rotate": [2.4975029392636046, 2.032367414817215, 1.5779940631459375], "SNR": 500000, "name": "6t3e"}