{"loc": [0, 0, 5], "rotate": [2.1599634127947076, 1.7481003692950887, 1.3178939718718787], "SNR": 500000, "name": "6t3e"}