{"loc": [-5, 2, 5], "rotate": [-2.2662690080307577, 2.029083649346049, -2.952966635124877], "SNR": 500000, "name": "6t3e"}