{"loc": [4, -4, -6], "rotate": [2.874678769128671, 0.8649381789280857, -0.03520252592464637], "SNR": 500000, "name": "6t3e"}