{"loc": [-1, -7, 5], "rotate": [-2.041976574237227, 0.5657295703244939, -1.6094717298712256], "SNR": 500000, "name": "6t3e"}