{"loc": [0, -2, 2], "rotate": [2.1466320074049525, 1.0154376017568179, 0.3203505897234363], "SNR": 500000, "name": "6t3e"}