{"loc": [7, 3, -2], "rotate": [2.670128646156808, 2.0373221860388586, 1.837307875059226], "SNR": 500000, "name": "6t3e"}