{"loc": [-1, -5, 0], "rotate": [-2.511141167478661, 2.6137604749882164, 3.0628648956234135], "SNR": 500000, "name": "6t3e"}