{"loc": [3, 2, 3], "rotate": [-2.0510209883483994, 2.4343436414755426, -2.8526678945965176], "SNR": 500000, "name": "6t3e"}