{"loc": [1, -6, -7], "rotate": [2.2331210021471906, 0.9951086977222171, 0.3504660060979845], "SNR": 500000, "name": "6t3e"}