{"loc": [-1, 0, -3], "rotate": [2.7498666510291883, 0.5337162546393043, -0.31563948905700767], "SNR": 500000, "name": "6t3e"}