{"loc": [-5, -4, 3], "rotate": [-2.2801795210070797, 0.7716213345475227, -1.6971910328342241], "SNR": 500000, "name": "6t3e"}