{"loc": [0, 0, 1], "rotate": [2.189257980796672, 1.1061450416103709, 0.5082538044053082], "SNR": 500000, "name": "6t3e"}