{"loc": [-3, 1, 5], "rotate": [-2.3702583331529996, 1.3925997358647233, -2.3438563522370615], "SNR": 500000, "name": "6t3e"}