{"loc": [0, 7, -2], "rotate": [-2.3750622833628365, 0.9570697518280824, -1.7875896141250438], "SNR": 500000, "name": "6t3e"}