{"loc": [-7, 5, -7], "rotate": [2.4158683668397476, 1.336000376521963, 0.6119115885533022], "SNR": 500000, "name": "6t3e"}