{"loc": [5, 7, -1], "rotate": [2.1588327917760592, 1.1461493783390997, 0.6320092889549497], "SNR": 500000, "name": "6t3e"}