{"loc": [-3, -4, 6], "rotate": [1.8509684627499334, 1.7685379158296708, 1.0925665703903997], "SNR": 500000, "name": "6t3e"}