{"loc": [-7, 7, -6], "rotate": [-2.8525339243952557, 0.6637693622856491, -1.198393282860006], "SNR": 500000, "name": "6t3e"}