{"loc": [2, 4, -5], "rotate": [-2.2767560445156745, 1.364437930443591, -2.784873226031889], "SNR": 500000, "name": "6t3e"}