{"loc": [0, 0, 0], "rotate": [-2.5724966020767264, 2.608076151300032, -3.138318399027625], "SNR": 500000, "name": "6t3e"}