{"loc": [3, 0, 5], "rotate": [2.410395578722782, 1.124743364118097, 0.4320136953388577], "SNR": 500000, "name": "6t3e"}