{"loc": [-1, 4, -5], "rotate": [-2.442323078866749, 2.2905338909921857, -2.8619269440587307], "SNR": 500000, "name": "6t3e"}