{"loc": [2, 6, 3], "rotate": [2.6241622005650562, 0.3891624582889327, 0.0898930358052328], "SNR": 500000, "name": "6t3e"}