{"loc": [-1, 3, -7], "rotate": [-2.526275883882131, 0.7856482226399285, -1.5020386837044832], "SNR": 500000, "name": "6t3e"}