{"loc": [3, -6, 6], "rotate": [2.7366760756869515, 0.6639372984644861, -0.4206392591267762], "SNR": 500000, "name": "6t3e"}