{"loc": [3, -3, -4], "rotate": [2.068410803820402, 1.4184953214330893, 0.6267364890599695], "SNR": 500000, "name": "6t3e"}