{"loc": [-5, -3, 6], "rotate": [-2.2858933376479778, 1.4369753843523567, -1.7774251640912933], "SNR": 500000, "name": "6t3e"}