{"loc": [0, -7, -4], "rotate": [2.694817243130173, 0.546902043106534, -0.30088487234603983], "SNR": 500000, "name": "6t3e"}