{"loc": [7, 2, 0], "rotate": [-2.3621688476648477, 1.2024068201230769, -2.273664892149806], "SNR": 500000, "name": "6t3e"}