{"loc": [7, -7, 5], "rotate": [2.492225582484177, 1.5057723415223152, 1.0029041581349378], "SNR": 500000, "name": "6t3e"}