{"loc": [4, -2, -5], "rotate": [2.016285310832702, 1.3583857135042285, 0.29872773118964796], "SNR": 500000, "name": "6t3e"}