{"loc": [1, 5, -2], "rotate": [2.169083677125985, 1.9782000039027248, 1.0356315637796838], "SNR": 500000, "name": "6t3e"}