{"loc": [2, 3, -1], "rotate": [3.0854054826447337, 0.7252758789199395, -0.9552398880151922], "SNR": 500000, "name": "6t3e"}