{"loc": [-1, 2, -1], "rotate": [2.5830488346558846, 0.9878262945402764, 0.3656427869998952], "SNR": 500000, "name": "6t3e"}