{"loc": [1, 4, 3], "rotate": [3.0760950968621295, 2.3829077571465964, 1.8396708167356173], "SNR": 500000, "name": "6t3e"}