{"loc": [-7, 2, 7], "rotate": [2.7699205246101326, 0.6056298418953855, -0.708596748453451], "SNR": 500000, "name": "6t3e"}