{"loc": [0, 6, 4], "rotate": [2.1989962124949485, 0.8277361498701633, 0.7387154939115425], "SNR": 500000, "name": "6t3e"}