{"loc": [-2, 6, -3], "rotate": [1.7729803810422513, 1.0220755378671058, 0.7336187791562095], "SNR": 500000, "name": "6t3e"}