{"loc": [-2, 2, 0], "rotate": [-2.4252271921359405, 1.8224787930564483, -2.8047261575203124], "SNR": 500000, "name": "6t3e"}