{"loc": [4, 3, -2], "rotate": [-2.9983945238314034, 0.651266138144961, -0.8754218874334107], "SNR": 500000, "name": "6t3e"}