{"loc": [3, 6, -4], "rotate": [-2.2201369786041685, 0.8931039226185951, -1.8014543574721658], "SNR": 500000, "name": "6t3e"}