{"loc": [-1, -6, 4], "rotate": [-2.15713376412268, 1.438322111297962, -2.2375195386119895], "SNR": 500000, "name": "6t3e"}