{"loc": [7, -7, -5], "rotate": [-2.0571206618606555, 0.9237333310190083, -1.7532423449155068], "SNR": 500000, "name": "6t3e"}