{"loc": [5, 7, -5], "rotate": [2.5108987707359143, 1.949677686431257, 1.5837280392146214], "SNR": 500000, "name": "6t3e"}