{"loc": [-5, -7, -7], "rotate": [-2.86298726102303, 0.8772755901102445, -1.2874634978310608], "SNR": 500000, "name": "6t3e"}