{"loc": [1, 0, 7], "rotate": [-2.0975273215862376, 1.0635313802478448, -2.1858434924138463], "SNR": 500000, "name": "6t3e"}