{"loc": [-3, 5, -7], "rotate": [-2.2944713448153005, 1.286988397570902, -1.9762460865258518], "SNR": 0.03, "name": "2h12"}