{"loc": [-5, 1, 5], "rotate": [2.799617026551787, 1.0671852222424743, 0.00027843007376770335], "SNR": 0.03, "name": "2h12"}