{"loc": [-4, 3, 0], "rotate": [-2.224151408492791, 0.25967133556449695, -1.139928360544691], "SNR": 0.03, "name": "2h12"}