{"loc": [0, 3, 6], "rotate": [2.2792521837666238, 1.7397771523147805, 0.5448688942210143], "SNR": 0.03, "name": "2h12"}