{"loc": [0, 5, 1], "rotate": [2.2354202312648623, 1.5134911636816422, 0.5419480337193382], "SNR": 0.03, "name": "2h12"}