{"loc": [7, -6, -2], "rotate": [-2.3860810924286815, 1.3732610159871907, -1.462128297841155], "SNR": 0.03, "name": "2h12"}