{"loc": [2, -2, 5], "rotate": [2.1394794490137197, 1.5799128858701639, 0.9577434575929309], "SNR": 0.03, "name": "2h12"}