{"loc": [-6, -2, 5], "rotate": [2.325830626730199, 0.7452164502069926, -0.3695117823805251], "SNR": 0.03, "name": "2h12"}