{"loc": [6, 0, 4], "rotate": [2.385242787415082, 1.5185443195808608, 0.9578032168594454], "SNR": 0.03, "name": "2h12"}