{"loc": [7, 4, -5], "rotate": [2.0064952245785386, 0.9775934183937208, 0.444503708646742], "SNR": 0.03, "name": "2h12"}