{"loc": [-6, -1, -3], "rotate": [2.412828749966315, 1.0228419702757658, 0.38925237219654624], "SNR": 0.03, "name": "2h12"}