{"loc": [-3, -2, -6], "rotate": [-2.1434536423642547, 1.367145613448308, -2.3225737087502707], "SNR": 0.03, "name": "2h12"}