{"loc": [5, -2, -4], "rotate": [-3.132036620616828, 0.5300419804515732, -1.3460777316548245], "SNR": 0.03, "name": "2h12"}