{"loc": [-2, 6, 4], "rotate": [0.352047803394474, 1.1519391070656293, -1.3265310216574941], "SNR": 0.03, "name": "2h12"}