{"loc": [0, 2, 4], "rotate": [2.330172490861634, 1.6222341142098127, 0.9502482896906673], "SNR": 0.03, "name": "2h12"}