{"loc": [-4, -4, -2], "rotate": [2.5342994350438186, 0.9440566537324301, 0.03706160952871088], "SNR": 0.03, "name": "2h12"}