{"loc": [0, 7, -6], "rotate": [2.7995567794734746, 1.2660675176536167, 0.3296170967872225], "SNR": 0.03, "name": "2h12"}