{"loc": [-1, -2, 0], "rotate": [2.7183591537599456, 0.5837626886941929, 0.03418756549215829], "SNR": 0.03, "name": "2h12"}