{"loc": [-5, 6, 7], "rotate": [-2.47979705767935, 1.2146546602964254, -2.115802392052654], "SNR": 0.03, "name": "2h12"}