{"loc": [-1, -1, 0], "rotate": [2.8186532191690055, 0.3989486874931626, -0.6381065995023449], "SNR": 0.03, "name": "2h12"}