{"loc": [4, -7, -6], "rotate": [2.209704824601616, 1.6817482607894931, 0.8220051089173921], "SNR": 0.03, "name": "2h12"}