{"loc": [3, 3, 5], "rotate": [-2.14374188327024, 0.8085420875296923, -2.284049969789505], "SNR": 0.03, "name": "2h12"}