{"loc": [2, 7, -7], "rotate": [-3.059848513921782, 2.3766071442569427, 2.8961279551292187], "SNR": 0.03, "name": "2h12"}