{"loc": [3, -3, 0], "rotate": [2.1473961477711394, 1.3834613024611568, 0.146346299965831], "SNR": 0.03, "name": "2h12"}