{"loc": [-4, 6, -6], "rotate": [-2.514577566274014, 0.822669347965077, -1.5458170371804039], "SNR": 0.03, "name": "2h12"}