{"loc": [-7, -2, -3], "rotate": [2.4499758956676105, 0.7793825686558811, 0.22307313813642132], "SNR": 0.03, "name": "2h12"}