{"loc": [0, 2, 2], "rotate": [2.185510579206965, 1.1227217289728828, 0.29875232742711644], "SNR": 0.03, "name": "2h12"}