{"loc": [-6, 2, -1], "rotate": [2.1656604325732554, 1.2326643296460362, 0.13366253471527942], "SNR": 0.03, "name": "2h12"}