{"loc": [1, 0, -2], "rotate": [-1.8930473787306348, 1.810167639453063, -2.324475781814959], "SNR": 0.03, "name": "2h12"}