{"loc": [1, 2, -1], "rotate": [-1.8634497091953222, 1.8530219458389066, -2.372661782035473], "SNR": 0.03, "name": "2h12"}