{"loc": [0, -5, 7], "rotate": [-2.1350568396022305, 1.0077207835116704, -2.09840101734384], "SNR": 0.03, "name": "2h12"}