{"loc": [5, 0, 5], "rotate": [-2.2203184011664745, 0.8171125851944855, -2.030579957114549], "SNR": 0.03, "name": "2h12"}