{"loc": [0, 1, -5], "rotate": [-2.30210472281438, 2.3540649161240697, -3.0708203181573124], "SNR": 0.03, "name": "2h12"}