{"loc": [3, -5, 1], "rotate": [2.20426109759672, 2.110187973064516, 0.9647623997841066], "SNR": 0.03, "name": "2h12"}