{"loc": [-5, -5, -7], "rotate": [2.279825219612385, 0.8757609529249214, 0.4217584548748813], "SNR": 0.03, "name": "2h12"}