{"loc": [2, -2, 4], "rotate": [1.7741200376909163, 1.8652555811882996, 0.7676348970375102], "SNR": 0.03, "name": "2h12"}