{"loc": [-2, -4, -7], "rotate": [2.5570161129662203, 1.9418173844772175, 1.6407234229214802], "SNR": 0.03, "name": "2h12"}