{"loc": [-1, 3, 4], "rotate": [-2.7117666862923726, 0.6613986091292866, -1.0206136988102594], "SNR": 0.03, "name": "2h12"}