{"loc": [-7, 4, 5], "rotate": [2.5212593608378575, 1.712968426111869, 0.921968606161858], "SNR": 0.03, "name": "2h12"}