{"loc": [5, 1, 0], "rotate": [-2.5462000444502975, 0.7046973984509205, -1.514143242789314], "SNR": 0.03, "name": "2h12"}