{"loc": [0, -4, 6], "rotate": [-2.3825658648471952, 2.0155697827620673, -2.920244643403978], "SNR": 0.03, "name": "2h12"}