{"loc": [7, -3, 2], "rotate": [2.3637161885037137, 0.9672185399984732, 0.35699735951083233], "SNR": 0.03, "name": "2h12"}