{"loc": [1, 2, 5], "rotate": [2.512835870330686, 2.015619251730454, 1.7226468195035536], "SNR": 0.03, "name": "2h12"}