{"loc": [-1, 6, 7], "rotate": [-2.7312371423068273, 0.7958403693012936, -1.602167513355086], "SNR": 0.03, "name": "2h12"}