{"loc": [2, 2, 2], "rotate": [-2.0613363228172172, 1.335977064311554, -2.5449343304334553], "SNR": 0.03, "name": "2h12"}