{"loc": [-4, -7, -6], "rotate": [-2.0446550309985363, 1.7882420661418634, -2.684009873342889], "SNR": 0.03, "name": "2h12"}