{"loc": [-7, 0, 7], "rotate": [2.3417047520990524, 1.5341095754159146, 0.7514087180578709], "SNR": 0.03, "name": "2h12"}