{"loc": [-6, 6, -7], "rotate": [-2.496331193996917, 0.6131731908792971, -1.8540236753583317], "SNR": 0.03, "name": "2h12"}