{"loc": [1, 0, -3], "rotate": [2.10217054524717, 0.8445681219180748, 0.26687581190617415], "SNR": 0.03, "name": "2h12"}