{"loc": [-1, 7, -6], "rotate": [2.6233627470213863, 1.1949621028246604, 0.26241080183836063], "SNR": 0.03, "name": "2h12"}