{"loc": [1, 6, 4], "rotate": [2.364577304186809, 1.4611555701118273, 0.8985079512515532], "SNR": 0.03, "name": "2h12"}