{"loc": [3, 1, 6], "rotate": [2.6375406891857143, 1.6855781428277654, 1.324331111298755], "SNR": 0.03, "name": "2h12"}