{"loc": [-6, -3, 3], "rotate": [2.1341763846257353, 1.166804045783469, 0.30882275061775216], "SNR": 0.03, "name": "2h12"}