{"loc": [-3, 5, 2], "rotate": [-2.969529224886479, 0.8903920823503658, -0.8931442244932234], "SNR": 0.03, "name": "2h12"}