{"loc": [2, 6, 1], "rotate": [1.9621443087471904, 0.6641692628439625, 0.20027790270508958], "SNR": 0.03, "name": "2h12"}