{"loc": [5, 0, -1], "rotate": [2.9302110334167364, 2.118174288851936, 2.1098740217370677], "SNR": 0.03, "name": "2h12"}