{"loc": [-2, 0, -6], "rotate": [-1.9943716742182196, 1.5677923085410417, -2.2740984299650018], "SNR": 0.03, "name": "2h12"}