{"loc": [-6, -4, 7], "rotate": [2.1840909435946063, 1.0020480115674602, 0.26262284664564806], "SNR": 0.03, "name": "2h12"}