{"loc": [6, 0, 2], "rotate": [2.7820624633040065, 0.5831327914385751, -0.20248052543745562], "SNR": 0.03, "name": "2h12"}