{"loc": [-6, -6, 3], "rotate": [-2.881914273914718, 2.4174627843386904, 2.9218880138830534], "SNR": 0.03, "name": "2h12"}