{"loc": [-5, -4, -1], "rotate": [2.3018791582284766, 1.6071570144495977, 0.8504042722960128], "SNR": 0.03, "name": "2h12"}