{"loc": [2, 0, 4], "rotate": [2.54097474253231, 2.2965488661772597, 1.7746711841583498], "SNR": 0.03, "name": "2h12"}