{"loc": [1, 0, 4], "rotate": [-2.122261551034522, 0.5279363464738742, -1.9589820805274298], "SNR": 0.03, "name": "2h12"}