{"loc": [1, 1, 7], "rotate": [2.5897383100869704, 1.094363380293844, -0.10504536585170908], "SNR": 0.03, "name": "2h12"}