{"loc": [6, 0, 5], "rotate": [2.3123706108985687, 2.0400427135233037, 0.8607907407948376], "SNR": 0.03, "name": "2h12"}