{"loc": [-7, 0, 7], "rotate": [2.295835200952679, 0.7244339049824098, 0.33489483320968627], "SNR": 0.03, "name": "2h12"}