{"loc": [-5, -1, -7], "rotate": [-2.312602377412006, 1.9449588176258028, -2.342555499763178], "SNR": 0.03, "name": "2h12"}