{"loc": [5, -1, -3], "rotate": [-1.9815347395062906, 0.4701942439885622, -1.9131195659288207], "SNR": 0.03, "name": "2h12"}