{"loc": [-7, 4, -7], "rotate": [3.105785242640584, 0.6667248445269, -0.629277965419557], "SNR": 0.03, "name": "2h12"}