{"loc": [7, -1, 4], "rotate": [2.6350738275107433, 1.8483178479015987, 1.5158950750472173], "SNR": 0.03, "name": "2h12"}