{"loc": [-6, -3, 0], "rotate": [2.2043699741618443, 0.7384540165087599, 0.31755899032854756], "SNR": 0.03, "name": "2h12"}