{"loc": [7, -7, 4], "rotate": [-2.413838909156371, 0.8175679380882854, -1.6034258035172173], "SNR": 0.03, "name": "2h12"}