{"loc": [6, 2, -3], "rotate": [-3.0892219517280273, 0.6755434669885807, -1.0273011027162302], "SNR": 0.03, "name": "2h12"}