{"loc": [6, -5, 2], "rotate": [3.045890010345537, 0.24935087004923323, -0.4394008997279433], "SNR": 0.03, "name": "2h12"}