{"loc": [3, -1, 0], "rotate": [2.283640718650976, 1.6223104044897751, 0.9389083109113454], "SNR": 0.03, "name": "2h12"}