{"loc": [1, 4, 7], "rotate": [-2.5995768127351555, 0.7562891411733149, -1.516016754418635], "SNR": 0.03, "name": "2h12"}