{"loc": [-1, 5, 3], "rotate": [-2.689260716752587, 0.943868951383563, -1.423642625967428], "SNR": 0.03, "name": "2h12"}