{"loc": [7, 7, 0], "rotate": [-2.0130480227734404, 1.0954254576737794, -2.633826438418685], "SNR": 0.03, "name": "2h12"}