{"loc": [-2, -7, -1], "rotate": [-2.6420433996667207, 2.318790671552083, -3.0417007118788906], "SNR": 0.03, "name": "2h12"}