{"loc": [6, 3, 0], "rotate": [-2.4384883370734833, 1.253423511904152, -2.1484075402472858], "SNR": 0.03, "name": "2h12"}