{"loc": [0, 4, -2], "rotate": [-2.3884700003594164, 0.43659031148538535, -1.2247938177442426], "SNR": 0.03, "name": "2h12"}