{"loc": [-7, -7, -4], "rotate": [2.355936214114719, 1.018875171432893, -0.0027286927734131183], "SNR": 0.03, "name": "2h12"}