{"loc": [6, -2, -2], "rotate": [2.071461398750999, 1.5655141248266509, 0.42956792713248765], "SNR": 0.03, "name": "2h12"}