{"loc": [5, 6, -6], "rotate": [2.1871629383645157, 0.5738157855672058, 0.5993264769388805], "SNR": 0.03, "name": "2h12"}