{"loc": [4, 4, 3], "rotate": [-2.5744522426772707, 0.6638362452353582, -1.2610104325651181], "SNR": 0.03, "name": "2h12"}