{"loc": [6, 0, 5], "rotate": [-3.024511624655303, 0.7136194594271232, -1.1683905706507112], "SNR": 0.03, "name": "2h12"}