{"loc": [-7, -1, 1], "rotate": [2.140300304851891, 1.0882356495883667, 0.6051911905247138], "SNR": 0.03, "name": "2h12"}