{"loc": [4, 5, -3], "rotate": [2.9419240777078315, 0.5725170480804285, 0.13144288466136103], "SNR": 0.03, "name": "2h12"}