{"loc": [3, 3, -4], "rotate": [-2.2678884542866427, 0.6965201059425115, -2.1424141032231803], "SNR": 0.03, "name": "2h12"}