{"loc": [2, -2, 1], "rotate": [2.081285170294985, 1.7079300510081108, 1.1394865942242984], "SNR": 0.03, "name": "2h12"}