{"loc": [0, -5, -5], "rotate": [2.3833785784619437, 0.7343934653974684, 0.023610424607915136], "SNR": 0.03, "name": "2h12"}