{"loc": [-3, 5, -7], "rotate": [1.8076876753641804, 1.0483745209505215, 1.2663787490301768], "SNR": 0.03, "name": "2h12"}