{"loc": [6, 5, 3], "rotate": [2.442286558906134, 0.8687863230331029, 0.3920315385917985], "SNR": 0.03, "name": "2h12"}