{"loc": [-6, 2, 3], "rotate": [-1.8469574868199508, 1.1298300680837075, -2.1445228124902664], "SNR": 0.03, "name": "2h12"}