{"loc": [5, -3, -6], "rotate": [2.4276403320602764, 1.3389434024163034, 0.8843587108332407], "SNR": 0.03, "name": "2h12"}