{"loc": [-6, 2, 0], "rotate": [2.9166733569821313, 0.860322285755722, -0.8142234070359822], "SNR": 0.03, "name": "2h12"}