{"loc": [2, 6, 2], "rotate": [2.3790610514763455, 0.9610659775282553, 0.34520733949899673], "SNR": 0.03, "name": "2h12"}