{"loc": [-1, -7, 1], "rotate": [-2.1652406954109136, 1.2082847570646984, -2.329794157881561], "SNR": 0.03, "name": "2h12"}