{"loc": [7, 1, -5], "rotate": [1.745132618096657, 0.8010428087771965, 0.6991031995347288], "SNR": 0.03, "name": "2h12"}