{"loc": [-7, -2, -6], "rotate": [-2.1155217990037682, 0.9413001561735229, -2.0473134925347165], "SNR": 0.03, "name": "2h12"}