{"loc": [2, 6, -3], "rotate": [2.894160421565249, 0.9631762769259952, -0.4376655690507071], "SNR": 0.03, "name": "2h12"}