{"loc": [6, -3, 2], "rotate": [2.3574722614680432, 1.2055120243310389, 0.1895201805682033], "SNR": 0.03, "name": "2h12"}