{"loc": [-5, 1, 2], "rotate": [-2.4238639729414606, 0.4375463811325607, -1.5564530523818658], "SNR": 0.03, "name": "2h12"}