{"loc": [-7, 6, 2], "rotate": [-3.046936958358243, 0.6139467473364562, -0.4234226675047427], "SNR": 0.03, "name": "2h12"}