{"loc": [1, -6, 4], "rotate": [2.200732191712392, 1.2730127175257617, 0.5522938811303572], "SNR": 0.03, "name": "2h12"}