{"loc": [-7, 0, -4], "rotate": [3.095061661167605, 0.5673717874065689, -0.623394519549678], "SNR": 0.03, "name": "2h12"}