{"loc": [7, 7, 1], "rotate": [1.9561832820401863, 1.4968990292839797, 0.8633597130622933], "SNR": 0.03, "name": "2h12"}