{"loc": [4, 6, 4], "rotate": [-2.69160121765038, 0.8851468506387093, -1.2192278549116624], "SNR": 0.03, "name": "2h12"}