{"loc": [-4, 4, -7], "rotate": [-2.471119930182485, 2.3757008516893374, 2.5558320877793728], "SNR": 0.03, "name": "2h12"}