{"loc": [0, 1, -5], "rotate": [-2.2737445550524247, 1.0182246615889523, -2.019618141181148], "SNR": 0.03, "name": "2h12"}