{"loc": [0, 1, 2], "rotate": [3.1056746929225065, 0.7233094945673275, -0.364977470557577], "SNR": 0.03, "name": "2h12"}