{"loc": [-4, -5, 0], "rotate": [2.9127147488349294, 0.41718177805698836, -0.3291073737502421], "SNR": 0.03, "name": "2h12"}