{"loc": [3, 3, -5], "rotate": [2.1637160749949214, 1.1790081180846756, 0.2739729610153094], "SNR": 0.03, "name": "2h12"}