{"loc": [-7, 3, 1], "rotate": [-2.2753465906690584, 1.3319043345106352, -2.3584688743860127], "SNR": 0.03, "name": "2h12"}