{"loc": [2, 5, 3], "rotate": [2.6989703297153884, 1.163773536192538, 0.5466459882974587], "SNR": 0.03, "name": "2h12"}