{"loc": [0, -5, 5], "rotate": [-2.3907257953117247, 1.2388123909345654, -1.9281500979154391], "SNR": 0.03, "name": "2h12"}