{"loc": [1, -6, 0], "rotate": [3.0199240100682117, 0.9934568506728834, -0.08260657834862505], "SNR": 0.03, "name": "2h12"}