{"loc": [6, 0, 3], "rotate": [2.218662394775498, 1.674271171144354, 0.897273232621025], "SNR": 0.03, "name": "2h12"}