{"loc": [4, 2, 0], "rotate": [-2.9281674392309274, 0.5593998000352294, -1.0436673019023135], "SNR": 0.03, "name": "2h12"}