{"loc": [2, -6, 2], "rotate": [-2.0083372681329443, 1.2153003648903655, -1.972497557521352], "SNR": 0.03, "name": "2h12"}