{"loc": [-1, -7, -4], "rotate": [-2.000897396776004, 0.8191752085692895, -2.366026660637192], "SNR": 0.03, "name": "2h12"}