{"loc": [0, 7, 4], "rotate": [-2.852249614299418, 0.720220367894242, -1.009061171405077], "SNR": 0.03, "name": "2h12"}