{"loc": [-4, 3, 7], "rotate": [-2.2032000815393045, 1.5267745257233931, -2.5301933456725134], "SNR": 0.03, "name": "2h12"}