{"loc": [-4, 0, -4], "rotate": [2.559614886472403, 0.5429156036854282, -0.034414901031839557], "SNR": 0.03, "name": "2h12"}