{"loc": [-4, -4, 3], "rotate": [-3.1163146259284513, 0.7579357907490465, -0.8534302043371711], "SNR": 0.03, "name": "2h12"}