{"loc": [0, -6, -6], "rotate": [-2.1876431847237856, 1.415905092258231, -2.525895687211493], "SNR": 0.03, "name": "2h12"}