{"loc": [-2, -7, 1], "rotate": [2.6950680632514166, 1.0606991698111479, -0.3082218237272953], "SNR": 0.03, "name": "2h12"}