{"loc": [7, 4, -7], "rotate": [2.157126041970622, 2.0088080764709795, 0.8422135400023351], "SNR": 0.03, "name": "2h12"}