{"loc": [-4, -3, 2], "rotate": [2.4697749561731235, 0.9560148276125702, 0.4768797523656509], "SNR": 0.03, "name": "2h12"}