{"loc": [-6, 5, 5], "rotate": [2.5672193176866327, 1.5699335977855433, 0.7228668357862531], "SNR": 0.03, "name": "2h12"}