{"loc": [2, 5, -2], "rotate": [-2.20907135416749, 1.170802949253971, -1.9045312495526021], "SNR": 0.03, "name": "2h12"}