{"loc": [-5, -3, -3], "rotate": [1.9181224155121483, 0.3667029566763147, 0.5410296460593299], "SNR": 0.03, "name": "2h12"}