{"loc": [-5, 1, 2], "rotate": [-2.8099891812808977, 0.8254905308595789, -1.3311726454383788], "SNR": 0.03, "name": "2h12"}