{"loc": [-4, -3, -1], "rotate": [1.8971318745416783, 1.14759081812692, 0.04383610043170878], "SNR": 0.03, "name": "2h12"}