{"loc": [-7, 0, -2], "rotate": [3.001815580552403, 0.8125780454151976, -0.6681114943561857], "SNR": 0.03, "name": "2h12"}