{"loc": [0, 1, -2], "rotate": [2.0481205321046443, 1.310123012605559, 0.8546179317585146], "SNR": 0.03, "name": "2h12"}