{"loc": [-3, 7, -7], "rotate": [-2.5274603124223116, 1.8024864821344488, -2.3470297411347594], "SNR": 0.03, "name": "2h12"}