{"loc": [-7, 3, -1], "rotate": [2.0521383993649454, 0.9500756615558548, 0.6580023679360635], "SNR": 0.03, "name": "2h12"}