{"loc": [5, 4, -2], "rotate": [1.942025301742338, 1.2481668821476009, 0.797440097065168], "SNR": 0.03, "name": "2h12"}