{"loc": [-6, 6, -1], "rotate": [2.202221455698936, 1.6990036993710946, 0.5739969310319737], "SNR": 0.03, "name": "2h12"}