{"loc": [4, 2, -3], "rotate": [-2.2718503138026596, 0.9890466093546203, -2.097971064153728], "SNR": 0.03, "name": "2h12"}