{"loc": [-7, -6, -4], "rotate": [-2.2658945295566904, 0.9683354654592425, -2.0142357831793336], "SNR": 0.03, "name": "2h12"}