{"loc": [7, 6, 7], "rotate": [-2.297353701401604, 1.6649199155170669, -2.1925773662334294], "SNR": 0.03, "name": "2h12"}