{"loc": [-6, 3, 5], "rotate": [-2.050548106308434, 1.7588614485611738, -2.0535001362417287], "SNR": 0.03, "name": "2h12"}