{"loc": [-1, -1, 5], "rotate": [2.4683564469527677, 1.6891780479216914, 1.356028086339297], "SNR": 0.03, "name": "2h12"}