{"loc": [5, -6, 7], "rotate": [-2.261270047452159, 1.4650160576922615, -2.463990749071441], "SNR": 0.03, "name": "2h12"}