{"loc": [5, 3, -3], "rotate": [2.1867027448234304, 1.2541779032900462, 1.0163952042537403], "SNR": 0.03, "name": "2h12"}