{"loc": [1, -3, -2], "rotate": [2.3501801582390205, 1.5759168638766974, 1.1029320480382814], "SNR": 0.03, "name": "2h12"}