{"loc": [-5, 1, -2], "rotate": [-3.1054236983680674, 0.48498649401568716, -0.8435511458157239], "SNR": 0.03, "name": "2h12"}