{"loc": [-3, 0, 0], "rotate": [2.2915637337786787, 1.683213997969086, 0.6311974627428761], "SNR": 0.03, "name": "2h12"}