{"loc": [-6, 1, 7], "rotate": [-2.414799638052874, 1.1451570997795641, -1.6204853082853983], "SNR": 0.03, "name": "2h12"}