{"loc": [0, 4, -1], "rotate": [3.0511673895435734, 2.568667334743781, 1.8374775749085064], "SNR": 0.03, "name": "2h12"}