{"loc": [-2, 6, 0], "rotate": [-2.052469216192702, 1.0533236087531002, -2.4191221981496596], "SNR": 0.03, "name": "2h12"}