{"loc": [2, -5, 0], "rotate": [2.3029441406053257, 1.2275404566930879, 0.4915515027581588], "SNR": 0.03, "name": "2h12"}