{"loc": [2, -2, -6], "rotate": [2.3064853713347016, 1.4578440637621477, 0.9404351589917467], "SNR": 0.03, "name": "2h12"}