{"loc": [1, -3, 5], "rotate": [2.5462676705153386, 0.45601961749592174, -0.036296809356023384], "SNR": 0.03, "name": "2h12"}