{"loc": [2, 2, 0], "rotate": [2.1194995855379077, 1.45422668890124, 1.0602375132955215], "SNR": 0.03, "name": "2h12"}