{"loc": [1, -4, -6], "rotate": [-2.39494055773738, 0.7456900169379553, -1.5237624231760745], "SNR": 0.03, "name": "2h12"}