{"loc": [0, 0, -7], "rotate": [2.3733243929463606, 1.2087538792059302, 0.3414860389927148], "SNR": 0.03, "name": "2h12"}