{"loc": [7, 0, -5], "rotate": [-2.1508596655993006, 1.5043468349231408, -2.2953626058742693], "SNR": 0.03, "name": "2h12"}