{"loc": [7, 3, 0], "rotate": [2.820250211676772, 0.7544867108585513, -0.37619728172071104], "SNR": 0.03, "name": "2h12"}