{"loc": [7, -1, 0], "rotate": [-2.808444208177327, 2.338963435828384, 2.7166580006055474], "SNR": 0.03, "name": "2h12"}