{"loc": [3, -5, -5], "rotate": [2.91731749804631, 0.4807106363832607, -0.7037111747739871], "SNR": 0.03, "name": "2h12"}