{"loc": [-7, 1, 1], "rotate": [-2.650683032279996, 0.8114443751181865, -1.571791835142343], "SNR": 0.03, "name": "2h12"}