{"loc": [4, -1, -7], "rotate": [2.1630455267007864, 1.0907538012121856, 0.7554483189919611], "SNR": 0.03, "name": "2h12"}