{"loc": [-6, 4, -1], "rotate": [3.037465127349866, 0.5418511748127249, -0.11166563099036177], "SNR": 0.03, "name": "2h12"}