{"loc": [7, 5, -5], "rotate": [2.1243287790852587, 1.5045755669152365, 0.9306831691712542], "SNR": 0.03, "name": "2h12"}