{"loc": [0, -7, 0], "rotate": [-2.0274111511417985, 1.4646307417643933, -2.2256247331421526], "SNR": 0.03, "name": "2h12"}