{"loc": [4, -1, 3], "rotate": [1.9089005492103175, 2.202659824140759, 1.0327792775400182], "SNR": 0.03, "name": "2h12"}