{"loc": [6, 1, 7], "rotate": [3.0584902405854275, 0.9833085796464162, -0.8524260815770645], "SNR": 0.03, "name": "2h12"}