{"loc": [2, -1, -6], "rotate": [2.33511774162133, 1.5746787814870222, 0.18272197258665204], "SNR": 0.03, "name": "2h12"}