{"loc": [0, -6, -7], "rotate": [-2.6675025994203203, 0.26366933880612686, -1.4461081519389767], "SNR": 0.03, "name": "2h12"}