{"loc": [-5, -2, -7], "rotate": [2.4786606658979626, 1.7726340824889404, 1.2483799381251028], "SNR": 0.03, "name": "2h12"}