{"loc": [-2, 0, 0], "rotate": [2.5844154588539014, 1.5950238456853973, 1.25370813272949], "SNR": 0.03, "name": "2h12"}