{"loc": [4, 1, -1], "rotate": [2.658857613943803, 0.5777116227651066, 0.42433955610721247], "SNR": 0.03, "name": "2h12"}