{"loc": [-3, -2, 5], "rotate": [2.053343531196278, 1.3260688138688224, 0.11241034006952505], "SNR": 0.03, "name": "2h12"}