{"loc": [-1, -5, -2], "rotate": [-2.5139703514373606, 0.5227509255673474, -1.488354706558108], "SNR": 0.03, "name": "2h12"}