{"loc": [6, -4, -3], "rotate": [2.6879009191996674, 0.8944263621072556, -0.48787894433177026], "SNR": 0.03, "name": "2h12"}