{"loc": [-4, -5, -6], "rotate": [2.198207792936094, 1.7135229921487354, 0.4689477334595606], "SNR": 0.03, "name": "2h12"}