{"loc": [1, 1, 5], "rotate": [2.5287019030764886, 1.618129333251689, 0.9827844122371956], "SNR": 0.03, "name": "2h12"}