{"loc": [2, 3, 7], "rotate": [2.0164701016654534, 1.4795452342440911, 0.441333007379511], "SNR": 0.03, "name": "2h12"}