{"loc": [3, -2, -6], "rotate": [1.9297739141986268, 2.0550672061267767, 0.7885258102661447], "SNR": 0.03, "name": "2h12"}