{"loc": [-3, -7, 3], "rotate": [2.0817524943135908, 2.3057940476342806, 1.3520859828679508], "SNR": 0.03, "name": "2h12"}