{"loc": [5, 7, -6], "rotate": [2.619753836538536, 0.5558846588769322, -0.08372760552489443], "SNR": 0.03, "name": "2h12"}