{"loc": [6, 6, 4], "rotate": [2.4885119632563937, 0.6292017427262034, 0.430957071625398], "SNR": 0.03, "name": "2h12"}