{"loc": [-2, -3, 6], "rotate": [-2.865433897675081, 0.7043722373999851, -1.4393874429972826], "SNR": 0.03, "name": "2h12"}