{"loc": [-7, 1, -7], "rotate": [-2.838370975298785, 2.3489616689552246, 2.8703838758299725], "SNR": 0.03, "name": "2h12"}