{"loc": [0, 1, 1], "rotate": [2.3038541354041273, 1.4146821998445707, 1.0992182365245173], "SNR": 0.03, "name": "2h12"}