{"loc": [4, 3, 1], "rotate": [2.887068955885943, 2.614409987334684, 1.9537641651416109], "SNR": 0.03, "name": "2h12"}