{"loc": [-4, 6, 1], "rotate": [-1.722546397162213, 1.681893950071636, -2.257965108755674], "SNR": 0.03, "name": "2h12"}