{"loc": [2, 6, -3], "rotate": [2.8529058845203927, 0.8639915311116613, -0.48013297325720067], "SNR": 0.03, "name": "2h12"}