{"loc": [1, -7, 3], "rotate": [-2.2791045606402425, 1.0753174576150604, -1.6464032916426856], "SNR": 0.03, "name": "2h12"}