{"loc": [7, -2, -3], "rotate": [-2.250254728953155, 1.6723198170834013, -2.739063623276486], "SNR": 0.03, "name": "2h12"}