{"loc": [-2, -2, 5], "rotate": [-2.9388172539839172, 0.2880980196678569, -0.8910885531841819], "SNR": 0.03, "name": "2h12"}