{"loc": [0, -5, 1], "rotate": [-2.4658918292079335, 1.1646248340335237, -2.007607064810759], "SNR": 0.03, "name": "2h12"}