{"loc": [-1, 3, -3], "rotate": [2.096011174579595, 0.624976473560141, 0.4360301127341214], "SNR": 0.03, "name": "2h12"}