{"loc": [-3, -5, -4], "rotate": [2.160358263014215, 1.3009104562118208, 0.9936922730562965], "SNR": 0.03, "name": "2h12"}