{"loc": [-7, -2, -3], "rotate": [-2.173463449987182, 1.12120398214144, -2.0233833736727833], "SNR": 0.03, "name": "2h12"}