{"loc": [0, 5, -7], "rotate": [2.2899364096805, 0.9245751110811183, 0.30059512700274776], "SNR": 0.03, "name": "2h12"}