{"loc": [-6, 7, 1], "rotate": [2.284968003990431, 0.9152735164749755, 0.5686747475341439], "SNR": 0.03, "name": "2h12"}