{"loc": [2, 6, 2], "rotate": [-2.1863511514156926, 1.5682149095408435, -2.5268683695189385], "SNR": 0.03, "name": "2h12"}