{"loc": [6, -7, 0], "rotate": [-2.7735789923451755, 0.9541613088436537, -1.4772313912777697], "SNR": 0.03, "name": "2h12"}