{"loc": [3, -4, -2], "rotate": [-2.4965434760918135, 1.0569514859370004, -2.1105343208931946], "SNR": 0.03, "name": "2h12"}