{"loc": [0, -6, -6], "rotate": [2.288424240745332, 1.0339204372094475, 0.3192994064074342], "SNR": 0.03, "name": "2h12"}