{"loc": [1, 3, 4], "rotate": [-2.265014353750522, 1.5151111054031454, -2.2825311319946135], "SNR": 0.03, "name": "2h12"}