{"loc": [-7, 0, -6], "rotate": [-2.151001629932538, 0.2538483457889, -1.4250985048659397], "SNR": 0.03, "name": "2h12"}