{"loc": [-6, 5, -1], "rotate": [1.9763240598616079, 1.443278278347513, 0.5478223891267531], "SNR": 0.03, "name": "2h12"}