{"loc": [-6, 1, 7], "rotate": [2.25554276697491, 0.8432972717921912, 0.25362091093869693], "SNR": 0.03, "name": "2h12"}