{"loc": [-1, 3, 6], "rotate": [-1.9358719578250938, 1.466456551457822, -1.6143774255033294], "SNR": 0.03, "name": "2h12"}