{"loc": [1, -5, -4], "rotate": [2.3746488475628746, 1.5368764413778677, 0.48030468696892087], "SNR": 0.03, "name": "2h12"}