{"loc": [-2, 1, 1], "rotate": [2.6905926110438765, 1.6240881998437224, 0.5797611406066817], "SNR": 0.03, "name": "2h12"}