{"loc": [2, 2, -1], "rotate": [-2.235183826394049, 1.5414018198869464, -1.7398409581601384], "SNR": 0.03, "name": "2h12"}