{"loc": [-2, 5, -1], "rotate": [2.797421443748506, 0.8121073391566496, -0.022681689111929023], "SNR": 0.03, "name": "2h12"}