{"loc": [-3, 0, -5], "rotate": [-2.560016918367272, 0.8065960505793923, -1.299703027711204], "SNR": 0.03, "name": "2h12"}