{"loc": [-4, -1, 5], "rotate": [2.4835611434853413, 0.6674088728856912, 0.03236072325826943], "SNR": 0.03, "name": "2h12"}