{"loc": [-4, -5, 0], "rotate": [3.0708223926289624, 0.5605453058976596, -0.8817224695710729], "SNR": 0.03, "name": "2h12"}