{"loc": [-4, 2, -3], "rotate": [-2.1404880980940577, 0.6485664819234962, -1.93389644616701], "SNR": 0.03, "name": "2h12"}