{"loc": [2, 0, 1], "rotate": [2.265196454524529, 1.636755762924534, 0.2595580159965285], "SNR": 0.03, "name": "2h12"}