{"loc": [5, -2, -3], "rotate": [3.060828104760522, 0.5379328170823653, -0.9340557357258068], "SNR": 0.03, "name": "2h12"}