{"loc": [1, -6, 3], "rotate": [2.012308306882352, 0.773176633733219, 0.31232672792930416], "SNR": 0.03, "name": "2h12"}