{"loc": [-4, 2, 4], "rotate": [-2.210921713916022, 0.6502435039498535, -1.9493875196213835], "SNR": 0.03, "name": "2h12"}