{"loc": [5, 7, -7], "rotate": [2.2782044281853184, 1.1121271942027253, 0.5426289905528257], "SNR": 0.03, "name": "2h12"}