{"loc": [2, -7, 3], "rotate": [2.642070748332533, 0.8747900444483635, 0.1397322718854702], "SNR": 0.03, "name": "2h12"}