{"loc": [3, -5, 6], "rotate": [3.0278156970941756, 0.6337774606364307, -0.9307494726762497], "SNR": 0.03, "name": "2h12"}