{"loc": [6, -4, -3], "rotate": [-2.8939765719074733, 0.5198046127165856, -1.3191872303279775], "SNR": 0.03, "name": "2h12"}