{"loc": [1, 0, -3], "rotate": [2.339757739719796, 1.0936672230085398, 0.6858726263008124], "SNR": 0.03, "name": "2h12"}