{"loc": [0, -1, 6], "rotate": [-3.0959622704401077, 0.6671381669050175, -0.7138893591691857], "SNR": 0.03, "name": "2h12"}