{"loc": [1, 4, 6], "rotate": [3.1327449665343394, 0.7765121893320867, -0.7624532217088603], "SNR": 0.03, "name": "2h12"}