{"loc": [-5, 6, -6], "rotate": [2.660379382565646, 2.6228144030191687, 1.7891334305620885], "SNR": 0.03, "name": "2h12"}