{"loc": [-1, 1, 5], "rotate": [1.9824284546703617, 1.6773330834717022, 0.7709469663958791], "SNR": 0.03, "name": "2h12"}