{"loc": [4, 5, -6], "rotate": [2.8287332767819744, 0.4922537904280481, -0.3670665359486606], "SNR": 0.03, "name": "2h12"}