{"loc": [0, 2, 4], "rotate": [2.649398973244031, 2.695544610813642, 2.124046501565836], "SNR": 0.03, "name": "2h12"}