{"loc": [7, 7, 6], "rotate": [-2.4266200757144922, 2.5132089256331573, -3.097387062507307], "SNR": 0.03, "name": "2h12"}