{"loc": [0, -7, -5], "rotate": [2.8806965492025483, 0.5755066607863423, -0.46356315793418146], "SNR": 0.03, "name": "2h12"}