{"loc": [1, -5, -6], "rotate": [2.6150942775414583, 0.6020620466419954, 0.07761896133295688], "SNR": 0.03, "name": "2h12"}