{"loc": [-2, 7, -2], "rotate": [2.494304306424932, 1.6932870166658687, 0.9786439168566673], "SNR": 0.03, "name": "2h12"}