{"loc": [3, -3, 5], "rotate": [2.439089292554141, 2.2077349934025436, 0.8238128904495382], "SNR": 0.03, "name": "2h12"}