{"loc": [-4, 2, 6], "rotate": [-2.9038644039165837, 2.189626767480671, 2.80381263555072], "SNR": 0.03, "name": "2h12"}