{"loc": [0, -1, -3], "rotate": [-2.2701177742004988, 0.2921721291521134, -1.8670854753769113], "SNR": 0.03, "name": "2h12"}