{"loc": [-4, -5, 5], "rotate": [-2.4140892587104683, 2.1521438251321814, -2.823453092886612], "SNR": 0.03, "name": "2h12"}