{"loc": [4, 0, -6], "rotate": [-2.950923668624515, 0.8013229683238938, -1.1947775494248472], "SNR": 0.03, "name": "2h12"}