{"loc": [-1, -6, 7], "rotate": [2.339823585056083, 1.841392352389266, 1.4752272497607457], "SNR": 0.03, "name": "2h12"}