{"loc": [0, -3, 0], "rotate": [-2.2080008070655905, 1.3319962576102733, -2.285096673902746], "SNR": 0.03, "name": "2h12"}