{"loc": [-3, -6, -4], "rotate": [2.084676509162828, 1.6103246437305039, 0.8984465532696851], "SNR": 0.03, "name": "2h12"}