{"loc": [0, 7, 3], "rotate": [-3.1129394034583053, 0.9025284360318331, -0.3841320839206013], "SNR": 0.03, "name": "2h12"}