{"loc": [3, -4, -5], "rotate": [2.3303909138095533, 1.2004273177404214, 0.8677798688282401], "SNR": 0.03, "name": "2h12"}