{"loc": [4, 4, 2], "rotate": [-2.234179965356936, 1.5302293815723003, -2.0186077044503676], "SNR": 0.03, "name": "2h12"}