{"loc": [0, -4, 3], "rotate": [2.4134523393224394, 1.7081586622132492, 1.3089282543893872], "SNR": 0.03, "name": "2h12"}