{"loc": [-1, 7, 2], "rotate": [-2.118006331261688, 1.201207499788444, -1.757448001204718], "SNR": 0.03, "name": "2h12"}