{"loc": [1, -5, 4], "rotate": [-2.6943064784455384, 1.553573048137846, -2.1657301887960827], "SNR": 0.03, "name": "2h12"}