{"loc": [-5, 3, 0], "rotate": [2.5425567473502677, 0.8428609867130825, -0.10536729906998656], "SNR": 0.03, "name": "2h12"}