{"loc": [3, -7, 6], "rotate": [-3.1138508265533593, 2.453223778271536, 2.181458181044318], "SNR": 0.03, "name": "2h12"}