{"loc": [-5, 5, -5], "rotate": [-2.952605376104235, 2.373023682690497, 2.552713174765499], "SNR": 0.03, "name": "2h12"}