{"loc": [5, -4, -4], "rotate": [-2.4640445430395106, 0.9019897227772057, -1.5019743847491769], "SNR": 0.03, "name": "2h12"}