{"loc": [-2, -3, -5], "rotate": [2.0688479489153453, 0.6874949347582822, 0.21758774323240515], "SNR": 0.03, "name": "2h12"}