{"loc": [-4, 2, 5], "rotate": [-2.159321021314978, 1.9183770870750263, -2.6759993607512054], "SNR": 0.03, "name": "2h12"}