{"loc": [-5, 2, -7], "rotate": [-2.684274110414355, 0.41447398234469324, -1.2794340083542037], "SNR": 0.03, "name": "2h12"}