{"loc": [4, 1, -6], "rotate": [1.9691716871583769, 1.4553832637793593, 0.6577214103190168], "SNR": 0.03, "name": "2h12"}