{"loc": [-1, 0, 2], "rotate": [-2.1230682655906477, 0.8140572321565167, -1.6904477251209316], "SNR": 0.03, "name": "2h12"}