{"loc": [-3, -1, 6], "rotate": [2.4173612335357326, 0.8393915765671517, 0.3211885022919132], "SNR": 0.03, "name": "2h12"}