{"loc": [-7, -1, -3], "rotate": [-2.8813160308797285, 0.7784968896861945, -1.5625478166531968], "SNR": 0.03, "name": "2h12"}