{"loc": [-2, 3, -7], "rotate": [-2.739904770554103, 0.18340815871771313, -1.0612987931418139], "SNR": 0.03, "name": "2h12"}