{"loc": [3, -3, 4], "rotate": [-2.7176881260036123, 1.6843086944324677, -2.3285576384105067], "SNR": 0.03, "name": "2h12"}