{"loc": [0, 0, 3], "rotate": [-1.7498763784406242, 1.0178953355036022, -2.2695517613364387], "SNR": 0.03, "name": "2h12"}