{"loc": [-3, 0, 7], "rotate": [-2.1405837686367004, 0.999057178307667, -2.269208535376641], "SNR": 0.03, "name": "2h12"}