{"loc": [-2, 2, -2], "rotate": [2.2367348512283067, 1.3328902084235645, 0.9602379182770737], "SNR": 0.03, "name": "2h12"}