{"loc": [0, 3, -1], "rotate": [2.4319204826211895, 1.1762975262872954, 0.09223556353370263], "SNR": 0.03, "name": "2h12"}