{"loc": [-7, -5, -2], "rotate": [2.7518021563642225, 0.9927402257377583, 0.017827683387876516], "SNR": 0.03, "name": "2h12"}