{"loc": [3, -1, 1], "rotate": [2.0479087749765275, 1.3301359569862847, 0.767791683931206], "SNR": 0.03, "name": "2h12"}