{"loc": [-2, 5, 2], "rotate": [2.7246950870866553, 0.7487783673669297, 0.026862483905816397], "SNR": 0.03, "name": "2h12"}