{"loc": [0, 6, -7], "rotate": [-2.1078274977031772, 2.17315211360026, -2.509443616176814], "SNR": 0.03, "name": "2h12"}