{"loc": [7, 0, -7], "rotate": [-2.70301393861773, 2.3740271971914177, 2.926814304293625], "SNR": 0.03, "name": "2h12"}