{"loc": [1, -1, -7], "rotate": [2.51517679813397, 0.8577832451422863, 0.35149075902254695], "SNR": 0.03, "name": "2h12"}