{"loc": [7, -1, -3], "rotate": [1.9243035689637604, 1.3885611313280695, 0.3232122076380885], "SNR": 0.03, "name": "2h12"}