{"loc": [-2, 0, -6], "rotate": [-3.117212900186887, 2.72017798688169, 2.2528753969356248], "SNR": 0.03, "name": "2h12"}