{"loc": [3, -4, -2], "rotate": [2.525859586196117, 0.37590815522306054, -0.07024104827372325], "SNR": 0.03, "name": "2h12"}