{"loc": [1, -7, 0], "rotate": [-2.5227140169891604, 2.7195904412396374, 2.9346020179322334], "SNR": 0.03, "name": "2h12"}