{"loc": [-3, -7, 1], "rotate": [2.2826811590663802, 1.2079155521259755, 0.06772863679854513], "SNR": 0.03, "name": "2h12"}