{"loc": [2, 1, -1], "rotate": [-3.0178080191852614, 0.7218589953007619, -1.1732170690529191], "SNR": 0.03, "name": "2h12"}