{"loc": [1, 4, -4], "rotate": [2.302481360343952, 0.7165876406050827, 0.27411700616000567], "SNR": 0.03, "name": "2h12"}