{"loc": [3, 1, -5], "rotate": [-1.9563460740652132, 1.084558860372945, -2.2673341018811475], "SNR": 0.03, "name": "2h12"}