{"loc": [1, -3, -7], "rotate": [3.040845472007062, 0.737393437006088, 0.018640226079516438], "SNR": 0.03, "name": "2h12"}