{"loc": [-3, 0, -2], "rotate": [-2.207128211409364, 1.0150171262289038, -1.8940007898211355], "SNR": 0.03, "name": "2h12"}