{"loc": [-3, 7, -7], "rotate": [2.3822104047360932, 0.8171639445349621, 0.4976823943062044], "SNR": 0.03, "name": "2h12"}