{"loc": [-4, 5, -3], "rotate": [2.9561481650426757, 0.23236904099978387, -0.49447188963353744], "SNR": 0.03, "name": "2h12"}