{"loc": [5, 2, -6], "rotate": [3.0876287635859914, 0.5140694619926043, -1.0659982794513025], "SNR": 0.03, "name": "2h12"}