{"loc": [7, -1, 1], "rotate": [2.8794984831789847, 2.4486764933617313, 2.0699633233144845], "SNR": 0.03, "name": "2h12"}