{"loc": [2, -5, 4], "rotate": [2.600462877530241, 0.4696502202007962, -0.30591721219402657], "SNR": 0.03, "name": "2h12"}