{"loc": [3, 0, 3], "rotate": [-2.151275864843974, 1.5290939029787798, -2.5164434101664064], "SNR": 0.03, "name": "2h12"}