{"loc": [6, 2, -2], "rotate": [-2.9649832429005376, 2.4678193736365253, 2.275396019319591], "SNR": 0.03, "name": "2h12"}