{"loc": [-2, 1, 2], "rotate": [-2.083374776126705, 0.8656246885750796, -2.2182873086764405], "SNR": 0.03, "name": "2h12"}