{"loc": [-3, -3, -4], "rotate": [-2.242109999418335, 1.763779011800489, -2.865290360766807], "SNR": 0.03, "name": "2h12"}