{"loc": [7, 5, 0], "rotate": [2.5546940259160293, 1.1959861393694342, 0.15629138931195555], "SNR": 0.03, "name": "2h12"}