{"loc": [-7, -3, 2], "rotate": [2.6813413336869707, 0.7690451021764214, 0.24418728228877948], "SNR": 0.03, "name": "2h12"}