{"loc": [3, 2, 7], "rotate": [-2.191813215646064, 1.264792887817796, -1.951753323054485], "SNR": 0.03, "name": "2h12"}