{"loc": [-4, -4, 1], "rotate": [-2.666489134780055, 0.6535307630137067, -1.5533484127099286], "SNR": 0.03, "name": "2h12"}