{"loc": [-7, -1, 0], "rotate": [-3.0653251116008344, 0.5009685073451493, -0.7405393668950816], "SNR": 0.03, "name": "2h12"}