{"loc": [3, -2, -3], "rotate": [-2.1402782861843477, 0.9695074751900913, -1.983979412716696], "SNR": 0.03, "name": "2h12"}