{"loc": [0, -3, 5], "rotate": [-2.6972821760886165, 1.284305727319831, -1.6955211590488732], "SNR": 0.03, "name": "2h12"}