{"loc": [-7, -6, -5], "rotate": [2.1831064188443063, 1.1397890009311311, 0.04128766916817131], "SNR": 0.03, "name": "2h12"}