{"loc": [-4, 4, 1], "rotate": [-1.9056823187399, 1.062451189788503, -1.908767009731099], "SNR": 0.03, "name": "2h12"}