{"loc": [-7, -5, 0], "rotate": [-2.1163652477650614, 0.8379771637416091, -1.7716671782192823], "SNR": 0.03, "name": "2h12"}