{"loc": [-1, 0, -6], "rotate": [2.334944386744892, 1.662716639008715, 1.3619220242307506], "SNR": 0.03, "name": "2h12"}