{"loc": [4, 3, 4], "rotate": [2.1649007036491974, 1.6206285262673017, 1.1418094770479748], "SNR": 0.03, "name": "2h12"}