{"loc": [-1, 0, -3], "rotate": [-2.2862082846460012, 0.9702035795077761, -1.9597748470481904], "SNR": 0.03, "name": "2h12"}