{"loc": [1, -1, 7], "rotate": [-2.578573050132371, 1.422979236666561, -1.7265771915739503], "SNR": 0.03, "name": "2h12"}