{"loc": [0, 4, 7], "rotate": [2.274998153378734, 1.3601540894419801, 0.29069471426571597], "SNR": 0.03, "name": "2h12"}