{"loc": [-1, -1, -3], "rotate": [-2.369832805767764, 2.8855466411436366, 3.124550772857526], "SNR": 0.03, "name": "2h12"}