{"loc": [6, 1, 7], "rotate": [2.155929905930112, 1.569377404338579, 0.6738975971816052], "SNR": 0.03, "name": "2h12"}