{"loc": [3, 4, 6], "rotate": [2.4394649661185857, 0.791166498429271, -0.03414881455518001], "SNR": 0.03, "name": "2h12"}