{"loc": [0, 5, 4], "rotate": [-2.1768436178772137, 0.8528608030890893, -1.8736074952059987], "SNR": 0.03, "name": "2h12"}