{"loc": [-4, 2, 2], "rotate": [-2.8493618041819015, 1.127661496129018, -1.5707833505223354], "SNR": 0.03, "name": "2h12"}