{"loc": [0, -1, 2], "rotate": [3.1365684793249735, 0.6730537567338226, -0.6774739205180315], "SNR": 0.03, "name": "2h12"}