{"loc": [-1, 2, 0], "rotate": [2.1885098613669323, 1.257761300805822, 0.0649290095351576], "SNR": 0.03, "name": "2h12"}