{"loc": [-5, 5, 1], "rotate": [-2.310917575598362, 0.6878086988826184, -1.7462071417007392], "SNR": 0.03, "name": "2h12"}