{"loc": [4, -3, 0], "rotate": [2.2194042835174375, 0.9718199177189316, -0.0046288906254730935], "SNR": 0.03, "name": "2h12"}