{"loc": [-5, 6, 4], "rotate": [2.961656685485313, 0.5663513110437103, -0.643727341264439], "SNR": 0.03, "name": "2h12"}