{"loc": [-6, 1, -4], "rotate": [-2.1053862192348496, 0.8057122384864156, -2.173521723003785], "SNR": 0.03, "name": "2h12"}