{"loc": [-1, 1, -2], "rotate": [2.7474751135843176, 0.5714603588799416, -0.20250306956954375], "SNR": 0.03, "name": "2h12"}