{"loc": [-4, 0, 6], "rotate": [2.3710507495909052, 1.6529973936247038, 0.8939167553450946], "SNR": 0.03, "name": "2h12"}