{"loc": [-4, 2, 4], "rotate": [-2.045534314285194, 1.8501142549389178, -2.5214403363353783], "SNR": 0.03, "name": "2h12"}