{"loc": [5, -1, -2], "rotate": [-2.1955666724229017, 1.826140897266767, -3.096422915354398], "SNR": 0.03, "name": "2h12"}