{"loc": [1, -2, -2], "rotate": [2.259993337885423, 1.4657661962612802, 0.5942794745568283], "SNR": 0.03, "name": "2h12"}