{"loc": [-2, -5, 5], "rotate": [-2.917332861908915, 0.735806152074656, -1.4979846734130198], "SNR": 0.03, "name": "2h12"}