{"loc": [-2, 5, -7], "rotate": [2.160193562195674, 1.716649260143624, 0.7048323028575657], "SNR": 0.03, "name": "2h12"}