{"loc": [7, -1, 5], "rotate": [3.0845998064777045, 0.7002000213413425, -0.7408379920183732], "SNR": 0.03, "name": "2h12"}