{"loc": [-7, -7, 6], "rotate": [1.8864584056656637, 0.6695430798533742, 0.10521113455153248], "SNR": 0.03, "name": "2h12"}