{"loc": [1, 6, -7], "rotate": [2.966031590402575, 0.4255326349382411, -1.0157759210503956], "SNR": 0.03, "name": "2h12"}