{"loc": [-4, 0, 7], "rotate": [-1.9940707168695646, 1.492726893860947, -2.6137743573961325], "SNR": 0.03, "name": "2h12"}