{"loc": [-2, -2, 0], "rotate": [-2.5705541994113545, 2.494666868499053, 2.9270670528237304], "SNR": 0.03, "name": "2h12"}