{"loc": [-6, 2, 6], "rotate": [2.66993155986743, 0.8204200112240008, 0.0033032644055949363], "SNR": 0.03, "name": "2h12"}