{"loc": [3, 0, -7], "rotate": [-0.7475959124135259, 0.845934262503612, -0.15378931538715487], "SNR": 0.03, "name": "2h12"}