{"loc": [4, -6, 2], "rotate": [-2.419529770567965, 1.2222465664091684, -1.858335038091907], "SNR": 0.03, "name": "2h12"}