{"loc": [-3, 4, 7], "rotate": [2.9863051061394765, 0.41915754165975944, -0.6436423689877142], "SNR": 0.03, "name": "2h12"}