{"loc": [2, -3, -4], "rotate": [-2.1126034350937775, 0.7085691605540013, -2.1419978368114725], "SNR": 0.03, "name": "2h12"}