{"loc": [-2, 0, -4], "rotate": [2.693002574530959, 2.8332148792902143, 1.8629789764309763], "SNR": 0.03, "name": "2h12"}