{"loc": [0, 0, -6], "rotate": [-2.1005632563275105, 1.2802538536563182, -2.0022977288858947], "SNR": 0.03, "name": "2h12"}