{"loc": [6, 0, 6], "rotate": [-2.593788434654894, 0.8946708222413686, -1.8775957963142043], "SNR": 0.03, "name": "2h12"}