{"loc": [3, -1, -2], "rotate": [-2.902531675983784, 0.42075579413841435, -1.0679621955977285], "SNR": 0.03, "name": "2h12"}