{"loc": [0, -3, 5], "rotate": [2.58474936286922, 1.438003340439011, 0.6554053192645377], "SNR": 0.03, "name": "2h12"}