{"loc": [4, 0, 1], "rotate": [-3.117011883502733, 2.3323284603719805, 2.0199782138871423], "SNR": 0.03, "name": "2h12"}