{"loc": [5, 2, 6], "rotate": [3.1378320058476428, 2.4278727425353464, 2.3316155942757395], "SNR": 0.03, "name": "2h12"}