{"loc": [4, -5, -3], "rotate": [-2.316803257725662, 0.9473168528206956, -1.6729771367419641], "SNR": 0.03, "name": "2h12"}