{"loc": [0, -6, 0], "rotate": [2.420581432652192, 0.8450820634396605, -0.23213673141026486], "SNR": 0.03, "name": "2h12"}