{"loc": [5, 3, 5], "rotate": [2.1972862811867584, 1.1232834663526832, 0.4400298490032211], "SNR": 0.03, "name": "2h12"}