{"loc": [-7, -5, 1], "rotate": [2.6450011465340397, 0.9520867654622072, -0.08595366063146091], "SNR": 0.03, "name": "2h12"}