{"loc": [4, -1, -1], "rotate": [2.473328716281851, 0.936065674218618, 0.30701500063705994], "SNR": 0.03, "name": "2h12"}