{"loc": [2, 6, 0], "rotate": [-2.551346926759104, 1.1795373415768946, -1.8327332621638512], "SNR": 0.03, "name": "2h12"}