{"loc": [1, -6, 7], "rotate": [2.305633198518033, 1.2266694567162681, 0.5041212726127345], "SNR": 0.03, "name": "2h12"}