{"loc": [-5, -7, 1], "rotate": [3.0627638516371976, 0.854973103252356, -0.822468717308117], "SNR": 0.03, "name": "2h12"}