{"loc": [7, -2, -1], "rotate": [-2.1682704856536925, 1.5440878538060687, -2.2263751073166635], "SNR": 0.03, "name": "2h12"}