{"loc": [2, 0, -5], "rotate": [-2.7835019817676385, 2.091584608672329, -2.7717470172985763], "SNR": 0.03, "name": "2h12"}