{"loc": [4, 0, 3], "rotate": [3.059003775221694, 0.7482349209892742, -0.5336472864522472], "SNR": 0.03, "name": "2h12"}