{"loc": [6, 1, 3], "rotate": [2.014777582161728, 1.7688411603738683, 0.9777173239501239], "SNR": 0.03, "name": "2h12"}