{"loc": [6, -5, 2], "rotate": [-2.508888444351521, 2.241292132239424, -2.699778398870362], "SNR": 0.03, "name": "2h12"}