{"loc": [5, -7, -4], "rotate": [2.2446459990031298, 1.1084224457648804, 0.6578650552309666], "SNR": 0.03, "name": "2h12"}