{"loc": [1, -3, -4], "rotate": [-2.395907997330566, 1.007282578477078, -1.8766060806011793], "SNR": 0.03, "name": "2h12"}