{"loc": [3, 6, 2], "rotate": [-3.0091195117608924, 0.6647345526107239, -0.9178181939816575], "SNR": 0.03, "name": "2h12"}