{"loc": [-2, 0, 3], "rotate": [3.133669130823462, 0.28943093481257576, -0.7966101064842073], "SNR": 0.03, "name": "2h12"}