{"loc": [7, 2, -6], "rotate": [2.4790159286523963, 0.802292642997885, 0.22446490318130433], "SNR": 0.03, "name": "2h12"}