{"loc": [1, -5, -2], "rotate": [3.0934833908865835, 0.7588481397544586, -0.33445360762133847], "SNR": 0.03, "name": "2h12"}