{"loc": [3, 5, 4], "rotate": [2.7476733740585257, 0.8261828980967516, -0.0330838188747889], "SNR": 0.03, "name": "2h12"}