{"loc": [6, -7, 6], "rotate": [-2.4706731548158016, 0.2904295258827772, -1.3605264863559725], "SNR": 0.03, "name": "2h12"}