{"loc": [7, 7, 7], "rotate": [2.171064714293648, 1.818022854702226, 0.8866587156763619], "SNR": 0.03, "name": "2h12"}