{"loc": [-4, 5, 6], "rotate": [2.9496878565622686, 0.735103508358424, -0.09852704277750832], "SNR": 0.03, "name": "2h12"}