{"loc": [7, -2, 3], "rotate": [-2.692335670945297, 0.9293123476160124, -1.0946559510886582], "SNR": 0.03, "name": "2h12"}