{"loc": [7, -3, 6], "rotate": [-2.511406686214156, 2.454261675860748, 3.1173324003845955], "SNR": 0.03, "name": "2h12"}