{"loc": [3, 3, 5], "rotate": [2.7748925387637877, 2.222261189359416, 1.9045997612427492], "SNR": 0.03, "name": "2h12"}