{"loc": [-6, -3, -6], "rotate": [2.3992183766692716, 1.5360125930214226, 0.8649177041217607], "SNR": 0.03, "name": "2h12"}