{"loc": [-7, 5, -6], "rotate": [2.0700589137788157, 2.0983289871765827, 1.4355668622092153], "SNR": 0.03, "name": "2h12"}