{"loc": [-7, -6, -3], "rotate": [2.537368032391319, 0.33672572724983857, -0.21451657905069296], "SNR": 0.03, "name": "2h12"}