{"loc": [-3, 0, -2], "rotate": [-1.10259765949407, 1.6238483563365, 0.8637687200519242], "SNR": 0.03, "name": "2h12"}