{"loc": [1, 0, 7], "rotate": [3.0539829684035387, 0.7396537536408588, -0.27564407877719804], "SNR": 0.03, "name": "2h12"}