{"loc": [5, 4, 4], "rotate": [3.0492574929418157, 0.09468197937631682, -0.7541579385189494], "SNR": 0.03, "name": "2h12"}