{"loc": [-5, 4, 5], "rotate": [-2.291623608172918, 0.6896067674285377, -1.6637741460866182], "SNR": 0.03, "name": "2h12"}