{"loc": [2, 1, -5], "rotate": [-2.275989853894819, 1.3737441532171377, -2.269833140874271], "SNR": 0.03, "name": "2h12"}