{"loc": [4, 4, 0], "rotate": [-2.5601479540861614, 0.7082633681494246, -1.5247129563417041], "SNR": 0.03, "name": "2h12"}