{"loc": [0, 5, 0], "rotate": [2.3597348233865327, 1.9651681323843686, 0.9856144648934662], "SNR": 0.03, "name": "2h12"}