{"loc": [-3, -4, -6], "rotate": [-2.2210357743632705, 1.2773350147631828, -2.1387604090500054], "SNR": 0.03, "name": "2h12"}