{"loc": [-6, 2, -6], "rotate": [2.164793912423579, 1.3689888548424638, 0.41537198543646436], "SNR": 0.03, "name": "2h12"}