{"loc": [0, 4, -1], "rotate": [2.3589012760283206, 0.8468199225860397, 0.5391116770689224], "SNR": 0.03, "name": "2h12"}