{"loc": [-4, 2, 0], "rotate": [1.7369991321114313, 0.8730483745662151, 1.225068013601105], "SNR": 0.03, "name": "2h12"}