{"loc": [-5, 4, 3], "rotate": [2.3095640083052213, 0.5962635679310169, -0.29434315873369343], "SNR": 0.03, "name": "2h12"}