{"loc": [7, -7, -6], "rotate": [-2.881697985519387, 0.7926258164133343, -0.8252556087453996], "SNR": 0.03, "name": "2h12"}