{"loc": [-6, 0, 2], "rotate": [-2.1130214387215167, 1.1430850203804184, -1.8537042566777209], "SNR": 0.03, "name": "2h12"}