{"loc": [-5, -1, 6], "rotate": [1.9547514971908153, 0.7348188162480319, 0.5627080268728362], "SNR": 0.03, "name": "2h12"}