{"loc": [0, 3, 0], "rotate": [-2.1814282492668298, 0.9626338360932915, -1.8884020331416311], "SNR": 0.03, "name": "2h12"}