{"loc": [-2, -5, -1], "rotate": [3.0870766227656445, 0.6905747783561925, -0.6308189421122077], "SNR": 0.03, "name": "2h12"}