{"loc": [-7, 4, -3], "rotate": [2.2642801003725848, 0.7598212138984318, 0.5476877359198757], "SNR": 0.03, "name": "2h12"}