{"loc": [-6, -2, 3], "rotate": [-2.0331420723053757, 2.0295392046573886, -2.4390717459472424], "SNR": 0.03, "name": "2h12"}