{"loc": [2, 3, -4], "rotate": [-2.3813130877377686, 1.3090407304168912, -2.0953385965424416], "SNR": 0.03, "name": "2h12"}