{"loc": [-7, -5, 0], "rotate": [2.062549483998522, 1.2311880469239458, 0.6040215409564453], "SNR": 0.03, "name": "2h12"}