{"loc": [4, 0, 0], "rotate": [2.476495275242514, 2.1051660661308724, 1.4078543614368595], "SNR": 0.03, "name": "2h12"}