{"loc": [-6, 7, 7], "rotate": [-2.5273337806569756, 1.273171453116835, -1.766854921613761], "SNR": 0.03, "name": "2h12"}