{"loc": [-2, -3, -5], "rotate": [2.477210178478829, 0.9169795079727746, 0.3146415215020203], "SNR": 0.03, "name": "2h12"}