{"loc": [0, 3, -5], "rotate": [2.969859478249575, 0.4906046703747264, -0.7422096390303439], "SNR": 0.03, "name": "2h12"}