{"loc": [-5, -6, 0], "rotate": [2.2455651157931316, 1.542096633090003, 0.718823908576864], "SNR": 0.03, "name": "2h12"}