{"loc": [5, 4, 1], "rotate": [2.4024599407197287, 2.3850814840232744, 1.2598336272734552], "SNR": 0.03, "name": "2h12"}