{"loc": [7, 3, -4], "rotate": [2.45500478368239, 1.998275119373064, 1.1818708390291863], "SNR": 0.03, "name": "2h12"}