{"loc": [-6, -1, -6], "rotate": [-2.0407545468477415, 0.649814213715468, -2.154646095671428], "SNR": 0.03, "name": "2h12"}