{"loc": [-1, 5, -5], "rotate": [-2.592851924975363, 0.9634970599470231, -1.348368061474019], "SNR": 0.03, "name": "2h12"}