{"loc": [0, -7, -7], "rotate": [0.7017058981482954, 1.158950057899328, -2.422878674986023], "SNR": 0.03, "name": "2h12"}