{"loc": [1, 2, 6], "rotate": [2.05302470126943, 1.020734076516433, 0.5437391965335736], "SNR": 0.03, "name": "2h12"}