{"loc": [0, -3, 0], "rotate": [2.0751396621549327, 0.9866668756753683, 0.8878876696067263], "SNR": 0.03, "name": "2h12"}