{"loc": [0, 0, 4], "rotate": [2.0606311754575986, 0.3564695791483046, -0.1664623623889853], "SNR": 0.03, "name": "2h12"}