{"loc": [3, 2, -2], "rotate": [-2.059454273320697, 1.6581439477938706, -2.631428502488038], "SNR": 0.03, "name": "2h12"}