{"loc": [-1, -1, 7], "rotate": [1.902356745255894, 1.196160954678327, 0.5613592369829519], "SNR": 0.03, "name": "2h12"}