{"loc": [-1, -3, -5], "rotate": [-2.621075011406506, 0.8813272935020148, -1.7698577767869301], "SNR": 0.03, "name": "2h12"}