{"loc": [0, -7, 4], "rotate": [-2.116569831319891, 1.002152893133392, -2.0960385379200415], "SNR": 0.03, "name": "2h12"}