{"loc": [2, 7, 5], "rotate": [-2.928900714015483, 0.7666198334406676, -0.8596037872911904], "SNR": 0.03, "name": "2h12"}