{"loc": [6, 6, 2], "rotate": [-2.529771997035106, 0.8858475212952877, -1.642388190970977], "SNR": 0.03, "name": "2h12"}