{"loc": [-7, -3, -1], "rotate": [2.216169468642177, 0.8350347826603228, 0.660096747605476], "SNR": 0.03, "name": "2h12"}