{"loc": [3, 7, -7], "rotate": [-2.01162344132166, 1.991080758110468, -2.878376732373475], "SNR": 0.03, "name": "2h12"}