{"loc": [-2, 4, 2], "rotate": [-2.209457792593436, 1.0929232290203492, -1.5663750404254106], "SNR": 0.03, "name": "2h12"}