{"loc": [0, 0, 1], "rotate": [2.699101126997161, 0.2874348405466976, -0.2426396966224611], "SNR": 0.03, "name": "2h12"}