{"loc": [0, 1, -2], "rotate": [-2.0995685007063085, 1.3385885452604231, -2.078569521719416], "SNR": 0.03, "name": "2h12"}