{"loc": [0, 7, 3], "rotate": [-2.406538645064529, 2.440172631432945, -2.8919037883514593], "SNR": 0.03, "name": "2h12"}