{"loc": [-2, -5, 4], "rotate": [2.7080870878671934, 1.4502575022331539, 0.5500560837083466], "SNR": 0.03, "name": "2h12"}