{"loc": [3, -7, -4], "rotate": [-2.6894386780344433, 0.6545505067790294, -1.1239314267898524], "SNR": 0.03, "name": "2h12"}