{"loc": [-7, 7, -4], "rotate": [2.4808248122773193, 1.4109558058422147, 0.38481454806404886], "SNR": 0.03, "name": "2h12"}