{"loc": [-4, -7, 7], "rotate": [2.183774314305839, 2.0917390809817187, 1.422880158095838], "SNR": 0.03, "name": "2h12"}