{"loc": [3, 5, -2], "rotate": [-2.46143805626973, 0.5799223988666509, -1.9249768537022045], "SNR": 0.03, "name": "2h12"}