{"loc": [0, 7, -4], "rotate": [2.625359676014981, 0.383436162397355, -0.1807916266283906], "SNR": 0.03, "name": "2h12"}