{"loc": [0, -3, -7], "rotate": [-2.268585518984975, 1.4652905199213637, -2.084333651152618], "SNR": 0.03, "name": "2h12"}