{"loc": [5, -2, 5], "rotate": [-2.3604775643091176, 0.8288604686512778, -1.7476683961129411], "SNR": 0.03, "name": "2h12"}