{"loc": [-4, 2, -7], "rotate": [2.316208356110147, 0.9898819731241714, -0.13946357120602473], "SNR": 0.03, "name": "2h12"}