{"loc": [-1, -4, -5], "rotate": [2.4673959796684954, 2.619079072950342, 1.817853633559665], "SNR": 0.03, "name": "2h12"}