{"loc": [-3, 1, -7], "rotate": [-2.366522307758386, 1.35063353770514, -1.674416408775625], "SNR": 0.03, "name": "2h12"}