{"loc": [-2, 0, -1], "rotate": [-2.3582786821367394, 0.717656824259247, -1.6307972039141314], "SNR": 0.03, "name": "2h12"}