{"loc": [-4, -1, -7], "rotate": [2.9604970235566888, 1.0015175078353848, -0.42580891061913256], "SNR": 0.03, "name": "2h12"}