{"loc": [4, -5, -2], "rotate": [2.2698907557390906, 0.9227783731347995, 0.46344465720991035], "SNR": 0.03, "name": "2h12"}