{"loc": [7, 7, -2], "rotate": [-1.9792069298058392, 1.5635196339579787, -2.405123678862526], "SNR": 0.03, "name": "2h12"}