{"loc": [0, 0, 3], "rotate": [1.9058167149177554, 1.5486461135818985, 0.3922798687408404], "SNR": 0.03, "name": "2h12"}