{"loc": [4, 1, -2], "rotate": [2.4372205832999483, 1.283220377959074, 0.031337353712581756], "SNR": 0.03, "name": "2h12"}