{"loc": [-1, 6, 5], "rotate": [2.5027680326314568, 1.0143123733345063, 0.2679711078240885], "SNR": 0.03, "name": "2h12"}