{"loc": [-3, 2, 1], "rotate": [-2.125073577849693, 0.9398775205684735, -1.825464950010701], "SNR": 0.03, "name": "2h12"}