{"loc": [1, -2, -1], "rotate": [-2.5065617203976194, 1.6072630780457815, -2.3804401692803894], "SNR": 0.03, "name": "2h12"}