{"loc": [-7, -3, 5], "rotate": [-2.3478974506234094, 0.8217993761511149, -1.8388875270338625], "SNR": 0.03, "name": "2h12"}