{"loc": [-1, 6, 1], "rotate": [-2.972742519434695, 0.6018893704943551, -0.8289239579115366], "SNR": 0.03, "name": "2h12"}