{"loc": [3, -2, 3], "rotate": [2.2946799073703965, 1.2466870633389346, 0.7591020722356541], "SNR": 0.03, "name": "2h12"}