{"loc": [1, 3, 1], "rotate": [2.143946095346344, 1.0680321881790296, 0.16966550471989125], "SNR": 0.03, "name": "2h12"}