{"loc": [3, -6, 2], "rotate": [1.0265728746831095, 1.965414706794432, -2.3771233567074415], "SNR": 0.03, "name": "2h12"}