{"loc": [0, 1, -5], "rotate": [2.140821688573065, 1.377177386875267, 0.8452726442551731], "SNR": 0.03, "name": "2h12"}