{"loc": [6, -1, -4], "rotate": [-2.1144679019360706, 1.080437461159902, -1.8952811274247667], "SNR": 0.03, "name": "2h12"}