{"loc": [-7, -7, -7], "rotate": [-2.896208129571848, 0.7385085114957761, -1.06522675433276], "SNR": 0.03, "name": "2h12"}