{"loc": [3, 6, -5], "rotate": [3.007408826391201, 0.821429478109305, -0.5312565849032215], "SNR": 0.03, "name": "2h12"}