{"loc": [5, -6, -5], "rotate": [2.7151014695204414, 0.7236207887520587, 0.08034941204598792], "SNR": 0.03, "name": "2h12"}