{"loc": [-6, 4, -4], "rotate": [2.7221318920287425, 2.1277821963035257, 1.3207867653388328], "SNR": 0.03, "name": "2h12"}