{"loc": [3, 3, 2], "rotate": [2.0112899032049127, 1.5597286166559303, 0.7417964242023596], "SNR": 0.03, "name": "2h12"}