{"loc": [5, 0, 1], "rotate": [-2.0273852195105895, 0.8505125666422265, -2.103014744193926], "SNR": 0.03, "name": "2h12"}