{"loc": [1, 4, -3], "rotate": [2.5272842273404614, 0.9968113696239234, 0.801100478353922], "SNR": 0.03, "name": "2h12"}