{"loc": [-7, -4, 0], "rotate": [2.5246872968690948, 1.9900531107397132, 1.0201877470738987], "SNR": 0.03, "name": "2h12"}