{"loc": [-5, 0, 2], "rotate": [2.5948841428309617, 0.7153452556237683, 0.029265423413457673], "SNR": 0.03, "name": "2h12"}