{"loc": [0, 0, 3], "rotate": [1.9596862396095869, 1.8125187285410362, 0.7076154820163785], "SNR": 0.03, "name": "2h12"}