{"loc": [7, 0, 5], "rotate": [2.5838099571632025, 1.3802468237071648, 0.8692719930357209], "SNR": 0.03, "name": "2h12"}