{"loc": [-5, 7, 2], "rotate": [2.373843434095132, 1.9093440286237666, 0.9798538042763015], "SNR": 0.03, "name": "2h12"}