{"loc": [1, 2, 4], "rotate": [-2.8724281443584716, 0.6359860375906751, -1.3991368614350954], "SNR": 0.03, "name": "2h12"}