{"loc": [-5, -5, -5], "rotate": [-2.2067595911992623, 0.9017519574396565, -2.063727403530499], "SNR": 0.03, "name": "2h12"}