{"loc": [4, 7, -2], "rotate": [-2.9961146846959346, 0.8265257598256903, -0.8950586164502653], "SNR": 0.03, "name": "2h12"}