{"loc": [0, 0, 2], "rotate": [3.0540076336694892, 0.9367833407375532, -0.6984318311942083], "SNR": 0.03, "name": "2h12"}