{"loc": [7, -1, -2], "rotate": [2.4154426317816204, 1.3695790860830361, 0.41310464898598204], "SNR": 0.03, "name": "2h12"}