{"loc": [2, -1, -6], "rotate": [2.1449986813267676, 1.109523789062496, 0.952630101993871], "SNR": 0.03, "name": "2h12"}