{"loc": [7, 2, 0], "rotate": [-2.2091319127174445, 1.111373778162116, -1.9036291858861536], "SNR": 0.03, "name": "2h12"}