{"loc": [0, -7, 3], "rotate": [-1.9943397659085338, 1.423640650376357, -1.7649538823274866], "SNR": 0.03, "name": "2h12"}