{"loc": [4, -2, 0], "rotate": [-2.7015419980128335, 0.9781363070458373, -1.6703002292900426], "SNR": 0.03, "name": "2h12"}