{"loc": [0, 0, 4], "rotate": [2.299286999006899, 2.4304482978674993, 1.3878409278876624], "SNR": 0.03, "name": "2h12"}