{"loc": [3, 6, 1], "rotate": [2.279936417353514, 1.2301210685463055, -0.015283802168954289], "SNR": 0.03, "name": "2h12"}