{"loc": [6, 1, -4], "rotate": [2.73572485972755, 1.093421614497245, -0.3962398134503557], "SNR": 0.03, "name": "2h12"}