{"loc": [6, 0, 1], "rotate": [-2.124728461489995, 1.117811516810076, -2.3203543015484644], "SNR": 0.03, "name": "2h12"}