{"loc": [-1, -1, -7], "rotate": [-2.010485333744366, 2.8801257148651587, -2.7687810251184066], "SNR": 0.03, "name": "2h12"}