{"loc": [-2, 0, -1], "rotate": [2.0994941096635165, 1.3823033696803126, 0.8043499977562648], "SNR": 0.03, "name": "2h12"}