{"loc": [-4, -6, -1], "rotate": [-2.725455946783689, 0.764087678933187, -1.4928796001530533], "SNR": 0.03, "name": "2h12"}