{"loc": [5, 5, 7], "rotate": [1.2717586436927673, 0.8274014057052592, -2.2457431161580463], "SNR": 0.03, "name": "2h12"}