{"loc": [-7, 1, 2], "rotate": [-1.8757564677682796, 1.3942752989024283, -2.2413471898908646], "SNR": 0.03, "name": "2h12"}