{"loc": [-2, -2, 6], "rotate": [2.192367968844891, 1.6761831740962572, 1.342956877746352], "SNR": 0.03, "name": "2h12"}