{"loc": [6, -2, 7], "rotate": [2.7176959364786404, 1.5287675651288148, 1.00026512321136], "SNR": 0.03, "name": "2h12"}