{"loc": [-3, 4, 3], "rotate": [2.9144993589837087, 0.36236665301619314, -0.7740182407942223], "SNR": 0.03, "name": "2h12"}