{"loc": [2, -4, -7], "rotate": [2.1831055168384057, 0.48559041250727975, 0.29548660758836126], "SNR": 0.03, "name": "2h12"}