{"loc": [-4, 7, -3], "rotate": [-3.0953058957840853, 0.4988340189394412, -0.6720746259723801], "SNR": 0.03, "name": "2h12"}