{"loc": [2, -3, 0], "rotate": [-2.4598072319595503, 1.1962558910459522, -2.0375308727516157], "SNR": 0.03, "name": "2h12"}