{"loc": [-3, -5, 7], "rotate": [-2.4847620676560176, 0.9751892943729683, -1.6617728941314118], "SNR": 0.03, "name": "2h12"}