{"loc": [-6, -4, -3], "rotate": [2.4006476033861053, 0.6537479760150303, 0.08722990474486784], "SNR": 0.03, "name": "2h12"}