{"loc": [-3, -4, 0], "rotate": [-3.1382083078076404, 0.5488896790348633, -0.4484193149856718], "SNR": 0.03, "name": "2h12"}