{"loc": [-5, 1, -7], "rotate": [-2.541080779998811, 0.6215223034440686, -1.4478413620810977], "SNR": 0.03, "name": "2h12"}