{"loc": [-6, -5, -5], "rotate": [2.576890578917433, 0.9196924123628663, -0.19956138901128834], "SNR": 0.03, "name": "2h12"}