{"loc": [2, 1, 1], "rotate": [-2.998102364262426, 0.49159767484349726, -1.175450794247925], "SNR": 0.03, "name": "2h12"}