{"loc": [5, -5, -1], "rotate": [2.585787746417004, 0.3687611056211966, -0.02187136824552966], "SNR": 0.03, "name": "2h12"}