{"loc": [-2, 4, -1], "rotate": [2.669198339335843, 1.43957989676509, 1.145753079856664], "SNR": 0.03, "name": "2h12"}