{"loc": [0, 4, -2], "rotate": [-2.0834506795754213, 0.9795283693983481, -2.243662708991394], "SNR": 0.03, "name": "2h12"}