{"loc": [5, -7, -6], "rotate": [2.1964368791126674, 1.3310644531326548, 0.6271465020992251], "SNR": 0.03, "name": "2h12"}