{"loc": [-5, -7, -4], "rotate": [3.0909155237716543, 0.4038407702681726, -0.6293233752702772], "SNR": 0.03, "name": "2h12"}