{"loc": [3, -6, -5], "rotate": [2.304534511526979, 1.1415438699579346, -0.014254192125232558], "SNR": 0.03, "name": "2h12"}