{"loc": [7, -4, -2], "rotate": [2.2936402971465535, 1.3432517197527447, -0.014499588096407952], "SNR": 0.03, "name": "2h12"}