{"loc": [7, -5, -2], "rotate": [-2.8250804605461006, 0.7370828617384636, -1.3898153399745827], "SNR": 0.03, "name": "2h12"}