{"loc": [-1, 0, -4], "rotate": [3.080371934130634, 0.8289779785394341, -0.7089420797988739], "SNR": 0.03, "name": "2h12"}