{"loc": [1, 2, -4], "rotate": [2.847838810420986, 0.10836012494997656, -0.3985659942795555], "SNR": 0.03, "name": "2h12"}