{"loc": [5, -4, 2], "rotate": [-2.159683985344131, 2.136118135704318, -2.640105069544132], "SNR": 0.03, "name": "2h12"}