{"loc": [7, 2, 0], "rotate": [2.839347219391089, 0.9538182102280135, -0.49715577001227484], "SNR": 0.03, "name": "6t3e"}