{"loc": [6, 3, 1], "rotate": [2.341191904856062, 1.554826379827676, 1.3654360826847995], "SNR": 0.03, "name": "6t3e"}