{"loc": [7, 1, -5], "rotate": [0.37206901360797423, 2.3780926024268148, -3.111368775092576], "SNR": 0.03, "name": "6t3e"}