{"loc": [-7, 0, 5], "rotate": [1.896822022933997, 0.6750612029238898, 0.917314740557488], "SNR": 0.03, "name": "6t3e"}