{"loc": [-3, 2, 4], "rotate": [2.4496307605697263, 0.9650170395807455, 0.3408396794754224], "SNR": 0.03, "name": "6t3e"}