{"loc": [-4, -3, 3], "rotate": [2.603911869246813, 0.2796449742855016, -0.4015434623687789], "SNR": 0.03, "name": "6t3e"}