{"loc": [0, 0, 6], "rotate": [2.946011804187024, 0.6298065712249624, -0.7112761087899789], "SNR": 0.03, "name": "6t3e"}