{"loc": [-6, 0, -6], "rotate": [-2.1816833625720085, 1.8199671530681407, -2.434313779586566], "SNR": 0.03, "name": "6t3e"}