{"loc": [-5, -7, 0], "rotate": [-2.2481547899353544, 1.086023563560682, -2.1614533048332474], "SNR": 0.03, "name": "6t3e"}