{"loc": [0, 4, 6], "rotate": [-2.3399333134588005, 0.9177448754907357, -2.205830425368449], "SNR": 0.03, "name": "6t3e"}