{"loc": [-4, 5, -5], "rotate": [-2.3687254891763563, 0.9689040038998107, -1.709854958929091], "SNR": 0.03, "name": "6t3e"}