{"loc": [0, 0, 1], "rotate": [-2.6030458500812585, 0.9116360501521665, -1.565342401986135], "SNR": 0.03, "name": "6t3e"}