{"loc": [5, 5, -4], "rotate": [2.147393700635577, 1.2566901610620282, 0.5864597950194049], "SNR": 0.03, "name": "6t3e"}