{"loc": [-6, -3, 3], "rotate": [2.2703118455853755, 1.0605097916721427, 0.35711466717798734], "SNR": 0.03, "name": "6t3e"}