{"loc": [-4, 3, -4], "rotate": [2.131349599050419, 0.35260016840660113, 0.1692382987088999], "SNR": 0.03, "name": "6t3e"}