{"loc": [7, 3, 1], "rotate": [-2.8407893738985357, 1.0347564734968469, -0.9927825088753941], "SNR": 0.03, "name": "6t3e"}