{"loc": [-6, -5, -5], "rotate": [-2.062306180336802, 0.905051065889132, -1.9939673250074506], "SNR": 0.03, "name": "6t3e"}