{"loc": [1, -1, -1], "rotate": [2.3998422775647157, 0.46729115847690117, -0.050441672049021204], "SNR": 0.03, "name": "6t3e"}