{"loc": [-4, 0, -7], "rotate": [-2.3575197616118335, 0.6169462702464323, -1.710377103662618], "SNR": 0.03, "name": "6t3e"}