{"loc": [0, -1, 2], "rotate": [-2.1093840094326897, 0.5343044864356864, -2.0649548827900417], "SNR": 0.03, "name": "6t3e"}