{"loc": [5, 2, -6], "rotate": [2.164896947192525, 1.8031085287941238, 1.1562691492241168], "SNR": 0.03, "name": "6t3e"}