{"loc": [-2, 6, 5], "rotate": [-2.254774900035341, 0.9197482315197361, -1.4318253513355208], "SNR": 0.03, "name": "6t3e"}