{"loc": [-2, 0, 0], "rotate": [-2.6257705596681773, 0.7515533912701755, -1.5415528325620715], "SNR": 0.03, "name": "6t3e"}