{"loc": [0, 5, 4], "rotate": [2.2404290165993217, 1.8291018448264005, 0.7579155922741817], "SNR": 0.03, "name": "6t3e"}