{"loc": [4, 7, -6], "rotate": [2.5070041750109224, 1.899564811423605, 1.5593864892783262], "SNR": 0.03, "name": "6t3e"}