{"loc": [5, 5, 6], "rotate": [-2.2327557395783586, 0.8886188967216478, -1.500864448577831], "SNR": 0.03, "name": "6t3e"}