{"loc": [4, 0, 2], "rotate": [2.5754578026532755, 1.250132847209362, 0.5619397867175664], "SNR": 0.03, "name": "6t3e"}