{"loc": [7, -6, 1], "rotate": [-2.915878592503292, 0.8303461531326494, -1.0647088577774846], "SNR": 0.03, "name": "6t3e"}