{"loc": [-1, 3, 1], "rotate": [-3.113573294539807, 0.4639697737440118, -1.0755239898682434], "SNR": 0.03, "name": "6t3e"}