{"loc": [-6, -3, 0], "rotate": [2.4727711162744583, 1.6359591962784452, 1.2183264977660113], "SNR": 0.03, "name": "6t3e"}