{"loc": [6, -5, 4], "rotate": [-2.3496393006307272, 1.3703502829905463, -1.731423637689142], "SNR": 0.03, "name": "6t3e"}