{"loc": [1, -5, -3], "rotate": [1.979479009043901, 1.7096451332123908, 0.6247516578383877], "SNR": 0.03, "name": "6t3e"}