{"loc": [2, 3, 1], "rotate": [2.6433996917637574, 1.0221705798620007, -0.0744079833624945], "SNR": 0.03, "name": "6t3e"}