{"loc": [7, -1, -4], "rotate": [-3.1277379987203613, 0.463591050208079, -0.7819928597795538], "SNR": 0.03, "name": "6t3e"}