{"loc": [-1, -7, -7], "rotate": [-2.9596741268816755, 0.8520793007522411, -0.7594828448264624], "SNR": 0.03, "name": "6t3e"}