{"loc": [-2, 2, -6], "rotate": [2.4729044061028715, 0.7748949314600291, -0.03611502924500096], "SNR": 0.03, "name": "6t3e"}