{"loc": [5, 5, -6], "rotate": [-2.1132459650563336, 2.421336088367922, -2.7561841576298587], "SNR": 0.03, "name": "6t3e"}