{"loc": [-6, 2, -6], "rotate": [2.1543195074723145, 1.3379996309208098, 0.6213443352639311], "SNR": 0.03, "name": "6t3e"}