{"loc": [2, -7, 2], "rotate": [-2.312208675655593, 1.2246090984207219, -1.903065972624736], "SNR": 0.03, "name": "6t3e"}