{"loc": [0, 1, -7], "rotate": [-2.7734633287237545, 2.5680533881467893, 2.7849676939472485], "SNR": 0.03, "name": "6t3e"}