{"loc": [-1, -6, 3], "rotate": [-2.235996884551309, 1.5125156831378477, -2.1068646456868607], "SNR": 0.03, "name": "6t3e"}