{"loc": [7, -2, -4], "rotate": [-2.321717483215678, 1.5095169177594234, -2.1200431278620173], "SNR": 0.03, "name": "6t3e"}