{"loc": [4, -4, 6], "rotate": [2.179160691609009, 1.251434664931387, 0.3090644301105192], "SNR": 0.03, "name": "6t3e"}