{"loc": [-4, 2, 5], "rotate": [2.9479375424768124, 0.9898561671299901, -0.4283792563952084], "SNR": 0.03, "name": "6t3e"}