{"loc": [-5, 6, -1], "rotate": [-2.2223868441460706, 1.2974203909782813, -1.6899997251106504], "SNR": 0.03, "name": "6t3e"}