{"loc": [7, 7, 0], "rotate": [2.269899941028852, 0.9929099062247744, 0.44033261682685654], "SNR": 0.03, "name": "6t3e"}