{"loc": [-6, 0, -1], "rotate": [2.7610804498889983, 0.5439374863898978, -0.36748441949967126], "SNR": 0.03, "name": "6t3e"}