{"loc": [-4, -7, 2], "rotate": [2.121663339645538, 0.5792558433402739, 0.342668744368767], "SNR": 0.03, "name": "6t3e"}