{"loc": [2, 2, -1], "rotate": [-2.0190988310560307, 1.2183473148875097, -2.1440637246796768], "SNR": 0.03, "name": "6t3e"}