{"loc": [0, -7, -4], "rotate": [-2.595495331832068, 0.7812373226899928, -1.6827248401702803], "SNR": 0.03, "name": "6t3e"}