{"loc": [-7, -5, -4], "rotate": [2.8667504168408064, 0.6255360956113871, -0.6238313980177712], "SNR": 0.03, "name": "6t3e"}