{"loc": [2, 6, 2], "rotate": [-2.497863535102016, 1.536584715817652, -1.9471273287407338], "SNR": 0.03, "name": "6t3e"}