{"loc": [0, 0, -5], "rotate": [2.4038433940748676, 2.1161976426414904, 1.1034210111703062], "SNR": 0.03, "name": "6t3e"}