{"loc": [3, 7, 2], "rotate": [-2.867506617988083, 0.6443263745053026, -1.4223023810964597], "SNR": 0.03, "name": "6t3e"}