{"loc": [1, -3, 4], "rotate": [2.358469183495282, 1.5870483346653612, 0.7952410945454701], "SNR": 0.03, "name": "6t3e"}