{"loc": [-6, 6, 6], "rotate": [-2.3771443286742273, 1.71182119198292, -2.2506488375870606], "SNR": 0.03, "name": "6t3e"}