{"loc": [-6, -6, 0], "rotate": [1.9403145571120213, 0.3769937616722603, 0.4840528329226864], "SNR": 0.03, "name": "6t3e"}