{"loc": [-4, 7, 0], "rotate": [2.50520554918136, 0.7990857043909625, 0.028914055593269976], "SNR": 0.03, "name": "6t3e"}