{"loc": [-5, -3, 6], "rotate": [2.2349936925862517, 1.4306765298087987, 0.4758233477872586], "SNR": 0.03, "name": "6t3e"}