{"loc": [1, -6, -7], "rotate": [2.6558246220331854, 0.7352383808416896, 0.14300671054822467], "SNR": 0.03, "name": "6t3e"}