{"loc": [-7, 4, 2], "rotate": [-3.045535595545683, 1.154446667546921, -0.917188101120589], "SNR": 0.03, "name": "6t3e"}