{"loc": [2, -7, -6], "rotate": [-2.8398774417291794, 2.4926846380392536, 2.856654604919768], "SNR": 0.03, "name": "6t3e"}