{"loc": [6, 0, -5], "rotate": [-2.764968913605699, 0.5900979023243201, -0.9616868534837508], "SNR": 0.03, "name": "6t3e"}