{"loc": [-3, 7, 7], "rotate": [-2.6321361621906596, 0.4434429717260254, -1.325185773075366], "SNR": 0.03, "name": "6t3e"}