{"loc": [5, 0, 3], "rotate": [-2.666012971639968, 0.5183888008317118, -1.4086645309879722], "SNR": 0.03, "name": "6t3e"}