{"loc": [-1, 7, 3], "rotate": [-2.6507236014128686, 0.8613512790791652, -1.1275166171301318], "SNR": 0.03, "name": "6t3e"}