{"loc": [3, -1, -5], "rotate": [-2.552828958815744, 0.49378443199604355, -1.1970373154608054], "SNR": 0.03, "name": "6t3e"}