{"loc": [1, 2, -4], "rotate": [2.8761609347435626, 0.4568291314323989, -0.3992602274624164], "SNR": 0.03, "name": "6t3e"}