{"loc": [-5, -3, 1], "rotate": [2.261145448219874, 1.711731950369983, 1.0145054704978904], "SNR": 0.03, "name": "6t3e"}