{"loc": [-4, -5, -2], "rotate": [1.9551137192510497, 0.9144293146082225, 0.07243078655172973], "SNR": 0.03, "name": "6t3e"}