{"loc": [-3, -1, 7], "rotate": [3.0479615378984017, 0.8555240025461346, -0.9371757789042257], "SNR": 0.03, "name": "6t3e"}