{"loc": [-5, -2, -4], "rotate": [2.3090903443177764, 1.1823045732681612, 0.7558274848777161], "SNR": 0.03, "name": "6t3e"}