{"loc": [5, -7, 3], "rotate": [2.3638140302277453, 1.9859772647986278, 1.0671045611017465], "SNR": 0.03, "name": "6t3e"}