{"loc": [-7, -4, 2], "rotate": [2.37464935996568, 1.0887728945847879, 0.3848408188168253], "SNR": 0.03, "name": "6t3e"}