{"loc": [-7, 7, 7], "rotate": [-2.783393084893239, 0.9852598245236945, -0.9796973931455557], "SNR": 0.03, "name": "6t3e"}