{"loc": [3, -1, 2], "rotate": [-2.531503951445581, 0.6454838595148692, -1.4515055243551316], "SNR": 0.03, "name": "6t3e"}