{"loc": [1, -4, -4], "rotate": [2.272239899165981, 0.6373208274352318, 0.32633867842680686], "SNR": 0.03, "name": "6t3e"}