{"loc": [3, 0, 5], "rotate": [2.5597896582341053, 0.9033571564553003, 0.06552747971810632], "SNR": 0.03, "name": "6t3e"}