{"loc": [7, -6, 4], "rotate": [-2.3642087257944944, 0.9682277585541249, -1.54109112290201], "SNR": 0.03, "name": "6t3e"}