{"loc": [-7, 1, -5], "rotate": [2.3296445124482226, 0.5406116332410851, 0.29720103258017855], "SNR": 0.03, "name": "6t3e"}