{"loc": [4, -7, 1], "rotate": [-1.929456015982446, 1.6238632984539614, -2.5108680911652677], "SNR": 0.03, "name": "6t3e"}