{"loc": [-3, 2, 4], "rotate": [2.3122945263732286, 1.026865959949496, 0.3985029545436231], "SNR": 0.03, "name": "6t3e"}