{"loc": [2, -4, 4], "rotate": [2.2621811276615973, 1.0381667785726751, 0.38479753581690174], "SNR": 0.03, "name": "6t3e"}