{"loc": [0, -6, 5], "rotate": [2.5971434642436106, 2.450411773307, 1.3593217937793216], "SNR": 0.03, "name": "6t3e"}