{"loc": [6, 0, 4], "rotate": [-2.1168974368357545, 0.9883507485842193, -1.852726760451582], "SNR": 0.03, "name": "6t3e"}