{"loc": [5, 6, -5], "rotate": [-1.0160165113143729, 1.9861189621303001, 0.6689003914229719], "SNR": 0.03, "name": "6t3e"}