{"loc": [4, 5, 7], "rotate": [2.982984230613956, 0.7035896020252971, -0.5594582769565108], "SNR": 0.03, "name": "6t3e"}