{"loc": [7, -3, 4], "rotate": [-2.483761927028428, 1.8501247498798192, -2.6878102624125844], "SNR": 0.03, "name": "6t3e"}