{"loc": [7, -6, -4], "rotate": [2.0698497348389204, 1.1992474796068306, 0.6796565320879816], "SNR": 0.03, "name": "6t3e"}