{"loc": [-6, 0, 1], "rotate": [2.40517967584233, 0.8792787584772029, 0.1465137281846624], "SNR": 0.03, "name": "6t3e"}