{"loc": [-7, 2, 0], "rotate": [-2.673097069345427, 0.2962462346946854, -1.4296010299786528], "SNR": 0.03, "name": "6t3e"}