{"loc": [6, -1, 3], "rotate": [2.590094426247203, 1.2022270654352398, -0.1755957299076315], "SNR": 0.03, "name": "6t3e"}