{"loc": [-1, 0, 0], "rotate": [1.915396651495687, 2.36347534679286, 0.8245169331246697], "SNR": 0.03, "name": "6t3e"}