{"loc": [-2, -7, 7], "rotate": [2.6616845153706694, 0.9024461267944708, -0.25511240353713366], "SNR": 0.03, "name": "6t3e"}