{"loc": [-3, 3, 1], "rotate": [-2.2478292380125287, 1.4494156502937539, -2.1546473972614852], "SNR": 0.03, "name": "6t3e"}