{"loc": [3, -1, 4], "rotate": [-2.565631253601276, 0.8723713760625643, -1.995861158754967], "SNR": 0.03, "name": "6t3e"}