{"loc": [4, 5, 7], "rotate": [2.4403053306784352, 0.991689973565545, 0.5183668393268245], "SNR": 0.03, "name": "6t3e"}