{"loc": [-7, -1, -4], "rotate": [1.2202058925774215, 0.9835727954881603, -2.1584866606729247], "SNR": 0.03, "name": "6t3e"}