{"loc": [5, 2, 2], "rotate": [-2.1665048215342093, 1.088358919826713, -2.0059113980831675], "SNR": 0.03, "name": "6t3e"}