{"loc": [0, -2, 1], "rotate": [2.2877657663872526, 0.5815800217849657, 0.2841649269467456], "SNR": 0.03, "name": "6t3e"}