{"loc": [-4, -6, 6], "rotate": [1.8761408913161874, 0.9902650797474055, 0.7267114683592808], "SNR": 0.03, "name": "6t3e"}