{"loc": [-7, -3, 3], "rotate": [-3.0435947108515307, 0.6908219481884379, -0.950578724861791], "SNR": 0.03, "name": "6t3e"}