{"loc": [0, 2, -4], "rotate": [2.244251900841302, 0.7909784240337815, -0.06299774891694508], "SNR": 0.03, "name": "6t3e"}