{"loc": [-7, 7, 5], "rotate": [-2.2727276352485797, 1.6150637162367942, -2.010383727107504], "SNR": 0.03, "name": "6t3e"}