{"loc": [-1, 0, 0], "rotate": [2.284088339248311, 1.4681613108563298, 0.5584174368361693], "SNR": 0.03, "name": "6t3e"}