{"loc": [-5, -1, 0], "rotate": [-2.3709781718486984, 1.268277805232826, -1.7742340328115886], "SNR": 0.03, "name": "6t3e"}