{"loc": [-6, 2, 6], "rotate": [2.8520233458942736, 0.8211854215110702, -0.4037318453297761], "SNR": 0.03, "name": "6t3e"}