{"loc": [5, -2, -2], "rotate": [2.147793379331705, 1.1194958042492391, 0.7433051165982677], "SNR": 0.03, "name": "6t3e"}