{"loc": [1, -6, -2], "rotate": [2.2300528824067904, 1.8689485973148794, 1.150363627575989], "SNR": 0.03, "name": "6t3e"}