{"loc": [7, -4, -7], "rotate": [2.3645539515559393, 0.340630191863783, -0.148683234986529], "SNR": 0.03, "name": "6t3e"}