{"loc": [2, -5, 6], "rotate": [2.121603946486567, 0.5222327817171067, 0.3784972890059772], "SNR": 0.03, "name": "6t3e"}