{"loc": [2, -1, -3], "rotate": [2.03581511406985, 1.4510747585159927, 0.8509552264185174], "SNR": 0.03, "name": "6t3e"}