{"loc": [2, 3, -6], "rotate": [2.8003052117754446, 0.8915882501307677, -0.5725368497554024], "SNR": 0.03, "name": "6t3e"}