{"loc": [-6, 5, -5], "rotate": [2.4054359006013257, 1.047694413726791, 0.40037008644324873], "SNR": 0.03, "name": "6t3e"}