{"loc": [2, 2, 5], "rotate": [1.8981844316273566, 0.9751476084652089, 1.0406885082724395], "SNR": 0.03, "name": "6t3e"}