{"loc": [-6, 5, 4], "rotate": [-2.8821102501125493, 2.378874784504364, 2.425011549999843], "SNR": 0.03, "name": "6t3e"}