{"loc": [0, 6, 6], "rotate": [-2.8679310359113392, 0.7815477658124124, -1.0137792625845354], "SNR": 0.03, "name": "6t3e"}