{"loc": [7, 5, 4], "rotate": [-2.127332935613974, 1.1212718241454602, -2.1968552637963947], "SNR": 0.03, "name": "6t3e"}