{"loc": [4, -2, -6], "rotate": [-1.9752841527076588, 1.1487590171712712, -2.0447527867917232], "SNR": 0.03, "name": "6t3e"}