{"loc": [-3, 2, -4], "rotate": [-1.8969173758447544, 0.672708466295091, -2.234885347161501], "SNR": 0.03, "name": "6t3e"}