{"loc": [-1, -7, -3], "rotate": [2.236771929773683, 1.2847089592926846, 0.3554522091410069], "SNR": 0.03, "name": "6t3e"}