{"loc": [-6, 3, 2], "rotate": [2.3779735323272235, 0.4861720957361764, -0.047800249267030276], "SNR": 0.03, "name": "6t3e"}