{"loc": [0, -4, 0], "rotate": [1.9517063569391584, 1.3880345555367628, 1.0594497027431409], "SNR": 0.03, "name": "6t3e"}