{"loc": [3, 1, 1], "rotate": [2.9638366613350664, 0.5214425126728786, -0.5588785268843698], "SNR": 0.03, "name": "6t3e"}