{"loc": [-1, 4, -6], "rotate": [2.285384439848713, 1.112971624057807, 0.6654166562761342], "SNR": 0.03, "name": "6t3e"}