{"loc": [-1, 3, -4], "rotate": [2.348653962645579, 0.7367287980850534, -0.2742511951989024], "SNR": 0.03, "name": "6t3e"}