{"loc": [5, -6, 4], "rotate": [2.6902644651802685, 0.4969248606427887, -0.30393574513398175], "SNR": 0.03, "name": "6t3e"}