{"loc": [3, 3, 6], "rotate": [-2.3428308388665533, 1.2367311724694925, -1.9871559417543456], "SNR": 0.03, "name": "6t3e"}