{"loc": [-1, 5, -2], "rotate": [-2.9579568536551424, 0.6798962719683758, -0.6960841696509522], "SNR": 0.03, "name": "6t3e"}