{"loc": [-5, 0, -2], "rotate": [-2.1650544227171777, 1.2344841609057364, -1.7081577124554437], "SNR": 0.03, "name": "6t3e"}