{"loc": [1, -5, 0], "rotate": [-1.9989255593782853, 0.8919761328527992, -1.3688833896561294], "SNR": 0.03, "name": "6t3e"}