{"loc": [0, -4, 6], "rotate": [2.349303681277163, 0.34436118832136803, 0.13805604547836894], "SNR": 0.03, "name": "6t3e"}