{"loc": [-3, -4, 7], "rotate": [2.4745801079291634, 0.9548463854065765, -0.22292922149002847], "SNR": 0.03, "name": "6t3e"}