{"loc": [5, 3, -1], "rotate": [-2.6253616014003853, 0.5965633546400587, -0.9613839781014756], "SNR": 0.03, "name": "6t3e"}