{"loc": [-6, 5, -1], "rotate": [-2.348092495896356, 0.8487734144646693, -2.0278775956047044], "SNR": 0.03, "name": "6t3e"}