{"loc": [-2, 0, 6], "rotate": [2.0762015432757224, 1.6436262332823792, 0.642915875149157], "SNR": 0.03, "name": "6t3e"}