{"loc": [5, 0, -4], "rotate": [-2.5849758158719167, 0.7988572935654555, -2.0022979407107755], "SNR": 0.03, "name": "6t3e"}