{"loc": [6, -2, -7], "rotate": [2.799193559274, 1.4928933220224732, 0.3970095979458127], "SNR": 0.03, "name": "6t3e"}