{"loc": [4, -5, 7], "rotate": [-2.486843440459411, 0.4540798426070493, -1.3178480448470193], "SNR": 0.03, "name": "6t3e"}