{"loc": [0, 0, 6], "rotate": [-2.9867575010925353, 0.12334656634280142, -0.8836397151904775], "SNR": 0.03, "name": "6t3e"}