{"loc": [5, 4, 7], "rotate": [2.0805143130165136, 0.9271884291607088, 0.4312638644695371], "SNR": 0.03, "name": "6t3e"}