{"loc": [4, 6, -3], "rotate": [3.0198697923239286, 0.8037041263640003, -0.5129163976430408], "SNR": 0.03, "name": "6t3e"}