{"loc": [3, 0, 0], "rotate": [2.2435880659831025, 1.2536054009479398, 0.5321852383173155], "SNR": 0.03, "name": "6t3e"}