{"loc": [2, 0, 0], "rotate": [-2.280633151752413, 1.442736207755322, -1.631993833993257], "SNR": 0.03, "name": "6t3e"}