{"loc": [4, -4, 4], "rotate": [2.5267523714454594, 0.7843726563650216, 0.1481673163581471], "SNR": 0.03, "name": "6t3e"}