{"loc": [4, -7, 4], "rotate": [-2.4161741435022024, 1.182451135436124, -2.1323690213256725], "SNR": 0.03, "name": "6t3e"}