{"loc": [-2, -6, -1], "rotate": [-2.468463177703737, 2.0523529564755503, -3.104361240355544], "SNR": 0.03, "name": "6t3e"}