{"loc": [-2, 7, -4], "rotate": [2.350362488340796, 1.139315919969173, 0.32407779790701075], "SNR": 0.03, "name": "6t3e"}