{"loc": [-3, 7, -6], "rotate": [2.060797633069203, 1.5254586619373147, 0.5968868801727033], "SNR": 0.03, "name": "6t3e"}