{"loc": [2, 0, -5], "rotate": [2.7154898791164555, 0.5627077201782584, -0.3896141799034375], "SNR": 0.03, "name": "6t3e"}