{"loc": [1, 0, -4], "rotate": [-2.6308705311970675, 0.6202974608841058, -1.3358968447553732], "SNR": 0.03, "name": "6t3e"}