{"loc": [-6, -5, -4], "rotate": [3.0394765557681906, 1.081730314677694, -0.35606534586907734], "SNR": 0.03, "name": "6t3e"}