{"loc": [-1, -4, -7], "rotate": [-2.5207256703242624, 1.1394774135763615, -2.2226874473947493], "SNR": 0.03, "name": "6t3e"}