{"loc": [-3, 3, 2], "rotate": [-1.9132373355394736, 0.8545611905896868, -2.4635295978814176], "SNR": 0.03, "name": "6t3e"}