{"loc": [-7, -1, -5], "rotate": [-2.3865011796554487, 1.9933800611179902, -3.0452649716812705], "SNR": 0.03, "name": "6t3e"}