{"loc": [5, -6, -1], "rotate": [-2.1832041282726653, 1.6081658537112278, -2.168562939898557], "SNR": 0.03, "name": "6t3e"}