{"loc": [4, 4, 4], "rotate": [-2.2078031536213167, 0.6206588349045051, -2.113581495749099], "SNR": 0.03, "name": "6t3e"}