{"loc": [-5, 7, -6], "rotate": [2.345682971364759, 1.604054437182014, 1.0657972101555704], "SNR": 0.03, "name": "6t3e"}