{"loc": [-2, 2, 0], "rotate": [2.8406698680107043, 0.7091249254051611, -0.465369111261337], "SNR": 0.03, "name": "6t3e"}