{"loc": [1, -6, 6], "rotate": [-2.2342710511001567, 1.2735344629500565, -1.9114388521669587], "SNR": 0.03, "name": "6t3e"}