{"loc": [5, -4, -3], "rotate": [2.8882079801622704, 0.9149532650896081, -0.38552117214385123], "SNR": 0.03, "name": "6t3e"}