{"loc": [-6, -5, 4], "rotate": [-2.3338120877578, 1.837649280088025, -2.560909777782266], "SNR": 0.03, "name": "6t3e"}