{"loc": [-1, 1, -6], "rotate": [1.933316379270478, 1.7270014356405672, 0.708792571505173], "SNR": 0.03, "name": "6t3e"}