{"loc": [4, -3, -5], "rotate": [-2.2670360364231814, 0.841270644958041, -2.165840706497191], "SNR": 0.03, "name": "6t3e"}