{"loc": [-1, 0, 0], "rotate": [-2.4278541223517927, 0.9131888053181544, -2.13613600425851], "SNR": 0.03, "name": "6t3e"}