{"loc": [6, 1, -5], "rotate": [-2.366615111573851, 1.5746475427803925, -1.8221275542793913], "SNR": 0.03, "name": "6t3e"}