{"loc": [7, -3, 6], "rotate": [2.2239011038159653, 1.6474654925320809, 1.5245857872073139], "SNR": 0.03, "name": "6t3e"}