{"loc": [-1, 2, 0], "rotate": [-2.956579149863833, 0.6020764726406265, -0.8944210376416524], "SNR": 0.03, "name": "6t3e"}