{"loc": [-1, 7, -5], "rotate": [-2.737254352845113, 2.280348501930343, 2.644778245330959], "SNR": 0.03, "name": "6t3e"}