{"loc": [-1, 3, -2], "rotate": [-2.2113926586061305, 1.1841707211835526, -1.8576045796927814], "SNR": 0.03, "name": "6t3e"}