{"loc": [-6, 2, 1], "rotate": [2.192695839413915, 1.463578418334417, 0.6566712453687369], "SNR": 0.03, "name": "6t3e"}