{"loc": [2, 4, -4], "rotate": [-2.346424019622244, 1.4470389267060326, -2.0296062628010625], "SNR": 0.03, "name": "6t3e"}