{"loc": [-3, 1, 2], "rotate": [-2.9279754702407654, 1.553622452013045, -1.8156278363660767], "SNR": 0.03, "name": "6t3e"}