{"loc": [-2, 5, -5], "rotate": [1.9347162070448838, 1.7059109794752096, 0.8285803889737846], "SNR": 0.03, "name": "6t3e"}