{"loc": [-7, -4, -3], "rotate": [2.2066062864927254, 1.6493313654846922, 0.5987139043568842], "SNR": 0.03, "name": "6t3e"}