{"loc": [5, -5, 5], "rotate": [-2.4863089211572484, 2.419384223651556, -3.129443112142729], "SNR": 0.03, "name": "6t3e"}