{"loc": [-7, -1, 3], "rotate": [-2.743117857731362, 2.3607653370433734, 2.8269275872667965], "SNR": 0.03, "name": "6t3e"}