{"loc": [-6, 1, -6], "rotate": [2.2305171562703445, 1.965768932753554, 0.7042670745493235], "SNR": 0.03, "name": "6t3e"}