{"loc": [-2, -1, -6], "rotate": [2.856138855925599, 1.1381087567720523, 0.1781416935138653], "SNR": 0.03, "name": "6t3e"}