{"loc": [6, -3, -1], "rotate": [2.625771266483891, 0.7324757712806297, -0.2702649086372386], "SNR": 0.03, "name": "6t3e"}