{"loc": [4, 1, -1], "rotate": [-2.5171545793241528, 0.5589720913521642, -1.1305586087573065], "SNR": 0.03, "name": "6t3e"}