{"loc": [6, -5, -5], "rotate": [-2.532967988986702, 0.7829841388103196, -1.51168160964886], "SNR": 0.03, "name": "6t3e"}