{"loc": [3, 2, 2], "rotate": [2.626139020488355, 0.7562164434830367, -0.09020407649598106], "SNR": 0.03, "name": "6t3e"}