{"loc": [-1, 6, 2], "rotate": [2.5311884961950546, 1.8855530455234784, 1.1182571473019431], "SNR": 0.03, "name": "6t3e"}