{"loc": [-4, 7, 4], "rotate": [2.5317643271511328, 1.3820297698561177, 0.5401106094339299], "SNR": 0.03, "name": "6t3e"}