{"loc": [6, 0, 4], "rotate": [1.8430252832408223, 1.2331844884911158, 0.9586282712766306], "SNR": 0.03, "name": "6t3e"}