{"loc": [-6, -4, 0], "rotate": [0.6522291788232597, 1.6278775148677747, -1.8713198060790217], "SNR": 0.03, "name": "6t3e"}