{"loc": [-1, -7, 5], "rotate": [-3.0203169352838666, 0.6666171551588375, -1.0191331994051032], "SNR": 0.03, "name": "6t3e"}