{"loc": [-6, 5, -7], "rotate": [2.4434506810365697, 1.0171987281686734, 0.5540249500601901], "SNR": 0.03, "name": "6t3e"}