{"loc": [5, 2, 7], "rotate": [-2.8656978230368044, 0.9735415863489533, -1.5826578282422104], "SNR": 0.03, "name": "6t3e"}