{"loc": [2, -6, -6], "rotate": [2.296481228569398, 0.9567469705112598, 0.19834969522148618], "SNR": 0.03, "name": "6t3e"}