{"loc": [0, 5, -7], "rotate": [2.0818918482929423, 1.5748831632108193, 0.8964915825627204], "SNR": 0.03, "name": "6t3e"}