{"loc": [2, 6, -4], "rotate": [-2.50426943589178, 1.3894000901086592, -1.7667927256394915], "SNR": 0.03, "name": "6t3e"}