{"loc": [0, 1, -5], "rotate": [-2.794164103596578, 0.8016159986143697, -0.8761121741086206], "SNR": 0.03, "name": "6t3e"}