{"loc": [5, 3, -3], "rotate": [-2.290003821772836, 1.671255948511429, -2.0382580975099858], "SNR": 0.03, "name": "6t3e"}