{"loc": [7, -2, 0], "rotate": [-3.0849908142443065, 0.9228598033237043, -1.2344331154075459], "SNR": 0.03, "name": "6t3e"}