{"loc": [-6, -5, 1], "rotate": [-2.708779226062137, 1.1478126053119535, -1.0949540426453714], "SNR": 0.03, "name": "6t3e"}