{"loc": [-6, 6, 3], "rotate": [2.267489807351205, 1.2994854257617223, 0.7264516326604163], "SNR": 0.03, "name": "6t3e"}