{"loc": [5, 2, -3], "rotate": [-2.1212872573884165, 1.9466827070579849, -2.5227376846821326], "SNR": 0.03, "name": "6t3e"}