{"loc": [5, -1, 2], "rotate": [-2.577165165256924, 0.8706824725747847, -1.530593965774236], "SNR": 0.03, "name": "6t3e"}