{"loc": [-7, 0, -6], "rotate": [-2.439912984198143, 0.7110598454378676, -1.9986112868365926], "SNR": 0.03, "name": "6t3e"}