{"loc": [-4, 2, 5], "rotate": [1.9553324419657079, 1.2323893365200183, 0.7956326800158093], "SNR": 0.03, "name": "6t3e"}