{"loc": [6, 4, 1], "rotate": [2.3095687336380735, 1.626730185635965, 0.2643883047824607], "SNR": 0.03, "name": "6t3e"}