{"loc": [-6, 0, 6], "rotate": [2.9562705548939, 0.7271256613840595, -0.2877773504442595], "SNR": 0.03, "name": "6t3e"}