{"loc": [6, -4, 1], "rotate": [3.0127301870387577, 0.4508155657520246, -0.6873316654461088], "SNR": 0.03, "name": "6t3e"}