{"loc": [0, -5, -4], "rotate": [-2.0758145337045772, 2.106706097833214, -2.3995232317586868], "SNR": 0.03, "name": "6t3e"}