{"loc": [-2, -1, 1], "rotate": [2.2214895772886596, 2.405922277936602, 0.8577684898185414], "SNR": 0.03, "name": "6t3e"}