{"loc": [-1, -1, -4], "rotate": [-2.0185641566764203, 1.9606707187680006, -2.4960889935916737], "SNR": 0.03, "name": "6t3e"}