{"loc": [0, -2, -7], "rotate": [2.4617353864986735, 1.80614677530381, 1.4570060358862662], "SNR": 0.03, "name": "6t3e"}