{"loc": [1, -5, 0], "rotate": [-2.8114282162500017, 0.8453305104615904, -0.9571257660864692], "SNR": 0.03, "name": "6t3e"}