{"loc": [-6, -6, 3], "rotate": [3.0558069867799773, 0.6554137185443843, -0.5669016198628405], "SNR": 0.03, "name": "6t3e"}