{"loc": [-1, 3, -7], "rotate": [-2.528426000569723, 0.6791836875047681, -1.3778392037666682], "SNR": 0.03, "name": "6t3e"}