{"loc": [-2, 1, 7], "rotate": [2.6452895085040877, 0.6419527381957736, -0.14233168654165268], "SNR": 0.03, "name": "6t3e"}