{"loc": [-3, 0, 1], "rotate": [2.5190545862361833, 0.9002863617193163, -0.32676436291784194], "SNR": 0.03, "name": "6t3e"}