{"loc": [-6, -3, 6], "rotate": [2.4388461812116686, 1.2101651999636485, 0.79811561257378], "SNR": 0.03, "name": "6t3e"}