{"loc": [3, 0, -3], "rotate": [-2.4953105662345396, 1.1214894998952925, -1.8098732092133574], "SNR": 0.03, "name": "6t3e"}