{"loc": [5, 0, 3], "rotate": [-2.1507582509569283, 1.0202493560959152, -2.104997755452512], "SNR": 0.03, "name": "6t3e"}