{"loc": [3, 5, -7], "rotate": [2.8326103220804386, 0.9245862424620007, -0.5507076421113068], "SNR": 0.03, "name": "6t3e"}