{"loc": [-4, 6, 0], "rotate": [-2.0113886044287783, 1.1021616335690911, -2.3353849514195906], "SNR": 0.03, "name": "6t3e"}