{"loc": [-6, -6, -5], "rotate": [-2.9075515289122675, 0.5830382552958103, -0.8877657526523569], "SNR": 0.03, "name": "6t3e"}