{"loc": [0, 7, 1], "rotate": [-2.1427513675189926, 1.2056303572145033, -2.2031411946943007], "SNR": 0.03, "name": "6t3e"}