{"loc": [-2, -4, 6], "rotate": [2.979648582108167, 0.5625332715480067, -1.1970016624160116], "SNR": 0.03, "name": "6t3e"}