{"loc": [1, -2, -1], "rotate": [3.104683826476807, 0.9904928474581614, -0.7164780505283208], "SNR": 0.03, "name": "6t3e"}