{"loc": [-6, -7, -2], "rotate": [-2.292146571023034, 0.9815307315315493, -1.776381943459712], "SNR": 0.03, "name": "6t3e"}