{"loc": [0, 1, 7], "rotate": [-2.2618988250038004, 1.4866230706396526, -2.2253984072790756], "SNR": 0.03, "name": "6t3e"}