{"loc": [2, -6, 0], "rotate": [3.0049862739681297, 0.7042856043334716, -0.5604645522674234], "SNR": 0.03, "name": "6t3e"}