{"loc": [-3, 3, 0], "rotate": [2.8408292979462013, 0.4581939747285137, -0.3945374552178845], "SNR": 0.03, "name": "6t3e"}