{"loc": [-4, -4, 5], "rotate": [2.3007088275145113, 1.6918105410374047, 0.7177058227251786], "SNR": 0.03, "name": "6t3e"}