{"loc": [-7, 7, -3], "rotate": [-2.7377718723071647, 2.278775859619516, -2.9324159896444333], "SNR": 0.03, "name": "6t3e"}