{"loc": [0, -2, -5], "rotate": [3.0723461650034634, 0.9608795504952025, -0.7187917600568784], "SNR": 0.03, "name": "6t3e"}