{"loc": [-4, -6, 4], "rotate": [2.069969919040587, 1.8404960581473575, 1.2430781241643267], "SNR": 0.03, "name": "6t3e"}