{"loc": [1, 4, 0], "rotate": [2.4739092684945647, 1.0207373774019157, 0.48265500844001313], "SNR": 0.03, "name": "6t3e"}