{"loc": [-4, 5, 0], "rotate": [-2.4121204387223663, 1.3051759414554325, -1.57313447828465], "SNR": 0.03, "name": "6t3e"}