{"loc": [-7, 2, 3], "rotate": [2.28493853226145, 1.8696563549005634, 0.8424642844411714], "SNR": 0.03, "name": "6t3e"}