{"loc": [-1, 1, 7], "rotate": [2.778359648899057, 0.777341327272859, -0.25101726993559476], "SNR": 0.03, "name": "6t3e"}