{"loc": [5, 3, -1], "rotate": [2.768525516299493, 0.6847782065865182, 0.027889333938372736], "SNR": 0.03, "name": "6t3e"}