{"loc": [-5, -6, 4], "rotate": [-2.5546768079300173, 0.985655081690681, -1.347551557463057], "SNR": 0.03, "name": "6t3e"}