{"loc": [-5, 4, 0], "rotate": [2.4058732695129015, 1.2198887460845456, 0.747285738436973], "SNR": 0.03, "name": "6t3e"}