{"loc": [-1, -7, 4], "rotate": [1.9537253678600428, 2.1207094486020863, 0.5843167709908871], "SNR": 0.03, "name": "6t3e"}