{"loc": [-2, 5, -2], "rotate": [2.6729767956753787, 0.3030499208198806, -0.5041682002717955], "SNR": 0.03, "name": "6t3e"}