{"loc": [0, -2, 2], "rotate": [2.4193140854443733, 0.9089479124784615, -0.1492176879700777], "SNR": 0.03, "name": "6t3e"}