{"loc": [-2, -5, -5], "rotate": [-2.0223131644759733, 0.7164988382654269, -1.823713526510431], "SNR": 0.03, "name": "6t3e"}