{"loc": [0, 1, -2], "rotate": [-2.647565250221482, 2.769133104935889, 2.9714211836983635], "SNR": 0.03, "name": "6t3e"}