{"loc": [-7, 4, -3], "rotate": [3.1106056042587955, 0.42710909016101334, -0.4334385446889137], "SNR": 0.03, "name": "6t3e"}