{"loc": [7, -3, -4], "rotate": [-2.3139156178380413, 0.7207685348507853, -1.4260808463142742], "SNR": 0.03, "name": "6t3e"}