{"loc": [-7, -2, 5], "rotate": [-2.048523175314099, 1.2381300036648242, -2.510037565424689], "SNR": 0.03, "name": "6t3e"}