{"loc": [5, 5, 4], "rotate": [-2.154293855949583, 0.9909130802795099, -2.2377654294455036], "SNR": 0.03, "name": "6t3e"}