{"loc": [7, -2, -5], "rotate": [-2.182594631256281, 1.2493722935027658, -1.935388875216881], "SNR": 0.03, "name": "6t3e"}