{"loc": [-5, 2, 2], "rotate": [2.022555701760568, 1.6695359498698368, 0.43698344698136626], "SNR": 0.03, "name": "6t3e"}