{"loc": [2, 1, 2], "rotate": [-2.1693059678261237, 0.901375313567457, -1.9883784155383795], "SNR": 0.03, "name": "6t3e"}