{"loc": [-5, -2, 2], "rotate": [-2.5435593567739305, 0.4912356863827683, -1.1121933873213026], "SNR": 0.03, "name": "6t3e"}