{"loc": [-2, 7, 5], "rotate": [-2.630580870947383, 0.5910775218066516, -0.8859621139895528], "SNR": 0.03, "name": "6t3e"}