{"loc": [3, -5, 6], "rotate": [2.4422717345637532, 1.0565840418849797, 0.6145223955911393], "SNR": 0.03, "name": "6t3e"}