{"loc": [-5, -3, -4], "rotate": [2.1915936470800186, 1.619451465312909, 0.7463439049424584], "SNR": 0.03, "name": "6t3e"}