{"loc": [1, 5, 3], "rotate": [2.3447516667413804, 1.2010482984946327, 1.0316562804289657], "SNR": 0.03, "name": "6t3e"}