{"loc": [-4, 4, -3], "rotate": [-2.677867575110565, 0.9078225951595202, -1.579800657903942], "SNR": 0.03, "name": "6t3e"}