{"loc": [-7, -7, -1], "rotate": [-2.2120201895546527, 1.2357138867212076, -1.9488047041105885], "SNR": 0.03, "name": "6t3e"}