{"loc": [-7, 3, -4], "rotate": [2.1378483607299343, 1.6911235334165828, 0.877211304599068], "SNR": 0.03, "name": "6t3e"}