{"loc": [0, 0, -3], "rotate": [-2.5933957235040936, 0.6454558073531388, -1.6784247870759827], "SNR": 0.03, "name": "6t3e"}