{"loc": [4, 0, 1], "rotate": [-1.8947123590917723, 0.22336108116199271, -1.4850040004960667], "SNR": 0.03, "name": "6t3e"}