{"loc": [-4, 4, 5], "rotate": [-2.4273040071518843, 0.710866653441461, -1.4417941871120057], "SNR": 0.03, "name": "6t3e"}