{"loc": [5, -5, -7], "rotate": [2.314505608902392, 1.553379043222353, 0.5855289641233175], "SNR": 0.03, "name": "6t3e"}