{"loc": [0, 4, 4], "rotate": [2.346327808919298, 0.9331763746782543, -0.15153005525547866], "SNR": 0.03, "name": "6t3e"}