{"loc": [-3, -7, 4], "rotate": [-2.1656780249380834, 0.8272848232565684, -1.5149864615759057], "SNR": 0.03, "name": "6t3e"}