{"loc": [7, 7, 5], "rotate": [3.1396137121859082, 2.8467207170884232, 2.3910363144020232], "SNR": 0.03, "name": "6t3e"}