{"loc": [-4, -4, -5], "rotate": [2.400202243201958, 1.1829008450667062, 0.009985814215277463], "SNR": 0.03, "name": "6t3e"}