{"loc": [-7, 0, -3], "rotate": [0.30179301261507374, 2.67419654703218, 2.538571261786044], "SNR": 0.03, "name": "6t3e"}