{"loc": [3, 4, 3], "rotate": [-2.521735761617516, 0.5603272182460027, -1.4326571097425007], "SNR": 0.03, "name": "6t3e"}