{"loc": [0, -6, 1], "rotate": [-2.4742524231568552, 0.6990850917798144, -1.256318931316196], "SNR": 0.03, "name": "6t3e"}