{"loc": [0, 2, -4], "rotate": [-2.8123383539705493, 0.5216662453343568, -1.5729951378349165], "SNR": 0.03, "name": "6t3e"}