{"loc": [4, 4, -4], "rotate": [2.077885815895939, 1.8070334575093383, 0.9496526738939989], "SNR": 0.03, "name": "6t3e"}