{"loc": [-2, 0, 0], "rotate": [2.94547524127728, 0.4897116752122972, -0.8951138886889152], "SNR": 0.03, "name": "6t3e"}