{"loc": [-6, -4, 5], "rotate": [-2.150660505974358, 1.8699828838722514, -2.4708584597737127], "SNR": 0.03, "name": "6t3e"}