{"loc": [3, -1, 7], "rotate": [-2.398393643622061, 1.6555228291131696, -3.0406100993653373], "SNR": 0.03, "name": "6t3e"}