{"loc": [2, -3, 1], "rotate": [-2.8662471351902936, 1.0248321408204482, -0.8925261440005733], "SNR": 0.03, "name": "6t3e"}