{"loc": [-5, 7, 0], "rotate": [-1.9390290740252791, 0.8550926851207336, -1.9263397500264003], "SNR": 0.03, "name": "6t3e"}