{"loc": [-5, -6, -1], "rotate": [-2.6822453448717978, 0.7127124071560385, -1.9510558496269226], "SNR": 0.03, "name": "6t3e"}