{"loc": [-2, 4, -5], "rotate": [3.1221583978684824, 0.7937318549555715, -0.8585379134657206], "SNR": 0.03, "name": "6t3e"}