{"loc": [-1, -6, 0], "rotate": [2.158934510934793, 1.9196966300889855, 1.0358118720067324], "SNR": 0.03, "name": "6t3e"}