{"loc": [-4, 1, -3], "rotate": [2.5009428530252693, 0.7313195469306693, 0.2632611575677787], "SNR": 0.03, "name": "6t3e"}