{"loc": [0, -5, 3], "rotate": [1.892754769722758, 1.2084993453036759, -0.035017229021599865], "SNR": 0.03, "name": "6t3e"}