{"loc": [1, 1, -7], "rotate": [2.2283273755868382, 1.247706704437396, 0.09741157926563632], "SNR": 0.03, "name": "6t3e"}