{"loc": [-5, 7, 6], "rotate": [-2.21268639506914, 1.0209033645456678, -1.9821224240150495], "SNR": 0.03, "name": "6t3e"}