{"loc": [-7, 1, 2], "rotate": [3.085932976046328, 0.5421936417643528, -0.915617156579181], "SNR": 0.03, "name": "6t3e"}