{"loc": [-5, -5, -2], "rotate": [-2.1104038457500627, 1.3481357673123064, -2.1786643879433187], "SNR": 0.03, "name": "6t3e"}