{"loc": [-4, 1, 0], "rotate": [2.4150490810566176, 1.7503131324849155, 0.8233639099234585], "SNR": 0.03, "name": "6t3e"}