{"loc": [3, -7, -6], "rotate": [2.411301924305885, 1.5344691072936598, 1.3580334667567027], "SNR": 0.03, "name": "6t3e"}