{"loc": [5, 0, -5], "rotate": [2.2397526436175195, 0.8819432402238429, 0.2433010539974042], "SNR": 0.03, "name": "6t3e"}