{"loc": [-6, 1, 0], "rotate": [2.4502162946950916, 2.0180344138179933, 1.431333342278976], "SNR": 0.03, "name": "6t3e"}