{"loc": [-7, 2, 7], "rotate": [3.139510650774169, 0.5137157254504685, -0.7908398607661428], "SNR": 0.03, "name": "6t3e"}