{"loc": [-6, 6, -2], "rotate": [1.9341001724198603, 1.2914682350867477, 0.5797151940604893], "SNR": 0.03, "name": "6t3e"}