{"loc": [2, 0, -5], "rotate": [2.8758117005231902, 0.709417791192885, -0.7493737328233993], "SNR": 0.03, "name": "6t3e"}