{"loc": [3, 0, 2], "rotate": [-2.574978697958811, 2.4384973731179382, -2.9438267012840056], "SNR": 0.03, "name": "6t3e"}