{"loc": [5, -1, -6], "rotate": [2.522632919594053, 1.6884150572224093, 1.074043120390197], "SNR": 0.03, "name": "6t3e"}