{"loc": [1, 7, 5], "rotate": [2.230100966188342, 0.7229956245904832, 0.09982571583759386], "SNR": 0.03, "name": "6t3e"}