{"loc": [-6, -1, -1], "rotate": [-2.4602343722544426, 1.7491714968958723, -2.3636367880447966], "SNR": 0.03, "name": "6t3e"}