{"loc": [-4, -6, -3], "rotate": [-2.1292489991045134, 0.6929405557970684, -1.6039937564564182], "SNR": 0.03, "name": "6t3e"}