{"loc": [7, -4, 6], "rotate": [2.5698545625333185, 0.6928191178082771, -0.026592401310417093], "SNR": 0.03, "name": "6t3e"}