{"loc": [0, -7, 6], "rotate": [-2.2989059713636393, 1.366572067174923, -2.459624974746822], "SNR": 0.03, "name": "6t3e"}