{"loc": [2, 4, 1], "rotate": [1.8170297897917838, 2.0315826211945636, 1.1162536620824237], "SNR": 0.03, "name": "6t3e"}