{"loc": [7, -3, -5], "rotate": [-1.9778245527052805, 1.6325017132463773, -1.7252866622984027], "SNR": 0.03, "name": "6t3e"}