{"loc": [-6, -6, 5], "rotate": [-3.009055707531728, 0.7052032642832656, -1.6080349909745781], "SNR": 0.03, "name": "6t3e"}