{"loc": [0, 0, -4], "rotate": [-2.13551754630111, 1.9900817924444458, -2.657764311796024], "SNR": 0.03, "name": "6t3e"}