{"loc": [7, -3, 0], "rotate": [-2.1979474651650235, 0.8602756916393951, -1.9420840496296643], "SNR": 0.03, "name": "6t3e"}