{"loc": [0, 7, 2], "rotate": [3.1234393446652073, 0.7824166291306172, -0.5369126020013372], "SNR": 0.03, "name": "6t3e"}