{"loc": [-5, 6, -6], "rotate": [2.4504585387761217, 0.8907400861126622, -0.1596432605182949], "SNR": 0.03, "name": "6t3e"}