{"loc": [4, 1, -6], "rotate": [-2.7398193878323545, 0.8277092704896019, -1.5275361572317445], "SNR": 0.03, "name": "6t3e"}