{"loc": [2, 0, -5], "rotate": [-2.639790075403466, 0.5610071776083131, -1.6100990188558983], "SNR": 0.03, "name": "6t3e"}