{"loc": [0, 7, 2], "rotate": [-1.912013243341912, 1.0701122991131296, -2.417349023028616], "SNR": 0.03, "name": "6t3e"}