{"loc": [0, -5, 0], "rotate": [2.304398431774053, 2.029833868669086, 0.9528215269521132], "SNR": 0.03, "name": "6t3e"}