{"loc": [-3, 4, -2], "rotate": [-2.440701651309498, 1.0592204701763634, -2.0311296932034795], "SNR": 0.03, "name": "6t3e"}