{"loc": [4, -7, -5], "rotate": [2.0680364250307504, 2.443564614768304, 1.122783418772717], "SNR": 0.03, "name": "6t3e"}