{"loc": [-6, 4, -1], "rotate": [1.9504427631605232, 1.3365619728256026, 1.0229940524985255], "SNR": 0.03, "name": "6t3e"}