{"loc": [-4, 0, 1], "rotate": [-2.251317780345283, 1.0996781237271505, -2.379187136234673], "SNR": 0.03, "name": "6t3e"}