{"loc": [-5, 5, 1], "rotate": [2.149079860176326, 0.674688228831715, 0.45125084586159875], "SNR": 0.03, "name": "6t3e"}