{"loc": [4, -4, 1], "rotate": [-2.619085531520715, 0.8336282262253124, -1.4802367109374845], "SNR": 0.03, "name": "6t3e"}