{"loc": [-7, 4, -7], "rotate": [2.4265198036719173, 0.046089894269543984, -0.3495862569151276], "SNR": 0.03, "name": "6t3e"}