{"loc": [-6, -6, 0], "rotate": [-2.3926801802647004, 0.42986136278981285, -1.8133315457957218], "SNR": 0.03, "name": "6t3e"}