{"loc": [6, 6, 4], "rotate": [2.3291830336559953, 1.3144067287209367, 0.6527442822441182], "SNR": 0.03, "name": "6t3e"}