{"loc": [-6, -5, 0], "rotate": [-2.4131864250083743, 0.6501144682224024, -2.067832465060684], "SNR": 0.03, "name": "6t3e"}