{"loc": [-2, -4, 5], "rotate": [2.573703928025708, 0.8736758201635337, -0.27079305791489255], "SNR": 0.03, "name": "6t3e"}