{"loc": [4, -5, 1], "rotate": [2.733689415691291, 0.5526827490232673, -0.01581745599274844], "SNR": 0.03, "name": "6t3e"}