{"loc": [-7, 7, 5], "rotate": [-2.3034474236323015, 2.0872758556210296, -2.5821786001105296], "SNR": 0.03, "name": "6t3e"}