{"loc": [-3, -6, -1], "rotate": [2.893034725901484, 0.8408191611619921, 0.23429478968105596], "SNR": 0.03, "name": "6t3e"}