{"loc": [7, 5, 2], "rotate": [-2.3261374545726095, 0.3881536719128772, -1.9137369133470346], "SNR": 0.03, "name": "6t3e"}