{"loc": [-7, 0, 1], "rotate": [2.4573343926073896, 0.9347747451213859, -0.09447592922090559], "SNR": 0.03, "name": "6t3e"}