{"loc": [-4, 1, -2], "rotate": [-2.8621061845531277, 0.738547803735513, -1.036573107603737], "SNR": 0.03, "name": "6t3e"}