{"loc": [-6, -2, 6], "rotate": [-2.5909019743414445, 1.06171678314091, -1.654369801026366], "SNR": 0.03, "name": "6t3e"}