{"loc": [-6, -7, -2], "rotate": [-2.295344435016082, 1.390337054635401, -2.0635651148370195], "SNR": 0.03, "name": "6t3e"}