{"loc": [1, 5, -4], "rotate": [-2.5965002839899847, 0.9848247572007651, -1.5310865651922052], "SNR": 0.03, "name": "6t3e"}