{"loc": [5, 2, 2], "rotate": [2.5850419630793025, 1.8097283271766655, 1.0574049075444827], "SNR": 0.03, "name": "6t3e"}