{"loc": [5, 4, 2], "rotate": [2.987108487626664, 0.6485488872282145, -0.6564621225900108], "SNR": 0.03, "name": "6t3e"}