{"loc": [1, -1, -1], "rotate": [2.610998032702828, 2.44107860558102, 2.3058831479168487], "SNR": 0.03, "name": "6t3e"}