{"loc": [-1, -6, 4], "rotate": [2.9916986720517524, 0.9226319168900848, -0.6194644535122026], "SNR": 0.03, "name": "6t3e"}