{"loc": [1, -4, -6], "rotate": [-2.549702709970214, 0.6644015449812509, -1.4361346167595521], "SNR": 0.03, "name": "6t3e"}