{"loc": [6, -1, 4], "rotate": [2.2061931543998266, 2.0526661687467147, 1.2197020249368165], "SNR": 0.03, "name": "6t3e"}