{"loc": [-5, 0, -5], "rotate": [-2.9405194255278913, 0.8932052161451614, -1.3066470735232714], "SNR": 0.03, "name": "6t3e"}