{"loc": [3, 3, 5], "rotate": [-2.8700228727759702, 0.5463907442497082, -1.4174550424409382], "SNR": 0.03, "name": "6t3e"}