{"loc": [3, 3, -3], "rotate": [2.5741574455075313, 0.9317631746405478, -0.08650100140578026], "SNR": 0.03, "name": "6t3e"}