{"loc": [7, -2, 3], "rotate": [-2.2490298220175893, 1.061421298528502, -1.3271588511834533], "SNR": 0.03, "name": "6t3e"}