{"loc": [-5, 0, -7], "rotate": [1.9712727018729308, 1.1045058089732545, 1.0544940444590944], "SNR": 0.03, "name": "6t3e"}