{"loc": [2, -2, -3], "rotate": [2.4049227491729965, 0.4260084882878235, -0.10728076054413434], "SNR": 0.03, "name": "6t3e"}