{"loc": [6, 4, 7], "rotate": [-2.5518336621264104, 0.8521743020400414, -1.3882730672005767], "SNR": 0.03, "name": "6t3e"}