{"loc": [0, -6, -7], "rotate": [-2.033810715335135, 1.092039455726681, -2.507587767547696], "SNR": 0.03, "name": "6t3e"}