{"loc": [-6, -5, -6], "rotate": [1.9930998648465998, 0.5579871486369885, 0.35707706515728277], "SNR": 0.03, "name": "6t3e"}