{"loc": [-4, 5, 0], "rotate": [-1.9935636065238718, 1.2751653265610665, -1.579971722395252], "SNR": 0.03, "name": "6t3e"}