{"loc": [-1, -3, 0], "rotate": [2.430937540674578, 1.2358348224871025, 0.1280204383932697], "SNR": 0.03, "name": "6t3e"}