{"loc": [-6, 4, 5], "rotate": [-1.7686271410651582, 1.6376115956837525, -2.315380186244316], "SNR": 0.03, "name": "6t3e"}