{"loc": [5, 2, -1], "rotate": [2.1965419159327997, 1.0614000185322774, 0.39812874372010454], "SNR": 0.03, "name": "6t3e"}