{"loc": [-3, -7, 3], "rotate": [2.3270459539373363, 1.6921042979892869, 0.62363577128761], "SNR": 0.03, "name": "6t3e"}