{"loc": [0, 3, 0], "rotate": [2.9814763388223517, 0.669412073913533, -0.43493146234763513], "SNR": 0.03, "name": "6t3e"}