{"loc": [0, -5, 7], "rotate": [-2.8408955861368215, 0.721634095145911, -1.241241255104358], "SNR": 0.03, "name": "6t3e"}