{"loc": [-2, 3, 0], "rotate": [2.7038441003484577, 0.9643580549984371, -0.3511975515270243], "SNR": 0.03, "name": "6t3e"}