{"loc": [-2, -7, 7], "rotate": [2.8218235001199363, 0.7144888329327387, -0.342204292176181], "SNR": 0.03, "name": "6t3e"}