{"loc": [6, -7, 6], "rotate": [-2.3663253223490455, 0.7738341776121411, -1.5775308246671818], "SNR": 0.03, "name": "6t3e"}