{"loc": [-3, -4, 2], "rotate": [-2.6225977398242803, 0.7999557215761914, -1.2030966231688651], "SNR": 0.03, "name": "6t3e"}