{"loc": [-3, 2, -3], "rotate": [-2.3354657463724835, 1.5273947717007335, -2.1047410909349162], "SNR": 0.03, "name": "6t3e"}