{"loc": [0, 6, 3], "rotate": [-2.5733321089085797, 0.9947303262924571, -2.068853580559037], "SNR": 0.03, "name": "6t3e"}