{"loc": [-7, 4, -7], "rotate": [-2.3499561828599718, 0.9788785000976465, -1.4282815568800924], "SNR": 0.03, "name": "6t3e"}