{"loc": [6, -5, 2], "rotate": [2.090702059792289, 1.4185544661313958, 0.8539603831785844], "SNR": 0.03, "name": "6t3e"}