{"loc": [7, 1, -4], "rotate": [-2.5009423569904614, 0.8848996951396709, -1.7945547969727433], "SNR": 0.03, "name": "6t3e"}