{"loc": [7, 4, 6], "rotate": [-2.9494461479250886, 0.721619371687626, -1.009560109610405], "SNR": 0.03, "name": "6t3e"}