{"loc": [-2, 3, -4], "rotate": [-2.546653975866683, 1.1194155300876367, -1.5178680157506197], "SNR": 0.03, "name": "6t3e"}