{"loc": [-6, 0, 5], "rotate": [-3.0122265894159206, 0.48235650752548026, -0.7116366298617041], "SNR": 0.03, "name": "6t3e"}