{"loc": [-3, 4, 5], "rotate": [-2.0927962998885934, 1.5684170885117064, -2.4882866655073657], "SNR": 0.03, "name": "6t3e"}