{"loc": [-6, -3, 6], "rotate": [2.2315412196326387, 1.1186553615620332, 1.0748864887464125], "SNR": 0.03, "name": "6t3e"}