{"loc": [2, 0, 3], "rotate": [-2.594669751827558, 0.467266688477465, -1.5611735657945158], "SNR": 0.03, "name": "6t3e"}