{"loc": [6, -4, 5], "rotate": [2.1338553485901195, 2.2537131354745563, 1.253833003595067], "SNR": 0.03, "name": "6t3e"}