{"loc": [1, 3, 0], "rotate": [-2.688305080835594, 1.245458162836588, -1.578399783361372], "SNR": 0.03, "name": "6t3e"}