{"loc": [0, 3, 5], "rotate": [-1.737760529499024, 1.43601868914807, -2.448429893485141], "SNR": 0.03, "name": "6t3e"}