{"loc": [2, -3, -6], "rotate": [2.669011780876577, 2.4914631318433553, 1.5749978837901453], "SNR": 0.03, "name": "6t3e"}