{"loc": [6, -5, 3], "rotate": [-2.2642236772884465, 1.1230053919808065, -1.8418631647599581], "SNR": 0.03, "name": "6t3e"}