{"loc": [7, 1, 3], "rotate": [-2.1546902812767286, 1.0487353032551248, -2.054935977865658], "SNR": 0.03, "name": "6t3e"}