{"loc": [-2, 7, 2], "rotate": [2.34941412254941, 1.096210322939723, 0.11054625269050936], "SNR": 0.03, "name": "6t3e"}