{"loc": [-4, 1, 7], "rotate": [2.174906682525963, 1.9716171878422182, 0.8756575631364261], "SNR": 0.03, "name": "6t3e"}