{"loc": [-2, 6, 0], "rotate": [-2.630497023471273, 0.6796054694111211, -1.4505552387229164], "SNR": 0.03, "name": "6t3e"}