{"loc": [1, 2, 2], "rotate": [3.09937260847945, 2.4808920470229596, 2.513364358863704], "SNR": 0.03, "name": "6t3e"}