{"loc": [1, 7, -3], "rotate": [2.1783913934895827, 1.1297718887791395, 0.8442601495745025], "SNR": 0.03, "name": "6t3e"}