{"loc": [6, -7, -7], "rotate": [-2.143945126765573, 1.4441000376418878, -2.2449810681563753], "SNR": 0.03, "name": "6t3e"}