{"loc": [3, 4, -7], "rotate": [2.654454223117254, 2.169978399252326, 1.9756071461225648], "SNR": 0.03, "name": "6t3e"}