{"loc": [0, -2, -3], "rotate": [-3.090227329456563, 0.4366605264028096, -0.4693609382718424], "SNR": 0.03, "name": "6t3e"}