{"loc": [-5, 0, 0], "rotate": [2.070140128333521, 1.4229700748187, 0.703199880022008], "SNR": 0.03, "name": "6t3e"}