{"loc": [-6, -1, -5], "rotate": [2.6576816416355427, 0.7701412747619354, 0.053527572229692205], "SNR": 0.03, "name": "6t3e"}