{"loc": [-4, -5, 3], "rotate": [2.2492457022118395, 1.0738187670310584, 0.47257879585564916], "SNR": 0.03, "name": "6t3e"}