{"loc": [-5, 3, -6], "rotate": [-2.968806115596928, 0.7087952829270892, -0.735211438617558], "SNR": 0.03, "name": "6t3e"}