{"loc": [5, 5, -7], "rotate": [2.312282364148857, 1.1605745112881478, 0.358381493950907], "SNR": 0.03, "name": "6t3e"}