{"loc": [-3, 5, -3], "rotate": [-2.4680298921220034, 2.5474730225015016, 2.842403993697563], "SNR": 0.03, "name": "6t3e"}