{"loc": [6, -5, 4], "rotate": [-2.144569027324853, 1.5883841689344596, -2.2335838909145336], "SNR": 0.03, "name": "6t3e"}