{"loc": [-4, 7, 4], "rotate": [3.0925146515794366, 0.8583946915370712, -0.8703083434494576], "SNR": 0.05, "name": "1yg6"}