{"loc": [-4, -1, -2], "rotate": [2.181306164389719, 1.2649157454479623, 0.6150715847837749], "SNR": 0.05, "name": "1yg6"}