{"loc": [-4, -5, -4], "rotate": [2.4281318919167516, 1.0945780287487181, 0.22966495278308788], "SNR": 0.05, "name": "1yg6"}