{"loc": [-5, -5, -3], "rotate": [2.1852617303636426, 1.4079583262069122, 0.960402059454997], "SNR": 0.05, "name": "1yg6"}