{"loc": [7, 5, 1], "rotate": [2.073952920585272, 1.560829671020448, 1.2267569121997215], "SNR": 0.05, "name": "1yg6"}