{"loc": [-7, 2, -4], "rotate": [-3.083680219846868, 0.5571290229987826, -0.9391788731773109], "SNR": 0.05, "name": "1yg6"}