{"loc": [-2, 6, 0], "rotate": [-1.805279595173519, 1.1876040794915808, -2.4022215019848256], "SNR": 0.05, "name": "1yg6"}