{"loc": [-5, 6, 5], "rotate": [2.4746613218229108, 0.8961322011522569, 0.27875263169107484], "SNR": 0.05, "name": "1yg6"}