{"loc": [-5, -2, 2], "rotate": [-2.217861537816288, 1.128547519575398, -2.2360496463447], "SNR": 0.05, "name": "1yg6"}