{"loc": [-4, -4, -3], "rotate": [-2.3429164202107495, 1.0022738961193443, -1.9806926391400972], "SNR": 0.05, "name": "1yg6"}