{"loc": [7, -6, -4], "rotate": [2.8416728464354124, 0.7770502552438509, -0.0022864275721766335], "SNR": 0.05, "name": "1yg6"}