{"loc": [5, 0, -6], "rotate": [-2.058268941707565, 2.1080600929208053, -2.3806865162377724], "SNR": 0.05, "name": "1yg6"}