{"loc": [-2, 1, 0], "rotate": [-2.48799044894844, 0.7560425290501729, -1.4857698255271319], "SNR": 0.05, "name": "1yg6"}