{"loc": [-6, -6, 4], "rotate": [2.5291155429921295, 0.995149110924525, -0.15885850114443065], "SNR": 0.05, "name": "1yg6"}