{"loc": [-5, -5, -4], "rotate": [2.7134611415562664, 0.9012564988689712, -0.21454351375376465], "SNR": 0.05, "name": "1yg6"}