{"loc": [-2, -5, -7], "rotate": [2.3647898820733384, 0.8520747478357158, 0.4808367978237949], "SNR": 0.05, "name": "1yg6"}