{"loc": [-5, -1, 5], "rotate": [2.535385736639569, 0.7636035522853158, 0.04811596981445979], "SNR": 0.05, "name": "1yg6"}