{"loc": [7, -1, -4], "rotate": [2.2626893014283653, 1.7448975166970018, 0.800354379850493], "SNR": 0.05, "name": "1yg6"}