{"loc": [3, 2, 6], "rotate": [2.5044407919005063, 1.8422074012969274, 0.7781444402010324], "SNR": 0.05, "name": "1yg6"}