{"loc": [3, -6, 3], "rotate": [2.5325353555888013, 1.2902216116434406, 0.78736031532832], "SNR": 0.05, "name": "1yg6"}