{"loc": [-6, -1, 2], "rotate": [2.420153029930686, 1.7577143879699426, 0.9733201911703999], "SNR": 0.05, "name": "1yg6"}