{"loc": [-1, 0, 7], "rotate": [2.4851504876882236, 0.9976668666864631, 0.571461647965218], "SNR": 0.05, "name": "1yg6"}