{"loc": [4, 6, -1], "rotate": [-2.4110085387634883, 0.9045512888805223, -1.6527776988165317], "SNR": 0.05, "name": "1yg6"}