{"loc": [-2, 0, 5], "rotate": [2.5501975796248857, 1.2013031717647604, 0.3925962017154269], "SNR": 0.05, "name": "1yg6"}