{"loc": [2, 0, 4], "rotate": [2.0819466821734514, 1.5465179683294035, 0.8893375939770727], "SNR": 0.05, "name": "1yg6"}