{"loc": [1, -3, 7], "rotate": [-1.8370107170869323, 0.817534407204315, -2.1395700065135226], "SNR": 0.05, "name": "1yg6"}