{"loc": [1, 4, 1], "rotate": [2.1223006406631657, 1.8936912134431256, 0.9639509766883884], "SNR": 0.05, "name": "1yg6"}