{"loc": [4, -4, -2], "rotate": [2.5713129911006716, 0.8893912498317288, 0.334384015936038], "SNR": 0.05, "name": "1yg6"}