{"loc": [4, 1, 6], "rotate": [-0.8212686351237222, 2.2620509004731115, 1.2117013564402987], "SNR": 0.05, "name": "1yg6"}