{"loc": [6, 7, -4], "rotate": [-2.9309442736229463, 0.692433817295003, -0.873563972869786], "SNR": 0.05, "name": "1yg6"}