{"loc": [0, 2, 3], "rotate": [2.483173267381948, 0.598072436556722, 0.10711375644407299], "SNR": 0.05, "name": "1yg6"}