{"loc": [-4, -5, 3], "rotate": [2.429289761877885, 1.1190601293572708, 0.46461663161847977], "SNR": 0.05, "name": "1yg6"}