{"loc": [-3, -3, -5], "rotate": [3.019320023992748, 0.952577753079046, -0.4969445255300097], "SNR": 0.05, "name": "1yg6"}