{"loc": [-1, 4, -1], "rotate": [2.536427199489316, 0.7909410207588906, -0.21703798046769443], "SNR": 0.05, "name": "1yg6"}