{"loc": [4, -3, -5], "rotate": [2.377423975560057, 0.6464119691269251, -0.18053053808571692], "SNR": 0.05, "name": "1yg6"}