{"loc": [-6, 4, 0], "rotate": [-2.5106628831116886, 1.031062056956325, -1.984206077672671], "SNR": 0.05, "name": "1yg6"}