{"loc": [-4, -4, 2], "rotate": [2.1724950627803614, 1.6465606168190967, 0.24093141108950214], "SNR": 0.05, "name": "1yg6"}