{"loc": [6, 6, -7], "rotate": [2.225105726948362, 1.1424257016425738, 0.4428044898471356], "SNR": 0.05, "name": "1yg6"}