{"loc": [-6, 0, 7], "rotate": [-2.5268362459597813, 1.0216537465737972, -1.5799965374692795], "SNR": 0.05, "name": "1yg6"}