{"loc": [3, 2, 0], "rotate": [2.0640882208069806, 0.5681706193773275, 0.20322465582797475], "SNR": 0.05, "name": "1yg6"}