{"loc": [-1, -6, -7], "rotate": [2.354944263223103, 0.5690718263470703, 0.16810049359818743], "SNR": 0.05, "name": "1yg6"}