{"loc": [-1, -4, 2], "rotate": [2.927236038550811, 0.5862944519162656, -0.9179690337092806], "SNR": 0.05, "name": "1yg6"}