{"loc": [-6, 3, -6], "rotate": [2.6942191563095577, 1.0374327363481146, -0.012432465146895878], "SNR": 0.05, "name": "1yg6"}