{"loc": [6, -1, 0], "rotate": [2.1416343853831736, 1.6198094654887916, 0.9539558236230127], "SNR": 0.05, "name": "1yg6"}