{"loc": [1, -3, -4], "rotate": [-2.119819395490316, 1.7531473568039808, -2.3432906685674713], "SNR": 0.05, "name": "1yg6"}