{"loc": [1, -3, 6], "rotate": [2.3810011245413207, 1.810480061066289, 0.7231759827080033], "SNR": 0.05, "name": "1yg6"}