{"loc": [6, 3, 1], "rotate": [2.5467064668199444, 0.40161337003860154, 0.32483329975384356], "SNR": 0.05, "name": "1yg6"}