{"loc": [-2, 1, 0], "rotate": [-1.9588369838783053, 1.2530341570087622, -2.0533974938888235], "SNR": 0.05, "name": "1yg6"}