{"loc": [0, -7, 5], "rotate": [2.844712456184746, 0.6259396096318228, -0.3885633433852791], "SNR": 0.05, "name": "1yg6"}