{"loc": [7, 0, -1], "rotate": [-2.562977156083667, 0.8459530638300918, -1.5093020642912813], "SNR": 0.05, "name": "1yg6"}