{"loc": [-2, -5, -2], "rotate": [2.739290887837541, 0.2163965111368126, -0.6947831077167463], "SNR": 0.05, "name": "1yg6"}