{"loc": [-7, -6, -5], "rotate": [-2.671594492910855, 0.6509646930568062, -1.3445530066732454], "SNR": 0.05, "name": "1yg6"}