{"loc": [7, 2, -4], "rotate": [-3.092203859980676, 0.3073491340322718, -1.094694768956842], "SNR": 0.05, "name": "1yg6"}