{"loc": [5, 3, 4], "rotate": [2.4647900043640405, 1.9832992592226513, 0.962980229137054], "SNR": 0.05, "name": "1yg6"}