{"loc": [4, 4, 0], "rotate": [2.4547154618828397, 0.9447492792484349, -0.35191293243032756], "SNR": 0.05, "name": "1yg6"}