{"loc": [-2, -1, -4], "rotate": [2.183121388337406, 2.2061075483029358, 1.2006980850771376], "SNR": 0.05, "name": "1yg6"}