{"loc": [2, -2, 0], "rotate": [-2.9255049131988287, 0.9352365296542339, -1.0472204911708691], "SNR": 0.05, "name": "1yg6"}