{"loc": [3, -2, -6], "rotate": [-2.455005578515554, 1.26104073852392, -2.1317481997131824], "SNR": 0.05, "name": "1yg6"}