{"loc": [3, -3, -5], "rotate": [2.9057119183286626, 0.9045823671201058, -0.15425470437720729], "SNR": 0.05, "name": "1yg6"}