{"loc": [3, 3, 6], "rotate": [-2.597235448187951, 1.4051541773174987, -2.0677305174228415], "SNR": 0.05, "name": "1yg6"}