{"loc": [5, -7, 6], "rotate": [1.9292502399888498, 1.0990863524834185, 1.0141392940797571], "SNR": 0.05, "name": "1yg6"}