{"loc": [-2, -3, 1], "rotate": [2.493284140588347, 2.05936756510713, 1.4686834431049363], "SNR": 0.05, "name": "1yg6"}