{"loc": [-1, 6, -5], "rotate": [-2.5983104232138556, 0.7511526037869599, -1.1003767262106516], "SNR": 0.05, "name": "1yg6"}