{"loc": [6, -6, 4], "rotate": [2.267811142439077, 1.324807246902001, 0.571299946449011], "SNR": 0.05, "name": "1yg6"}