{"loc": [1, 4, 6], "rotate": [2.374705389279073, 1.6357289431588997, 0.6891549038131342], "SNR": 0.05, "name": "1yg6"}