{"loc": [0, 2, 1], "rotate": [2.4996951632936883, 0.705881072679495, -0.039626567738122905], "SNR": 0.05, "name": "1yg6"}