{"loc": [0, 0, 0], "rotate": [-2.183644570905095, 1.4617596987023336, -2.2375738002924415], "SNR": 0.05, "name": "1yg6"}