{"loc": [3, -1, 3], "rotate": [-2.1330213671610956, 1.335813657943385, -2.0540585810771854], "SNR": 0.05, "name": "1yg6"}