{"loc": [3, 1, 3], "rotate": [-2.360626521769524, 2.272160116226736, -2.6853251737829797], "SNR": 0.05, "name": "1yg6"}