{"loc": [-6, 0, -1], "rotate": [2.5113702695515463, 0.7309097787957525, -0.2335666165456546], "SNR": 0.05, "name": "1yg6"}