{"loc": [0, 3, -5], "rotate": [-2.3517469172347303, 1.2846194918735945, -1.9527146138914586], "SNR": 0.05, "name": "1yg6"}