{"loc": [0, -5, 4], "rotate": [2.009291002883255, 0.8060249938527694, 0.8859919944249958], "SNR": 0.05, "name": "1yg6"}