{"loc": [-5, 0, 0], "rotate": [2.3200477864319993, 1.7002306693608573, 0.6977966419321139], "SNR": 0.05, "name": "1yg6"}