{"loc": [6, 0, -4], "rotate": [2.5986846856839225, 1.2076492256434588, 0.2916767573605903], "SNR": 0.05, "name": "1yg6"}