{"loc": [-5, 0, -4], "rotate": [2.4387445463647732, 1.0931739484007652, 0.37032250398246713], "SNR": 0.05, "name": "1yg6"}