{"loc": [6, -4, 7], "rotate": [2.013261585899878, 1.5032599656075918, 0.3108296424707156], "SNR": 0.05, "name": "1yg6"}