{"loc": [-4, -6, 3], "rotate": [2.340035863279037, 0.8496009741186556, -0.19164938874581097], "SNR": 0.05, "name": "1yg6"}