{"loc": [-4, -7, -3], "rotate": [-2.156802088572378, 1.2561579027040035, -2.377190696088849], "SNR": 0.05, "name": "1yg6"}