{"loc": [-2, 6, 4], "rotate": [1.9832182438593282, 1.4291071695045765, 0.7616010595673587], "SNR": 0.05, "name": "1yg6"}