{"loc": [2, -1, -1], "rotate": [2.4446159247564454, 1.1822273804886037, 0.2778388176580389], "SNR": 0.05, "name": "1yg6"}