{"loc": [-3, 2, 5], "rotate": [2.3067702965144483, 1.5736446995131912, 1.0055009864153825], "SNR": 0.05, "name": "1yg6"}