{"loc": [-7, 7, 6], "rotate": [2.0345568282730855, 1.211531210591883, 0.6269053661637786], "SNR": 0.05, "name": "1yg6"}