{"loc": [-7, 0, -2], "rotate": [-2.5858034344003604, 1.3348361028807731, -1.5888523667938559], "SNR": 0.05, "name": "1yg6"}