{"loc": [6, 7, 6], "rotate": [-2.4789072638573084, 0.7871814053602294, -1.7257633615465495], "SNR": 0.05, "name": "1yg6"}