{"loc": [2, -3, 3], "rotate": [2.9737055528482723, 0.7170831079397606, -0.5050201748739771], "SNR": 0.05, "name": "1yg6"}