{"loc": [1, 0, 3], "rotate": [3.0440414320993368, 0.5023937239424797, -0.05201996359551818], "SNR": 0.05, "name": "1yg6"}