{"loc": [-3, -1, 5], "rotate": [-2.778021252253672, 0.6542173603747992, -1.4015423578672126], "SNR": 0.05, "name": "1yg6"}