{"loc": [5, 4, 7], "rotate": [-2.454157010038016, 0.5042419096896593, -1.3243385404203338], "SNR": 0.05, "name": "1yg6"}