{"loc": [3, 7, 2], "rotate": [2.3744480376962587, 0.800384958743615, 0.3190050423701163], "SNR": 0.05, "name": "1yg6"}