{"loc": [-4, -2, 7], "rotate": [-2.957003718859576, 0.8440606631759164, -0.9172412979739807], "SNR": 0.05, "name": "1yg6"}