{"loc": [2, 0, 5], "rotate": [-2.7145648979684065, 0.916018755903319, -1.0386831944222128], "SNR": 0.05, "name": "1yg6"}