{"loc": [1, -6, 4], "rotate": [2.399361522297006, 1.4861199153715066, 0.4408439983749623], "SNR": 0.05, "name": "1yg6"}