{"loc": [3, 0, 0], "rotate": [-2.7494291660911805, 0.7059781114357035, -0.9996811173874229], "SNR": 0.05, "name": "1yg6"}