{"loc": [-5, -6, -7], "rotate": [-2.9676304945871097, 2.5109676541388546, 2.3578848905777914], "SNR": 0.05, "name": "1yg6"}