{"loc": [4, -2, -7], "rotate": [-2.1971021226722343, 1.8760036538305578, -2.5810661981190055], "SNR": 0.05, "name": "1yg6"}