{"loc": [2, 3, -4], "rotate": [-2.167362269670625, 0.3709512421312748, -1.790110852238539], "SNR": 0.05, "name": "1yg6"}