{"loc": [-3, 7, -1], "rotate": [1.9824047662288025, 1.5799667698889057, 0.6360332192380473], "SNR": 0.05, "name": "1yg6"}