{"loc": [-4, 2, 7], "rotate": [-2.112835317529269, 0.7845168336662938, -1.758111781548323], "SNR": 0.05, "name": "1yg6"}