{"loc": [-2, -4, -5], "rotate": [3.014712130719048, 0.7776483575882889, -0.9513577160388482], "SNR": 0.05, "name": "1yg6"}