{"loc": [-3, -5, -2], "rotate": [-1.9723545873323962, 0.7290959634271406, -1.9814638715022572], "SNR": 0.05, "name": "1yg6"}