{"loc": [-1, 4, 0], "rotate": [2.6466965712998767, 0.3194164178578303, -0.36963171944504547], "SNR": 0.05, "name": "1yg6"}