{"loc": [3, -1, -4], "rotate": [2.1958703114730342, 1.2182341265630459, 0.4722694256201051], "SNR": 0.05, "name": "1yg6"}