{"loc": [0, -2, 6], "rotate": [-2.109512660276596, 1.0557282473797514, -2.220529469429004], "SNR": 0.05, "name": "1yg6"}