{"loc": [6, 3, 7], "rotate": [2.2092825421504627, 1.9986545502753588, 1.5936431250932352], "SNR": 0.05, "name": "1yg6"}