{"loc": [-7, -3, -4], "rotate": [2.827454127481854, 0.7949362004081426, -0.1279152368175097], "SNR": 0.05, "name": "1yg6"}