{"loc": [7, -4, 3], "rotate": [-2.9489493687340316, 2.6173601775673947, 2.2232884242468547], "SNR": 0.05, "name": "1yg6"}