{"loc": [0, 0, -7], "rotate": [2.214708989718739, 0.4724757476919891, -0.0019088625515346757], "SNR": 0.05, "name": "1yg6"}