{"loc": [7, -7, -3], "rotate": [3.0366206386244223, 0.8852519734875991, -1.0251430006935554], "SNR": 0.05, "name": "1yg6"}