{"loc": [-3, -5, -1], "rotate": [2.003626773116194, 0.983667276119651, 0.669534173327596], "SNR": 0.05, "name": "1yg6"}