{"loc": [5, 4, 0], "rotate": [2.3726025788473186, 1.6245310546337624, 0.5618203662924831], "SNR": 0.05, "name": "1yg6"}