{"loc": [-1, 6, 1], "rotate": [-2.771613116110838, 0.9175627080314239, -1.253759917601131], "SNR": 0.05, "name": "1yg6"}