{"loc": [-5, 2, -3], "rotate": [-3.109509765707026, 2.4363370088200966, 2.0312784094794725], "SNR": 0.05, "name": "1yg6"}