{"loc": [-6, 7, 0], "rotate": [-2.146877830363473, 1.0311702248393826, -1.932154080292486], "SNR": 0.05, "name": "1yg6"}