{"loc": [-4, 0, -1], "rotate": [-2.8648413830745536, 0.4715018062163786, -1.109182505886539], "SNR": 0.05, "name": "1yg6"}