{"loc": [-6, 5, 4], "rotate": [2.5816939178013496, 0.9180181057570492, -0.30451456844858155], "SNR": 0.05, "name": "1yg6"}