{"loc": [5, -2, 1], "rotate": [2.2007098277171617, 1.4639265991560833, 0.6250000961336378], "SNR": 0.05, "name": "1yg6"}