{"loc": [7, 6, 2], "rotate": [2.513567031222522, 0.8162638620631076, 0.5340302520549185], "SNR": 0.05, "name": "1yg6"}