{"loc": [6, 6, 0], "rotate": [2.1796326271115825, 0.7885155256799825, 0.27491819376455695], "SNR": 0.05, "name": "1yg6"}