{"loc": [-7, -2, -4], "rotate": [2.455313510654264, 0.8494155755272252, -0.09979818501684014], "SNR": 0.05, "name": "1yg6"}