{"loc": [-1, -4, -3], "rotate": [2.227053472416924, 1.4255073111100973, 1.352329639728763], "SNR": 0.05, "name": "1yg6"}