{"loc": [0, -4, -6], "rotate": [2.4664924825230585, 0.6648200560616663, -0.11725861503660082], "SNR": 0.05, "name": "1yg6"}