{"loc": [-2, 0, 6], "rotate": [0.6227779505018269, 2.1825170271773833, 2.956180153676015], "SNR": 0.05, "name": "1yg6"}