{"loc": [-7, -5, -2], "rotate": [-2.194005922843479, 1.0655009358620546, -2.1746406190269973], "SNR": 0.05, "name": "1yg6"}