{"loc": [4, 0, 2], "rotate": [2.3623729003983973, 0.7792494747506026, 0.275577058816339], "SNR": 0.05, "name": "1yg6"}