{"loc": [6, 7, -7], "rotate": [-2.2165699713361295, 1.3122405267582178, -2.187680774118242], "SNR": 0.05, "name": "1yg6"}