{"loc": [2, 7, -2], "rotate": [-2.611480221731578, 1.397435204699343, -1.568288211883104], "SNR": 0.05, "name": "1yg6"}