{"loc": [0, 2, 6], "rotate": [-2.0056855811417074, 1.568846319201024, -2.16798528995876], "SNR": 0.05, "name": "1yg6"}