{"loc": [-7, 4, -7], "rotate": [2.322365963587969, 0.4675096822924299, 0.16215525086557753], "SNR": 0.05, "name": "1yg6"}