{"loc": [7, 6, -2], "rotate": [2.444994540305558, 0.6736931382760624, 0.4376939806456055], "SNR": 0.05, "name": "1yg6"}