{"loc": [3, 2, 1], "rotate": [-2.7983044183585326, 0.6520462159082601, -1.420579661982588], "SNR": 0.05, "name": "1yg6"}