{"loc": [-2, 5, 3], "rotate": [2.0930741687267123, 0.4288073780638497, 0.2219829696341383], "SNR": 0.05, "name": "1yg6"}