{"loc": [-2, 0, 6], "rotate": [2.012504869502294, 1.9611552424702932, 0.26058279160698544], "SNR": 0.05, "name": "1yg6"}