{"loc": [-2, -1, 5], "rotate": [-2.77349606499627, 0.6882012285355239, -1.090112956569913], "SNR": 0.05, "name": "1yg6"}