{"loc": [5, 7, 6], "rotate": [3.131750498277444, 0.8779124608232687, -0.731215659060218], "SNR": 0.05, "name": "1yg6"}