{"loc": [-3, -7, 5], "rotate": [-2.221805252019427, 1.6419991919424688, -2.133837662231814], "SNR": 0.05, "name": "1yg6"}