{"loc": [4, -6, 4], "rotate": [-3.01397601432627, 0.5045511481520761, -1.023378411617032], "SNR": 0.05, "name": "1yg6"}