{"loc": [2, 7, -1], "rotate": [-2.0128719534850164, 1.5314753744183078, -2.299995895428883], "SNR": 0.05, "name": "1yg6"}