{"loc": [-7, -5, 7], "rotate": [-2.121266449325086, 0.7133336392175178, -2.0174461072022347], "SNR": 0.05, "name": "1yg6"}