{"loc": [7, -4, -2], "rotate": [-2.071459056966725, 1.9390725791937535, -2.4050369230163193], "SNR": 0.05, "name": "1yg6"}