{"loc": [-3, -1, -5], "rotate": [-2.8081292106587634, 0.9728838971477909, -1.3670987617079535], "SNR": 0.05, "name": "1yg6"}