{"loc": [0, 5, -1], "rotate": [3.0275849015793432, 0.10982653070526298, -0.7609094413109245], "SNR": 0.05, "name": "1yg6"}