{"loc": [6, 1, 1], "rotate": [2.0701024883530637, 1.1801086493020898, 1.0296490774701863], "SNR": 0.05, "name": "1yg6"}