{"loc": [-2, -4, 0], "rotate": [2.575468138518814, 0.5182541279191717, 0.1273886426970813], "SNR": 0.05, "name": "1yg6"}