{"loc": [0, 0, 1], "rotate": [2.359142577284549, 1.6734116219356203, 0.7039348120927196], "SNR": 0.05, "name": "1yg6"}