{"loc": [5, 4, -7], "rotate": [2.978158516818268, 0.3059386642653652, -0.24142798828315698], "SNR": 0.05, "name": "1yg6"}