{"loc": [-6, -1, -3], "rotate": [-2.145628529704961, 1.4345053021361762, -2.1891659629999993], "SNR": 0.05, "name": "1yg6"}