{"loc": [-4, 2, 0], "rotate": [-2.2700117963054285, 1.191395791255994, -2.190118486322685], "SNR": 0.05, "name": "1yg6"}