{"loc": [6, -6, 7], "rotate": [2.4701907788760202, 0.38218062320818913, 0.030484764060224344], "SNR": 0.05, "name": "1yg6"}