{"loc": [6, 0, 6], "rotate": [2.4560449373688744, 1.089105454852012, 0.4422550419487637], "SNR": 0.05, "name": "1yg6"}