{"loc": [-2, 3, -6], "rotate": [-2.804437218380602, 0.7833759399195239, -1.239829619635729], "SNR": 0.05, "name": "1yg6"}