{"loc": [0, 1, -4], "rotate": [2.2551118274682875, 1.8682405572261165, 1.4969361110246358], "SNR": 0.05, "name": "1yg6"}