{"loc": [-5, 6, 5], "rotate": [2.053683650083935, 1.4382132189326209, 0.5014354363503618], "SNR": 0.05, "name": "1yg6"}