{"loc": [0, 1, -3], "rotate": [-2.2498311087348726, 0.7073059695291221, -1.8145163009499516], "SNR": 0.05, "name": "1yg6"}