{"loc": [-4, 1, 4], "rotate": [-2.40464343905672, 0.883239299841064, -1.6169358336216162], "SNR": 0.05, "name": "1yg6"}