{"loc": [0, 1, 2], "rotate": [-2.0756197958081257, 0.7754169839939313, -1.9173531981448404], "SNR": 0.05, "name": "1yg6"}