{"loc": [-6, 3, -3], "rotate": [2.778662152713497, 0.36420342710570136, -0.5849045050718341], "SNR": 0.05, "name": "1yg6"}