{"loc": [-7, -3, 2], "rotate": [-2.896343424997409, 0.7571357767194571, -1.404457601110808], "SNR": 0.05, "name": "1yg6"}