{"loc": [3, -7, -7], "rotate": [2.147836450205678, 1.0635782323607643, 0.6472780629714671], "SNR": 0.05, "name": "1yg6"}