{"loc": [0, -2, 1], "rotate": [2.517589113086583, 1.614589704698075, 0.9296056232690152], "SNR": 0.05, "name": "1yg6"}