{"loc": [3, -4, 7], "rotate": [2.0425476354647985, 0.6979582252301062, 0.8650574167263395], "SNR": 0.05, "name": "1yg6"}