{"loc": [-1, -2, 1], "rotate": [2.7012822486337176, 0.9482681462548973, 0.049350590387249406], "SNR": 0.05, "name": "1yg6"}