{"loc": [3, 6, 2], "rotate": [-2.1059499957296257, 1.3581298932778212, -2.379069490590503], "SNR": 0.05, "name": "1yg6"}