{"loc": [2, -6, 7], "rotate": [-2.6507796351272734, 0.3067776799239026, -1.203838150762602], "SNR": 0.05, "name": "1yg6"}