{"loc": [1, -2, -6], "rotate": [2.277918921620253, 1.520236925047096, 0.6920792651207079], "SNR": 0.05, "name": "1yg6"}