{"loc": [5, 7, 1], "rotate": [2.0890565104047707, 1.3810015264260107, 0.7316908469313532], "SNR": 0.05, "name": "1yg6"}