{"loc": [0, -2, 0], "rotate": [-2.631186397092447, 0.9444666423032516, -1.9274023928094772], "SNR": 0.05, "name": "1yg6"}