{"loc": [-1, 6, 3], "rotate": [-2.453876328055223, 0.8082669818406085, -1.640727426010942], "SNR": 0.05, "name": "1yg6"}