{"loc": [5, 0, 7], "rotate": [2.7645855080009407, 0.8533938141792825, -0.20047297553256918], "SNR": 0.05, "name": "1yg6"}