{"loc": [-6, 0, 7], "rotate": [2.2768045696824575, 1.6063128989453315, 1.0842423640472876], "SNR": 0.05, "name": "1yg6"}