{"loc": [4, 5, 2], "rotate": [-2.8045198519347014, 2.758054636331755, 2.789862282116888], "SNR": 0.05, "name": "1yg6"}