{"loc": [-3, 1, 1], "rotate": [2.370564713991345, 1.5640515461052187, 0.011983571771196024], "SNR": 0.05, "name": "1yg6"}