{"loc": [0, -4, 7], "rotate": [-1.8767272149521448, 1.108024801093889, -2.344387511158427], "SNR": 0.05, "name": "1yg6"}