{"loc": [-2, -1, -3], "rotate": [-2.9288563732369326, 0.7331544683650851, -1.0975794139896151], "SNR": 0.05, "name": "1yg6"}