{"loc": [0, 5, 3], "rotate": [-2.2446827130510827, 0.4715506156893914, -1.615314589380121], "SNR": 0.05, "name": "1yg6"}