{"loc": [7, 0, -6], "rotate": [2.4149373630197517, 1.4061020310223453, 0.9059760400510766], "SNR": 0.05, "name": "1yg6"}