{"loc": [5, 0, 6], "rotate": [-2.244498413211287, 1.7383455419196863, -2.448745622380559], "SNR": 0.05, "name": "1yg6"}