{"loc": [3, 6, 6], "rotate": [-2.1309129910633287, 1.6708813454575175, -2.6805285968583483], "SNR": 0.05, "name": "1yg6"}