{"loc": [-6, 3, 6], "rotate": [-2.6505944948952154, 0.49771124072897144, -1.4233370399499534], "SNR": 0.05, "name": "1yg6"}