{"loc": [4, -1, -4], "rotate": [1.8335777874856558, 1.5553059013487718, 0.6034876752376853], "SNR": 0.05, "name": "1yg6"}