{"loc": [4, -4, 4], "rotate": [2.300217126719358, 1.2447040851102833, 0.7515782289869591], "SNR": 0.05, "name": "1yg6"}