{"loc": [2, -3, -4], "rotate": [1.9915805091868004, 1.4892004084627861, 0.9747588399565604], "SNR": 0.05, "name": "1yg6"}