{"loc": [7, -4, -2], "rotate": [2.1881580352308743, 1.7511200818964194, 0.8819993654324463], "SNR": 0.05, "name": "1yg6"}