{"loc": [-5, -6, 1], "rotate": [2.363986160252607, 0.8763085137880102, -0.12755147237506817], "SNR": 0.05, "name": "1yg6"}