{"loc": [6, 6, -2], "rotate": [2.1020991296478027, 1.6303507883716777, 0.8163642822823809], "SNR": 0.05, "name": "1yg6"}