{"loc": [2, 4, 7], "rotate": [2.05183533831462, 1.567013837694686, 1.0177077150567633], "SNR": 0.05, "name": "1yg6"}