{"loc": [-7, 7, -3], "rotate": [-2.882793888290435, 0.37378779001500634, -1.2959573511058078], "SNR": 0.05, "name": "1yg6"}