{"loc": [0, -2, 0], "rotate": [-2.5137941078732697, 1.2042447458502152, -1.5093407018250273], "SNR": 0.05, "name": "1yg6"}