{"loc": [4, 6, 1], "rotate": [-2.9246401269347246, 0.6142745278816458, -1.2535915808903157], "SNR": 0.05, "name": "1yg6"}