{"loc": [3, 6, 0], "rotate": [2.5264262768579955, 1.0105627002021793, 0.03870951191599248], "SNR": 0.05, "name": "1yg6"}