{"loc": [-3, 6, 0], "rotate": [-2.2995393521421565, 1.1533953329269773, -1.9727299578287694], "SNR": 0.05, "name": "1yg6"}