{"loc": [-2, 7, -4], "rotate": [-1.9805160098452894, 1.43743080717653, -2.265012162860096], "SNR": 0.05, "name": "1yg6"}