{"loc": [0, -2, -3], "rotate": [-2.026795229414209, 1.1166900876549177, -2.2821600679397434], "SNR": 0.05, "name": "1yg6"}