{"loc": [7, -2, 2], "rotate": [-2.7913551332145587, 0.748132898296732, -1.2896185009875354], "SNR": 0.05, "name": "1yg6"}