{"loc": [-1, 4, 1], "rotate": [-1.927548364662568, 0.7488346481736567, -2.039557499126582], "SNR": 0.05, "name": "1yg6"}