{"loc": [4, -2, 0], "rotate": [-2.545440227109029, 0.8471247782787381, -1.942433291025289], "SNR": 0.05, "name": "1yg6"}