{"loc": [-2, 1, 5], "rotate": [2.7879912078794304, 0.5527281215527406, -0.41848064235542626], "SNR": 0.05, "name": "1yg6"}