{"loc": [-6, 1, 0], "rotate": [-2.2734375529503756, 1.0858733084452203, -1.9202826546203273], "SNR": 0.05, "name": "1yg6"}