{"loc": [-7, -3, 6], "rotate": [2.652869355262736, 1.1164385558217054, -0.18613428227522957], "SNR": 0.05, "name": "1yg6"}