{"loc": [-5, 6, 3], "rotate": [2.650140626343753, 1.0962900550177914, -0.07689366333483758], "SNR": 0.05, "name": "1yg6"}