{"loc": [7, 3, 1], "rotate": [2.3215137304923883, 1.4969729887315946, 1.0022266355703497], "SNR": 0.05, "name": "1yg6"}