{"loc": [-1, -4, 4], "rotate": [-2.151525432395651, 1.870007816002109, -2.3327582487178393], "SNR": 0.05, "name": "1yg6"}