{"loc": [-2, -1, -7], "rotate": [2.8729382609182275, 0.994727969994825, -0.6205765445690616], "SNR": 0.05, "name": "1yg6"}