{"loc": [1, 0, -5], "rotate": [-2.7845833491013927, 0.44491722386196925, -1.1199267987339747], "SNR": 0.05, "name": "1yg6"}