{"loc": [-2, -7, 6], "rotate": [-2.687007318410951, 0.6565149650558887, -1.573454429975484], "SNR": 0.05, "name": "1yg6"}