{"loc": [6, 5, -5], "rotate": [2.749495684650549, 0.4161116291953619, -0.6742143665901716], "SNR": 0.05, "name": "1yg6"}