{"loc": [5, 6, 6], "rotate": [2.3155637470669843, 0.6527738490106413, -0.10844050379855424], "SNR": 0.05, "name": "1yg6"}