{"loc": [5, -1, 0], "rotate": [3.058016034382772, 0.8710038886481538, -0.4548224403958912], "SNR": 0.05, "name": "1yg6"}