{"loc": [0, 6, -5], "rotate": [-2.488661616855439, 0.8201691479326119, -1.3900416452226363], "SNR": 0.05, "name": "1yg6"}