{"loc": [-6, -1, -7], "rotate": [2.264623316390832, 1.332328462628134, 0.8216038986177906], "SNR": 0.05, "name": "1yg6"}