{"loc": [-5, 0, -7], "rotate": [-2.403039436443496, 1.223558927024462, -2.4321405759378676], "SNR": 0.05, "name": "1yg6"}