{"loc": [5, 0, -1], "rotate": [-2.6711397755109094, 0.935764071138784, -1.31643393168077], "SNR": 0.05, "name": "1yg6"}