{"loc": [3, 1, 5], "rotate": [-2.336537848946596, 1.0629185649224242, -2.357875515116547], "SNR": 0.05, "name": "1yg6"}