{"loc": [-2, 1, 7], "rotate": [-2.3495607495361397, 0.9368127031682576, -1.831710171594777], "SNR": 0.05, "name": "1yg6"}