{"loc": [-6, 7, -6], "rotate": [2.4652723696964696, 1.2535477612658894, 0.11715628859466373], "SNR": 0.05, "name": "1yg6"}