{"loc": [2, 6, -3], "rotate": [-2.927738068800336, 0.7342688961559275, -0.7588881895670112], "SNR": 0.05, "name": "1yg6"}