{"loc": [2, 4, -1], "rotate": [2.4809100754543847, 2.2021508890434744, 1.6440205769373142], "SNR": 0.05, "name": "1yg6"}