{"loc": [1, 0, -2], "rotate": [-1.8733259903064776, 1.3200633811440419, -2.5108894776533908], "SNR": 0.05, "name": "1yg6"}