{"loc": [5, -4, -4], "rotate": [-2.3564662740974414, 0.6904580316152757, -1.8638359882598794], "SNR": 0.05, "name": "1yg6"}