{"loc": [4, 7, 0], "rotate": [2.3408716140114256, 1.8714737643791255, 0.8673560325420389], "SNR": 0.05, "name": "1yg6"}