{"loc": [-1, -1, -6], "rotate": [-2.27963145864824, 1.2404469594301957, -2.0818096945990137], "SNR": 0.05, "name": "1yg6"}