{"loc": [2, -4, -5], "rotate": [2.624210834628274, 1.2120517639812647, 0.20893551971250865], "SNR": 0.05, "name": "1yg6"}