{"loc": [-6, 1, 5], "rotate": [-1.8440700642378918, 1.474442734934592, -2.277581565945383], "SNR": 0.05, "name": "1yg6"}