{"loc": [0, 5, -1], "rotate": [-2.4633409166964966, 1.6424638754202585, -2.229771167695435], "SNR": 0.05, "name": "1yg6"}