{"loc": [7, 0, -4], "rotate": [2.3521147933346165, 1.697351289142308, 0.9645778580152873], "SNR": 0.05, "name": "1yg6"}