{"loc": [-6, 7, 5], "rotate": [-2.49406163192797, 0.15668789681490541, -1.2876071741550266], "SNR": 0.05, "name": "1yg6"}