{"loc": [7, -1, 6], "rotate": [1.9890472812496407, 1.366950404266396, 0.7621153738759188], "SNR": 0.05, "name": "1yg6"}