{"loc": [2, -1, -5], "rotate": [2.0586394372244956, 1.2779080191456509, 0.5377158775568391], "SNR": 0.05, "name": "1yg6"}