{"loc": [-4, 2, 2], "rotate": [2.6291878801275397, 1.1513233686366644, 0.5429816547795581], "SNR": 0.05, "name": "1yg6"}