{"loc": [3, -6, -7], "rotate": [-1.9267555368732034, 1.4081266697380865, -1.9445291799573454], "SNR": 0.05, "name": "1yg6"}