{"loc": [-2, 7, 1], "rotate": [2.435161564560979, 0.9825879895888529, -0.05422725501571859], "SNR": 0.05, "name": "1yg6"}