{"loc": [-7, 3, -1], "rotate": [2.5222895844502045, 0.596927750242022, -0.3155526904997199], "SNR": 0.05, "name": "1yg6"}