{"loc": [-4, -1, -2], "rotate": [2.4868641453153546, 2.351700668894259, 1.4876754769186837], "SNR": 0.05, "name": "1yg6"}