{"loc": [7, -6, -4], "rotate": [2.7413999650745766, 0.812010431235567, 0.024527806639879565], "SNR": 0.05, "name": "1yg6"}