{"loc": [5, 1, 0], "rotate": [2.2084558506562515, 1.6025451501637045, 1.3786311019173976], "SNR": 0.05, "name": "1yg6"}