{"loc": [-4, -4, 0], "rotate": [3.1412545201682063, 2.4716961685098684, 2.3453415042160017], "SNR": 0.05, "name": "1yg6"}