{"loc": [0, -5, 1], "rotate": [2.539953744099479, 0.6596746667440077, 0.42578181716341346], "SNR": 0.05, "name": "1yg6"}