{"loc": [6, 0, 7], "rotate": [-3.041450561933703, 0.762587975089022, -0.9954625031115311], "SNR": 0.05, "name": "1yg6"}