{"loc": [6, 4, -5], "rotate": [2.286749401448517, 1.1025540052254534, 0.4796541770512327], "SNR": 0.05, "name": "1yg6"}