{"loc": [-2, -1, 5], "rotate": [2.2444125784486513, 1.0248253074059215, 0.629522394259988], "SNR": 0.05, "name": "1yg6"}