{"loc": [2, 6, 0], "rotate": [0.9246554863385164, 2.030058372261825, -2.68139731580354], "SNR": 0.05, "name": "1yg6"}