{"loc": [-5, 0, 3], "rotate": [-2.5282324600513824, 1.302063366841637, -1.6521284436190757], "SNR": 0.05, "name": "1yg6"}