{"loc": [0, 4, -4], "rotate": [2.639884323836328, 0.9881527758984392, -0.013861876727769416], "SNR": 0.05, "name": "1yg6"}