{"loc": [-5, 2, -6], "rotate": [2.5784959794094036, 0.39709409348466623, -0.253333744652183], "SNR": 0.05, "name": "1yg6"}