{"loc": [3, 2, 3], "rotate": [-2.5167463254699634, 0.8576396756905159, -1.5250398120301232], "SNR": 0.05, "name": "1yg6"}