{"loc": [-3, 0, -2], "rotate": [2.4794487634188664, 1.0711298548357642, -0.2703565910192663], "SNR": 0.05, "name": "1yg6"}