{"loc": [0, 5, -7], "rotate": [-2.332584877205058, 0.17020898331699932, -1.6750948429656303], "SNR": 0.05, "name": "1yg6"}