{"loc": [1, 0, 0], "rotate": [2.305398400808124, 0.7168966091240596, 0.3564363927376838], "SNR": 0.05, "name": "1yg6"}