{"loc": [3, 5, -2], "rotate": [-2.1928220720161082, 0.9741228474797831, -1.5311993109884383], "SNR": 0.05, "name": "1yg6"}