{"loc": [7, 4, 1], "rotate": [2.911182790266235, 2.341525528159455, 2.2189543589489187], "SNR": 0.05, "name": "1yg6"}