{"loc": [-5, -4, 3], "rotate": [-2.666507170480337, 1.175044927822289, -1.9536222984357363], "SNR": 0.05, "name": "1yg6"}