{"loc": [4, 4, 3], "rotate": [-2.992175689147939, 0.719128895418512, -1.0968160538306646], "SNR": 0.05, "name": "1yg6"}