{"loc": [-1, 0, -3], "rotate": [-2.561495969422327, 1.171949212211497, -2.2590570386435416], "SNR": 0.05, "name": "1yg6"}