{"loc": [-3, -1, -1], "rotate": [2.5321920744132664, 1.4749512360951078, 0.46724980401439015], "SNR": 0.05, "name": "1yg6"}