{"loc": [3, -3, 2], "rotate": [2.4545655496144763, 1.8525964792991103, 0.9540089632648545], "SNR": 0.05, "name": "1yg6"}