{"loc": [5, -1, -7], "rotate": [2.261784544169552, 1.672874354015706, 0.6946583413465628], "SNR": 0.05, "name": "1yg6"}