{"loc": [-2, -5, -3], "rotate": [-2.111484374340949, 1.218771080391038, -2.3861272950138406], "SNR": 0.05, "name": "1yg6"}