{"loc": [-1, -1, -1], "rotate": [2.3127270648619542, 1.0454528630573627, -0.0840494077959207], "SNR": 0.05, "name": "1yg6"}