{"loc": [-1, -2, 5], "rotate": [-2.0662882896554895, 1.1630797845685825, -2.3635489054192207], "SNR": 0.05, "name": "1yg6"}