{"loc": [0, 5, 5], "rotate": [2.0608875534457654, 0.8945230316549201, 0.6138932403947173], "SNR": 0.05, "name": "1yg6"}