{"loc": [7, 0, -7], "rotate": [-2.5748735168444625, 2.3002385802299976, -3.0295728232719945], "SNR": 0.05, "name": "1yg6"}