{"loc": [-3, 0, -3], "rotate": [-2.3390198605147687, 2.115751435724165, -2.9244613757817417], "SNR": 0.05, "name": "1yg6"}