{"loc": [-2, 2, 5], "rotate": [-2.384340846388316, 1.0291224894057363, -1.986397228518142], "SNR": 0.05, "name": "1yg6"}