{"loc": [0, -2, 0], "rotate": [2.1801179642393436, 1.9149021856528265, 1.2938726465989299], "SNR": 0.05, "name": "1yg6"}