{"loc": [-5, -7, 1], "rotate": [-2.4312943361472645, 0.7926408645122762, -1.6630457996633738], "SNR": 0.05, "name": "1yg6"}