{"loc": [7, 4, -6], "rotate": [2.5083295715853073, 1.4774340457546307, 0.8170070006055252], "SNR": 0.05, "name": "1yg6"}