{"loc": [-1, 6, -7], "rotate": [2.3080177371531594, 0.5213866605297842, -0.28507460241124855], "SNR": 0.05, "name": "1yg6"}