{"loc": [0, -3, -6], "rotate": [-2.1576882447093833, 1.1644025395995572, -1.9415478753491013], "SNR": 0.05, "name": "1yg6"}