{"loc": [-4, -1, -3], "rotate": [2.0293702812345265, 1.5270137296968647, 0.6632088231642003], "SNR": 0.05, "name": "1yg6"}