{"loc": [-5, 4, 0], "rotate": [2.4764258575454448, 0.9749023332303682, 0.3944923483592898], "SNR": 0.05, "name": "1yg6"}