{"loc": [-2, 3, 0], "rotate": [2.2832723653581817, 1.3908694251483862, 0.29247350002646594], "SNR": 0.05, "name": "1yg6"}