{"loc": [0, 7, -1], "rotate": [-2.0440159302813865, 1.3139638731035994, -2.305924229485295], "SNR": 0.05, "name": "1yg6"}