{"loc": [7, -2, -7], "rotate": [2.119565120355475, 1.1677669843266594, 0.09564380341728246], "SNR": 0.05, "name": "1yg6"}