{"loc": [-1, -3, 4], "rotate": [-2.366648521364519, 0.41779771055845916, -1.6990869414484198], "SNR": 0.05, "name": "1yg6"}