{"loc": [-1, 7, -1], "rotate": [-2.726004720269525, 0.6508459627318878, -1.2364852971300484], "SNR": 0.05, "name": "1yg6"}