{"loc": [6, -6, 2], "rotate": [2.717692391399794, 0.9811809009843714, -0.27453286008141026], "SNR": 0.05, "name": "1yg6"}