{"loc": [7, -5, 6], "rotate": [-3.1087493365416075, 2.3538512380542262, 2.488622748064132], "SNR": 0.05, "name": "1yg6"}