{"loc": [0, -4, 1], "rotate": [2.3621046068131597, 1.4198713944112018, 1.2189126788240678], "SNR": 0.05, "name": "1yg6"}