{"loc": [1, 0, 0], "rotate": [2.2478444722022677, 0.23037310596356794, 0.3879681806714768], "SNR": 0.05, "name": "1yg6"}