{"loc": [-1, -7, 4], "rotate": [-2.277928319312431, 0.16102110059627106, -1.807575548426662], "SNR": 0.05, "name": "1yg6"}