{"loc": [-7, -7, 4], "rotate": [-2.472180289877146, 0.30522543200377183, -1.7504111239338516], "SNR": 0.05, "name": "1yg6"}