{"loc": [1, 2, -1], "rotate": [-2.1513497226456573, 1.0984735320810453, -2.0594172953946357], "SNR": 0.05, "name": "1yg6"}