{"loc": [-5, -7, -5], "rotate": [-2.252065492866727, 1.1248913635496205, -2.110975364960507], "SNR": 0.05, "name": "1yg6"}