{"loc": [6, 3, 0], "rotate": [2.0612810827417114, 1.3516210644930138, 0.552384998978601], "SNR": 0.05, "name": "1yg6"}