{"loc": [7, -6, -7], "rotate": [-2.403299066281972, 0.40166453779102507, -1.8239605771422849], "SNR": 0.05, "name": "1yg6"}