{"loc": [4, 7, 0], "rotate": [-2.3508656905173106, 1.0204368132983468, -2.0486625968973096], "SNR": 0.05, "name": "1yg6"}