{"loc": [1, -2, -6], "rotate": [-2.3280566827101103, 2.522068582062046, -2.933956967904763], "SNR": 0.05, "name": "1yg6"}