{"loc": [2, 0, 5], "rotate": [2.3209768431074993, 1.0752375837025532, 0.3436794048582783], "SNR": 0.05, "name": "1yg6"}