{"loc": [2, -1, -2], "rotate": [-2.0179027281909128, 1.323635540710393, -2.0961435512666977], "SNR": 0.05, "name": "1yg6"}