{"loc": [6, 2, 4], "rotate": [-2.2325159177770972, 1.4705499532137176, -2.429050114201004], "SNR": 0.05, "name": "1yg6"}