{"loc": [3, -4, 2], "rotate": [2.648196592055965, 1.323452009087285, 0.5551505091713673], "SNR": 0.05, "name": "1yg6"}