{"loc": [-1, 3, -6], "rotate": [2.7594702948820053, 0.644470358446969, -0.23248375730115767], "SNR": 0.05, "name": "1yg6"}