{"loc": [4, 7, 3], "rotate": [2.135138248192339, 1.1102670624239979, 0.22393900778939116], "SNR": 0.05, "name": "1yg6"}