{"loc": [5, 0, -6], "rotate": [2.3962314726258533, 1.2567073142468257, 0.7057667430759821], "SNR": 0.05, "name": "1yg6"}