{"loc": [-6, 0, 5], "rotate": [1.9884499206009376, 1.5151434113959519, 0.5806471433116744], "SNR": 0.05, "name": "1yg6"}