{"loc": [6, 0, 3], "rotate": [2.0535064769485736, 0.16739683402093228, 0.5818681600412527], "SNR": 0.05, "name": "1yg6"}