{"loc": [-4, 0, -7], "rotate": [2.3554279298512752, 0.5096817108750629, 0.0368870996805453], "SNR": 0.05, "name": "1yg6"}