{"loc": [0, 7, -2], "rotate": [2.9164607873004993, 0.7026385170302629, -0.30376027437443137], "SNR": 0.05, "name": "1yg6"}