{"loc": [-2, 1, 3], "rotate": [2.5585066805840024, 2.0853495233331287, 1.2579737297985625], "SNR": 0.05, "name": "1yg6"}