{"loc": [-6, -7, 2], "rotate": [-2.162564627163718, 1.50350075898515, -2.0013390746873805], "SNR": 0.05, "name": "1yg6"}