{"loc": [-6, -3, 5], "rotate": [1.9294468686329393, 1.5872179706432683, 0.9895378362664266], "SNR": 0.05, "name": "1yg6"}