{"loc": [-4, 2, 2], "rotate": [-2.411542782110529, 0.6071664437862467, -1.4696816552047562], "SNR": 0.05, "name": "1yg6"}