{"loc": [-5, 3, 0], "rotate": [2.4945401449554496, 0.5023840705330506, 0.19238990470578055], "SNR": 0.05, "name": "1yg6"}