{"loc": [-2, 2, 6], "rotate": [-2.3143538458789883, 2.354393601921601, -2.847584507599987], "SNR": 0.05, "name": "1yg6"}