{"loc": [7, 3, -6], "rotate": [2.4338446727180685, 1.4495253711010485, 1.135107653622119], "SNR": 0.05, "name": "1yg6"}