{"loc": [1, 3, 7], "rotate": [-2.123838034756663, 1.2665719323918012, -1.9166060099217108], "SNR": 0.05, "name": "1yg6"}