{"loc": [1, 5, -4], "rotate": [-2.914855369435322, 0.5721185629934594, -0.7670101064459743], "SNR": 0.05, "name": "1yg6"}