{"loc": [4, -1, -2], "rotate": [-2.338920918268644, 0.8631384016857988, -2.0233706324691347], "SNR": 0.05, "name": "1yg6"}