{"loc": [1, 1, 0], "rotate": [-1.8030355863747616, 1.0713395999554955, -1.7148891748949948], "SNR": 0.05, "name": "1yg6"}