{"loc": [-4, 2, 4], "rotate": [2.930121665973871, 0.8823519477788743, -0.5792277655461974], "SNR": 0.05, "name": "1yg6"}