{"loc": [7, -3, 7], "rotate": [2.103022657554956, 2.041288086957924, 1.125870130817799], "SNR": 0.05, "name": "1yg6"}