{"loc": [-2, 1, 0], "rotate": [-2.745384128695917, 0.6411469380157057, -1.3925468902636453], "SNR": 0.05, "name": "1yg6"}