{"loc": [1, -7, 0], "rotate": [2.1108963347652003, 1.59166563072617, 0.8412724992935355], "SNR": 0.05, "name": "1yg6"}