{"loc": [-1, 3, 3], "rotate": [-2.242428380063835, 2.086105030706168, -3.04227342393421], "SNR": 0.05, "name": "1yg6"}