{"loc": [0, 0, 5], "rotate": [2.6615371786117143, 0.6959170661984351, -0.1647645536920403], "SNR": 0.05, "name": "1yg6"}