{"loc": [-5, -4, 3], "rotate": [1.2320641012869145, 1.4580444721373877, -2.0824008728445578], "SNR": 0.05, "name": "1yg6"}