{"loc": [4, -1, 0], "rotate": [2.4472469457583017, 1.4227521743869107, 0.8389983032430339], "SNR": 0.05, "name": "1yg6"}