{"loc": [3, 1, 1], "rotate": [-2.495520556619087, 1.140285456347449, -2.0901976368650965], "SNR": 0.05, "name": "1yg6"}