{"loc": [0, 6, 3], "rotate": [-2.2789725580383364, 1.1200897284465603, -1.8559466381792722], "SNR": 0.05, "name": "1yg6"}