{"loc": [4, -4, -1], "rotate": [2.1873750446485496, 1.21747475853949, 0.46566367890517874], "SNR": 0.05, "name": "1yg6"}