{"loc": [-6, 6, -2], "rotate": [-2.0520372248008982, 0.9851308756719109, -2.2708916245989794], "SNR": 0.05, "name": "1yg6"}