{"loc": [7, 0, -4], "rotate": [2.1831955369833795, 1.61354204635068, 0.16741790847978147], "SNR": 0.05, "name": "1yg6"}