{"loc": [-6, 7, -2], "rotate": [2.281985155782489, 2.129546256674923, 1.246057085039286], "SNR": 0.05, "name": "1yg6"}