{"loc": [1, 3, -7], "rotate": [1.896696645801644, 1.5961892982923922, 0.4945659408050088], "SNR": 0.05, "name": "1yg6"}