{"loc": [0, 0, -2], "rotate": [2.577912618735966, 2.016917703040037, 1.5178934064074763], "SNR": 0.05, "name": "1yg6"}