{"loc": [2, 5, -5], "rotate": [-2.4148497343379494, 1.1145730994196148, -1.9909182125683078], "SNR": 0.05, "name": "1yg6"}