{"loc": [5, 0, -6], "rotate": [-1.9415256413385784, 1.1201824513500775, -2.4406145715170515], "SNR": 0.05, "name": "1yg6"}