{"loc": [-3, 6, -1], "rotate": [-2.2762863923874406, 1.7849298679952246, -2.298185947880638], "SNR": 0.05, "name": "1yg6"}