{"loc": [0, 3, -4], "rotate": [-2.8088014580729146, 0.6421046029200185, -1.3469195757809223], "SNR": 0.05, "name": "1yg6"}