{"loc": [3, -6, 7], "rotate": [-2.1725427847811756, 0.903906578703381, -1.9787647914630415], "SNR": 0.05, "name": "1yg6"}