{"loc": [0, 5, 4], "rotate": [1.8478178870778168, 1.2805927610821357, 0.27478826387176186], "SNR": 0.05, "name": "1yg6"}