{"loc": [2, 0, 0], "rotate": [-2.3933481630463933, 1.5086170673989885, -2.343655888317266], "SNR": 0.05, "name": "1yg6"}