{"loc": [6, 1, 0], "rotate": [-2.840315973812729, 0.4863336360561521, -1.6144590074612544], "SNR": 0.05, "name": "1yg6"}