{"loc": [7, -4, -5], "rotate": [-2.211297396355408, 0.9001474461374128, -1.9060692973181996], "SNR": 0.05, "name": "1yg6"}