{"loc": [-3, 1, -5], "rotate": [-2.820479568354396, 0.9513882620659715, -1.4482556538515658], "SNR": 0.05, "name": "1yg6"}