{"loc": [-4, 7, -4], "rotate": [-2.239616137524369, 0.6006613172309, -1.2829865616586738], "SNR": 0.05, "name": "1yg6"}