{"loc": [-6, -6, -2], "rotate": [-2.469242605728156, 0.9623440896922572, -1.6499981951717722], "SNR": 0.05, "name": "1yg6"}