{"loc": [3, 1, 3], "rotate": [2.4152571931758633, 1.5386739131756315, 0.007000613683413837], "SNR": 0.05, "name": "1yg6"}