{"loc": [-4, 1, 2], "rotate": [2.588983359338914, 2.3353114381444495, 1.5835518680859797], "SNR": 0.05, "name": "1yg6"}