{"loc": [5, -7, 6], "rotate": [-2.0255155783162127, 1.3928422499376218, -2.6009612022111397], "SNR": 0.05, "name": "1yg6"}