{"loc": [1, 1, -4], "rotate": [2.3943117101089677, 1.0032741452632659, -0.1285633403924658], "SNR": 0.05, "name": "1yg6"}