{"loc": [0, -2, -6], "rotate": [2.3934682049456346, 0.672550695467583, -0.20300908532921363], "SNR": 0.05, "name": "1yg6"}