{"loc": [0, 0, 1], "rotate": [-2.2108590816845015, 1.7771473102287405, -2.1176121193636606], "SNR": 0.05, "name": "1yg6"}