{"loc": [-5, -1, -3], "rotate": [2.1966379949901276, 0.9863696541197725, 0.3233144430499396], "SNR": 0.05, "name": "1yg6"}