{"loc": [2, -1, 5], "rotate": [2.4309567596467048, 0.2936817808001156, -0.23005424355748275], "SNR": 0.05, "name": "1yg6"}