{"loc": [0, 0, -7], "rotate": [-1.9534384071404238, 0.9469555273410397, -2.152590974479428], "SNR": 0.05, "name": "1yg6"}