{"loc": [6, -6, -6], "rotate": [2.9020321095040043, 2.623263378989837, 2.0789142682098127], "SNR": 0.05, "name": "1yg6"}