{"loc": [-3, 0, -2], "rotate": [1.905420368206799, 1.4879868288545746, 0.8230254199603457], "SNR": 0.05, "name": "1yg6"}