{"loc": [5, 1, 2], "rotate": [2.0991582867249887, 2.013679240555169, 1.300715156593905], "SNR": 0.05, "name": "1yg6"}