{"loc": [-2, 0, 1], "rotate": [2.543116622325238, 0.6486498043778931, -0.10856971827722901], "SNR": 0.05, "name": "1yg6"}