{"loc": [1, -5, 4], "rotate": [-2.3427250268526585, 1.892870114938673, -3.0806464231803945], "SNR": 0.05, "name": "1yg6"}