{"loc": [1, 1, -4], "rotate": [-2.6866300464479274, 1.1207914144117948, -1.2313996300820453], "SNR": 0.05, "name": "1yg6"}