{"loc": [6, -3, -7], "rotate": [3.041747983050275, 1.2282656705454016, -0.3924042572189714], "SNR": 0.05, "name": "1yg6"}