{"loc": [-7, -5, 3], "rotate": [-2.7856215345345157, 1.004007319516799, -1.756592686626109], "SNR": 0.05, "name": "1yg6"}