{"loc": [6, 2, -7], "rotate": [2.2995410727141015, 1.6675476797805404, 1.1706983538481945], "SNR": 0.05, "name": "1yg6"}