{"loc": [6, 5, -5], "rotate": [2.622015225920312, 1.4357861228469673, 0.5294173769225873], "SNR": 0.05, "name": "1yg6"}