{"loc": [-7, 6, 3], "rotate": [-2.592813468030435, 0.6491698053923645, -1.7983646567035458], "SNR": 0.05, "name": "1yg6"}