{"loc": [-6, -7, -6], "rotate": [2.305150543981723, 0.8270931526143945, 0.4195783124117254], "SNR": 0.05, "name": "1yg6"}