{"loc": [6, 3, 3], "rotate": [2.528492740545604, 2.2561389393526845, 1.2667910874707375], "SNR": 0.05, "name": "1yg6"}