{"loc": [0, 5, 3], "rotate": [-2.72203342311617, 0.8505862043408845, -1.4901478557756973], "SNR": 0.05, "name": "1yg6"}