{"loc": [7, -6, 2], "rotate": [-2.4777420327519994, 1.196469025910282, -1.8446533603968234], "SNR": 0.05, "name": "1yg6"}