{"loc": [-1, 0, -6], "rotate": [-2.397148307930258, 0.8628197955241507, -1.7241116456397907], "SNR": 0.05, "name": "1yg6"}