{"loc": [0, 4, 5], "rotate": [2.160356990360101, 1.1959462982900455, 0.6557288926498989], "SNR": 0.05, "name": "1yg6"}