{"loc": [0, 0, -7], "rotate": [2.3766041152470394, 1.7232032444173468, 0.3553363298663146], "SNR": 0.05, "name": "1yg6"}