{"loc": [-6, 0, -1], "rotate": [-2.1928953168560046, 1.3562529296978874, -1.6114504069349052], "SNR": 0.05, "name": "1yg6"}