{"loc": [5, 0, -3], "rotate": [-2.5995621829175697, 1.260225374546085, -1.731596278326935], "SNR": 0.05, "name": "1yg6"}