{"loc": [6, 3, 7], "rotate": [-2.937633825150976, 0.6660520785883842, -1.139788126400083], "SNR": 0.05, "name": "1yg6"}