{"loc": [7, 2, 4], "rotate": [2.533580632924464, 0.84090114477892, 0.21037039136312102], "SNR": 0.05, "name": "1yg6"}