{"loc": [0, -1, 7], "rotate": [2.258159886519599, 1.0950587242229894, 0.18386414240558158], "SNR": 0.05, "name": "1yg6"}