{"loc": [0, 6, 6], "rotate": [2.126920336861035, 1.1351100584430531, 0.618850302055824], "SNR": 0.05, "name": "1yg6"}