{"loc": [-4, 6, -6], "rotate": [-1.1213346364346717, 1.6070821067514491, 0.810810198595218], "SNR": 0.05, "name": "1yg6"}