{"loc": [7, -2, -6], "rotate": [-2.9160547275596227, 0.8133437396081589, -1.5779309183218033], "SNR": 0.05, "name": "1yg6"}