{"loc": [-4, 6, 6], "rotate": [-2.5999429428217598, 0.33866059408987803, -1.6662068852792393], "SNR": 0.05, "name": "1yg6"}