{"loc": [6, -4, 5], "rotate": [2.3944142665987194, 1.2683672404806008, 0.5827060184979422], "SNR": 0.05, "name": "1yg6"}