{"loc": [-1, 5, 7], "rotate": [2.446277360841303, 2.299692018501918, 1.0273179746949639], "SNR": 0.05, "name": "1yg6"}