{"loc": [6, -1, -7], "rotate": [2.505421649250429, 0.9638715693437363, -0.11276299782997218], "SNR": 0.05, "name": "1yg6"}