{"loc": [-7, -1, -6], "rotate": [-2.9685859790432447, 0.7651055303377253, -0.7878751992482564], "SNR": 0.05, "name": "1yg6"}