{"loc": [0, 0, 7], "rotate": [-2.9327106824297697, 0.8691335731831537, -1.4068015100947227], "SNR": 0.05, "name": "1yg6"}