{"loc": [6, 4, 3], "rotate": [2.5525284777180475, 0.9266773543251866, 0.11556550362572228], "SNR": 0.05, "name": "1yg6"}