{"loc": [-3, 2, 2], "rotate": [-2.1020506989223393, 1.4038653176406017, -2.763002144561723], "SNR": 0.05, "name": "1yg6"}