{"loc": [-5, -4, -7], "rotate": [2.300281520274365, 1.002955759919332, 0.022325009366894147], "SNR": 0.05, "name": "1yg6"}