{"loc": [-7, -2, -6], "rotate": [2.1105066651595035, 1.167251567217382, 0.6242829305270876], "SNR": 0.05, "name": "1yg6"}