{"loc": [-1, -5, 4], "rotate": [2.206696916276532, 1.4144956859176887, 0.5749244127606034], "SNR": 0.05, "name": "1yg6"}