{"loc": [-6, 7, -3], "rotate": [2.1440678311717525, 1.7694120234075639, 0.49512654238957027], "SNR": 0.05, "name": "1yg6"}