{"loc": [7, 1, -7], "rotate": [1.9297221522445565, 1.8513907822728708, 0.985812491364349], "SNR": 0.05, "name": "1yg6"}