{"loc": [7, 0, -3], "rotate": [-2.4467261293760845, 1.2911113190425987, -2.2914850978942938], "SNR": 0.05, "name": "1yg6"}