{"loc": [-4, -1, 0], "rotate": [2.3625157509372863, 0.9622696818996125, 0.10118535434928388], "SNR": 0.05, "name": "1yg6"}