{"loc": [5, -3, 2], "rotate": [2.1177608900527414, 1.299518553966528, 0.7793301577294505], "SNR": 0.05, "name": "1yg6"}