{"loc": [1, 1, 6], "rotate": [3.0033442239530546, 0.9312721468474779, -0.6428400637203496], "SNR": 0.05, "name": "1yg6"}