{"loc": [0, 7, -6], "rotate": [2.217880570279246, 1.4421048395049352, 0.7529591827895677], "SNR": 0.05, "name": "1yg6"}