{"loc": [0, 6, 3], "rotate": [3.031050886402612, 0.5088619892060289, -0.5818701631111509], "SNR": 0.05, "name": "1yg6"}