{"loc": [0, 7, -2], "rotate": [2.354414525505209, 1.2804503487348344, 0.5550844297559281], "SNR": 0.05, "name": "1yg6"}