{"loc": [2, -5, -1], "rotate": [-2.2393750494036464, 0.9255197779827466, -2.096194758115637], "SNR": 0.05, "name": "1yg6"}