{"loc": [1, 6, -6], "rotate": [2.3186873947205138, 1.0840893017707125, 0.3126705385836375], "SNR": 0.05, "name": "1yg6"}