{"loc": [0, -4, 0], "rotate": [-2.8397015140092856, 0.5844957013094675, -1.0020325978914892], "SNR": 0.05, "name": "1yg6"}