{"loc": [-5, -4, -5], "rotate": [2.5831558980996885, 1.877994967686215, 1.1717776105395559], "SNR": 0.05, "name": "1yg6"}