{"loc": [0, -4, 0], "rotate": [3.0959511000995596, 0.6896850204208289, -0.7123488358086612], "SNR": 0.05, "name": "1yg6"}