{"loc": [-7, 6, -1], "rotate": [-2.3189979691750477, 1.3382383384313903, -2.135654292729909], "SNR": 0.05, "name": "1yg6"}