{"loc": [-2, 4, 7], "rotate": [2.1727484178156553, 1.42715524952513, 0.25943669329557034], "SNR": 0.05, "name": "1yg6"}