{"loc": [0, 5, 7], "rotate": [2.005044733220314, 1.3141220859750213, 0.6867093655863175], "SNR": 0.05, "name": "1yg6"}