{"loc": [2, 4, -5], "rotate": [-2.5648560985575513, 0.8075961408782927, -1.474526033456072], "SNR": 0.05, "name": "1yg6"}