{"loc": [5, -1, -6], "rotate": [-2.522456909576406, 0.9977003801773643, -1.9801892523592957], "SNR": 0.05, "name": "1yg6"}