{"loc": [0, 6, -3], "rotate": [-2.516046281021631, 1.1004639345271525, -1.8552027147930368], "SNR": 0.05, "name": "1yg6"}