{"loc": [2, -6, 6], "rotate": [-2.1953839058486597, 1.3868188575486766, -2.5109547746006813], "SNR": 0.05, "name": "1yg6"}