{"loc": [-6, 7, 3], "rotate": [2.240463418156888, 1.6672122075448017, 0.44576868368841], "SNR": 0.05, "name": "1yg6"}