{"loc": [0, 5, 3], "rotate": [2.583518121131729, 2.774800013027372, 1.4644685637087338], "SNR": 0.05, "name": "1yg6"}