{"loc": [0, 1, 0], "rotate": [2.682226158910033, 0.6315856915250684, -0.17095859706533353], "SNR": 0.05, "name": "1yg6"}