{"loc": [-1, -2, 2], "rotate": [2.9331812738830605, 0.6526081831328551, -0.44785659271717115], "SNR": 0.05, "name": "1yg6"}