{"loc": [7, 5, 7], "rotate": [2.789769837979667, 0.9653819485871458, -0.358065487681297], "SNR": 0.05, "name": "1yg6"}