{"loc": [-6, -7, -3], "rotate": [2.518822673159164, 1.603120424679989, 0.9532031807057986], "SNR": 0.05, "name": "1yg6"}