{"loc": [-2, 7, -7], "rotate": [2.3671913803622595, 2.1188530057919994, 1.4329297511934427], "SNR": 0.05, "name": "1yg6"}