{"loc": [2, 1, -7], "rotate": [2.3736678201509482, 1.694602198753113, 0.2552680662195498], "SNR": 0.05, "name": "1yg6"}