{"loc": [2, -6, 1], "rotate": [2.290074256498913, 1.6020833498844296, 1.4185655485539808], "SNR": 0.05, "name": "1yg6"}