{"loc": [0, 0, -7], "rotate": [2.741184887593837, 0.6781335654940842, -0.33263314611185046], "SNR": 0.05, "name": "1yg6"}