{"loc": [-1, -5, 2], "rotate": [2.9505013344042097, 0.6921680194791706, -0.46183368179968465], "SNR": 0.05, "name": "1yg6"}