{"loc": [4, 6, 0], "rotate": [2.577591321305629, 0.5245170956998148, -0.13392037284507735], "SNR": 0.05, "name": "1yg6"}