{"loc": [3, 0, -5], "rotate": [-2.345999913794896, 2.0015927940897082, -2.362498151016002], "SNR": 0.05, "name": "1yg6"}