{"loc": [-4, 5, -5], "rotate": [3.1087383670060373, 0.4472340897810502, -0.95260630100981], "SNR": 0.05, "name": "1yg6"}