{"loc": [-6, 6, -7], "rotate": [-2.0756807305847396, 0.7598553082356069, -1.9390636179412932], "SNR": 0.05, "name": "1yg6"}