{"loc": [0, 1, 1], "rotate": [2.1834106308497847, 1.0829145823247752, 0.52479616170318], "SNR": 0.05, "name": "1yg6"}