{"loc": [-7, 7, -4], "rotate": [2.4469596535899756, 2.0158449404912635, 1.0249921053379822], "SNR": 0.05, "name": "1yg6"}