{"loc": [-4, -7, 4], "rotate": [-2.4487398822096837, 1.3848459166954539, -2.179294979925346], "SNR": 0.05, "name": "1yg6"}