{"loc": [-2, -3, -4], "rotate": [-2.326774985846944, 1.0918050658977092, -1.9153524292877622], "SNR": 0.05, "name": "1yg6"}