{"loc": [0, 3, 6], "rotate": [1.9852201479954974, 1.3651738150752246, 0.7315140484306434], "SNR": 0.05, "name": "1yg6"}