{"loc": [4, 4, -7], "rotate": [-2.496367103271277, 1.3124760702323737, -1.992502392289159], "SNR": 0.05, "name": "1yg6"}