{"loc": [-1, 4, 4], "rotate": [-2.540983738501147, 1.3486586954248523, -1.624199016390872], "SNR": 0.05, "name": "1yg6"}