{"loc": [3, 2, -5], "rotate": [2.0456199318355734, 1.3556091834568242, 0.1742242973355839], "SNR": 0.05, "name": "1yg6"}