{"loc": [-5, -1, -6], "rotate": [2.7617820376116664, 1.0572706016785667, -0.5483903564584854], "SNR": 0.05, "name": "1yg6"}