{"loc": [0, -5, -1], "rotate": [-2.1434308960347783, 1.4890444990865614, -2.9072212030081577], "SNR": 0.05, "name": "1yg6"}