{"loc": [7, 4, -1], "rotate": [3.123224393838154, 2.5844121632923955, 2.4898594968133057], "SNR": 0.05, "name": "1yg6"}