{"loc": [6, -4, 4], "rotate": [2.2236201968081404, 1.7361766672010612, 0.9377816894143339], "SNR": 0.05, "name": "1yg6"}