{"loc": [-2, -2, -3], "rotate": [-2.3348645378737256, 1.1835896926107703, -2.375074787415049], "SNR": 0.05, "name": "1yg6"}