{"loc": [3, -1, -5], "rotate": [2.6901078372673703, 0.7876059373324121, -0.3082592773887224], "SNR": 0.05, "name": "1yg6"}