{"loc": [3, -6, -7], "rotate": [-2.3364088342216034, 2.5028449457423125, -3.0273861171864773], "SNR": 0.05, "name": "1yg6"}