{"loc": [3, 3, -7], "rotate": [2.139158155944206, 0.7988650776386387, 0.6753800361988376], "SNR": 0.05, "name": "1yg6"}