{"loc": [-4, 4, -7], "rotate": [-2.436845761825817, 1.250483753012643, -2.1463444810164205], "SNR": 0.05, "name": "1yg6"}