{"loc": [3, -4, 7], "rotate": [2.3674911284810802, 0.6204366729937895, 0.13742054707942417], "SNR": 0.05, "name": "1yg6"}