{"loc": [0, -3, 3], "rotate": [2.326812022935266, 1.29699228226516, 0.6717193405064229], "SNR": 0.05, "name": "1yg6"}