{"loc": [-7, 0, -2], "rotate": [2.38698839101562, 1.9074867699130087, 1.2035514650561259], "SNR": 0.05, "name": "1yg6"}