{"loc": [7, 2, 4], "rotate": [2.4322191829218194, 0.9259068943398044, 0.11232842520522507], "SNR": 0.05, "name": "1yg6"}