{"loc": [6, 2, 7], "rotate": [1.8116229688947025, 1.801999713315194, 0.9456605392875864], "SNR": 0.05, "name": "1yg6"}