{"loc": [7, 3, 3], "rotate": [-2.978669989794067, 0.7039457720077201, -0.61493877218385], "SNR": 0.05, "name": "1yg6"}