{"loc": [-2, 7, -2], "rotate": [-2.956692354482881, 0.7744852744711062, -1.105946973608213], "SNR": 0.05, "name": "1yg6"}