{"loc": [-7, 6, -7], "rotate": [-1.9952962119066753, 1.2869372228210028, -2.4908731690113988], "SNR": 0.05, "name": "1yg6"}