{"loc": [-7, -6, 2], "rotate": [-2.2675893202952815, 1.0070923295426626, -1.795299297737246], "SNR": 0.05, "name": "1yg6"}