{"loc": [5, -4, 4], "rotate": [-2.7669892358051964, 0.8912703403032807, -1.3360942597655285], "SNR": 0.05, "name": "1yg6"}