{"loc": [2, 4, -4], "rotate": [3.1260791136469104, 0.6035980265954597, -0.6022031610692601], "SNR": 0.05, "name": "1yg6"}