{"loc": [3, -1, -7], "rotate": [-2.2634980108733167, 1.5789378726466365, -2.3723256250338363], "SNR": 0.05, "name": "1yg6"}