{"loc": [-6, -7, -4], "rotate": [2.5931438408092173, 0.7649579375666032, -0.31187311059455375], "SNR": 0.05, "name": "1yg6"}