{"loc": [4, -4, 1], "rotate": [-1.8443179767703366, 1.459155593262249, -2.0903206939054275], "SNR": 0.05, "name": "1yg6"}