{"loc": [0, 2, -3], "rotate": [2.291250644880463, 1.6868014050124431, 0.6819169914764208], "SNR": 0.05, "name": "1yg6"}