{"loc": [0, -3, -4], "rotate": [2.573826430253578, 1.9667724357605887, 1.1632103696995175], "SNR": 0.05, "name": "1yg6"}