{"loc": [-6, -1, 5], "rotate": [2.194703994627359, 2.113334459570549, 1.1502465472761005], "SNR": 0.05, "name": "1yg6"}