{"loc": [0, -4, -2], "rotate": [2.9827969087779262, 0.6902282744781688, -0.5036779371873655], "SNR": 0.05, "name": "1yg6"}