{"loc": [-1, -4, -6], "rotate": [2.0504002519605624, 1.0845263161843262, 0.3478762333208471], "SNR": 0.05, "name": "1yg6"}