{"loc": [-3, -4, -3], "rotate": [-2.458802024273747, 1.0777522654954461, -1.4950811657322542], "SNR": 0.05, "name": "1yg6"}