{"loc": [-4, -1, -6], "rotate": [3.1254465971920986, 0.8711634217452481, -0.5682021308596293], "SNR": 0.05, "name": "1yg6"}