{"loc": [-4, -5, -6], "rotate": [2.6733644985601828, 1.5908687419221494, 0.2965726521920482], "SNR": 0.05, "name": "1yg6"}