{"loc": [-7, -1, 7], "rotate": [-3.0244388336216192, 0.8058602229045415, -1.0684610893376318], "SNR": 0.05, "name": "1yg6"}