{"loc": [-1, -6, -2], "rotate": [2.7084361439258218, 1.7777753372294702, 1.4426080056174821], "SNR": 0.05, "name": "1yg6"}