{"loc": [-3, -2, -2], "rotate": [2.7950692084000353, 0.32073525604405134, -0.042038180800874694], "SNR": 0.05, "name": "1yg6"}