{"loc": [-2, -4, -5], "rotate": [-2.8855633058434456, 0.721926667979702, -0.7091777193000667], "SNR": 0.05, "name": "1yg6"}