{"loc": [2, 0, -4], "rotate": [2.1819904199981277, 1.422649680844521, 0.7558504163134566], "SNR": 0.05, "name": "1yg6"}