{"loc": [-4, 2, 4], "rotate": [2.0078552181012803, 1.5641510042249962, 0.7240467288015127], "SNR": 0.05, "name": "1yg6"}