{"loc": [6, -6, 7], "rotate": [-2.4209551090306287, 1.4969525763873128, -1.626132889825403], "SNR": 0.05, "name": "1yg6"}