{"loc": [7, 3, -1], "rotate": [-2.2972579827533304, 1.0190257384055523, -1.7525694918158097], "SNR": 0.05, "name": "1yg6"}