{"loc": [-2, -2, 6], "rotate": [2.3771701396253544, 1.2266248011921226, 0.6482016252442294], "SNR": 500000, "name": "1f1b"}