{"loc": [-3, -6, -1], "rotate": [-2.367675110595749, 1.1925087046134577, -1.6000794152724864], "SNR": 500000, "name": "1f1b"}