{"loc": [4, 0, -2], "rotate": [2.4697826482195566, 2.3469452904467283, 1.5141040173492624], "SNR": 500000, "name": "1f1b"}