{"loc": [2, 7, 3], "rotate": [2.136370386470699, 1.8757352520457973, 1.2250129355260315], "SNR": 500000, "name": "1f1b"}