{"loc": [7, -2, 7], "rotate": [2.2093502688352102, 1.7568746708399974, 0.7262284493884912], "SNR": 500000, "name": "1f1b"}