{"loc": [-5, -2, -4], "rotate": [2.9198534916485186, 0.9178364500001494, -0.3403251718893265], "SNR": 500000, "name": "1f1b"}