{"loc": [0, 4, 5], "rotate": [-2.9200792041909813, 0.7439416568280376, -1.2903153847082962], "SNR": 500000, "name": "1f1b"}