{"loc": [4, 0, 2], "rotate": [2.4277204414743054, 0.8321773651306685, 0.39810884291985654], "SNR": 500000, "name": "1f1b"}