{"loc": [0, -6, 0], "rotate": [-1.9398416848423368, 1.024541573675679, -2.2771727645555653], "SNR": 500000, "name": "1f1b"}