{"loc": [-1, 5, 0], "rotate": [2.696552778884941, 0.7674446771317326, -0.2655715630305049], "SNR": 500000, "name": "1f1b"}