{"loc": [3, -4, 4], "rotate": [-2.25803652511526, 1.5581170148472399, -2.126176596499941], "SNR": 500000, "name": "1f1b"}