{"loc": [2, 0, -3], "rotate": [-2.8150018913025896, 1.9574639754204708, 3.0910216933764096], "SNR": 500000, "name": "1f1b"}