{"loc": [-1, -1, 6], "rotate": [-2.4107319903620428, 0.795586199603845, -1.1900280513081773], "SNR": 500000, "name": "1f1b"}