{"loc": [-5, -2, 7], "rotate": [2.569431987879114, 0.6625362094221869, -0.32511758076498665], "SNR": 500000, "name": "1f1b"}