{"loc": [0, 1, 1], "rotate": [2.1806393183229296, 1.3253960362753276, 0.6884088042115606], "SNR": 500000, "name": "1f1b"}