{"loc": [2, 5, 5], "rotate": [-2.2344754524669885, 1.0969766842758166, -2.1732136689390518], "SNR": 500000, "name": "1f1b"}