{"loc": [4, -4, 3], "rotate": [2.292062777838031, 1.3038611225416081, -0.042634913046390575], "SNR": 500000, "name": "1f1b"}