{"loc": [3, 1, 0], "rotate": [-2.1216836930960508, 0.972978687005151, -2.2597670344119596], "SNR": 500000, "name": "1f1b"}