{"loc": [-2, 1, -6], "rotate": [2.6746334793201014, 2.082516611090307, 1.2114749228298742], "SNR": 500000, "name": "1f1b"}