{"loc": [-5, -5, 1], "rotate": [-2.388916914517641, 1.0667415248948617, -2.1766576627565994], "SNR": 500000, "name": "1f1b"}