{"loc": [-4, 4, -1], "rotate": [-2.174863633474365, 1.2125838510228248, -1.8818804310938464], "SNR": 500000, "name": "1f1b"}