{"loc": [1, 1, 3], "rotate": [2.6812440685889647, 2.3976330678986013, 1.998552120835029], "SNR": 500000, "name": "1f1b"}