{"loc": [-2, 7, -5], "rotate": [2.466399361535154, 1.5886137024915257, 0.5730311461295574], "SNR": 500000, "name": "1f1b"}