{"loc": [4, 5, -7], "rotate": [2.361458988104988, 0.9463688600952422, -0.12625455433857963], "SNR": 500000, "name": "1f1b"}