{"loc": [-4, 0, -6], "rotate": [2.452163686511445, 0.7354584154837014, 0.12510639351240263], "SNR": 500000, "name": "1f1b"}