{"loc": [5, 6, 0], "rotate": [-2.0622683755777005, 1.3047837471126353, -2.6463964848368637], "SNR": 500000, "name": "1f1b"}