{"loc": [4, 1, 5], "rotate": [2.106861780413544, 1.4320549777467029, 0.5532549002738127], "SNR": 500000, "name": "1f1b"}