{"loc": [-5, -1, 0], "rotate": [-3.0506440278470057, 0.6688868968934547, -1.2621543193831761], "SNR": 500000, "name": "1f1b"}