{"loc": [-5, -1, 2], "rotate": [2.2618240774826566, 1.1176702874416644, 0.8646270343494689], "SNR": 500000, "name": "1f1b"}