{"loc": [-1, 5, -2], "rotate": [-2.295816136467743, 1.482965050947581, -1.7579869118818494], "SNR": 500000, "name": "1f1b"}