{"loc": [-3, -5, 1], "rotate": [-2.413580779767705, 0.8626121051904799, -1.910509479784272], "SNR": 500000, "name": "1f1b"}