{"loc": [0, 1, -4], "rotate": [-2.5386260519986505, 1.2216735721598773, -1.9453264902162684], "SNR": 500000, "name": "1f1b"}