{"loc": [5, 1, 0], "rotate": [2.440042902047707, 1.0167496564257463, 0.458958911070003], "SNR": 500000, "name": "1f1b"}