{"loc": [2, 2, 6], "rotate": [2.170412346484709, 1.5935884345161178, 0.3267326189300851], "SNR": 500000, "name": "1f1b"}