{"loc": [-2, 1, 1], "rotate": [2.9718557990896137, 0.7291172624248229, -0.505115492023687], "SNR": 500000, "name": "1f1b"}