{"loc": [-4, -2, -6], "rotate": [2.7953827263196884, 0.9332709075029105, -0.5943315890661254], "SNR": 500000, "name": "1f1b"}