{"loc": [-3, -6, -5], "rotate": [-3.067745487925197, 0.3320866060207594, -0.9454165294488497], "SNR": 500000, "name": "1f1b"}