{"loc": [7, 0, -6], "rotate": [-2.5119035979478332, 0.7833346193220659, -1.9412652281052598], "SNR": 500000, "name": "1f1b"}