{"loc": [5, 5, 1], "rotate": [-2.0168853473245756, 1.4383417210321994, -1.78394774504347], "SNR": 500000, "name": "1f1b"}