{"loc": [-6, 6, -2], "rotate": [2.2037152415558596, 0.7851115312646074, 0.26087872234727777], "SNR": 500000, "name": "1f1b"}