{"loc": [1, -1, -4], "rotate": [-2.555935368993396, 0.6526731349515982, -1.515214575874984], "SNR": 500000, "name": "1f1b"}