{"loc": [6, -4, -4], "rotate": [2.6135410871952374, 0.8754678478219686, 0.18160041609324787], "SNR": 500000, "name": "1f1b"}