{"loc": [-6, 5, -2], "rotate": [2.5483536894079, 0.885173630139267, 0.31277041850398013], "SNR": 500000, "name": "1f1b"}