{"loc": [2, 0, 5], "rotate": [2.159808454680647, 1.19219769241404, 0.6229510704803467], "SNR": 500000, "name": "1f1b"}