{"loc": [0, 1, 0], "rotate": [-2.8695100573999297, 0.24383044743954765, -0.7423350484592398], "SNR": 500000, "name": "1f1b"}