{"loc": [4, -2, -6], "rotate": [2.1040503335396754, 1.3193272500392592, 0.033865496698256364], "SNR": 500000, "name": "1f1b"}