{"loc": [-2, -6, -3], "rotate": [-1.8469382915520012, 1.4620074053533998, -2.333743607166343], "SNR": 500000, "name": "1f1b"}