{"loc": [-3, 7, 4], "rotate": [2.7553321413222687, 0.4080586982956309, -0.3856319256775501], "SNR": 500000, "name": "1f1b"}