{"loc": [5, -6, 0], "rotate": [-3.1297162685640103, 0.7854216275775425, -0.6466619517697033], "SNR": 500000, "name": "1f1b"}