{"loc": [0, 4, 7], "rotate": [-1.9367696215541603, 0.9692526997452358, -2.3309759658487583], "SNR": 500000, "name": "1f1b"}