{"loc": [6, -4, -6], "rotate": [1.9957959339469042, 1.6427806049843872, 0.849896830438196], "SNR": 500000, "name": "1f1b"}