{"loc": [-3, -7, -6], "rotate": [2.008547773287026, 1.1133016072759503, 0.6509852460632297], "SNR": 500000, "name": "1f1b"}