{"loc": [1, -5, 0], "rotate": [2.3009876451481923, 1.670412800524651, 0.5971907340324739], "SNR": 500000, "name": "1f1b"}