{"loc": [4, 7, -6], "rotate": [-2.6003891317417773, 0.7039926947593174, -1.3565754886298587], "SNR": 500000, "name": "1f1b"}