{"loc": [7, 0, 0], "rotate": [-2.3449445204586046, 1.2941990879229854, -2.1087943185553395], "SNR": 500000, "name": "1f1b"}