{"loc": [2, -3, 0], "rotate": [2.8724987732747604, 0.5771103461892685, -0.2522342378559971], "SNR": 500000, "name": "1f1b"}