{"loc": [-6, 1, -6], "rotate": [1.9734767172357683, 1.2553819019716974, 0.7614865772271875], "SNR": 500000, "name": "1f1b"}