{"loc": [-4, 0, 0], "rotate": [2.310188663777525, 1.3816407228670977, 0.6052650393878153], "SNR": 500000, "name": "1f1b"}