{"loc": [-2, -4, 5], "rotate": [-2.0211848736948497, 0.8831254544268017, -1.7738662367084583], "SNR": 500000, "name": "1f1b"}