{"loc": [-4, -7, -6], "rotate": [-2.891972535913486, 0.8029695678841885, -0.7739637288395016], "SNR": 500000, "name": "1f1b"}