{"loc": [-2, -2, -4], "rotate": [-2.6053439063776387, 1.0375256150314234, -1.4918777047859504], "SNR": 500000, "name": "1f1b"}