{"loc": [6, 4, -6], "rotate": [1.97274214400611, 1.4576464206345003, 1.2019130899714687], "SNR": 500000, "name": "1f1b"}