{"loc": [7, 1, -1], "rotate": [-2.0358504717973274, 1.1404994033606213, -2.471747347160579], "SNR": 500000, "name": "1f1b"}