{"loc": [-7, 2, 3], "rotate": [2.3984871904721885, 1.7283335541142153, 1.1298751957697506], "SNR": 500000, "name": "1f1b"}