{"loc": [-1, -7, 0], "rotate": [2.7821202035574895, 0.7895165255852736, -0.5835891953542311], "SNR": 500000, "name": "1f1b"}