{"loc": [0, -7, 3], "rotate": [-2.6804453312124843, 0.9478163149099706, -0.8273061479384509], "SNR": 500000, "name": "1f1b"}