{"loc": [0, -2, 1], "rotate": [2.313897374461385, 1.5111448833869747, 0.8437161203844478], "SNR": 500000, "name": "1f1b"}