{"loc": [-4, 3, 2], "rotate": [-2.124348796285304, 0.7974027928384899, -2.2648993600367096], "SNR": 500000, "name": "1f1b"}