{"loc": [2, -6, 0], "rotate": [-2.937626956414088, 0.45525848744342934, -0.9866443043112503], "SNR": 500000, "name": "1f1b"}