{"loc": [-1, -7, -4], "rotate": [2.444024870546146, 1.4334567647702556, 0.5527885442108111], "SNR": 500000, "name": "1f1b"}