{"loc": [6, 2, 7], "rotate": [2.8549965353734525, 0.49636298487753866, -0.556667971197498], "SNR": 500000, "name": "1f1b"}