{"loc": [5, -6, 4], "rotate": [1.9788433648318566, 1.5421036717240912, 1.1463289918457606], "SNR": 500000, "name": "1f1b"}