{"loc": [7, -7, 7], "rotate": [-2.1563044386522043, 1.4834059483201079, -2.254757002428101], "SNR": 500000, "name": "1f1b"}