{"loc": [-6, -5, 0], "rotate": [2.2204112826080142, 1.2332713193385505, 1.0650817662555674], "SNR": 500000, "name": "1f1b"}