{"loc": [0, 1, -3], "rotate": [1.9327424064644896, 1.3604434260786256, 0.6348306201733418], "SNR": 500000, "name": "1f1b"}