{"loc": [-7, 3, 0], "rotate": [1.98017771392195, 1.4441984327876678, 0.8109717640925391], "SNR": 500000, "name": "1f1b"}