{"loc": [-4, 3, -3], "rotate": [2.2723748166090374, 1.1073038460294977, -0.020678962352439455], "SNR": 500000, "name": "1f1b"}