{"loc": [-2, 4, 7], "rotate": [2.498190796986707, 0.930756747152343, 0.1124232865111127], "SNR": 500000, "name": "1f1b"}