{"loc": [-3, -6, -2], "rotate": [2.2990259763387155, 1.8751156183423046, 0.8159796234631927], "SNR": 500000, "name": "1f1b"}