{"loc": [-1, 7, -5], "rotate": [2.445575136309247, 0.7969286795033025, 0.3164087643844629], "SNR": 500000, "name": "1f1b"}