{"loc": [-3, -3, -2], "rotate": [2.1418943760768205, 0.8109364245321811, 0.5811737413031699], "SNR": 500000, "name": "1f1b"}