{"loc": [-2, -6, -4], "rotate": [1.7478524122714618, 1.9824480801477404, 1.1378403409122582], "SNR": 500000, "name": "1f1b"}