{"loc": [-6, 5, 0], "rotate": [2.6830358408070794, 1.6684075048786522, 1.1482029626781827], "SNR": 500000, "name": "1f1b"}