{"loc": [6, 1, 6], "rotate": [-2.947962194050533, 0.7900097854424949, -1.3473517080692519], "SNR": 500000, "name": "1f1b"}