{"loc": [-1, -1, 4], "rotate": [-2.4351026807531264, 0.49286691123259213, -1.3718539678601323], "SNR": 500000, "name": "1f1b"}