{"loc": [2, -3, 4], "rotate": [-2.5026675553668443, 0.7867361369701349, -1.2821012447862437], "SNR": 500000, "name": "1f1b"}