{"loc": [-3, -4, -2], "rotate": [-2.7573813656707498, 0.7169877198609806, -0.9485331354330041], "SNR": 500000, "name": "1f1b"}