{"loc": [0, -4, -5], "rotate": [0.7464028739123473, 2.129980647467963, 3.118717469804646], "SNR": 500000, "name": "1f1b"}