{"loc": [-3, -5, 7], "rotate": [-2.5693394688549183, 0.4745335670016057, -1.661755547631718], "SNR": 500000, "name": "1f1b"}