{"loc": [4, 5, 2], "rotate": [-3.05437691473112, 0.47825385906240064, -0.7053839824261832], "SNR": 500000, "name": "1f1b"}