{"loc": [0, -1, 0], "rotate": [2.5139585848024844, 1.2334298458769781, 0.9777160584836356], "SNR": 500000, "name": "1f1b"}