{"loc": [-4, 0, 4], "rotate": [2.853848767221924, 0.58529810839578, -0.1318047029041187], "SNR": 500000, "name": "1f1b"}