{"loc": [5, 4, -5], "rotate": [2.417002867954245, 1.0854140380252026, 0.2168248457874537], "SNR": 500000, "name": "1f1b"}