{"loc": [7, 6, 0], "rotate": [2.038866877102612, 1.328378218238146, 0.6698619264776863], "SNR": 500000, "name": "1f1b"}