{"loc": [-1, 0, 0], "rotate": [-2.386137243037748, 1.1018957022057436, -2.482462533706053], "SNR": 500000, "name": "1f1b"}