{"loc": [-3, 2, 0], "rotate": [2.3505855628921712, 1.4607779910213055, 1.2118754220528065], "SNR": 500000, "name": "1f1b"}