{"loc": [-3, 0, 7], "rotate": [2.5309706113945225, 0.8239639382746015, -0.07983469562757514], "SNR": 500000, "name": "1f1b"}