{"loc": [-7, -2, 0], "rotate": [-3.0802642914760385, 1.0116624561389065, -0.5820239941247428], "SNR": 500000, "name": "1f1b"}