{"loc": [0, -4, 7], "rotate": [2.557603784112666, 1.1634472457574636, 0.23913034930192376], "SNR": 500000, "name": "1f1b"}