{"loc": [0, 4, -3], "rotate": [3.111073429281039, 0.6079780952417141, -0.45506497200834994], "SNR": 500000, "name": "1f1b"}