{"loc": [6, 1, 5], "rotate": [-2.4914226473698884, 0.7125537634885052, -1.704743332560687], "SNR": 500000, "name": "1f1b"}