{"loc": [-2, -1, 5], "rotate": [2.37720763936563, 0.7157802748896712, -0.06469678582899156], "SNR": 500000, "name": "1f1b"}