{"loc": [-6, -7, 4], "rotate": [2.420416507062574, 1.1118542986473399, -0.09189240992329195], "SNR": 500000, "name": "1f1b"}