{"loc": [7, 0, 3], "rotate": [-2.5630199547595, 1.0175854401685436, -1.7024543077812193], "SNR": 500000, "name": "1f1b"}