{"loc": [-4, 0, 4], "rotate": [-2.6203085721610573, 1.4483198880231034, -2.027572186615351], "SNR": 500000, "name": "1f1b"}