{"loc": [0, 0, -4], "rotate": [2.0922597697298455, 1.4979563373657374, 0.6322854460305563], "SNR": 500000, "name": "1f1b"}