{"loc": [7, -1, 7], "rotate": [-2.3223839679984746, 0.8363074616227197, -1.7831337003911045], "SNR": 500000, "name": "1f1b"}