{"loc": [5, -2, 7], "rotate": [3.010805121321065, 0.6222761888704368, -0.3486605133438766], "SNR": 500000, "name": "1f1b"}