{"loc": [-6, -7, -7], "rotate": [-2.445105735395961, 2.296322944499089, -3.0756123432853775], "SNR": 500000, "name": "1f1b"}