{"loc": [5, 1, 5], "rotate": [2.7013562032304113, 2.933969070352495, 1.6069707972104137], "SNR": 500000, "name": "1f1b"}