{"loc": [4, 6, 0], "rotate": [2.2812152985501855, 1.548129581089542, 1.1365136471693726], "SNR": 500000, "name": "1f1b"}