{"loc": [-6, -6, -2], "rotate": [2.4481353682084066, 1.9923326959789507, 1.4585856491554818], "SNR": 500000, "name": "1f1b"}