{"loc": [5, -7, -3], "rotate": [-2.3275694135147, 0.8204896246740975, -1.4744986391320523], "SNR": 500000, "name": "1f1b"}