{"loc": [6, 5, -2], "rotate": [2.2286395786337594, 1.5624257139180062, 0.9178606333617284], "SNR": 500000, "name": "1f1b"}