{"loc": [-7, 6, 1], "rotate": [2.1234851408428286, 1.9771389721493817, 0.963010478190488], "SNR": 500000, "name": "1f1b"}