{"loc": [-2, -2, -2], "rotate": [2.527975851720342, 0.7714654306108203, -0.04978537659731914], "SNR": 500000, "name": "1f1b"}