{"loc": [0, 0, -2], "rotate": [1.9223986579091996, 0.8284493734396279, 0.20356466297359466], "SNR": 500000, "name": "1f1b"}