{"loc": [-3, -7, -1], "rotate": [2.2700874155661075, 0.7895512822867304, 0.37798470620875296], "SNR": 500000, "name": "1f1b"}