{"loc": [4, -4, 1], "rotate": [-2.614843494745411, 0.7722034365972573, -1.368032753479788], "SNR": 500000, "name": "1f1b"}