{"loc": [1, -2, -6], "rotate": [2.4542804213471814, 1.0196768124506315, -0.05410281064964448], "SNR": 500000, "name": "1f1b"}