{"loc": [5, -2, 5], "rotate": [1.7680942188996722, 2.3884313303937295, 0.7032719137274752], "SNR": 500000, "name": "1f1b"}