{"loc": [6, -3, 7], "rotate": [-2.5382355114220276, 2.2518094546481495, -3.083446738745504], "SNR": 500000, "name": "1f1b"}