{"loc": [1, -3, -1], "rotate": [1.0802908703178373, 1.617372461200631, -2.114749071116456], "SNR": 500000, "name": "1f1b"}