{"loc": [6, 0, 3], "rotate": [2.1855701230646685, 1.2995459912180316, 0.4564907864704468], "SNR": 500000, "name": "1f1b"}