{"loc": [2, 7, -3], "rotate": [-2.0735265267542333, 1.6555928894268714, -2.251854693681966], "SNR": 500000, "name": "1f1b"}