{"loc": [5, -4, -3], "rotate": [-2.811656755797142, 2.7455336590177657, 2.8912643410536125], "SNR": 500000, "name": "1f1b"}