{"loc": [-7, 3, 3], "rotate": [-2.235927296210045, 1.117737726655568, -2.099830926352949], "SNR": 500000, "name": "1f1b"}