{"loc": [-1, 7, 7], "rotate": [-2.551759879544831, 0.7056743981401857, -1.5398967037949645], "SNR": 500000, "name": "1f1b"}