{"loc": [-7, 5, -6], "rotate": [-2.1051798144342935, 1.1637227584447947, -2.182281800686252], "SNR": 500000, "name": "1f1b"}