{"loc": [0, 6, 2], "rotate": [3.065515610978827, 0.830997065601344, -0.3129716994169975], "SNR": 500000, "name": "1f1b"}