{"loc": [-3, 1, 1], "rotate": [-2.3900058104431046, 1.4784281873770275, -2.60342300419331], "SNR": 500000, "name": "1f1b"}