{"loc": [0, -2, -4], "rotate": [2.4556781074866625, 2.107889607653279, 1.2661330760212968], "SNR": 500000, "name": "1f1b"}