{"loc": [5, -4, -3], "rotate": [-2.259938993750516, 1.8442157917179798, -2.08846654624719], "SNR": 500000, "name": "1f1b"}