{"loc": [-1, 0, -6], "rotate": [-2.371967133380967, 1.5332368067653184, -2.507147217212555], "SNR": 500000, "name": "1f1b"}