{"loc": [-6, -4, -5], "rotate": [-2.6716971894007067, 2.7271600655223196, 2.935210567339459], "SNR": 500000, "name": "1f1b"}