{"loc": [3, 1, 1], "rotate": [1.852390304016868, 1.2338242712121474, 0.9609728447964077], "SNR": 500000, "name": "1f1b"}