{"loc": [5, 6, -5], "rotate": [-2.3432451943163373, 1.3389745731637368, -2.4050450605857994], "SNR": 500000, "name": "1f1b"}