{"loc": [-7, -6, -3], "rotate": [2.672901732186586, 0.7527086930907602, 0.17575158475163538], "SNR": 500000, "name": "1f1b"}