{"loc": [-1, -4, -6], "rotate": [-2.9027703752915013, 0.9006123860345687, -1.3259022438191834], "SNR": 500000, "name": "1f1b"}