{"loc": [-7, 7, 3], "rotate": [-2.0560938217859013, 0.876547546092631, -2.423306498037191], "SNR": 500000, "name": "1f1b"}