{"loc": [-5, -4, -5], "rotate": [-2.0555379689811155, 0.9472229268024379, -2.011721460697731], "SNR": 500000, "name": "1f1b"}