{"loc": [6, 7, 2], "rotate": [2.3866975696956323, 1.4351197017792894, 0.9873175655176313], "SNR": 500000, "name": "1f1b"}