{"loc": [2, 0, -6], "rotate": [2.4787211587324816, 0.8699594107147811, 0.4918434049081276], "SNR": 500000, "name": "1f1b"}