{"loc": [6, -6, 6], "rotate": [2.887184789051873, 0.7488910005167867, -0.21084879002754411], "SNR": 500000, "name": "1f1b"}