{"loc": [3, -5, -2], "rotate": [2.1000737367538744, 1.2722108259096787, 0.4535850105789285], "SNR": 500000, "name": "1f1b"}