{"loc": [-7, -4, -6], "rotate": [-2.5491670486854296, 0.7321355922878858, -1.5205107134850633], "SNR": 500000, "name": "1f1b"}