{"loc": [2, -7, 1], "rotate": [-1.849824938008088, 1.189728693101623, -2.5598374385287817], "SNR": 500000, "name": "1f1b"}