{"loc": [-5, 7, 1], "rotate": [2.202951085115431, 1.5739837852987286, 0.6141707486709141], "SNR": 500000, "name": "1f1b"}