{"loc": [5, 1, 2], "rotate": [1.9158749762153837, 1.1724819918556817, 0.6804628223100628], "SNR": 500000, "name": "1f1b"}