{"loc": [-4, -7, -1], "rotate": [-2.2791213238575523, 1.501259077057977, -2.086478007858284], "SNR": 500000, "name": "1f1b"}