{"loc": [-6, -1, 4], "rotate": [2.226074871820605, 1.629383657661976, 0.8631630135749712], "SNR": 500000, "name": "1f1b"}