{"loc": [-2, -5, -6], "rotate": [-2.2513631913916585, 1.087069249975276, -2.2270468824304257], "SNR": 500000, "name": "1f1b"}