{"loc": [-4, -4, -7], "rotate": [2.148375254951771, 1.5896868643681537, 1.3116536376946868], "SNR": 500000, "name": "1f1b"}