{"loc": [4, -4, 1], "rotate": [-2.5607094407881545, 0.5295071690750195, -1.4146441606368148], "SNR": 500000, "name": "1f1b"}