{"loc": [1, 2, 7], "rotate": [2.5142223254933542, 0.38822060443108014, -0.0988410721117347], "SNR": 500000, "name": "1f1b"}