{"loc": [-4, -6, -7], "rotate": [2.750150393426641, 0.4451449256812538, -0.5979569281254314], "SNR": 500000, "name": "1f1b"}