{"loc": [-1, -5, 5], "rotate": [-2.377863717102255, 0.8479923717529312, -1.7787980369375165], "SNR": 500000, "name": "1f1b"}