{"loc": [5, -6, 1], "rotate": [2.186354828054895, 1.4202156171178302, 0.7733621469735201], "SNR": 500000, "name": "1f1b"}