{"loc": [-4, 7, 2], "rotate": [2.4529572316033113, 0.5257471061055881, 0.0914541266142592], "SNR": 500000, "name": "1f1b"}