{"loc": [-3, -6, -2], "rotate": [2.388985038727344, 1.179536782517571, 0.3195676070632086], "SNR": 500000, "name": "1f1b"}