{"loc": [7, -7, 0], "rotate": [2.18041823271055, 1.4022871298993043, 0.5760220033509621], "SNR": 500000, "name": "1f1b"}