{"loc": [1, 3, 0], "rotate": [-2.4933795808578947, 1.0052566230129938, -1.3166485404659072], "SNR": 500000, "name": "1f1b"}