{"loc": [-3, -2, -1], "rotate": [-2.4561531101345815, 0.5948235743430266, -1.608362382219692], "SNR": 500000, "name": "1f1b"}