{"loc": [-5, -5, -2], "rotate": [3.0356667106382096, 2.247199160551516, 2.2346020803874875], "SNR": 500000, "name": "1f1b"}