{"loc": [-5, 6, 5], "rotate": [2.6440396065129304, 1.2649408014796042, 0.03158667443789914], "SNR": 500000, "name": "1f1b"}