{"loc": [4, 5, 0], "rotate": [2.8960088987933683, 0.7983436398464278, -0.6195486622314044], "SNR": 500000, "name": "1f1b"}