{"loc": [0, -4, 0], "rotate": [2.1835440886710993, 0.5812682316992458, 0.5036073686522973], "SNR": 500000, "name": "1f1b"}