{"loc": [4, 2, 0], "rotate": [-2.1603940903423857, 0.8148723937475144, -1.913969569930823], "SNR": 500000, "name": "1f1b"}