{"loc": [-2, -6, -5], "rotate": [2.3753956717758675, 1.4073179066607824, 0.950584437212963], "SNR": 500000, "name": "1f1b"}