{"loc": [1, 0, 0], "rotate": [2.624441285031264, 1.0586951299090326, 0.09900549457778031], "SNR": 500000, "name": "1f1b"}