{"loc": [-7, 3, 0], "rotate": [-2.856646418538879, 0.7048790393036724, -1.2580201840106153], "SNR": 500000, "name": "1f1b"}