{"loc": [7, 4, 2], "rotate": [-2.006335518078719, 1.3228498419053514, -2.461911740563535], "SNR": 500000, "name": "1f1b"}