{"loc": [-2, -7, 2], "rotate": [2.411098483537756, 0.7350590568140892, 0.5441414841537219], "SNR": 500000, "name": "1f1b"}