{"loc": [-5, -4, 0], "rotate": [1.9570698190385425, 1.4751916182833031, 0.7248522088550373], "SNR": 500000, "name": "1f1b"}