{"loc": [-3, -4, 7], "rotate": [1.9936182743754256, 1.5377726959641795, 0.4406105361646622], "SNR": 500000, "name": "1f1b"}