{"loc": [2, -7, 2], "rotate": [-1.9405828451850968, 1.489754076628126, -2.266329437378952], "SNR": 500000, "name": "1f1b"}