{"loc": [-5, -7, -1], "rotate": [2.506007440488843, 1.7623106427284396, 1.2020938606428406], "SNR": 500000, "name": "1f1b"}