{"loc": [-7, -5, 1], "rotate": [-2.2184659426710622, 0.9368432636686705, -1.8566825189046332], "SNR": 500000, "name": "1f1b"}