{"loc": [5, 0, 2], "rotate": [2.7557141266994956, 2.2837564414586002, 1.7395905842455304], "SNR": 500000, "name": "1f1b"}