{"loc": [-1, 4, 6], "rotate": [2.4418139468584577, 1.5505473150061015, 1.0188417577043354], "SNR": 500000, "name": "1f1b"}