{"loc": [-7, 0, 7], "rotate": [-2.494308632462355, 0.678252059993245, -1.316228357699068], "SNR": 500000, "name": "1f1b"}