{"loc": [7, 0, -4], "rotate": [-2.158326620171442, 1.0191924547941504, -1.6342775844451252], "SNR": 500000, "name": "1f1b"}