{"loc": [4, -6, 5], "rotate": [-2.348631358653529, 1.0818876298716058, -1.757485525631667], "SNR": 500000, "name": "1f1b"}