{"loc": [0, 4, -6], "rotate": [-1.837530577809251, 1.2315922398735681, -2.2405509293008543], "SNR": 500000, "name": "1f1b"}