{"loc": [0, -1, 6], "rotate": [2.392568198045389, 1.1567301463331006, 0.22726458017026158], "SNR": 500000, "name": "1f1b"}