{"loc": [7, -6, -5], "rotate": [2.422264016627254, 0.8165469167865314, 0.1298418732661087], "SNR": 500000, "name": "1f1b"}