{"loc": [1, -3, 2], "rotate": [-3.0000206735530695, 0.6647860557034223, -1.1273417231965814], "SNR": 500000, "name": "1f1b"}