{"loc": [4, 6, 7], "rotate": [2.2238869076111834, 1.764913348625946, 1.1290933684682776], "SNR": 500000, "name": "1f1b"}