{"loc": [7, -3, 2], "rotate": [2.724447751511872, 0.82744009082961, 0.04788383147708609], "SNR": 500000, "name": "1f1b"}