{"loc": [-6, 2, 3], "rotate": [-3.1332569083642086, 0.49463141176688313, -0.5806694685784815], "SNR": 500000, "name": "1f1b"}