{"loc": [-7, 0, 0], "rotate": [-2.2929774139000223, 0.7135373229328231, -1.9316503111737313], "SNR": 500000, "name": "1f1b"}