{"loc": [3, -1, 5], "rotate": [-2.1124509405949548, 0.8543999093826286, -1.8576867512311106], "SNR": 500000, "name": "1f1b"}