{"loc": [2, -5, 1], "rotate": [2.1953825001484133, 2.6813831501595886, 1.4195436007352171], "SNR": 500000, "name": "1f1b"}