{"loc": [-1, -7, 7], "rotate": [2.7529356026127534, 0.6630142237086175, -0.37596278733075333], "SNR": 500000, "name": "1f1b"}