{"loc": [1, -3, -7], "rotate": [2.016530637913344, 1.916861675718385, 0.747342835843313], "SNR": 500000, "name": "1f1b"}