{"loc": [-3, -3, 0], "rotate": [2.5855491594979534, 0.6668017395345175, 0.023791953596245863], "SNR": 500000, "name": "1f1b"}