{"loc": [3, -5, -3], "rotate": [2.960014749871544, 0.9319521250464429, -0.45253947047582943], "SNR": 500000, "name": "1f1b"}