{"loc": [1, 7, 6], "rotate": [2.1090415748402678, 1.4646888281034045, 0.7460034091979623], "SNR": 500000, "name": "1f1b"}