{"loc": [-1, -7, 1], "rotate": [-3.1403337896542873, 0.6773602673348713, -0.9398276470001825], "SNR": 500000, "name": "1f1b"}