{"loc": [-2, 6, 3], "rotate": [2.25855831439477, 2.5241981554942634, 1.4363653183565621], "SNR": 500000, "name": "1f1b"}