{"loc": [7, 5, -2], "rotate": [-2.3547711211680507, 1.3023583268696042, -1.9819932717303959], "SNR": 500000, "name": "1f1b"}