{"loc": [-1, 1, 6], "rotate": [2.0493818264524624, 1.4192822271127286, 0.5278784347862727], "SNR": 500000, "name": "1f1b"}