{"loc": [-2, 0, -1], "rotate": [2.9634255834113836, 2.1659448991869623, 1.9261241040713084], "SNR": 500000, "name": "1f1b"}