{"loc": [-6, 3, -2], "rotate": [-2.1475184927855326, 1.2034064551027426, -2.3857972898257], "SNR": 500000, "name": "1f1b"}