{"loc": [1, -5, 4], "rotate": [2.5619755581119823, 2.8587868631460895, 1.5304310798817253], "SNR": 500000, "name": "1f1b"}