{"loc": [0, 2, 3], "rotate": [-2.4803127520470056, 0.7625152376419143, -1.3922551584540417], "SNR": 500000, "name": "1f1b"}