{"loc": [3, -6, -1], "rotate": [-1.9327077728705353, 0.5928913050572282, -2.287621409734589], "SNR": 500000, "name": "1f1b"}