{"loc": [0, -5, 0], "rotate": [2.063735410163322, 1.306696958329367, 0.7979056702437748], "SNR": 500000, "name": "1f1b"}