{"loc": [2, 3, -4], "rotate": [2.8077982908794, 0.7593098020053756, -0.16611737855082345], "SNR": 500000, "name": "1f1b"}