{"loc": [1, 2, -7], "rotate": [2.2467276761429305, 0.8275202514547952, 0.06410322314606542], "SNR": 500000, "name": "1f1b"}