{"loc": [-4, -5, 0], "rotate": [2.8279629907738437, 0.7777049002590386, -0.7967141970704475], "SNR": 500000, "name": "1f1b"}