{"loc": [0, 0, -2], "rotate": [-2.41671581314581, 0.6560392082449257, -2.0149045861380617], "SNR": 500000, "name": "1f1b"}