{"loc": [4, 4, -5], "rotate": [-2.393978299944377, 0.7928987466139846, -1.927064886934553], "SNR": 500000, "name": "1f1b"}