{"loc": [-6, -3, 0], "rotate": [2.4581802621583058, 0.981829791943546, 0.39277979057597096], "SNR": 500000, "name": "1f1b"}