{"loc": [0, 3, 6], "rotate": [-2.3081838070618628, 0.9560907086301321, -1.4152633837532793], "SNR": 500000, "name": "1f1b"}