{"loc": [-1, 5, 6], "rotate": [2.8271692951957217, 0.8710995069164607, -0.8640793948313304], "SNR": 500000, "name": "1f1b"}