{"loc": [-6, 0, 5], "rotate": [-2.7256133706619763, 0.818042663291896, -1.4386369730900912], "SNR": 500000, "name": "1f1b"}