{"loc": [4, 7, 1], "rotate": [-1.9569155804823675, 0.7943314611640556, -2.228821611036604], "SNR": 500000, "name": "1f1b"}