{"loc": [5, 2, -4], "rotate": [2.7245584769753726, 0.9563923462894305, 0.018417206373009313], "SNR": 500000, "name": "1f1b"}