{"loc": [5, -1, 0], "rotate": [-1.9397946197073732, 1.3081189729341214, -2.0410982026402724], "SNR": 500000, "name": "1f1b"}