{"loc": [0, -1, 5], "rotate": [2.172823116139968, 1.5140404206155669, 0.6342983728518018], "SNR": 500000, "name": "1f1b"}