{"loc": [2, -7, 7], "rotate": [-2.1754893213785693, 1.1504042917700121, -1.7493972851842547], "SNR": 500000, "name": "1f1b"}