{"loc": [-5, -7, 3], "rotate": [-2.908374083080622, 0.7572762259774268, -1.3847520538677747], "SNR": 500000, "name": "1f1b"}