{"loc": [-4, 4, -7], "rotate": [3.076510991782436, 2.569847645459372, 2.1512798501623287], "SNR": 500000, "name": "1f1b"}