{"loc": [0, 1, 1], "rotate": [2.7240340413150443, 0.8648983823277715, -0.531140867368638], "SNR": 500000, "name": "1f1b"}