{"loc": [-4, 0, 2], "rotate": [2.1878549975522406, 1.9883018525903995, 1.3866121497636583], "SNR": 500000, "name": "1f1b"}