{"loc": [-5, 1, 3], "rotate": [2.044237614377247, 1.122796566702849, 0.34303404917838415], "SNR": 500000, "name": "1f1b"}