{"loc": [0, 0, -7], "rotate": [1.9908021483919152, 1.8602977115103174, 0.6612223420109057], "SNR": 500000, "name": "1f1b"}