{"loc": [-1, -5, -1], "rotate": [2.449342162673192, 1.7374174748018736, 0.8004021982848187], "SNR": 500000, "name": "1f1b"}