{"loc": [3, 4, 1], "rotate": [2.891923066884735, 0.43771540597465713, -0.6444231073824627], "SNR": 500000, "name": "1f1b"}