{"loc": [7, 0, -5], "rotate": [2.2272129553310434, 0.6459009063421249, 0.027871901147365014], "SNR": 500000, "name": "1f1b"}