{"loc": [-4, 3, 0], "rotate": [-2.8962004551831027, 1.0313923811653867, -1.2195919646633266], "SNR": 500000, "name": "1f1b"}