{"loc": [3, -2, 5], "rotate": [2.8069082425451053, 0.3428543859990587, -0.5691564146813969], "SNR": 500000, "name": "1f1b"}