{"loc": [-1, 6, -5], "rotate": [-3.0793134299594294, 0.2620839836776004, -0.7428726188253858], "SNR": 500000, "name": "1f1b"}