{"loc": [-3, 0, 7], "rotate": [-2.854398131970702, 0.6614258359845124, -0.8789111958257195], "SNR": 500000, "name": "1f1b"}