{"loc": [-3, 0, 5], "rotate": [2.076571501985433, 1.980602893686847, 1.0163130197191823], "SNR": 500000, "name": "1f1b"}