{"loc": [-1, 1, 2], "rotate": [2.851593446057134, 0.7112869736208927, -0.39225309656443896], "SNR": 500000, "name": "1f1b"}