{"loc": [5, -5, 0], "rotate": [-2.5113839989203117, 1.1080459447510564, -2.0788964950260054], "SNR": 500000, "name": "1f1b"}