{"loc": [-5, -6, -6], "rotate": [2.1767375015961132, 1.4189681006579509, 0.551485601233611], "SNR": 500000, "name": "1f1b"}