{"loc": [4, 1, -1], "rotate": [-1.9315980081781372, 1.3386320809914842, -2.079242774116142], "SNR": 500000, "name": "1f1b"}