{"loc": [4, -3, -7], "rotate": [3.03613454555415, 2.540518951175234, 2.1916443025216354], "SNR": 500000, "name": "1f1b"}