{"loc": [6, -1, 6], "rotate": [2.13985013992859, 0.6538468479726829, 0.5156253353119811], "SNR": 500000, "name": "1f1b"}