{"loc": [-5, -4, 0], "rotate": [-2.3842585850196585, 1.5592554106809955, -2.7185993349761746], "SNR": 500000, "name": "1f1b"}