{"loc": [-6, -6, 3], "rotate": [2.5924322123670906, 0.9204309504054315, -0.07351945356435413], "SNR": 500000, "name": "1f1b"}