{"loc": [-6, 7, -2], "rotate": [1.886026613677701, 1.175811942845516, 0.7388264766616287], "SNR": 500000, "name": "1f1b"}