{"loc": [-7, -7, 0], "rotate": [-2.488900803799578, 1.474607368937926, -1.9887412600166954], "SNR": 500000, "name": "1f1b"}