{"loc": [0, 5, 5], "rotate": [2.2680972376399473, 0.8206189356324484, 0.2526219705728591], "SNR": 500000, "name": "1f1b"}