{"loc": [-2, 7, 4], "rotate": [-1.9658712244006642, 1.0045366530278208, -2.530640414849585], "SNR": 500000, "name": "1f1b"}