{"loc": [4, -4, -4], "rotate": [-3.0570708982646715, 0.7682026620687847, -0.782438272770063], "SNR": 500000, "name": "1f1b"}