{"loc": [0, 0, -3], "rotate": [2.5274087923759865, 0.5886770168001046, -0.680241904610274], "SNR": 500000, "name": "1f1b"}