{"loc": [0, -3, -7], "rotate": [-2.3256098631119193, 2.3326527541893403, -2.778498219982305], "SNR": 500000, "name": "1f1b"}