{"loc": [-7, -6, -2], "rotate": [-2.679440562529462, 0.8512233051538598, -1.3970327093031611], "SNR": 500000, "name": "1f1b"}