{"loc": [3, 3, 4], "rotate": [-2.31681345635216, 1.173717893912248, -2.0836114186251677], "SNR": 500000, "name": "1f1b"}