{"loc": [-5, -7, 3], "rotate": [2.874438278291867, 2.1187958942273046, 1.866039456262], "SNR": 500000, "name": "1f1b"}