{"loc": [1, -3, 3], "rotate": [2.7260605982337447, 1.058749594060865, -0.05769436018215916], "SNR": 500000, "name": "1f1b"}