{"loc": [-3, -2, 6], "rotate": [-2.784556518341842, 0.483405547760143, -0.9983257451654589], "SNR": 500000, "name": "1f1b"}