{"loc": [-1, 4, 1], "rotate": [2.1972998267245996, 1.2451549072153987, 0.42903649978161457], "SNR": 500000, "name": "1f1b"}