{"loc": [0, -2, 2], "rotate": [-3.013074849223561, 0.5347977037345876, -0.6699429356668137], "SNR": 500000, "name": "1f1b"}