{"loc": [-4, 5, 2], "rotate": [-2.1139642133909136, 1.7482126196494123, -2.251890314352038], "SNR": 500000, "name": "1f1b"}