{"loc": [-3, 7, -3], "rotate": [-2.497904618090446, 0.9051895218163445, -1.6783218761534529], "SNR": 500000, "name": "1f1b"}