{"loc": [3, 6, 6], "rotate": [2.301892646077056, 1.4071337237406567, 0.21102067415072853], "SNR": 500000, "name": "1f1b"}