{"loc": [6, -3, 5], "rotate": [-2.4590936480212027, 0.7057998168800292, -1.5388011802041313], "SNR": 500000, "name": "1f1b"}