{"loc": [-5, 2, -3], "rotate": [2.49636542232744, 0.7112186881243749, -0.02474593055627968], "SNR": 500000, "name": "1f1b"}