{"loc": [-4, 6, -5], "rotate": [-2.7830843304115542, 1.027414191232544, -1.5457238352769413], "SNR": 500000, "name": "1f1b"}