{"loc": [-4, 2, -4], "rotate": [-2.4328604400281635, 1.13726726222013, -2.1594420239954055], "SNR": 500000, "name": "1f1b"}