{"loc": [3, 6, -1], "rotate": [-2.2688896732157007, 1.1073343245680278, -2.095869393375162], "SNR": 500000, "name": "1f1b"}