{"loc": [-6, -2, 0], "rotate": [-2.992835110624024, 0.8565988526814902, -1.2920444843578072], "SNR": 500000, "name": "1f1b"}