{"loc": [1, 0, -6], "rotate": [-0.8175681494417231, 1.4254741595214488, 0.32110076492461626], "SNR": 500000, "name": "1f1b"}