{"loc": [-2, -3, 4], "rotate": [2.8982898029922084, 0.7335960524611368, -0.5328043339811965], "SNR": 500000, "name": "1f1b"}