{"loc": [0, 2, -3], "rotate": [-3.0370251018818277, 0.7140632343031945, -0.6233147143108896], "SNR": 500000, "name": "1f1b"}