{"loc": [0, -7, 0], "rotate": [1.8782648580003944, 1.5114326372524538, 1.0269507220133853], "SNR": 500000, "name": "1f1b"}