{"loc": [5, -1, 7], "rotate": [2.335801899480975, 1.2032122433224384, 0.4645297396857858], "SNR": 500000, "name": "1f1b"}