{"loc": [-5, -5, -6], "rotate": [2.002346578936815, 1.6692471082546887, 0.8655027944744247], "SNR": 500000, "name": "1f1b"}