{"loc": [-5, 7, 0], "rotate": [-2.864857954704569, 2.62314025377793, 2.2588131655103947], "SNR": 500000, "name": "1f1b"}