{"loc": [4, -2, -3], "rotate": [2.330478936704412, 1.1431696631819028, 0.3714216671603763], "SNR": 500000, "name": "1f1b"}