{"loc": [-2, -2, -3], "rotate": [-2.2822608086438443, 0.8048544346914195, -1.5532593073578904], "SNR": 500000, "name": "1f1b"}