{"loc": [-2, 3, 6], "rotate": [-2.78205974045453, 0.5772038680893448, -1.5524859451257413], "SNR": 500000, "name": "1f1b"}