{"loc": [2, 6, 7], "rotate": [2.990742690789376, 0.5017167428752607, -0.6142979521829735], "SNR": 500000, "name": "1f1b"}