{"loc": [4, 5, -7], "rotate": [1.9356570701052336, 1.6297810467058522, 0.6296120125283592], "SNR": 500000, "name": "1f1b"}