{"loc": [0, -4, -1], "rotate": [-2.3635567868021163, 1.0457176972999176, -2.2069036922191607], "SNR": 500000, "name": "1f1b"}