{"loc": [-1, 4, -6], "rotate": [2.385412696930176, 1.558613799379629, 0.6870947494025108], "SNR": 500000, "name": "1f1b"}