{"loc": [4, 6, 2], "rotate": [3.0173567006049935, 0.7505216291462539, -0.7725791122238724], "SNR": 500000, "name": "1f1b"}