{"loc": [4, 0, 5], "rotate": [2.549081525783989, 1.3922151244695073, 0.8370723251616748], "SNR": 500000, "name": "1f1b"}