{"loc": [-1, 4, 6], "rotate": [2.7086954578348634, 0.6169172701446236, -0.23462943557346772], "SNR": 500000, "name": "1f1b"}