{"loc": [2, -5, -3], "rotate": [-1.9174881895926217, 1.5596216211094736, -2.4281975305235415], "SNR": 500000, "name": "1f1b"}