{"loc": [-7, 4, -1], "rotate": [-3.002740988693752, 0.8577464375512593, -1.1275764890026447], "SNR": 500000, "name": "1f1b"}