{"loc": [2, 2, 7], "rotate": [2.523286719584859, 0.8858670609681429, 0.32968991858503666], "SNR": 500000, "name": "1f1b"}