{"loc": [5, 4, 0], "rotate": [2.5191044779144995, 1.5202674941660816, 0.524924271489794], "SNR": 500000, "name": "1f1b"}