{"loc": [3, 7, 0], "rotate": [3.051045233698735, 0.45414943002672303, -0.4562175792585877], "SNR": 500000, "name": "1f1b"}