{"loc": [-5, 7, -3], "rotate": [-1.8900173957081732, 1.668758830628405, -2.1914846045137715], "SNR": 500000, "name": "1f1b"}