{"loc": [-2, -1, -7], "rotate": [-2.0569460106684225, 1.3728852367501307, -1.7018062298145822], "SNR": 500000, "name": "1f1b"}