{"loc": [-6, 3, -2], "rotate": [1.7236336972060173, 1.6205989597118136, 1.1640375726137577], "SNR": 500000, "name": "1f1b"}