{"loc": [6, 0, -4], "rotate": [-2.1049046799620847, 1.355835011265559, -2.0293352626465464], "SNR": 500000, "name": "1f1b"}