{"loc": [7, 3, 1], "rotate": [-2.4823692829248873, 0.40934455234527867, -1.4700258810637867], "SNR": 500000, "name": "1f1b"}