{"loc": [0, 5, -7], "rotate": [2.5374726812928623, 1.2099183726107003, 0.6240519839964891], "SNR": 500000, "name": "1f1b"}