{"loc": [4, -6, -2], "rotate": [-2.5540091256855937, 0.8549187559026339, -1.539004970161406], "SNR": 500000, "name": "1f1b"}