{"loc": [-5, -6, -4], "rotate": [2.4457167816361918, 1.906144915540179, 1.2043853935291844], "SNR": 500000, "name": "1f1b"}