{"loc": [0, -6, 6], "rotate": [-2.6760530317645506, 0.6849417447637501, -1.9119619735162345], "SNR": 500000, "name": "1f1b"}