{"loc": [-3, 0, -2], "rotate": [2.9266954151707076, 0.9905421333153898, -0.7132236479451262], "SNR": 500000, "name": "1f1b"}