{"loc": [-6, 1, -5], "rotate": [2.903221548197829, 0.9330320654841816, -0.31249564771547966], "SNR": 500000, "name": "1f1b"}