{"loc": [0, 2, 4], "rotate": [-2.5525428402040107, 0.9285416615153325, -1.3014675709375652], "SNR": 500000, "name": "1f1b"}