{"loc": [2, 4, -5], "rotate": [-2.6359027422376595, 2.6253239715203915, 2.6033655899651564], "SNR": 500000, "name": "1f1b"}