{"loc": [3, 6, -7], "rotate": [2.7550151581427875, 0.799071619521687, -0.11368693679417925], "SNR": 500000, "name": "1f1b"}