{"loc": [7, -3, 5], "rotate": [-2.632551627844472, 0.8496088384373086, -1.4823413862472794], "SNR": 500000, "name": "1f1b"}