{"loc": [1, 7, 0], "rotate": [2.1495256524395723, 1.6873292119409733, 0.7496320277826484], "SNR": 500000, "name": "1f1b"}