{"loc": [0, -5, -4], "rotate": [3.038621936968045, 0.6590019570254193, -0.539896718389411], "SNR": 500000, "name": "1f1b"}