{"loc": [-1, 2, -5], "rotate": [2.605759756114406, 0.635042596324755, 0.07592584748025558], "SNR": 500000, "name": "1f1b"}