{"loc": [-3, 1, 0], "rotate": [-2.4601149680362413, 2.0238638565811513, -2.7116195123092703], "SNR": 500000, "name": "1f1b"}