{"loc": [-7, -6, 2], "rotate": [-2.9159575936995736, 0.2980972706787173, -1.3464492562546178], "SNR": 500000, "name": "1f1b"}