{"loc": [0, 5, -1], "rotate": [2.082862468797094, 1.8423436697007358, 0.8006226380622731], "SNR": 500000, "name": "1f1b"}