{"loc": [0, -4, -3], "rotate": [3.0369935747071306, 0.12288792474729233, -0.7445690476180489], "SNR": 500000, "name": "1f1b"}