{"loc": [-2, 4, -5], "rotate": [-2.7696005357132285, 0.5548813514786767, -1.5613489531501692], "SNR": 500000, "name": "1f1b"}