{"loc": [4, -4, 0], "rotate": [2.3847688617611063, 0.24634345022467546, 0.06078531081607896], "SNR": 500000, "name": "1f1b"}