{"loc": [-6, 0, -7], "rotate": [3.094130073337075, 0.6330629774789165, -0.4950768941125019], "SNR": 500000, "name": "1f1b"}