{"loc": [0, -5, -4], "rotate": [2.1890767483595783, 1.0779105329813363, 0.11417653028341374], "SNR": 500000, "name": "1f1b"}