{"loc": [-4, -2, 0], "rotate": [-2.5120965860179973, 0.9924747001469257, -1.44405847715566], "SNR": 500000, "name": "1f1b"}