{"loc": [6, 6, 6], "rotate": [2.112607095846724, 1.3448644096888052, 0.6874221263095379], "SNR": 500000, "name": "1f1b"}