{"loc": [-7, 2, -5], "rotate": [-1.9649055792672327, 1.0642259288101386, -2.241497471933337], "SNR": 500000, "name": "1f1b"}