{"loc": [-7, 2, 5], "rotate": [-2.5967380468207146, 0.863901649764959, -1.6196235262147385], "SNR": 500000, "name": "1f1b"}