{"loc": [5, 1, 7], "rotate": [3.0302769956707056, 0.6391228421161773, -0.4873054724270847], "SNR": 500000, "name": "1f1b"}