{"loc": [4, -1, -4], "rotate": [-2.7033509041586417, 1.1041495391869651, -1.1520586691426378], "SNR": 500000, "name": "1f1b"}