{"loc": [-3, -4, 7], "rotate": [2.4877739073630516, 1.2072324576098579, 0.32789594313842124], "SNR": 500000, "name": "1f1b"}