{"loc": [-2, 3, 2], "rotate": [2.9534006870802276, 2.34306998575176, 1.7161599374327763], "SNR": 500000, "name": "1f1b"}