{"loc": [0, 0, -6], "rotate": [2.111955525947198, 0.4830544994931961, 0.5065536490652531], "SNR": 500000, "name": "1f1b"}