{"loc": [0, -6, 4], "rotate": [2.2480308291425795, 1.6362470192772725, 0.5789192967079368], "SNR": 500000, "name": "1f1b"}