{"loc": [1, 4, -6], "rotate": [-3.0841255498607967, 0.8319426483271439, -0.75936450032473], "SNR": 500000, "name": "1f1b"}