{"loc": [0, 1, 3], "rotate": [2.7938209516153742, 0.5462685792747677, -0.40694878385552813], "SNR": 500000, "name": "1f1b"}