{"loc": [2, -7, 0], "rotate": [1.8517107031435762, 1.1511974581255864, 0.770812236225777], "SNR": 500000, "name": "1f1b"}