{"loc": [6, 5, 4], "rotate": [-2.1432523855512797, 1.7806287453669578, -2.4328603726205835], "SNR": 500000, "name": "1f1b"}