{"loc": [-5, -3, -4], "rotate": [-2.607575239206059, 0.7424481927346969, -1.6280404002124178], "SNR": 500000, "name": "1f1b"}