{"loc": [-5, 0, -6], "rotate": [2.525046286711158, 0.7937180996592883, 0.34502009697686975], "SNR": 500000, "name": "1f1b"}