{"loc": [0, 5, -2], "rotate": [-2.9219283151460704, 0.9449290590703753, -1.340039394597138], "SNR": 500000, "name": "1f1b"}