{"loc": [5, -6, -6], "rotate": [2.036619419452751, 2.0379404653252564, 0.9737989919357244], "SNR": 500000, "name": "1f1b"}