{"loc": [-4, 6, 0], "rotate": [2.348302388456858, 1.4348860738189437, 0.11369550222751529], "SNR": 500000, "name": "1f1b"}