{"loc": [-5, -7, 3], "rotate": [2.3340663795918197, 1.2579449550130521, 0.3909925756992697], "SNR": 500000, "name": "1f1b"}