{"loc": [3, 5, -4], "rotate": [2.1483579620920024, 1.3993641275646331, 0.8407985679639056], "SNR": 500000, "name": "1f1b"}