{"loc": [-5, -4, -5], "rotate": [2.495218790866971, 1.384086735879219, 0.17654582959128517], "SNR": 500000, "name": "1f1b"}