{"loc": [-5, 7, -6], "rotate": [-2.083663030637798, 1.5029136202172915, -2.7321042625530887], "SNR": 500000, "name": "1f1b"}