{"loc": [0, 4, 5], "rotate": [-2.999450907320015, 0.8520471010406135, -1.2375094108786828], "SNR": 500000, "name": "1f1b"}