{"loc": [-7, -1, 7], "rotate": [2.5407363222130512, 0.8788181956001624, 0.06572601189625896], "SNR": 0.03, "name": "1f1b"}