{"loc": [-4, 1, 0], "rotate": [2.524421146091751, 0.3519215084925918, -0.4693392519591252], "SNR": 0.03, "name": "1f1b"}