{"loc": [0, 6, -7], "rotate": [2.0992991945192427, 1.3454347282972576, 0.6772423987597461], "SNR": 0.03, "name": "1f1b"}