{"loc": [-2, -4, 3], "rotate": [0.4359220446754471, 0.8948119784733296, -1.420041325403191], "SNR": 0.03, "name": "1f1b"}