{"loc": [-1, 5, 6], "rotate": [2.3926388783823103, 1.6379150695382212, 1.4165021801502318], "SNR": 0.03, "name": "1f1b"}