{"loc": [-1, 0, 0], "rotate": [2.3968830068221645, 2.301446249239748, 1.1744861226329706], "SNR": 0.03, "name": "1f1b"}