{"loc": [-2, 2, 5], "rotate": [1.9812939993686227, 1.419958615731093, 0.9622892940448516], "SNR": 0.03, "name": "1f1b"}