{"loc": [1, 2, 2], "rotate": [-2.2502813955474887, 0.9727431540350093, -2.0646182104923825], "SNR": 0.03, "name": "1f1b"}