{"loc": [2, -3, -1], "rotate": [2.450593034580275, 0.37267814562534474, -0.35688717183273555], "SNR": 0.03, "name": "1f1b"}