{"loc": [6, 5, 6], "rotate": [-2.581336314639753, 2.2470152558182135, 2.701520082337938], "SNR": 0.03, "name": "1f1b"}