{"loc": [-1, -5, -6], "rotate": [-0.07998049999985524, 2.167132895195975, 2.2778322236806723], "SNR": 0.03, "name": "1f1b"}