{"loc": [-3, -6, 0], "rotate": [-2.730903472799445, 0.6961972293142593, -1.5028042742221837], "SNR": 0.03, "name": "1f1b"}