{"loc": [-7, -5, -6], "rotate": [-3.0227559877109025, 0.5766534253961916, -1.1078240405310138], "SNR": 0.03, "name": "1f1b"}