{"loc": [5, -3, 0], "rotate": [-2.3817001298550595, 1.0044675917811625, -1.7611314116038876], "SNR": 0.03, "name": "1f1b"}