{"loc": [-1, 3, -1], "rotate": [-2.295323436438235, 0.5317194462422448, -1.3592875054517362], "SNR": 0.03, "name": "1f1b"}