{"loc": [3, 2, 7], "rotate": [2.0877710659728654, 1.6779157494012416, 0.689097179378264], "SNR": 0.03, "name": "1f1b"}