{"loc": [-2, 0, -4], "rotate": [2.466465586595564, 1.0125074657258069, 0.5465277332581863], "SNR": 0.03, "name": "1f1b"}