{"loc": [0, 6, -4], "rotate": [-2.676764511610626, 0.26616800081330894, -1.5683572375218842], "SNR": 0.03, "name": "1f1b"}