{"loc": [6, 3, -7], "rotate": [2.201281870578287, 1.0211815719106436, 0.23065632993691354], "SNR": 0.03, "name": "1f1b"}