{"loc": [-7, 7, -3], "rotate": [-2.3863059429377205, 1.546455421086474, -2.3823314848905426], "SNR": 0.03, "name": "1f1b"}