{"loc": [2, -2, -5], "rotate": [2.4671113232654807, 2.6781870546539133, 1.8080525728221313], "SNR": 0.03, "name": "1f1b"}