{"loc": [5, -1, -2], "rotate": [2.2990951364900587, 1.551229924324882, 0.623348332456674], "SNR": 0.03, "name": "1f1b"}