{"loc": [-6, 6, -7], "rotate": [2.4924636901422925, 0.846381849094059, 0.01652730847792702], "SNR": 0.03, "name": "1f1b"}