{"loc": [0, 0, 5], "rotate": [2.4076618437033055, 1.547200047944022, 1.0828433142158782], "SNR": 0.03, "name": "1f1b"}