{"loc": [-4, -2, 6], "rotate": [-2.5355366572766282, 1.4280426322979314, -1.704520438546489], "SNR": 0.03, "name": "1f1b"}