{"loc": [4, -1, -6], "rotate": [-2.1860152144559297, 0.9124409413139505, -2.0512133328952777], "SNR": 0.03, "name": "1f1b"}