{"loc": [6, 1, -1], "rotate": [-2.3098890888043258, 1.063063071998647, -1.6279042336277658], "SNR": 0.03, "name": "1f1b"}