{"loc": [0, -6, 3], "rotate": [2.3939848442586418, 2.281754724981006, 1.0948616738065133], "SNR": 0.03, "name": "1f1b"}