{"loc": [-2, 3, -1], "rotate": [2.7921766870194147, 0.183334029673055, -0.7625179211371997], "SNR": 0.03, "name": "1f1b"}