{"loc": [-7, 0, -1], "rotate": [1.9460348409240515, 1.5690949569720685, 0.7070397272664551], "SNR": 0.03, "name": "1f1b"}