{"loc": [5, 0, 2], "rotate": [2.853222994897913, 0.6494182667407419, -0.4948800762302745], "SNR": 0.03, "name": "1f1b"}