{"loc": [5, 7, 5], "rotate": [2.0597773036646356, 0.5447558823607589, 0.11119456993742495], "SNR": 0.03, "name": "1f1b"}