{"loc": [4, 5, -5], "rotate": [-3.113001943593337, 0.3609179327512885, -0.9421224739414671], "SNR": 0.03, "name": "1f1b"}