{"loc": [-5, -4, 1], "rotate": [2.2223305298966407, 0.8498697092534512, 0.21013547827173476], "SNR": 0.03, "name": "1f1b"}