{"loc": [-6, 5, 2], "rotate": [-1.8057329258800598, 0.937664789792547, -2.0269759218775816], "SNR": 0.03, "name": "1f1b"}