{"loc": [1, -5, 2], "rotate": [-2.195364540593697, 2.0049570839200874, -2.641541001454332], "SNR": 0.03, "name": "1f1b"}