{"loc": [-7, -6, -2], "rotate": [-2.7267962295721824, 0.8465066112642134, -1.6663367394053907], "SNR": 0.03, "name": "1f1b"}