{"loc": [5, 7, 1], "rotate": [2.0707304668241884, 1.7527687226738218, 0.9461455598810137], "SNR": 0.03, "name": "1f1b"}