{"loc": [7, 0, 6], "rotate": [-2.1840389237777162, 2.166971037663587, -2.573315093770048], "SNR": 0.03, "name": "1f1b"}