{"loc": [-1, 0, 1], "rotate": [2.563724004277187, 1.970285538863886, 1.1690191938351076], "SNR": 0.03, "name": "1f1b"}