{"loc": [-7, -7, -3], "rotate": [-2.735302087015596, 0.6516169192687282, -1.1511225418263695], "SNR": 0.03, "name": "1f1b"}