{"loc": [1, 0, -7], "rotate": [2.296127343866669, 1.7790102378528636, 0.9752030841770067], "SNR": 0.03, "name": "1f1b"}