{"loc": [-7, 4, 7], "rotate": [2.457144488328944, 1.2536812848265777, -0.1907672049355117], "SNR": 0.03, "name": "1f1b"}