{"loc": [-1, 7, -1], "rotate": [2.287175671323178, 1.2653055789840866, 0.004089447602089786], "SNR": 0.03, "name": "1f1b"}