{"loc": [-4, -3, -3], "rotate": [-2.2084862949297657, 2.395299673947385, -2.952187804897623], "SNR": 0.03, "name": "1f1b"}