{"loc": [1, -5, 0], "rotate": [2.187064638932487, 1.2012933735307385, 0.5097417845879507], "SNR": 0.03, "name": "1f1b"}