{"loc": [5, -7, 5], "rotate": [-2.714163360996336, 0.7864777082558958, -1.4370264360962333], "SNR": 0.03, "name": "1f1b"}