{"loc": [3, 0, 2], "rotate": [-1.967633488220535, 2.0235998939066655, -2.3811090489439937], "SNR": 0.03, "name": "1f1b"}