{"loc": [5, 0, -1], "rotate": [-2.501715061528063, 1.2500564192462402, -1.7652575844073999], "SNR": 0.03, "name": "1f1b"}