{"loc": [-5, -3, -3], "rotate": [2.1762297986265984, 1.6178230010288248, 0.8088259160602173], "SNR": 0.03, "name": "1f1b"}