{"loc": [-6, 5, 3], "rotate": [-2.024297083584263, 0.6366379315069525, -2.136669096787662], "SNR": 0.03, "name": "1f1b"}