{"loc": [-2, -4, 1], "rotate": [-2.300079861639644, 1.0234258147637898, -1.9088213533897962], "SNR": 0.03, "name": "1f1b"}