{"loc": [-6, 6, -2], "rotate": [-0.44210820755336705, 1.3953559549721832, 0.6629771627490638], "SNR": 0.03, "name": "1f1b"}