{"loc": [0, -2, 1], "rotate": [-2.1584110125870235, 1.950732650214761, -2.219062286738781], "SNR": 0.03, "name": "1f1b"}