{"loc": [-5, 0, -5], "rotate": [2.395908584136311, 1.523427155341462, 0.19186279174587115], "SNR": 0.03, "name": "1f1b"}