{"loc": [2, -4, 1], "rotate": [2.6281923240589706, 2.5184957070267338, 1.871669479302576], "SNR": 0.03, "name": "1f1b"}