{"loc": [2, -2, -5], "rotate": [2.595206876670226, 0.771187415943224, -0.3541323198525459], "SNR": 0.03, "name": "1f1b"}