{"loc": [5, 5, 0], "rotate": [-2.100837893996782, 1.4823942483809043, -1.8925024556987706], "SNR": 0.03, "name": "1f1b"}