{"loc": [1, 6, 0], "rotate": [2.149957508897159, 1.1893690154510959, 0.5128068671707817], "SNR": 0.03, "name": "1f1b"}