{"loc": [5, -5, -1], "rotate": [2.2229048624852026, 1.1827388137134236, 0.6400457765979992], "SNR": 0.03, "name": "1f1b"}