{"loc": [-2, -5, 3], "rotate": [2.2949281693567105, 1.7871091286627918, 0.9456255802653322], "SNR": 0.03, "name": "1f1b"}