{"loc": [-6, -7, -2], "rotate": [2.835877456509923, 1.016056457070277, -0.23457995153516192], "SNR": 0.03, "name": "1f1b"}