{"loc": [-7, -6, 5], "rotate": [-2.0702466919685514, 1.227251621358946, -2.3361840881515312], "SNR": 0.03, "name": "1f1b"}