{"loc": [-1, -4, 1], "rotate": [2.561499407807465, 2.4310277553744597, 1.872422658056973], "SNR": 0.03, "name": "1f1b"}