{"loc": [-6, 2, -5], "rotate": [2.8627982597943045, 1.0414623697881749, -0.13891313451755366], "SNR": 0.03, "name": "1f1b"}