{"loc": [-7, -2, 0], "rotate": [2.1146347294227414, 1.4117771694129742, 0.866921918736926], "SNR": 0.03, "name": "1f1b"}