{"loc": [-7, 3, 7], "rotate": [2.3668773327249446, 0.9234128937113323, -0.14669077727493315], "SNR": 0.03, "name": "1f1b"}