{"loc": [4, -4, 2], "rotate": [2.1877834483922, 1.5078465143111004, 0.808491583805156], "SNR": 0.03, "name": "1f1b"}