{"loc": [-1, -6, 3], "rotate": [2.6473242264238577, 2.31603729582774, 1.738295621572459], "SNR": 0.03, "name": "1f1b"}