{"loc": [-7, -6, 7], "rotate": [-2.825494481139523, 0.7409003134844782, -0.8949705066168645], "SNR": 0.03, "name": "1f1b"}