{"loc": [-7, -6, 0], "rotate": [2.360982977379296, 1.1812635301686416, 0.23733311928497042], "SNR": 0.03, "name": "1f1b"}