{"loc": [-3, 7, 3], "rotate": [-2.809388820557892, 0.5734131852596479, -1.4833403093864321], "SNR": 0.03, "name": "1f1b"}