{"loc": [-7, -7, 1], "rotate": [2.351736779900193, 1.066690451409484, -0.07495351093442855], "SNR": 0.03, "name": "1f1b"}