{"loc": [1, -6, 0], "rotate": [2.7428401275838303, 0.8593933092257903, -0.09771353932168426], "SNR": 0.03, "name": "1f1b"}