{"loc": [7, 6, 6], "rotate": [2.517056701612639, 0.860401445635751, -0.12411130266854158], "SNR": 0.03, "name": "1f1b"}