{"loc": [0, 7, -3], "rotate": [2.7971728756734473, 0.6184256122002381, -0.3967067848710166], "SNR": 0.03, "name": "1f1b"}