{"loc": [-7, 5, 5], "rotate": [-2.4490122051959893, 1.081110236661101, -1.7690038737868339], "SNR": 0.03, "name": "1f1b"}