{"loc": [-4, -3, 5], "rotate": [2.032854341950185, 0.9850082633767824, 0.6035335367915425], "SNR": 0.03, "name": "1f1b"}