{"loc": [2, -5, 7], "rotate": [2.5430340381289476, 0.8877751011819883, 0.2645239818481528], "SNR": 0.03, "name": "1f1b"}