{"loc": [-7, -7, 2], "rotate": [-2.3278916708757547, 0.6494030723509104, -1.542330087872108], "SNR": 0.03, "name": "1f1b"}