{"loc": [-1, -6, -7], "rotate": [-2.384721020471785, 0.7548788638996101, -1.379930312347833], "SNR": 0.03, "name": "1f1b"}