{"loc": [-5, -3, 0], "rotate": [2.911712195473849, 0.8254589969364913, -0.33721066528424837], "SNR": 0.03, "name": "1f1b"}