{"loc": [6, 0, 6], "rotate": [-2.1443655930270706, 1.3681369577886577, -2.0439352766626446], "SNR": 0.03, "name": "1f1b"}