{"loc": [-4, 0, 1], "rotate": [2.7362230929430424, 0.698810655495802, -0.6411415485132661], "SNR": 0.03, "name": "1f1b"}