{"loc": [-6, 2, 7], "rotate": [2.989480199434233, 1.0030339475951897, -0.3023320251824888], "SNR": 0.03, "name": "1f1b"}