{"loc": [1, -7, -5], "rotate": [-2.3947052492143692, 1.1872391315216924, -2.085594365002968], "SNR": 0.03, "name": "1f1b"}