{"loc": [0, 5, 6], "rotate": [-2.50409954889767, 0.6026222146110621, -1.370237469546874], "SNR": 0.03, "name": "1f1b"}