{"loc": [-4, 0, -5], "rotate": [1.7865333630450762, 2.3217569731347836, 0.9092981457045247], "SNR": 0.03, "name": "1f1b"}