{"loc": [6, -3, -5], "rotate": [-2.2519425597776745, 0.4096126358341957, -1.6408570358604175], "SNR": 0.03, "name": "1f1b"}