{"loc": [-3, 1, 0], "rotate": [2.437305522225107, 1.6980589617318422, 0.930421727530165], "SNR": 0.03, "name": "1f1b"}