{"loc": [-3, -2, 2], "rotate": [2.2625901418331322, 1.0384753727787648, 0.5742060458793679], "SNR": 0.03, "name": "1f1b"}