{"loc": [2, 0, 1], "rotate": [-3.0999361434396233, 2.3244615012403904, 2.242969279491453], "SNR": 0.03, "name": "1f1b"}