{"loc": [5, 4, 0], "rotate": [2.113627827357606, 1.665938222591257, 0.6064429222149995], "SNR": 0.03, "name": "1f1b"}