{"loc": [6, -2, 4], "rotate": [-2.520217526278374, 0.6563777017212473, -1.0941181399638216], "SNR": 0.03, "name": "1f1b"}