{"loc": [2, 7, 7], "rotate": [2.420536661566174, 0.6009519231321423, 0.579863028995391], "SNR": 0.03, "name": "1f1b"}