{"loc": [5, -2, 7], "rotate": [2.70141955531355, 1.2673119886235082, 1.5110881714717088e-05], "SNR": 0.03, "name": "1f1b"}