{"loc": [-5, 4, -5], "rotate": [2.9657723115930588, 0.5492395578981879, -0.39201559702867317], "SNR": 0.03, "name": "1f1b"}