{"loc": [-1, -5, 7], "rotate": [-2.3859842517845604, 1.5264809001727517, -1.7858721881151967], "SNR": 0.03, "name": "1f1b"}