{"loc": [1, -4, -1], "rotate": [1.9512391208126245, 1.5973551942797821, 0.9782601505406932], "SNR": 0.03, "name": "1f1b"}