{"loc": [-3, 5, -3], "rotate": [-2.6553200122327993, 0.7870943179478023, -1.8187735735018058], "SNR": 0.03, "name": "1f1b"}