{"loc": [-7, 2, 1], "rotate": [-2.622442940747978, 0.382398481920273, -1.2188298286512846], "SNR": 0.03, "name": "1f1b"}