{"loc": [-5, 7, 6], "rotate": [2.3561958532700427, 1.3953943349332991, 0.3282056261830916], "SNR": 0.03, "name": "1f1b"}