{"loc": [-4, 1, 1], "rotate": [-2.54893126294327, 1.0123525073099622, -1.422025110818174], "SNR": 0.03, "name": "1f1b"}