{"loc": [-6, 0, -3], "rotate": [-2.3148752445135754, 0.8053999776505875, -2.0192494993268566], "SNR": 0.03, "name": "1f1b"}