{"loc": [-6, 1, 6], "rotate": [-2.682991089250839, 1.6897876205363052, -2.641586017899134], "SNR": 0.03, "name": "1f1b"}