{"loc": [-6, 5, 7], "rotate": [2.22082957786688, 1.3933959269694323, 0.2567642118330999], "SNR": 0.03, "name": "1f1b"}