{"loc": [6, -6, -2], "rotate": [2.5166372544958535, 0.6954686790194166, -0.015403997243930748], "SNR": 0.03, "name": "1f1b"}