{"loc": [7, -4, 0], "rotate": [2.0863513521513743, 1.1873416415045817, 0.46094933124413184], "SNR": 0.03, "name": "1f1b"}