{"loc": [0, 0, 0], "rotate": [2.7176497170262315, 2.3611156378969476, 2.19464059214665], "SNR": 0.03, "name": "1f1b"}