{"loc": [2, -3, 1], "rotate": [-2.3613861114122456, 0.9425401544209273, -1.9527878915105394], "SNR": 0.03, "name": "1f1b"}