{"loc": [-6, -5, 6], "rotate": [-2.3768446767661553, 1.0366475174476755, -1.3611230333532816], "SNR": 0.03, "name": "1f1b"}