{"loc": [0, -3, -4], "rotate": [-2.9078876908309605, 2.2196280118726044, 2.8127388450200743], "SNR": 0.03, "name": "1f1b"}