{"loc": [6, -4, 6], "rotate": [-2.608554148069479, 1.3755474842129551, -1.52340295852439], "SNR": 0.03, "name": "1f1b"}