{"loc": [-3, -3, -7], "rotate": [-2.5938807754389144, 0.7629074884734937, -1.7553360791688914], "SNR": 0.03, "name": "1f1b"}