{"loc": [-2, -5, 2], "rotate": [2.2782196418991503, 1.1368390783636757, 0.7038298572618071], "SNR": 0.03, "name": "1f1b"}