{"loc": [1, -2, -5], "rotate": [-2.0799382499273764, 1.2131219439333536, -2.128828735106664], "SNR": 0.03, "name": "1f1b"}