{"loc": [-3, 6, -3], "rotate": [-2.5782619810959817, 0.6883107056547526, -2.0192029966148333], "SNR": 0.03, "name": "1f1b"}