{"loc": [-4, 0, -5], "rotate": [-2.6829900255989676, 0.8858833361950211, -0.8073227438455298], "SNR": 0.03, "name": "1f1b"}