{"loc": [-3, 1, -6], "rotate": [-3.1290325403154617, 0.7718821965347741, -1.113948406803378], "SNR": 0.03, "name": "1f1b"}