{"loc": [-6, -5, 7], "rotate": [-2.449723163576362, 0.9005621399212658, -1.8486658782670984], "SNR": 0.03, "name": "1f1b"}