{"loc": [7, 5, 0], "rotate": [-2.771901313274649, 0.6994638218943913, -0.9893996296995572], "SNR": 0.03, "name": "1f1b"}