{"loc": [6, -6, 3], "rotate": [2.42539919391399, 0.26993672010353, -0.16282998979437957], "SNR": 0.03, "name": "1f1b"}