{"loc": [7, -2, 7], "rotate": [-1.9214940822679654, 1.9691131476651655, -2.635018962730496], "SNR": 0.03, "name": "1f1b"}