{"loc": [6, -3, 2], "rotate": [-2.3649195621299848, 1.0893079860293042, -1.6263236047474245], "SNR": 0.03, "name": "1f1b"}