{"loc": [-4, 6, -4], "rotate": [3.0251064444948916, 2.5922290513525663, 2.320753836454973], "SNR": 0.03, "name": "1f1b"}