{"loc": [-3, 4, -1], "rotate": [-2.3914621141832124, 0.7355625077877664, -1.455964409893568], "SNR": 0.03, "name": "1f1b"}