{"loc": [1, 6, 1], "rotate": [-2.203225917588423, 0.8789065985887553, -2.058411419639935], "SNR": 0.03, "name": "1f1b"}