{"loc": [-1, 5, 0], "rotate": [-3.1206502078911518, 0.6754757476597116, -0.8018520580378916], "SNR": 0.03, "name": "1f1b"}