{"loc": [-6, 1, 0], "rotate": [2.407006707274211, 1.1756803858347549, -0.044280428753033195], "SNR": 0.03, "name": "1f1b"}