{"loc": [-7, -4, 0], "rotate": [2.739285092390552, 0.9041417724615455, -0.30220260372394897], "SNR": 0.03, "name": "1f1b"}