{"loc": [-4, -5, 5], "rotate": [2.95711897136077, 0.5527557290991424, -0.8364839798557339], "SNR": 0.03, "name": "1f1b"}