{"loc": [7, 0, -4], "rotate": [-2.218841746149162, 0.5318371021594306, -2.1455457089201864], "SNR": 0.03, "name": "1f1b"}