{"loc": [-7, 5, -4], "rotate": [-2.2385105652512656, 1.5274320357412963, -2.7011722314988598], "SNR": 0.03, "name": "1f1b"}