{"loc": [-3, -7, -4], "rotate": [2.965241345782113, 0.7765076534000854, -0.30212679395564457], "SNR": 0.03, "name": "1f1b"}