{"loc": [-5, 6, 2], "rotate": [2.067402006628339, 1.4550306362201364, 0.8194373669376296], "SNR": 0.03, "name": "1f1b"}