{"loc": [-7, -1, -5], "rotate": [1.02152975027787, 1.9621829739643792, -2.535259891558864], "SNR": 0.03, "name": "1f1b"}