{"loc": [6, 5, 3], "rotate": [2.35079449243177, 1.177952889900204, 0.418017943380145], "SNR": 0.03, "name": "1f1b"}