{"loc": [1, -5, -4], "rotate": [-2.5450759795533164, 0.9653269148425417, -1.1882396139215994], "SNR": 0.03, "name": "1f1b"}