{"loc": [-4, -6, 5], "rotate": [2.6958090405103556, 1.0334948046065981, 0.1853605596559921], "SNR": 0.03, "name": "1f1b"}