{"loc": [5, -3, -4], "rotate": [-2.3494341240892482, 0.8006096852390624, -2.0314062142494866], "SNR": 0.03, "name": "1f1b"}