{"loc": [-7, 3, 5], "rotate": [2.4735780616330345, 1.8983888959013757, 0.9330034374666448], "SNR": 0.03, "name": "1f1b"}