{"loc": [5, -1, -2], "rotate": [2.8411600270636064, 2.4073784964281626, 1.9006043126974825], "SNR": 0.03, "name": "1f1b"}