{"loc": [7, 1, 2], "rotate": [-2.231134836482023, 0.83551772850941, -2.0139690302723112], "SNR": 0.03, "name": "1f1b"}