{"loc": [7, 1, 3], "rotate": [1.8374660076350904, 1.275803531495663, 0.26566653447139654], "SNR": 0.03, "name": "1f1b"}