{"loc": [7, 7, -3], "rotate": [2.8677809189550874, 0.947100294727241, -0.7094412605960826], "SNR": 0.03, "name": "1f1b"}