{"loc": [-6, -7, -3], "rotate": [-2.2489909048792307, 0.7324298065655072, -1.8846778930177115], "SNR": 0.03, "name": "1f1b"}