{"loc": [-7, 0, -2], "rotate": [2.3729484130790257, 0.8363555245760008, 0.01998823785110727], "SNR": 0.03, "name": "1f1b"}