{"loc": [2, -4, -7], "rotate": [-2.9774732088326696, 1.3327544608893787, -1.6708526617684345], "SNR": 0.03, "name": "1f1b"}