{"loc": [-7, 7, 0], "rotate": [1.8212294876267843, 2.0044515756665455, 0.9929690210056328], "SNR": 0.03, "name": "1f1b"}