{"loc": [-2, -3, -4], "rotate": [2.8106730349351676, 0.6505967216962191, -0.08334585864733556], "SNR": 0.03, "name": "1f1b"}