{"loc": [-4, 0, -1], "rotate": [-2.5257384711211883, 1.54945092833308, -2.086356311779181], "SNR": 0.03, "name": "1f1b"}