{"loc": [-7, 7, 0], "rotate": [2.575577057128592, 1.967891595612082, 1.2970085795090205], "SNR": 0.03, "name": "1f1b"}