{"loc": [-7, -7, -7], "rotate": [2.7553521467221125, 0.247588709755605, -0.2690151829944663], "SNR": 0.03, "name": "1f1b"}