{"loc": [7, 7, 1], "rotate": [-1.9965656081925065, 1.453166376443527, -2.3797589440557725], "SNR": 0.03, "name": "1f1b"}