{"loc": [7, 0, -4], "rotate": [-2.126011768017532, 1.6929614319964954, -2.238833109294682], "SNR": 0.03, "name": "1f1b"}