{"loc": [-3, 0, -5], "rotate": [-2.2755280174462587, 1.2830391708059559, -2.0912207093481894], "SNR": 0.03, "name": "1f1b"}