{"loc": [5, 3, -1], "rotate": [2.379256472309159, 1.4797291047044423, -0.035870838549139646], "SNR": 0.03, "name": "1f1b"}