{"loc": [-1, -1, 4], "rotate": [2.1055039559898767, 1.373678713179665, 0.8838344707177271], "SNR": 0.03, "name": "1f1b"}