{"loc": [1, -3, -3], "rotate": [-2.1531098767008365, 1.3870935181299344, -2.1811828254789525], "SNR": 0.03, "name": "1f1b"}