{"loc": [-6, -2, 7], "rotate": [-2.803400138307287, 0.46814168604280654, -1.5351979979155712], "SNR": 0.03, "name": "1f1b"}