{"loc": [-2, 0, 3], "rotate": [2.350854634318242, 1.1654502049153765, 0.3848745345066522], "SNR": 0.03, "name": "1f1b"}