{"loc": [3, 6, 3], "rotate": [2.5342653066069865, 0.9250128554748722, 0.6123348450042544], "SNR": 0.03, "name": "1f1b"}