{"loc": [-3, -1, 1], "rotate": [-3.0320130968684067, 0.4907892111331315, -0.7232817667226203], "SNR": 0.03, "name": "1f1b"}