{"loc": [-4, 5, 2], "rotate": [2.1762390115284465, 1.6248409705488922, 0.6434478388010277], "SNR": 0.03, "name": "1f1b"}