{"loc": [4, 7, -5], "rotate": [2.794172271607798, 0.810998227617745, -0.6710904775388216], "SNR": 0.03, "name": "1f1b"}