{"loc": [6, 2, -1], "rotate": [2.7943953047801435, 0.9957105756159165, -0.038396752803673606], "SNR": 0.03, "name": "1f1b"}