{"loc": [4, 1, 4], "rotate": [2.300051104963074, 1.0239629040892926, 0.5287872988121438], "SNR": 0.03, "name": "1f1b"}