{"loc": [7, 5, 2], "rotate": [2.1177113618834422, 1.523898700399603, 0.9343287658825482], "SNR": 0.03, "name": "1f1b"}