{"loc": [6, -6, -7], "rotate": [-2.0781554666724786, 1.061939455689583, -1.581677402520746], "SNR": 0.03, "name": "1f1b"}