{"loc": [7, 5, 2], "rotate": [2.1868150806177784, 1.5229500530740847, 0.9571033532102367], "SNR": 0.03, "name": "1f1b"}