{"loc": [-3, 6, -6], "rotate": [2.7791466695277594, 2.238159429566781, 1.6654490131503725], "SNR": 0.03, "name": "1f1b"}