{"loc": [0, -2, -1], "rotate": [-2.620671922877741, 1.0800313739507852, -1.6843502462901783], "SNR": 0.03, "name": "1f1b"}