{"loc": [-7, -4, 4], "rotate": [2.136710665059862, 1.7101048353415254, 0.9890644176284433], "SNR": 0.03, "name": "1f1b"}