{"loc": [7, 0, -2], "rotate": [2.120027591860601, 0.6445145873204221, 0.7671211374379415], "SNR": 0.03, "name": "1f1b"}