{"loc": [5, -6, 2], "rotate": [-2.807604524095824, 0.7604684521119355, -1.4272508223815783], "SNR": 0.03, "name": "1f1b"}