{"loc": [2, -5, 3], "rotate": [2.005249590522792, 1.5558516226985948, 0.19263036933605518], "SNR": 0.03, "name": "1f1b"}