{"loc": [-2, 6, -7], "rotate": [-2.147142225427095, 1.42511662641039, -2.2479198394013746], "SNR": 0.03, "name": "1f1b"}