{"loc": [5, 4, -5], "rotate": [-2.4004104628142096, 1.9987505381292983, -2.9323253726104066], "SNR": 0.03, "name": "1f1b"}