{"loc": [6, -1, -5], "rotate": [2.4044784099028234, 0.9620882239483557, -0.08306805261358445], "SNR": 0.03, "name": "1f1b"}