{"loc": [5, 3, 7], "rotate": [2.505650768314441, 1.3314245784754133, 0.5286774550330595], "SNR": 0.03, "name": "1f1b"}