{"loc": [6, -7, 1], "rotate": [2.3695421860129597, 1.2246597618480841, 0.8510277376504848], "SNR": 0.03, "name": "1f1b"}