{"loc": [5, 0, 6], "rotate": [2.295250420037044, 2.259999112638313, 1.358936784661605], "SNR": 0.03, "name": "1f1b"}