{"loc": [2, -2, 4], "rotate": [2.056425375176171, 0.14551351240593444, 0.03353879793610772], "SNR": 0.03, "name": "1f1b"}