{"loc": [1, -7, 6], "rotate": [-2.5994234937850837, 0.13099946385824524, -1.351267642957532], "SNR": 0.03, "name": "1f1b"}