{"loc": [-6, 1, 4], "rotate": [-2.414778371402815, 0.7160463743887318, -1.6702296685745752], "SNR": 0.03, "name": "1f1b"}