{"loc": [7, 5, -1], "rotate": [2.21274792549985, 1.0797817730305452, 0.17708850250211572], "SNR": 0.03, "name": "1f1b"}