{"loc": [5, 0, -3], "rotate": [2.1483974599413385, 0.9699970659579867, 0.4765901112248495], "SNR": 0.03, "name": "1f1b"}