{"loc": [-5, -5, 6], "rotate": [-2.329644778875348, 2.383485492998559, 2.790808438879096], "SNR": 0.03, "name": "1f1b"}