{"loc": [0, 0, 4], "rotate": [2.9640964977706052, 0.7278568201202656, -0.4208014377960589], "SNR": 0.03, "name": "1f1b"}