{"loc": [-5, -1, -3], "rotate": [-2.4417043675367966, 1.2630083286729008, -2.444887021446903], "SNR": 0.03, "name": "1f1b"}