{"loc": [6, 0, -3], "rotate": [2.9092031676043932, 2.3997196177996747, 1.6912376080481188], "SNR": 0.03, "name": "1f1b"}