{"loc": [-3, 4, -1], "rotate": [1.747961033949535, 0.5648817668473808, 0.5518866867853506], "SNR": 0.03, "name": "1f1b"}