{"loc": [0, -4, -1], "rotate": [2.4805203007425276, 1.4684066470591521, 0.3270110999660481], "SNR": 0.03, "name": "1f1b"}