{"loc": [0, -6, 1], "rotate": [2.7245052528667566, 0.6703575495794651, -0.4861668233341224], "SNR": 0.03, "name": "1f1b"}