{"loc": [-1, -5, -2], "rotate": [2.1493343121787984, 2.1713797851732317, 1.2949837248864748], "SNR": 0.03, "name": "1f1b"}