{"loc": [1, -5, 2], "rotate": [2.291186793598365, 0.8308402838105093, 0.1261261666688791], "SNR": 0.03, "name": "1f1b"}