{"loc": [7, 3, 1], "rotate": [-2.7721591355598734, 0.9081155153841045, -1.201844577471852], "SNR": 0.03, "name": "1f1b"}