{"loc": [0, 4, 6], "rotate": [2.303484167981166, 1.359706697551451, 0.6923256203239884], "SNR": 0.03, "name": "1f1b"}