{"loc": [3, -3, -4], "rotate": [2.192906059379454, 1.200524398684578, 0.8168665541977052], "SNR": 0.03, "name": "1f1b"}