{"loc": [4, 0, 2], "rotate": [2.3878691128697835, 1.7649953054141743, 0.47028087931603924], "SNR": 0.03, "name": "1f1b"}