{"loc": [0, -7, 6], "rotate": [2.9468682046017145, 0.852575632073527, -0.19094891645345952], "SNR": 0.03, "name": "1f1b"}