{"loc": [7, -4, 5], "rotate": [2.5423218288313056, 2.2144186469580323, 1.6533656970777257], "SNR": 0.03, "name": "1f1b"}