{"loc": [-5, -6, 7], "rotate": [2.678011599195601, 1.0188544559429398, -0.4612468281402722], "SNR": 0.03, "name": "1f1b"}