{"loc": [-3, 0, 0], "rotate": [2.603255939801331, 0.8047047521637208, 0.007507545520508052], "SNR": 0.03, "name": "1f1b"}