{"loc": [2, -7, 6], "rotate": [2.5648745527926478, 0.5517158530011557, -0.07406851437626782], "SNR": 0.03, "name": "1f1b"}