{"loc": [0, 7, -4], "rotate": [-2.2611210576457736, 1.0864941611712, -1.645466009923673], "SNR": 0.03, "name": "1f1b"}