{"loc": [6, 2, 4], "rotate": [-3.0682563165506176, 0.6809874116572426, -1.1282037957472828], "SNR": 0.03, "name": "1f1b"}