{"loc": [-2, -2, 0], "rotate": [2.898744346075293, 0.789464663749164, -0.06730525308162418], "SNR": 0.03, "name": "1f1b"}