{"loc": [-7, 0, 5], "rotate": [-2.327188611891786, 0.9233187586871455, -1.681256860744936], "SNR": 0.03, "name": "1f1b"}