{"loc": [5, -4, -4], "rotate": [-0.7519791780090891, 0.4276881443127964, -0.0035128575686455515], "SNR": 0.03, "name": "1f1b"}