{"loc": [-2, 0, -4], "rotate": [-2.2359000832131777, 1.5058712466834305, -2.5752510347903668], "SNR": 0.03, "name": "1f1b"}