{"loc": [0, -4, 3], "rotate": [3.0348158042582463, 0.8351293945999531, -0.7391877554456083], "SNR": 0.03, "name": "1f1b"}