{"loc": [6, 5, 6], "rotate": [-2.973639252019308, 0.9969053117229283, -1.1791232073621998], "SNR": 0.03, "name": "1f1b"}