{"loc": [-3, 0, -4], "rotate": [2.998262925395558, 2.520764387397965, 1.962292191167358], "SNR": 0.03, "name": "1f1b"}