{"loc": [-6, -6, -4], "rotate": [2.683826598548447, 0.9233078237455973, -0.020288589171630296], "SNR": 0.03, "name": "1f1b"}