{"loc": [7, 0, 5], "rotate": [2.6881787732747577, 1.0337359327225004, -0.5919818565243024], "SNR": 0.03, "name": "1f1b"}