{"loc": [0, 3, -1], "rotate": [-2.4498435736260853, 1.5935772844087994, -1.7848095524456553], "SNR": 0.03, "name": "1f1b"}