{"loc": [2, -3, 3], "rotate": [2.326267851272357, 0.4850589174507499, -0.43422488749667587], "SNR": 0.03, "name": "1f1b"}