{"loc": [5, -2, -5], "rotate": [-2.0894811300450526, 1.3995525626545375, -2.151183279984125], "SNR": 0.03, "name": "1f1b"}