{"loc": [-6, 5, -1], "rotate": [2.33479485140648, 2.966064285362464, 1.5696650356775657], "SNR": 0.03, "name": "1f1b"}