{"loc": [0, -6, -2], "rotate": [2.041191424847204, 1.2483780390253607, 0.7708941214473917], "SNR": 0.03, "name": "1f1b"}