{"loc": [2, 6, 4], "rotate": [3.1166781661315484, 0.3604788365645019, -0.9644208311063638], "SNR": 0.03, "name": "1f1b"}