{"loc": [1, 1, 3], "rotate": [2.542941119499963, 0.9877249559788386, 0.2401088516491952], "SNR": 0.03, "name": "1f1b"}