{"loc": [7, -1, 6], "rotate": [-2.7303586478152977, 0.8542006843972756, -1.1434709956439573], "SNR": 0.03, "name": "1f1b"}