{"loc": [-1, -3, -5], "rotate": [-2.2483668897555056, 1.346552777892753, -2.0052407094269444], "SNR": 0.03, "name": "1f1b"}