{"loc": [5, -5, 2], "rotate": [-1.6924262881091559, 0.38341410422904953, -2.420068761996599], "SNR": 0.03, "name": "1f1b"}