{"loc": [0, -4, -7], "rotate": [2.8241751624847793, 0.5950568327910749, -0.5584091982553872], "SNR": 0.03, "name": "1f1b"}