{"loc": [3, 7, 4], "rotate": [3.111905564611797, 0.721678953610565, -0.5548816112197619], "SNR": 0.03, "name": "1f1b"}