{"loc": [-2, -6, 1], "rotate": [2.360211817758087, 0.9736725129882694, 0.009718939705431112], "SNR": 0.03, "name": "1f1b"}