{"loc": [4, 2, 5], "rotate": [-1.9791759947677137, 1.2242709107786076, -2.2480688310086934], "SNR": 0.03, "name": "1f1b"}