{"loc": [1, 7, -5], "rotate": [-2.806225737401541, 2.3838896816369255, 2.902118782944768], "SNR": 0.03, "name": "1f1b"}