{"loc": [-1, -7, 4], "rotate": [-2.296450619309436, 1.1667975884348736, -2.2156290056788253], "SNR": 0.03, "name": "1f1b"}