{"loc": [0, 7, 5], "rotate": [3.072044406315229, 0.9643480037508854, -0.2695410223686715], "SNR": 0.03, "name": "1f1b"}