{"loc": [6, 7, -4], "rotate": [2.3092790337973446, 1.3825573491369536, 1.2086754530106907], "SNR": 0.03, "name": "1f1b"}