{"loc": [2, 7, 3], "rotate": [-2.3709345325980253, 0.9136979314934418, -1.6843684905792], "SNR": 0.03, "name": "1f1b"}