{"loc": [-5, -1, -5], "rotate": [-2.6260046713512897, 0.8864664081001131, -1.2891714853833942], "SNR": 0.03, "name": "1f1b"}