{"loc": [-4, 0, -3], "rotate": [-2.9869702833402734, 0.7706402077831228, -0.7568561626427525], "SNR": 0.03, "name": "1f1b"}