{"loc": [-7, 0, 0], "rotate": [-1.800764378096521, 1.1353108859434984, -2.250136470357675], "SNR": 0.03, "name": "1f1b"}