{"loc": [-2, 4, -2], "rotate": [2.1566333060982568, 1.8629722546682161, 0.6082526836795255], "SNR": 0.03, "name": "1f1b"}