{"loc": [5, 1, -2], "rotate": [-3.0601210908042193, 0.8717682745090154, -0.824803455445228], "SNR": 0.03, "name": "1f1b"}