{"loc": [-3, -2, 0], "rotate": [-2.417025511891043, 0.7217421798571622, -1.4930776723036578], "SNR": 0.03, "name": "1f1b"}