{"loc": [-4, 1, 2], "rotate": [1.8131915015993123, 1.3201957398667443, 0.8108516651219058], "SNR": 0.03, "name": "1f1b"}