{"loc": [5, 7, 0], "rotate": [2.675844327404467, 2.412069322376622, 1.689259682895244], "SNR": 0.03, "name": "1f1b"}