{"loc": [0, -2, -1], "rotate": [2.9903494959865435, 0.7914104253097949, -0.5876450425050097], "SNR": 0.03, "name": "1f1b"}