{"loc": [6, 0, 0], "rotate": [2.374209509359514, 1.6722219606382878, 1.2058951655143728], "SNR": 0.03, "name": "1f1b"}