{"loc": [0, -3, 1], "rotate": [2.4980983433661264, 2.5940713840583185, 1.740245898587475], "SNR": 0.03, "name": "1f1b"}