{"loc": [4, -4, -6], "rotate": [-2.3159909137886547, 1.326325114906747, -2.2691448851345255], "SNR": 0.03, "name": "1f1b"}