{"loc": [2, -6, 1], "rotate": [2.3026499300835335, 1.3159921513766966, 0.012986549893107728], "SNR": 0.03, "name": "1f1b"}