{"loc": [-6, 2, 7], "rotate": [2.427686922351195, 1.1642023329324374, 0.03220591809272866], "SNR": 0.03, "name": "1f1b"}