{"loc": [-5, 6, 0], "rotate": [-2.6169356412054, 1.4580377505063864, -1.766650120101956], "SNR": 0.03, "name": "1f1b"}