{"loc": [3, 0, -2], "rotate": [-2.209991752764112, 1.7029369036104889, -2.1514380543242115], "SNR": 0.03, "name": "1f1b"}