{"loc": [6, -5, -7], "rotate": [2.2013118673002405, 1.6589976690110055, 0.9179602883884629], "SNR": 0.03, "name": "1f1b"}