{"loc": [6, -2, 5], "rotate": [2.496687384205634, 0.862097450098978, -0.007637929572922872], "SNR": 0.03, "name": "1f1b"}