{"loc": [2, -3, -6], "rotate": [-2.095696684469053, 2.237979368772286, -2.7502699008067033], "SNR": 0.03, "name": "1f1b"}