{"loc": [0, -7, 3], "rotate": [2.5605867868985506, 0.9982562192389325, 0.15948090541117108], "SNR": 0.03, "name": "1f1b"}