{"loc": [-5, -7, -6], "rotate": [-1.0730000736656946, 1.569452370057112, 1.107390556035543], "SNR": 0.03, "name": "1f1b"}