{"loc": [6, 0, 6], "rotate": [2.8547249141332607, 2.5146643767214023, 1.9143791261658418], "SNR": 0.03, "name": "1f1b"}