{"loc": [-5, -4, -4], "rotate": [-2.064835213312476, 1.5218720974565891, -2.6894267171953534], "SNR": 0.03, "name": "1f1b"}