{"loc": [-4, 4, -7], "rotate": [-2.890056045068495, 0.4692555780592904, -1.0235425625164867], "SNR": 0.03, "name": "1f1b"}