{"loc": [-3, 0, 0], "rotate": [-3.0926700111457723, 0.707311556004569, -1.0074861676408688], "SNR": 0.03, "name": "1f1b"}