{"loc": [4, 1, 0], "rotate": [-2.484839720802043, 1.0355379478746833, -1.5694095708896738], "SNR": 0.03, "name": "1f1b"}