{"loc": [-6, 0, -6], "rotate": [-2.443099872090116, 0.6790452707643376, -1.4695462416859206], "SNR": 0.03, "name": "1f1b"}