{"loc": [2, -2, 6], "rotate": [2.059639449181059, 1.3961320152005599, 0.8526159532667001], "SNR": 0.03, "name": "1f1b"}