{"loc": [-1, 6, 7], "rotate": [-2.911283023119586, 0.12651595615122951, -1.5483234686702707], "SNR": 0.03, "name": "1f1b"}