{"loc": [-3, 6, 0], "rotate": [2.184480203835856, 1.369021393878134, 0.8522497576348386], "SNR": 0.03, "name": "1f1b"}