{"loc": [-5, 0, -1], "rotate": [-2.02780031883277, 1.8558544764562275, -2.2905528766507075], "SNR": 0.03, "name": "1f1b"}