{"loc": [4, 0, 7], "rotate": [1.9349094343908118, 1.4727571761672824, 0.8096585003258898], "SNR": 0.03, "name": "1f1b"}