{"loc": [5, 5, 6], "rotate": [2.3111956332895174, 1.2557771485449742, 0.7589059691531297], "SNR": 0.03, "name": "1f1b"}