{"loc": [-4, 2, -3], "rotate": [-2.921526404617577, 0.8885682094937329, -0.94168533688538], "SNR": 0.03, "name": "1f1b"}