{"loc": [7, 0, -2], "rotate": [-2.002708133235609, 0.9875057046509126, -2.500114777664583], "SNR": 0.03, "name": "1f1b"}