{"loc": [-1, 6, 6], "rotate": [3.0989456724703976, 0.7444973966540115, -0.8493261343672064], "SNR": 0.03, "name": "1f1b"}