{"loc": [-1, 5, -5], "rotate": [-2.1668791358366084, 1.1070106051057815, -2.125935308933092], "SNR": 0.03, "name": "1f1b"}