{"loc": [2, -3, -4], "rotate": [2.124333617637523, 1.1999992331609632, 0.7497447746810212], "SNR": 0.03, "name": "1f1b"}