{"loc": [0, 1, 5], "rotate": [2.9338144363060352, 0.6544780690405609, -0.9015172000006322], "SNR": 0.03, "name": "1f1b"}