{"loc": [7, 4, -3], "rotate": [-2.7022424748079694, 2.5713357480790564, 2.975943609487264], "SNR": 0.03, "name": "1f1b"}