{"loc": [-7, -6, 4], "rotate": [-2.123287666931457, 1.0949221404553895, -2.3136978005161386], "SNR": 0.03, "name": "1f1b"}