{"loc": [-6, 1, -4], "rotate": [2.365728482517336, 0.8838491874854097, 0.5671941678295741], "SNR": 0.03, "name": "1f1b"}