{"loc": [-5, 5, 0], "rotate": [2.301503581422401, 1.8842741235376852, 1.2965518274257108], "SNR": 0.03, "name": "1f1b"}