{"loc": [2, 7, -5], "rotate": [2.0515715348015178, 1.4265221950033982, 0.7499260838620814], "SNR": 0.03, "name": "1f1b"}