{"loc": [5, 3, 1], "rotate": [-2.691549104292396, 2.366913119415878, 2.725018258173056], "SNR": 0.03, "name": "1f1b"}