{"loc": [-5, -1, 3], "rotate": [2.7802668493839913, 2.505864139711937, 1.919374960884938], "SNR": 0.03, "name": "1f1b"}