{"loc": [3, -4, -4], "rotate": [-2.951080772556926, 0.5902156515911705, -0.6707105812291686], "SNR": 0.03, "name": "1f1b"}