{"loc": [-1, 5, 5], "rotate": [-2.6321184107729514, 1.2204638419024965, -1.5484019688426254], "SNR": 0.03, "name": "1f1b"}