{"loc": [-2, -2, -1], "rotate": [2.915844177317877, 0.428629670716953, -0.39880906931775423], "SNR": 0.03, "name": "1f1b"}