{"loc": [0, 1, -2], "rotate": [-2.6686465490331575, 0.6479141220164458, -1.3480044692490012], "SNR": 0.03, "name": "1f1b"}