{"loc": [-3, 6, -5], "rotate": [-2.63766719087895, 0.9118277942923413, -1.9116643291483508], "SNR": 0.03, "name": "1f1b"}