{"loc": [-4, 3, -3], "rotate": [2.7107502405306674, 0.9208715935649435, 0.12233499643842886], "SNR": 0.03, "name": "1f1b"}