{"loc": [4, -1, 6], "rotate": [-2.2400625252001185, 0.8541854630575635, -1.7994139741784063], "SNR": 0.03, "name": "1f1b"}