{"loc": [0, 3, 4], "rotate": [2.8907073917869344, 0.5231560137729598, -0.3333669201563878], "SNR": 0.03, "name": "1f1b"}