{"loc": [5, 3, -1], "rotate": [-1.8770909603950745, 1.4311060291476057, -2.335384111575788], "SNR": 0.03, "name": "1f1b"}