{"loc": [6, 0, -1], "rotate": [-1.8601892949846148, 1.4291131464220028, -2.69022287835037], "SNR": 0.03, "name": "1f1b"}