{"loc": [3, 7, -4], "rotate": [2.5822588808847295, 0.8355681113725925, 0.055991672496526826], "SNR": 0.03, "name": "1f1b"}