{"loc": [0, 7, -1], "rotate": [-2.533436705943625, 1.1299948784659417, -1.4898216979852628], "SNR": 0.03, "name": "1f1b"}