{"loc": [-7, -3, 6], "rotate": [2.568783203450305, 1.0856382514966514, -0.19979526812838924], "SNR": 0.03, "name": "1f1b"}