{"loc": [0, 2, -7], "rotate": [-2.5309552652756357, 1.3585457064900464, -1.8255948269881532], "SNR": 0.03, "name": "1f1b"}