{"loc": [-1, 3, 3], "rotate": [2.497048598947728, 1.023000009439642, 0.41673404002421727], "SNR": 0.03, "name": "1f1b"}