{"loc": [6, 0, 3], "rotate": [-2.9751195152528145, 0.7363186367245445, -0.9949258989285239], "SNR": 0.05, "name": "2byu"}