{"loc": [-2, -5, 5], "rotate": [2.454115467034569, 1.122256702511146, 0.03675382774838554], "SNR": 0.05, "name": "2byu"}