{"loc": [-5, 4, 3], "rotate": [2.0625336970777357, 1.7462374348445333, 0.8732410057257012], "SNR": 0.05, "name": "2byu"}