{"loc": [1, -1, 6], "rotate": [2.146055811824234, 1.6634549253664743, 1.096663031766926], "SNR": 0.05, "name": "2byu"}