{"loc": [3, -1, -3], "rotate": [2.6770401246432707, 0.75214944879366, -0.37503862723838743], "SNR": 0.05, "name": "2byu"}