{"loc": [0, 0, 5], "rotate": [2.5673692881007533, 1.1663816241033287, -0.28684378278903355], "SNR": 0.05, "name": "2byu"}