{"loc": [6, -5, 3], "rotate": [-2.0902353064029375, 1.1672248757080308, -1.9758682702231067], "SNR": 0.05, "name": "2byu"}