{"loc": [4, 3, -6], "rotate": [2.53676562874051, 0.8115623585453181, 0.07860134505275944], "SNR": 0.05, "name": "2byu"}