{"loc": [7, 5, -6], "rotate": [2.2148248585453145, 1.0527501644866268, 0.5003609213880574], "SNR": 0.05, "name": "2byu"}