{"loc": [7, 7, -6], "rotate": [1.8967102339094317, 2.061853758571292, 0.9634291947597204], "SNR": 0.05, "name": "2byu"}