{"loc": [1, 7, 6], "rotate": [3.1096072607999847, 0.8454308021440374, -0.4017604705148267], "SNR": 0.05, "name": "2byu"}