{"loc": [-7, -3, 3], "rotate": [2.9711221529571388, 0.65664200525525, -0.509634710858989], "SNR": 0.05, "name": "2byu"}