{"loc": [-1, 4, -6], "rotate": [2.171813713338692, 1.5931554236425827, 1.1734687630074094], "SNR": 0.05, "name": "2byu"}