{"loc": [-3, -1, -1], "rotate": [2.8053099339487, 0.9600279489049275, -0.6703576249399545], "SNR": 0.05, "name": "2byu"}