{"loc": [3, 1, -1], "rotate": [2.5695743501983443, 1.4377424731548758, 0.35591955535800585], "SNR": 0.05, "name": "2byu"}