{"loc": [6, 5, -7], "rotate": [2.443727171488058, 0.6091675263622116, -0.06019530175095421], "SNR": 0.05, "name": "2byu"}