{"loc": [5, 1, -2], "rotate": [2.0714839254169886, 1.695304561332732, 0.6050704658672538], "SNR": 0.05, "name": "2byu"}