{"loc": [-6, 0, -6], "rotate": [-0.35472695069255833, 0.9327375033718791, 0.2796717865415198], "SNR": 0.05, "name": "2byu"}