{"loc": [6, 7, 7], "rotate": [2.296018533733813, 1.1866329649282568, 0.7001925046057584], "SNR": 0.05, "name": "2byu"}