{"loc": [7, 0, -5], "rotate": [2.6676430585607025, 0.748789014310059, 0.2903885149062472], "SNR": 0.05, "name": "2byu"}