{"loc": [4, -7, 0], "rotate": [2.655299625523488, 0.548178831842883, -0.10135886731113648], "SNR": 0.05, "name": "2byu"}