{"loc": [1, -6, 5], "rotate": [2.0637561529422443, 1.8420133107990762, 0.8836155437024351], "SNR": 0.05, "name": "2byu"}