{"loc": [-4, -2, 2], "rotate": [-2.140063085255143, 1.4554563594095558, -2.2444550158682], "SNR": 0.05, "name": "2byu"}