{"loc": [-2, 1, -3], "rotate": [-2.713047922073204, 0.6049239209266596, -1.0204852029459763], "SNR": 0.05, "name": "2byu"}