{"loc": [0, 0, 6], "rotate": [2.317846875399668, 0.5132430720472815, -0.1656423588156627], "SNR": 0.05, "name": "2byu"}