{"loc": [6, -3, -7], "rotate": [2.3282377472365066, 1.4355999916760704, 0.19649432035892261], "SNR": 0.05, "name": "2byu"}