{"loc": [-6, 2, 4], "rotate": [1.9737733107559197, 1.398187973740341, 0.35708995252778286], "SNR": 0.05, "name": "2byu"}