{"loc": [3, 7, 2], "rotate": [2.1852789564472848, 1.7520380653531806, 0.512106743732038], "SNR": 0.05, "name": "2byu"}