{"loc": [2, -1, 6], "rotate": [2.702162232229878, 0.574961566542157, 0.16695370715662886], "SNR": 0.05, "name": "2byu"}