{"loc": [-6, -7, 3], "rotate": [2.248712057573424, 1.19747915100023, 0.341373899067873], "SNR": 0.05, "name": "2byu"}