{"loc": [6, 5, 2], "rotate": [2.960904374535532, 0.744940883051119, -0.4646030716890985], "SNR": 0.05, "name": "2byu"}