{"loc": [3, 1, -3], "rotate": [2.4410260978204357, 1.204386004482459, 0.670866653404411], "SNR": 0.05, "name": "2byu"}