{"loc": [0, 0, 3], "rotate": [2.507977369140306, 0.5579238164479208, -0.12617474931062703], "SNR": 0.05, "name": "2byu"}