{"loc": [7, -1, -1], "rotate": [2.2817793115355087, 0.6603235519735011, 0.10086595977566758], "SNR": 0.05, "name": "2byu"}