{"loc": [0, 7, -7], "rotate": [0.6550006373754209, 2.1528364552559145, 3.1119822534305484], "SNR": 0.05, "name": "2byu"}