{"loc": [-4, -7, 1], "rotate": [1.0146467273569983, 1.760707682071359, -3.078797288617969], "SNR": 0.05, "name": "2byu"}