{"loc": [6, -4, 3], "rotate": [-2.064357638641465, 1.5285969441672709, -2.122206521228848], "SNR": 0.05, "name": "2byu"}