{"loc": [1, -4, -2], "rotate": [-2.344567546488784, 1.0231148273025341, -1.522998962191757], "SNR": 0.05, "name": "2byu"}