{"loc": [-1, -6, 4], "rotate": [2.1735452391559495, 0.7336849996132929, 0.5346728264978686], "SNR": 0.05, "name": "2byu"}