{"loc": [-6, 3, 6], "rotate": [-2.5090398837375973, 0.930445732780456, -1.2906228340460326], "SNR": 0.05, "name": "2byu"}