{"loc": [2, -1, 0], "rotate": [1.8999995290861533, 1.2361628437500072, 0.5279041807282218], "SNR": 0.05, "name": "2byu"}