{"loc": [1, 4, -4], "rotate": [-2.4680271385836945, 0.47800080445179455, -1.5968994202591151], "SNR": 0.05, "name": "2byu"}