{"loc": [5, 2, -5], "rotate": [1.9234352305248061, 1.7554852385094497, 1.0344716314744329], "SNR": 0.05, "name": "2byu"}