{"loc": [4, 5, 7], "rotate": [2.0647271081452754, 1.515838301079787, 1.3026477052512364], "SNR": 0.05, "name": "2byu"}