{"loc": [1, -5, -6], "rotate": [2.465048072590442, 0.7327685617261721, 0.6181133924368105], "SNR": 0.05, "name": "2byu"}