{"loc": [-4, 7, 1], "rotate": [-2.1626055685118097, 0.6308563465979966, -1.9037621864276006], "SNR": 0.05, "name": "2byu"}