{"loc": [1, 0, 0], "rotate": [-0.263033857907786, 0.5172282323726758, -0.9849478577395577], "SNR": 0.05, "name": "2byu"}