{"loc": [0, 6, -4], "rotate": [-2.629830572103786, 0.945574615511225, -2.0200096561756014], "SNR": 0.05, "name": "2byu"}