{"loc": [2, -6, -5], "rotate": [-2.6598159224798525, 0.9937228436107496, -1.9975865330562093], "SNR": 0.05, "name": "2byu"}