{"loc": [-7, -6, -5], "rotate": [2.6481493483307594, 0.7784836097021897, -0.31570390629300427], "SNR": 0.05, "name": "2byu"}