{"loc": [-5, 2, -2], "rotate": [-2.9789790226933213, 0.6303801176890305, -1.003553414763947], "SNR": 0.05, "name": "2byu"}