{"loc": [-2, 5, 1], "rotate": [-2.914206295796467, 0.8888365038830971, -0.6770206769091287], "SNR": 0.05, "name": "2byu"}