{"loc": [-7, 7, 5], "rotate": [2.5912137689493058, 0.6695321359724926, -0.3405779321378921], "SNR": 0.05, "name": "2byu"}