{"loc": [-7, -4, 0], "rotate": [2.2793078352905374, 1.2713849381503362, 0.4571531037022058], "SNR": 0.05, "name": "2byu"}