{"loc": [-6, -2, -5], "rotate": [2.5694706691033433, 1.0174910606738694, -0.004811853879246195], "SNR": 0.05, "name": "2byu"}