{"loc": [6, 0, -7], "rotate": [2.652748037755812, 1.3294032786213272, 0.4092497505264668], "SNR": 0.05, "name": "2byu"}