{"loc": [-6, 6, 4], "rotate": [-2.4064876977870147, 1.0577952304833071, -2.271615228849961], "SNR": 0.05, "name": "2byu"}