{"loc": [1, -1, 1], "rotate": [3.0836341680440147, 0.46837238618638943, -0.8451503803094573], "SNR": 0.05, "name": "2byu"}