{"loc": [5, -5, -4], "rotate": [2.323755192757967, 1.7225484462783844, 1.2308688011606683], "SNR": 0.05, "name": "2byu"}