{"loc": [0, -2, -5], "rotate": [2.336848452191592, 2.040322101761054, 1.1961566813124713], "SNR": 0.05, "name": "2byu"}