{"loc": [2, -1, 0], "rotate": [-2.4980725099008985, 1.0124622783779291, -1.5393115658284025], "SNR": 0.05, "name": "2byu"}