{"loc": [-4, -6, 3], "rotate": [2.427394998021303, 1.2936114648497952, 0.4594646345011479], "SNR": 0.05, "name": "2byu"}