{"loc": [5, -3, -7], "rotate": [-2.133293983992791, 0.7048426085156889, -2.042346051261564], "SNR": 0.05, "name": "2byu"}