{"loc": [4, 6, -5], "rotate": [2.12540841340417, 0.6010898349672087, 0.2131870517543337], "SNR": 0.05, "name": "2byu"}