{"loc": [-2, -2, 4], "rotate": [-2.08048293089729, 1.2269900472727353, -2.043042502255888], "SNR": 0.05, "name": "2byu"}