{"loc": [-5, 4, -3], "rotate": [-3.091035460326635, 0.6837373792834822, -1.0905418060066885], "SNR": 0.05, "name": "2byu"}