{"loc": [-6, -7, 5], "rotate": [3.061608298101877, 0.8147522317128445, -0.9185213301754698], "SNR": 0.05, "name": "2byu"}