{"loc": [-6, 1, -5], "rotate": [2.618869850752261, 2.5094251542725345, 1.577802896604839], "SNR": 0.05, "name": "2byu"}