{"loc": [-3, 3, -6], "rotate": [3.116014075577578, 0.5523804196316984, -0.7594025224897109], "SNR": 0.05, "name": "2byu"}