{"loc": [1, 3, 0], "rotate": [2.2711416583372315, 1.1809616941402732, 0.48471289604472767], "SNR": 0.05, "name": "2byu"}