{"loc": [0, -3, -5], "rotate": [2.4222685325680238, 1.2485014195354949, 0.588797353429679], "SNR": 0.05, "name": "2byu"}