{"loc": [2, -7, 3], "rotate": [-3.1361607955793405, 0.7080066657311269, -1.2289083550331348], "SNR": 0.05, "name": "2byu"}