{"loc": [-6, 6, -2], "rotate": [2.2363495749574898, 1.5972255856233621, 0.6523173798759276], "SNR": 0.05, "name": "2byu"}