{"loc": [-7, 5, 0], "rotate": [2.1475279277924133, 1.0216012323757553, 0.17787460560459023], "SNR": 0.05, "name": "2byu"}