{"loc": [3, -2, 6], "rotate": [-2.320006640605124, 1.9200605194209346, -2.6779708540985077], "SNR": 0.05, "name": "2byu"}