{"loc": [-4, 4, 5], "rotate": [2.4511393986044214, 1.9917547833522524, 1.4238696182411432], "SNR": 0.05, "name": "2byu"}