{"loc": [6, 4, 6], "rotate": [-2.196195034574064, 1.328782232138353, -1.6593840820017587], "SNR": 0.05, "name": "2byu"}