{"loc": [-3, -4, 2], "rotate": [-2.1671982227010558, 1.042420788622999, -2.011956779298515], "SNR": 0.05, "name": "2byu"}