{"loc": [-6, -3, 6], "rotate": [-2.5306874420157874, 0.28039599710414853, -1.444794438477233], "SNR": 0.05, "name": "2byu"}