{"loc": [3, 0, 0], "rotate": [-1.9899669841144025, 1.6686351145441525, -2.428692412672256], "SNR": 0.05, "name": "2byu"}