{"loc": [5, -1, 2], "rotate": [2.38663608991395, 1.1951326594683294, 0.13545406189877104], "SNR": 0.05, "name": "2byu"}