{"loc": [2, -4, 0], "rotate": [-2.3868541164249164, 1.7238674473541393, -2.726068311404362], "SNR": 0.05, "name": "2byu"}