{"loc": [5, -3, 6], "rotate": [-2.1573597873049857, 0.9688689044249911, -2.2720670061499915], "SNR": 0.05, "name": "2byu"}