{"loc": [-5, -2, 7], "rotate": [2.2331233708822467, 0.5656662883421756, 0.23252414024302276], "SNR": 0.05, "name": "2byu"}