{"loc": [-5, 7, 0], "rotate": [1.895050228631015, 1.7578324782177894, 0.7949149412962813], "SNR": 0.05, "name": "2byu"}