{"loc": [6, 0, 1], "rotate": [-2.7990253885465357, 0.4730182270844619, -0.8811560715216444], "SNR": 0.05, "name": "2byu"}