{"loc": [-6, -1, -3], "rotate": [2.2104583704100724, 1.241306219762828, 0.5414802477127845], "SNR": 0.05, "name": "2byu"}