{"loc": [-6, 7, 5], "rotate": [2.11483696720952, 1.2268370622747162, 0.6277177482846645], "SNR": 0.05, "name": "2byu"}