{"loc": [4, -1, -7], "rotate": [3.0839550392646307, 0.5918581706006328, -0.43786088071044943], "SNR": 0.05, "name": "2byu"}