{"loc": [-5, -7, -1], "rotate": [-1.9093020507360885, 1.3329428597121749, -2.265774928719744], "SNR": 0.05, "name": "2byu"}