{"loc": [-4, 7, 7], "rotate": [2.293586188576017, 1.9991225193499753, 0.8709049081095583], "SNR": 0.05, "name": "2byu"}