{"loc": [-6, -7, -1], "rotate": [-2.6835296998863085, 0.9726930323943996, -1.403244134971729], "SNR": 0.05, "name": "2byu"}