{"loc": [0, -4, 0], "rotate": [3.1369411427150014, 0.8337050417730644, -0.5050302246270889], "SNR": 0.05, "name": "2byu"}