{"loc": [6, -2, -6], "rotate": [-2.1706198674923805, 0.7931985112197123, -1.3618594608944083], "SNR": 0.05, "name": "2byu"}