{"loc": [0, 2, -1], "rotate": [2.3496528477790988, 1.2044735278487557, 0.4277404229772426], "SNR": 0.05, "name": "2byu"}