{"loc": [-4, -6, -6], "rotate": [-1.992251133468171, 1.050720095915526, -1.8281315934335067], "SNR": 0.05, "name": "2byu"}