{"loc": [0, 7, -2], "rotate": [3.0501174818198713, 0.4377536878601986, -0.7410876087008671], "SNR": 0.05, "name": "2byu"}