{"loc": [6, 0, 0], "rotate": [-2.8014947900276765, 0.7598204101872088, -0.9554988740751491], "SNR": 0.05, "name": "2byu"}