{"loc": [6, -3, -4], "rotate": [-2.0813661856090464, 1.828184575824166, -2.6264108159889084], "SNR": 0.05, "name": "2byu"}