{"loc": [0, -2, -3], "rotate": [-2.2777048961216786, 1.3087109288612637, -1.9353457703053958], "SNR": 0.05, "name": "2byu"}