{"loc": [4, 1, -6], "rotate": [-1.9554286776008374, 0.9039583604978438, -2.1579590143664054], "SNR": 0.05, "name": "2byu"}