{"loc": [7, 4, -6], "rotate": [2.9606799201161027, 0.9071631739602724, -0.9474411259464928], "SNR": 0.05, "name": "2byu"}