{"loc": [-4, -5, -1], "rotate": [2.2858192005584335, 0.9982618127508811, 0.905192819169586], "SNR": 0.05, "name": "2byu"}