{"loc": [-5, -3, 7], "rotate": [2.2915838269352635, 0.9607137100514598, 0.1607210529111142], "SNR": 0.05, "name": "2byu"}