{"loc": [3, -5, -6], "rotate": [2.421904591619264, 0.794527957535245, -0.036533240500411644], "SNR": 0.05, "name": "2byu"}