{"loc": [0, -7, -2], "rotate": [-3.015082845376571, 0.6910937962822044, -0.6806006952973703], "SNR": 0.05, "name": "2byu"}