{"loc": [-1, 2, 5], "rotate": [2.5599129293964853, 2.366171120868317, 1.486953973620603], "SNR": 0.05, "name": "2byu"}