{"loc": [4, 2, 1], "rotate": [2.1424600360275647, 0.9825299307425837, 0.51274209047949], "SNR": 0.05, "name": "2byu"}