{"loc": [-2, -1, -4], "rotate": [2.363253288458007, 2.1435103658880776, 0.7968227193651183], "SNR": 0.05, "name": "2byu"}