{"loc": [-7, -6, -3], "rotate": [2.907725787205706, 0.6437393186070649, -0.674950642452493], "SNR": 0.05, "name": "2byu"}