{"loc": [-5, 5, 4], "rotate": [1.994151820369529, 1.26393050081017, 0.7071854732169165], "SNR": 0.05, "name": "2byu"}