{"loc": [3, 0, 4], "rotate": [2.1265183802065164, 1.8829703714759836, 0.575959757247809], "SNR": 0.05, "name": "2byu"}