{"loc": [-6, 1, -4], "rotate": [-2.8644946021031927, 0.4782185654305035, -0.875240640110327], "SNR": 0.05, "name": "2byu"}