{"loc": [2, -4, 6], "rotate": [2.6564143381511602, 1.2895103626135471, -0.151318353992113], "SNR": 0.05, "name": "2byu"}