{"loc": [2, -2, 4], "rotate": [2.0217892650529725, 0.7424347974245378, 0.28981479429596646], "SNR": 0.05, "name": "2byu"}