{"loc": [7, -4, -5], "rotate": [-2.423823944354422, 1.2255361439322376, -2.0305148720870942], "SNR": 0.05, "name": "2byu"}