{"loc": [7, 4, 2], "rotate": [-2.6989315249690775, 2.5479407940937815, 2.8538953068141018], "SNR": 0.05, "name": "2byu"}