{"loc": [-4, 2, 5], "rotate": [2.1471064541090614, 0.8034449684472884, 0.03931542765500531], "SNR": 0.05, "name": "2byu"}