{"loc": [-3, 0, 0], "rotate": [-1.891441305719325, 1.6137260232858859, -2.3257151829008182], "SNR": 0.05, "name": "2byu"}