{"loc": [5, -2, 4], "rotate": [-3.0015075733378263, 0.7275549573665449, -0.976981341998148], "SNR": 0.05, "name": "2byu"}