{"loc": [-6, -7, 2], "rotate": [-2.1248306554790113, 2.058760632981432, -3.1271577100790573], "SNR": 0.05, "name": "2byu"}