{"loc": [-5, 6, -5], "rotate": [-2.162514006294723, 1.385273741902899, -2.276730251826732], "SNR": 0.05, "name": "2byu"}