{"loc": [6, 6, 6], "rotate": [2.0617706838056225, 1.932883901196778, 1.0153411636545615], "SNR": 0.05, "name": "2byu"}