{"loc": [-2, 4, 0], "rotate": [2.6580844898649327, 0.48793888817143016, -0.20076055140978016], "SNR": 0.05, "name": "2byu"}