{"loc": [4, -4, -4], "rotate": [2.7533285186861867, 0.6653290531546764, -0.3615992519425368], "SNR": 0.05, "name": "2byu"}