{"loc": [7, -6, -6], "rotate": [2.111936362208101, 1.267779646033821, 0.7777457684409846], "SNR": 0.05, "name": "2byu"}