{"loc": [-5, 0, -6], "rotate": [2.6718768530139743, 2.423294320684795, 1.981764868154698], "SNR": 0.05, "name": "2byu"}