{"loc": [-3, 6, -2], "rotate": [2.101387576559802, 1.2443740263963876, 0.8077802487151045], "SNR": 0.05, "name": "2byu"}