{"loc": [-7, 2, 3], "rotate": [2.0913993691033332, 1.447068574857739, 0.9061598061190208], "SNR": 0.05, "name": "2byu"}