{"loc": [6, 6, -1], "rotate": [-2.4253946738408314, 0.6036298605683524, -1.7527742613704393], "SNR": 0.05, "name": "2byu"}