{"loc": [-3, 5, 6], "rotate": [-2.3165273290535042, 1.4375635294227034, -2.255137624916875], "SNR": 0.05, "name": "2byu"}