{"loc": [3, 7, 4], "rotate": [-2.4406846144016625, 1.0223484214147316, -1.8797250683685385], "SNR": 0.05, "name": "2byu"}