{"loc": [-6, -4, 0], "rotate": [-1.9841100877069522, 0.8721163889270367, -2.4456889119325473], "SNR": 0.05, "name": "2byu"}