{"loc": [0, 7, 7], "rotate": [2.8902718823381406, 2.1225448713910957, 1.880818343216655], "SNR": 0.05, "name": "2byu"}