{"loc": [1, 5, 3], "rotate": [1.976702232617954, 1.48381752930077, 0.3535858564236175], "SNR": 0.05, "name": "2byu"}