{"loc": [0, 6, -2], "rotate": [-1.9955470606553456, 1.505055896692923, -2.4883080667084028], "SNR": 0.05, "name": "2byu"}