{"loc": [1, 6, 2], "rotate": [-1.8551029191435642, 0.8068137099981968, -2.150921936749646], "SNR": 0.05, "name": "2byu"}