{"loc": [-4, 4, 4], "rotate": [2.397165470038516, 0.5853331761564495, -0.23226471366730617], "SNR": 0.05, "name": "2byu"}