{"loc": [-1, -7, 0], "rotate": [-2.1911470750580504, 0.9881749139890902, -2.306463612292825], "SNR": 0.05, "name": "2byu"}