{"loc": [-1, 0, 0], "rotate": [-2.218835867283057, 0.9658104271262433, -1.4732720895904423], "SNR": 0.05, "name": "2byu"}