{"loc": [0, 6, 2], "rotate": [2.828536419522843, 1.0723788557096208, -0.0753559057055982], "SNR": 0.05, "name": "2byu"}