{"loc": [3, -5, -1], "rotate": [2.3277428684831496, 0.8022671272296512, -0.08276177899132404], "SNR": 0.05, "name": "2byu"}