{"loc": [6, 2, 7], "rotate": [3.107655701895153, 0.9599992689287042, -1.0359399007854562], "SNR": 0.05, "name": "2byu"}