{"loc": [5, 0, 0], "rotate": [-1.959139419848622, 0.5885335096593666, -1.9506205153344858], "SNR": 0.05, "name": "2byu"}