{"loc": [-4, 1, -4], "rotate": [2.1740336289569013, 0.6388140944325329, 0.31262924799513203], "SNR": 0.05, "name": "2byu"}