{"loc": [-1, 4, 1], "rotate": [-2.2108562696799576, 1.4708286350517517, -2.3398133686331652], "SNR": 0.05, "name": "2byu"}