{"loc": [2, 1, 7], "rotate": [2.6850198654955943, 0.6510196293778044, -0.5106942724154234], "SNR": 0.05, "name": "2byu"}