{"loc": [6, -4, -1], "rotate": [2.0222659486201326, 0.6948433963675688, 0.4558836420010254], "SNR": 0.05, "name": "2byu"}