{"loc": [-2, 7, -5], "rotate": [2.5521949763650444, 0.9553146532610923, 0.3496043687527044], "SNR": 0.05, "name": "2byu"}