{"loc": [1, 1, 4], "rotate": [1.9957737633309653, 1.0719160461967565, 0.05209295807367613], "SNR": 0.05, "name": "2byu"}