{"loc": [0, 3, 1], "rotate": [2.7999853961111243, 0.9493890885925009, 0.16061516094982123], "SNR": 0.05, "name": "2byu"}