{"loc": [-5, 4, -7], "rotate": [-2.5889433713459544, 2.5249887103081154, 2.6983551357118425], "SNR": 0.05, "name": "2byu"}