{"loc": [3, -4, 1], "rotate": [2.9330897665734734, 0.714162746548619, -0.3123998819443984], "SNR": 0.05, "name": "2byu"}