{"loc": [-7, 1, -6], "rotate": [2.5375641595418026, 0.4644476045542642, -0.3398423081189846], "SNR": 0.05, "name": "2byu"}