{"loc": [3, 2, 7], "rotate": [2.575481375777836, 1.0934561311080508, -0.40660429695621325], "SNR": 0.05, "name": "2byu"}