{"loc": [7, 0, -2], "rotate": [-1.8035814236431016, 1.43153420820967, -2.7143779465592153], "SNR": 0.05, "name": "2byu"}