{"loc": [-1, -1, -7], "rotate": [2.3071781153754545, 1.1505756256205424, 0.3211722479933202], "SNR": 0.05, "name": "2byu"}