{"loc": [0, -5, 0], "rotate": [-2.3886860115212465, 0.4802735348232628, -1.5648558205522634], "SNR": 0.05, "name": "2byu"}