{"loc": [7, 4, 2], "rotate": [2.08698145594968, 2.0445651718906888, 1.0753409690018323], "SNR": 0.05, "name": "2byu"}