{"loc": [6, -7, -4], "rotate": [3.002538468862104, 0.6766702736187641, -0.45851253434570244], "SNR": 0.05, "name": "2byu"}