{"loc": [-3, -3, -7], "rotate": [-2.337582746665381, 0.9010321930638585, -1.9245455525596067], "SNR": 0.05, "name": "2byu"}