{"loc": [5, 1, 0], "rotate": [2.3097314328816774, 1.3655253594294516, 0.6750174032571069], "SNR": 0.05, "name": "2byu"}