{"loc": [3, -7, -7], "rotate": [2.347926142039482, 1.0382691086755254, 0.025640052564174957], "SNR": 0.05, "name": "2byu"}