{"loc": [7, 6, -5], "rotate": [-2.5886832216221705, 0.7542161863961429, -1.2496591744893748], "SNR": 0.05, "name": "2byu"}