{"loc": [4, 1, 6], "rotate": [2.3048500028564654, 0.7445836646579626, -0.1559518591483946], "SNR": 0.05, "name": "2byu"}