{"loc": [-1, 3, -5], "rotate": [-2.28770745577997, 1.7421726931103343, -2.8620568778692155], "SNR": 0.05, "name": "2byu"}