{"loc": [5, 4, 1], "rotate": [1.9568657196097723, 1.8290915813447037, 0.9331939374853062], "SNR": 0.05, "name": "2byu"}