{"loc": [4, 7, 2], "rotate": [-2.0601346635875526, 0.8046745694550826, -2.4239399369326646], "SNR": 0.05, "name": "2byu"}