{"loc": [-3, 6, -3], "rotate": [2.2819359274757383, 0.7473023944096814, 0.4998582724693554], "SNR": 0.05, "name": "2byu"}