{"loc": [0, -4, 2], "rotate": [2.5246997404719633, 1.4135640851509426, 0.553222486711756], "SNR": 0.05, "name": "2byu"}