{"loc": [0, -4, 7], "rotate": [-2.4916028889443784, 0.3749491669165541, -1.196407534625907], "SNR": 0.05, "name": "2byu"}