{"loc": [-5, 6, -4], "rotate": [-2.2267849238713127, 1.6737508364664386, -2.260656381600818], "SNR": 0.05, "name": "2byu"}