{"loc": [-7, 2, 5], "rotate": [-2.8840143489917938, 2.381997430997253, 2.64419535269757], "SNR": 0.05, "name": "2byu"}