{"loc": [-4, 5, 0], "rotate": [-2.4522214165216254, 0.8870284328901753, -1.7250591968348927], "SNR": 0.05, "name": "2byu"}