{"loc": [-6, 0, 3], "rotate": [-2.9761540454839577, 2.2305323191556603, 2.9408702069286514], "SNR": 0.05, "name": "2byu"}