{"loc": [-2, 6, 3], "rotate": [2.3575222175841097, 1.498116916653686, 0.6368691673942092], "SNR": 0.05, "name": "2byu"}