{"loc": [6, -7, 6], "rotate": [-2.570123638676648, 2.1468106209289965, 3.0585615414354237], "SNR": 0.05, "name": "2byu"}