{"loc": [-5, -2, -6], "rotate": [-2.503368988840822, 1.2128043883285564, -1.4368660268520062], "SNR": 0.05, "name": "2byu"}