{"loc": [2, -1, -4], "rotate": [2.6958164234105815, 0.5541453319560387, -0.4894699119449256], "SNR": 0.05, "name": "2byu"}