{"loc": [-2, 7, -3], "rotate": [2.28585182908124, 1.2633422322216674, 0.45100682388180524], "SNR": 0.05, "name": "2byu"}