{"loc": [1, 7, -1], "rotate": [-1.8602114009755712, 1.3901655177276244, -2.29598498592377], "SNR": 0.05, "name": "2byu"}