{"loc": [-6, -1, 3], "rotate": [-2.986228633506556, 0.6897541791361882, -1.2892516618610315], "SNR": 0.05, "name": "2byu"}