{"loc": [-6, 1, -6], "rotate": [-2.8362012301990474, 0.6956609200918447, -1.2014797863553124], "SNR": 0.05, "name": "2byu"}