{"loc": [-1, -3, 7], "rotate": [2.0847809442481493, 1.6378407970570528, 0.49058102084823263], "SNR": 0.05, "name": "2byu"}