{"loc": [-5, 2, -7], "rotate": [2.3429300148781005, 1.0517619361388808, 0.28026982179371324], "SNR": 0.05, "name": "2byu"}