{"loc": [-4, -4, -5], "rotate": [2.0082344534112093, 1.2865762586636935, 0.6319376692051248], "SNR": 0.05, "name": "2byu"}