{"loc": [-7, 4, 7], "rotate": [1.889310704936903, 1.7134418897051125, 0.8231062988181261], "SNR": 0.05, "name": "2byu"}