{"loc": [-4, 1, -4], "rotate": [-2.87435557666909, 0.829783540888432, -1.5097816036362555], "SNR": 0.05, "name": "2byu"}