{"loc": [2, -1, -6], "rotate": [-2.997599691022362, 0.3471715888455942, -0.907676771110107], "SNR": 0.05, "name": "2byu"}