{"loc": [5, -4, -4], "rotate": [2.457051563317722, 0.9104646420079675, -0.11130636744453665], "SNR": 0.05, "name": "2byu"}