{"loc": [-7, -7, 5], "rotate": [-2.6486667561354564, 0.9014941472916118, -1.5136315098686317], "SNR": 0.05, "name": "2byu"}