{"loc": [-2, 6, 1], "rotate": [-2.5052609307598774, 1.0300474672613962, -1.6386800648085702], "SNR": 0.05, "name": "2byu"}