{"loc": [7, 4, 0], "rotate": [-2.101728736600598, 0.3409182084103283, -1.6905374747162003], "SNR": 0.05, "name": "2byu"}