{"loc": [3, 0, -3], "rotate": [2.110501564622595, 0.9320065277534227, 0.28907281436756344], "SNR": 0.05, "name": "2byu"}