{"loc": [0, 3, 4], "rotate": [2.991555059878356, 0.9425101981167319, -0.6687514361575815], "SNR": 0.05, "name": "2byu"}