{"loc": [2, -6, -4], "rotate": [2.121315634232833, 1.0569680509564727, 0.2105845544438116], "SNR": 0.05, "name": "2byu"}