{"loc": [5, -3, 6], "rotate": [-2.476596135736781, 0.8728218556337635, -1.9223562735480046], "SNR": 0.05, "name": "2byu"}