{"loc": [0, -1, 0], "rotate": [0.49508484827805005, 2.3133951050908705, 2.6537808129370375], "SNR": 0.05, "name": "2byu"}