{"loc": [5, 0, -4], "rotate": [-2.079505297915865, 1.3073720923418364, -2.3194009412437615], "SNR": 0.05, "name": "2byu"}