{"loc": [3, -3, -5], "rotate": [2.6866903822152777, 0.9443612812921834, -0.2929034483732673], "SNR": 0.05, "name": "2byu"}