{"loc": [-7, -3, 0], "rotate": [2.0759511021171027, 1.4431784254353803, 0.9900758349870454], "SNR": 0.05, "name": "2byu"}