{"loc": [5, 3, 0], "rotate": [2.604413174343567, 1.146355548134897, -0.06275890091370438], "SNR": 0.05, "name": "2byu"}