{"loc": [6, 0, 7], "rotate": [-2.118548015745306, 0.8762733068970493, -1.7830090899765356], "SNR": 0.05, "name": "2byu"}