{"loc": [-1, -1, 4], "rotate": [2.4118316935562625, 1.167909731074929, -0.00023750665869040833], "SNR": 0.05, "name": "2byu"}