{"loc": [5, 6, -3], "rotate": [2.5494921441131826, 1.0036384909159364, 0.1308592202198889], "SNR": 0.05, "name": "2byu"}