{"loc": [4, 7, -7], "rotate": [2.9358009962714187, 0.659744413800389, -0.11636513224714083], "SNR": 0.05, "name": "2byu"}