{"loc": [-5, 0, -5], "rotate": [2.0303704878910764, 2.2206805755591077, 0.6088531505978788], "SNR": 0.05, "name": "2byu"}