{"loc": [6, 7, -2], "rotate": [-2.423149234659718, 1.3308133751256144, -2.0349693698614746], "SNR": 0.05, "name": "2byu"}