{"loc": [-6, -5, -5], "rotate": [2.541760171551705, 0.6339589007212676, 0.17456640304440618], "SNR": 0.05, "name": "2byu"}