{"loc": [-6, -5, 0], "rotate": [2.4184781029003237, 0.6238769746691961, 0.40775978238961974], "SNR": 0.05, "name": "2byu"}