{"loc": [-6, 5, 4], "rotate": [2.39266997049318, 1.4768511448090682, 0.29521057236409537], "SNR": 0.05, "name": "2byu"}