{"loc": [-1, -7, 4], "rotate": [-3.0749768358891987, 0.49487968047510816, -0.7085147958644479], "SNR": 0.05, "name": "2byu"}