{"loc": [5, 7, -4], "rotate": [2.073842839296326, 1.8187175320694888, 0.8531820696974752], "SNR": 0.05, "name": "2byu"}