{"loc": [0, 5, 7], "rotate": [2.420115768843167, 1.1648802835384138, 0.47496827123001667], "SNR": 0.05, "name": "2byu"}