{"loc": [0, 0, -6], "rotate": [-2.2566285507537724, 0.9596502561991179, -1.789712978506082], "SNR": 0.05, "name": "2byu"}