{"loc": [6, 0, -4], "rotate": [-2.3791019494347774, 2.3181586119337214, -3.1045696493934054], "SNR": 0.05, "name": "2byu"}