{"loc": [4, -7, -1], "rotate": [-2.0483108352117054, 1.1845774018116948, -2.173075123712644], "SNR": 0.05, "name": "2byu"}