{"loc": [-7, 4, 0], "rotate": [-2.431085696857297, 0.5844741955506486, -1.4869591644992513], "SNR": 0.05, "name": "2byu"}