{"loc": [-5, -4, 5], "rotate": [2.755477391589153, 2.041766801698066, 1.5585507983728717], "SNR": 0.05, "name": "2byu"}