{"loc": [-5, -4, -3], "rotate": [2.8867292509754536, 0.548708157010163, -0.6874454462126083], "SNR": 0.05, "name": "2byu"}