{"loc": [-7, 0, -4], "rotate": [-2.557029559232174, 0.7692982042046225, -1.464864095186132], "SNR": 0.05, "name": "2byu"}