{"loc": [-6, 5, -7], "rotate": [-2.926297556016611, 2.2424999311668867, 2.8748450790819233], "SNR": 0.05, "name": "2byu"}