{"loc": [0, 5, -2], "rotate": [3.1084495555104272, 0.5814083670099682, -0.32456628405801774], "SNR": 0.05, "name": "2byu"}