{"loc": [1, -5, -1], "rotate": [-2.3114450109670694, 0.8681844834263941, -1.9893982504819507], "SNR": 0.05, "name": "2byu"}