{"loc": [4, 5, 0], "rotate": [2.0740294557591428, 0.8450420844014767, -0.24764067761018063], "SNR": 0.05, "name": "2byu"}