{"loc": [-5, 7, -6], "rotate": [2.0797624313391787, 1.0315857681168852, 0.5520761420125224], "SNR": 0.05, "name": "2byu"}