{"loc": [0, -4, 2], "rotate": [-2.6155422501136467, 0.7214279716709358, -1.4749301278196107], "SNR": 0.05, "name": "2byu"}