{"loc": [7, 0, 1], "rotate": [-2.8711069666753484, 2.551677888442742, 2.5586751691847303], "SNR": 0.05, "name": "2byu"}