{"loc": [2, -5, 5], "rotate": [2.147658022722337, 0.35293313976202534, 0.3341067689273185], "SNR": 0.05, "name": "2byu"}