{"loc": [-6, -2, 7], "rotate": [-2.941261110611984, 0.8051989604440637, -0.9892783665193721], "SNR": 0.05, "name": "2byu"}