{"loc": [-2, 0, 2], "rotate": [2.5936475595307575, 1.803767851199917, 1.1051424700920345], "SNR": 0.05, "name": "2byu"}