{"loc": [3, 2, -3], "rotate": [2.3630992832771187, 1.2057333296403203, 0.1831119348791784], "SNR": 0.05, "name": "2byu"}