{"loc": [0, 4, -6], "rotate": [2.2123018777842467, 1.3987444853385036, 0.22693680727937088], "SNR": 0.05, "name": "2byu"}