{"loc": [0, 4, 4], "rotate": [2.1708800955619862, 1.4199798837412774, 0.4406421018651994], "SNR": 0.05, "name": "2byu"}