{"loc": [2, -5, -2], "rotate": [2.52518934403069, 0.8700188726474135, -0.5181125783550964], "SNR": 0.05, "name": "2byu"}