{"loc": [-2, 3, -4], "rotate": [1.8296683217737726, 0.994105062227496, 0.29072632783265645], "SNR": 0.05, "name": "2byu"}