{"loc": [-1, -4, -5], "rotate": [2.2142234042496414, 1.7390081697095863, 0.8232719228462418], "SNR": 0.05, "name": "2byu"}