{"loc": [0, -5, -4], "rotate": [2.1518373398786568, 1.4714484515447799, 0.2198665428702666], "SNR": 0.05, "name": "2byu"}