{"loc": [-2, -7, 5], "rotate": [2.310585354109617, 0.9309949393138985, 0.6483255855628322], "SNR": 0.05, "name": "2byu"}