{"loc": [0, -6, 5], "rotate": [-2.9152066237271392, 0.7340923168154448, -0.6663639562659738], "SNR": 0.05, "name": "2byu"}