{"loc": [3, 4, 7], "rotate": [2.7089925963957513, 1.0094584934141053, -0.49211158105741587], "SNR": 0.05, "name": "2byu"}