{"loc": [2, -4, -7], "rotate": [2.2131507627125497, 1.4293721374743078, 0.518279423242198], "SNR": 0.05, "name": "2byu"}