{"loc": [0, 7, -7], "rotate": [2.5169099193099727, 1.9061138222175114, 1.1523693430560678], "SNR": 0.05, "name": "2byu"}