{"loc": [5, 1, -6], "rotate": [2.3177755404167186, 1.32803684814961, 0.7688026640232022], "SNR": 0.05, "name": "2byu"}