{"loc": [0, 1, -5], "rotate": [2.301556702529281, 2.128416670412193, 0.970523856241519], "SNR": 0.05, "name": "2byu"}