{"loc": [2, 4, -7], "rotate": [-2.344968692260816, 1.0028972910020786, -2.170790075906763], "SNR": 0.05, "name": "2byu"}