{"loc": [4, 5, -7], "rotate": [-2.892925450707562, 0.7954361740747371, -1.3532495392399415], "SNR": 0.05, "name": "2byu"}