{"loc": [-5, -1, 6], "rotate": [2.170108541373035, 1.4933751251873142, 0.9395634876729543], "SNR": 0.05, "name": "2byu"}