{"loc": [3, -5, 0], "rotate": [2.0714113900676687, 0.8647602143736117, 0.2035710382617743], "SNR": 0.05, "name": "2byu"}