{"loc": [-5, 4, 0], "rotate": [1.9665737438311635, 0.9825689407833493, 0.3513107443874935], "SNR": 0.05, "name": "2byu"}