{"loc": [-2, -6, -1], "rotate": [-2.3047772999479426, 1.1269558985209098, -1.8360683365242454], "SNR": 0.05, "name": "2byu"}