{"loc": [2, -3, -1], "rotate": [-2.620873568157054, 0.6808322436672444, -1.5089259400516601], "SNR": 0.05, "name": "2byu"}