{"loc": [0, 0, 2], "rotate": [2.210687644866227, 1.3173234549071793, 0.6040668064425165], "SNR": 0.05, "name": "2byu"}