{"loc": [-4, -5, 6], "rotate": [-2.033912194015901, 0.8812745826385259, -2.0285461885577694], "SNR": 0.05, "name": "2byu"}