{"loc": [7, 3, 1], "rotate": [2.9443254173220335, 0.83346397411661, -0.4452201506982611], "SNR": 0.05, "name": "2byu"}