{"loc": [4, 0, -6], "rotate": [2.4875835259216332, 1.0799207514857119, 0.4817181837536189], "SNR": 0.05, "name": "2byu"}