{"loc": [-5, -7, -5], "rotate": [2.67105796293778, 1.1904059306512953, 0.3917470553590847], "SNR": 0.05, "name": "2byu"}