{"loc": [-1, -7, -5], "rotate": [2.3686253517586247, 1.1345201508591318, 0.3578810820900904], "SNR": 0.05, "name": "2byu"}