{"loc": [7, 6, -6], "rotate": [-2.6823849249497784, 2.398183562466263, 2.9787943707421767], "SNR": 0.05, "name": "2byu"}