{"loc": [-4, 2, -2], "rotate": [1.8817743560780746, 1.0593970934209174, 0.7103609406070632], "SNR": 0.05, "name": "2byu"}