{"loc": [1, 2, 7], "rotate": [-2.310613931440877, 1.100241183340251, -1.7427427436524745], "SNR": 0.05, "name": "2byu"}