{"loc": [-5, -5, -4], "rotate": [-2.6589796923143325, 0.9838555317578024, -1.363462557789362], "SNR": 0.05, "name": "2byu"}