{"loc": [-4, 0, 1], "rotate": [2.2493489772858353, 1.044336591613587, 0.16220865378650154], "SNR": 0.05, "name": "2byu"}