{"loc": [2, -1, 7], "rotate": [-2.375629214373228, 0.6069402024968777, -1.4928445167468218], "SNR": 0.05, "name": "2byu"}