{"loc": [-3, -3, -5], "rotate": [2.771693154274807, 0.20991062506834646, -0.0943733651108076], "SNR": 0.05, "name": "2byu"}