{"loc": [-3, -5, -3], "rotate": [-2.192258179131203, 2.3328518713461377, -2.689457796036835], "SNR": 0.05, "name": "2byu"}