{"loc": [-5, 1, 5], "rotate": [2.2906671199571833, 1.7585556215198344, 0.7665946428095112], "SNR": 0.05, "name": "2byu"}