{"loc": [-7, -3, -3], "rotate": [-2.717854132313447, 0.8017111178479135, -1.8407372077422217], "SNR": 0.05, "name": "2byu"}