{"loc": [6, 4, 1], "rotate": [2.4308433061546717, 1.7400420493074922, 1.3059199814244407], "SNR": 0.05, "name": "2byu"}