{"loc": [-7, -5, 3], "rotate": [2.3079934636946717, 0.5995469633973884, -0.12187989907453924], "SNR": 0.05, "name": "2byu"}