{"loc": [0, 2, -1], "rotate": [2.575603103019153, 0.6128706369220005, 0.2862654566599545], "SNR": 0.05, "name": "2byu"}