{"loc": [-6, 0, 4], "rotate": [3.075172026968931, 2.0842665442291795, 2.565199890844573], "SNR": 0.05, "name": "2byu"}