{"loc": [4, 1, -7], "rotate": [2.423110497941597, 0.6133611585993217, 0.40299555940580584], "SNR": 0.05, "name": "2byu"}