{"loc": [-7, -3, 3], "rotate": [3.115408975204588, 0.5647484547540653, -0.41752042096832576], "SNR": 0.05, "name": "2byu"}