{"loc": [6, 7, 1], "rotate": [2.017422260295805, 1.9372758568317496, 0.4382315797854327], "SNR": 0.05, "name": "2byu"}