{"loc": [4, 0, 2], "rotate": [0.45801571882913855, 2.3324444828043682, 3.074257095413187], "SNR": 0.05, "name": "2byu"}