{"loc": [6, -7, 7], "rotate": [-2.4051735000021806, 0.5661735091283552, -1.499975030856154], "SNR": 0.05, "name": "2byu"}