{"loc": [2, -3, 0], "rotate": [-3.00164267366274, 0.713127709770371, -1.3720962812793087], "SNR": 0.05, "name": "2byu"}