{"loc": [-7, -6, 6], "rotate": [-2.4044712613054484, 1.490161408794402, -1.8116626204247102], "SNR": 0.05, "name": "2byu"}