{"loc": [0, 0, 7], "rotate": [-2.600280718999086, 2.074927106766469, -2.9090485940890902], "SNR": 0.05, "name": "2byu"}