{"loc": [-7, -4, 5], "rotate": [2.496513703574729, 1.2137538733178692, 0.613587674893405], "SNR": 0.05, "name": "2byu"}