{"loc": [0, 2, 6], "rotate": [2.151754210273537, 0.7638165055351656, 0.40311977174606467], "SNR": 0.05, "name": "2byu"}