{"loc": [-2, -4, 3], "rotate": [2.626139194890264, 2.063243652525692, 1.710660351144632], "SNR": 0.05, "name": "2byu"}