{"loc": [2, 2, -5], "rotate": [-2.1829548308557887, 1.1807435659423322, -2.2229304615270715], "SNR": 0.05, "name": "2byu"}