{"loc": [-5, -2, 6], "rotate": [2.460306165421332, 0.6812297329136643, 0.0025366432666508324], "SNR": 0.05, "name": "2byu"}