{"loc": [3, -1, -3], "rotate": [-2.2128146108060114, 1.2856458182902561, -2.616371206761406], "SNR": 0.05, "name": "2byu"}