{"loc": [2, -4, 5], "rotate": [-1.9527150870511816, 0.41978468513724626, -2.1808873432888314], "SNR": 0.05, "name": "2byu"}