{"loc": [-1, 5, -1], "rotate": [2.377228063971259, 1.8948967009894986, 1.112173842987529], "SNR": 0.05, "name": "2byu"}