{"loc": [-3, 7, -5], "rotate": [2.6011871162981377, 1.0654403698720705, -0.48230093425783244], "SNR": 0.05, "name": "2byu"}