{"loc": [1, 7, 1], "rotate": [2.4160878544877233, 1.4216076752417166, 0.2349126849361975], "SNR": 0.05, "name": "2byu"}