{"loc": [-5, -4, 6], "rotate": [-2.8372192923654036, 0.7107763447985851, -1.4636573227486323], "SNR": 0.05, "name": "2byu"}