{"loc": [4, 7, 7], "rotate": [1.9980909066393513, 1.18945151041371, 0.6708635113238237], "SNR": 0.05, "name": "2byu"}