{"loc": [-4, -4, 0], "rotate": [2.101196269543987, 0.7377123595508057, -0.2007320098137217], "SNR": 0.05, "name": "2byu"}