{"loc": [6, 1, 5], "rotate": [-2.2852114501756873, 0.892826288498953, -2.096194501102307], "SNR": 0.05, "name": "2byu"}