{"loc": [5, -1, -5], "rotate": [2.030264952631812, 1.6759649566025516, 1.0467301430892284], "SNR": 0.05, "name": "2byu"}