{"loc": [-2, 5, -7], "rotate": [2.9375049904373007, 1.2149370907927346, -0.1202752511337651], "SNR": 0.05, "name": "2byu"}