{"loc": [-7, 7, -1], "rotate": [-2.174800405068889, 2.069937442548827, -2.963431756787461], "SNR": 0.05, "name": "2byu"}