{"loc": [-7, -6, -3], "rotate": [-2.028104475959711, 1.543043384065183, -2.304522608340304], "SNR": 0.05, "name": "2byu"}