{"loc": [-3, -7, -5], "rotate": [2.2455296694337274, 0.8498952432475237, -0.07367276218545261], "SNR": 0.05, "name": "2byu"}