{"loc": [0, 6, 5], "rotate": [-2.5030906490382776, 1.0612980797592542, -1.2810552715405272], "SNR": 0.05, "name": "2byu"}