{"loc": [-7, -7, -5], "rotate": [1.8112323330737716, 2.3925933718786085, 0.4717858583477805], "SNR": 0.05, "name": "2byu"}