{"loc": [7, -4, -5], "rotate": [-2.3840133139618738, 1.2407499556598212, -2.0012269995960277], "SNR": 0.05, "name": "2byu"}