{"loc": [3, 1, -1], "rotate": [2.5388263186152327, 0.9705196058949555, 0.6093006875893471], "SNR": 0.05, "name": "2byu"}