{"loc": [2, 1, 0], "rotate": [2.4017315834282327, 1.8653068068409502, 1.4925274702594642], "SNR": 0.05, "name": "2byu"}