{"loc": [4, -7, 0], "rotate": [-2.015898209053187, 1.070499706976525, -1.9369965358991088], "SNR": 0.05, "name": "2byu"}