{"loc": [-6, 1, -3], "rotate": [-2.384978008315125, 0.8055545239209024, -1.834671338761827], "SNR": 0.05, "name": "2byu"}