{"loc": [-3, 0, 4], "rotate": [-3.0610078000056973, 0.7798322880027573, -0.5175299870799556], "SNR": 0.05, "name": "2byu"}