{"loc": [-5, 7, -6], "rotate": [-2.3586564088910893, 0.9556557620979741, -1.9476416422780511], "SNR": 0.05, "name": "2byu"}