{"loc": [-7, 0, -6], "rotate": [2.3420505330035972, 0.8686775483643212, 0.18042935677977837], "SNR": 0.05, "name": "2byu"}