{"loc": [1, -5, 2], "rotate": [1.9148956875939842, 0.9840499607068212, 0.38901687029428195], "SNR": 0.05, "name": "2byu"}