{"loc": [6, 0, 7], "rotate": [-2.302539653316767, 1.0659454825110493, -1.8442684009914552], "SNR": 0.05, "name": "2byu"}