{"loc": [-2, 6, -5], "rotate": [2.1294097308096362, 1.6868983977508754, 0.6321486607050283], "SNR": 0.05, "name": "2byu"}