{"loc": [4, -5, 1], "rotate": [1.679828046892845, 1.4594882025117235, 0.5256671991233881], "SNR": 0.05, "name": "2byu"}