{"loc": [-7, 2, 5], "rotate": [-2.382063063704134, 1.2049463050927938, -1.9070561393552863], "SNR": 0.05, "name": "2byu"}