{"loc": [2, -6, -5], "rotate": [2.240431928941386, 0.26074944398840705, 0.40409313230940075], "SNR": 0.05, "name": "2byu"}