{"loc": [-5, 4, 1], "rotate": [2.3066053033162652, 1.556473185311659, 0.5317110748224586], "SNR": 0.05, "name": "2byu"}