{"loc": [7, -7, -4], "rotate": [2.5199122284505315, 2.3531415925234858, 1.640943460077891], "SNR": 0.05, "name": "2byu"}