{"loc": [-1, 3, -5], "rotate": [2.6527932805650303, 1.0291508201456896, 0.2499012701223059], "SNR": 0.05, "name": "2byu"}