{"loc": [3, -5, -2], "rotate": [-1.04116895569703, 1.1840952425127398, 0.5564610204443585], "SNR": 0.05, "name": "2byu"}