{"loc": [-6, -2, 6], "rotate": [2.36272377804024, 0.7446106692048645, 0.36478416939569525], "SNR": 0.05, "name": "2byu"}