{"loc": [7, 0, -3], "rotate": [0.8483746148601268, 2.1141978535569783, -2.514651623698106], "SNR": 0.05, "name": "2byu"}