{"loc": [2, -6, 1], "rotate": [-1.975155353699744, 0.2991209741705911, -1.997187028191338], "SNR": 0.05, "name": "2byu"}