{"loc": [-5, 0, -3], "rotate": [-2.1115716409522984, 1.056583736680413, -1.4922550824445742], "SNR": 0.05, "name": "2byu"}