{"loc": [-2, 1, -2], "rotate": [3.10164720455533, 0.648168476333785, -0.9397431364611163], "SNR": 0.05, "name": "2byu"}