{"loc": [5, 4, 7], "rotate": [-3.0384841447114095, 0.7248842353566101, -1.1087114139903482], "SNR": 0.05, "name": "2byu"}