{"loc": [-5, -7, 6], "rotate": [2.0101856109964307, 2.5360440950700207, 1.242779032598966], "SNR": 0.05, "name": "2byu"}