{"loc": [-6, 0, 6], "rotate": [2.3929269254077923, 1.66663928383865, 0.8268699225860215], "SNR": 0.05, "name": "2byu"}