{"loc": [-3, -2, -2], "rotate": [2.93753601602705, 0.5692421122001483, -0.35676523474054417], "SNR": 0.05, "name": "2byu"}