{"loc": [6, 0, 6], "rotate": [-2.8625808867628098, 0.6430481166801715, -1.1926534745596253], "SNR": 0.05, "name": "2byu"}