{"loc": [2, 4, 6], "rotate": [-0.9493428857625648, 2.1872959245652424, 1.0754264613429345], "SNR": 0.05, "name": "2byu"}