{"loc": [-1, 4, 4], "rotate": [2.728777428415292, 2.3533172054058675, 1.7525493684382765], "SNR": 0.05, "name": "2byu"}