{"loc": [-6, -7, 5], "rotate": [2.0198028831086634, 2.3307178256344523, 1.3842745977588176], "SNR": 0.05, "name": "2byu"}