{"loc": [5, 6, -3], "rotate": [1.8774436074879937, 1.5074931292091316, 0.3383084462368615], "SNR": 0.05, "name": "2byu"}