{"loc": [4, 4, -2], "rotate": [-2.229754987330464, 1.1529592863303362, -2.1649464260640867], "SNR": 0.05, "name": "2byu"}