{"loc": [-6, 7, -1], "rotate": [2.550913096612989, 0.9407349146425065, 0.1497879053214249], "SNR": 0.05, "name": "2byu"}