{"loc": [-5, -7, 6], "rotate": [2.2804824924742193, 1.3797162381731836, 0.6017075264492627], "SNR": 0.05, "name": "2byu"}