{"loc": [1, -3, -6], "rotate": [-2.102364721870139, 1.322026321011729, -2.167212101102219], "SNR": 0.05, "name": "2byu"}