{"loc": [1, 4, -1], "rotate": [2.2582058252093127, 1.2360673117714096, -0.07533319268090631], "SNR": 0.05, "name": "2byu"}