{"loc": [2, -5, 4], "rotate": [-2.8106576817409628, 0.5080129382030891, -1.2139140052564796], "SNR": 0.05, "name": "2byu"}