{"loc": [0, 0, 5], "rotate": [2.5284825771139774, 1.4444068354531, 0.48328777976003384], "SNR": 0.05, "name": "2byu"}