{"loc": [1, 4, 0], "rotate": [-2.483529432761716, 1.28389558577404, -1.4100888248602177], "SNR": 0.05, "name": "2byu"}