{"loc": [-2, 2, 0], "rotate": [1.7961157159944237, 1.3630084116725572, 0.5729551682896697], "SNR": 0.05, "name": "2byu"}