{"loc": [2, -7, -7], "rotate": [-2.547165868769635, 0.6028553554926853, -1.5264443426236862], "SNR": 0.05, "name": "2byu"}