{"loc": [4, -6, 4], "rotate": [2.5039302925381475, 0.10821583634837328, -0.33705722806876803], "SNR": 0.05, "name": "2byu"}