{"loc": [1, -3, 4], "rotate": [-2.557079243617745, 0.9634180495265497, -2.0550520521641897], "SNR": 0.05, "name": "2byu"}