{"loc": [0, 2, -4], "rotate": [2.3116483255475844, 1.183075314626739, 0.4326188877497411], "SNR": 0.05, "name": "2byu"}