{"loc": [1, -7, 0], "rotate": [2.1298168119855494, 1.2685521629749479, 0.18171911681185596], "SNR": 0.05, "name": "2byu"}