{"loc": [-6, 7, -6], "rotate": [-2.3005421539633057, 1.2154695151422341, -1.7945171692549409], "SNR": 0.05, "name": "2byu"}