{"loc": [6, 4, -2], "rotate": [2.7453645588354543, 2.4474661761576915, 2.1604512156336817], "SNR": 0.05, "name": "2byu"}