{"loc": [-7, 0, 4], "rotate": [2.69994016377692, 0.9692696623740716, 0.022210184286853087], "SNR": 0.05, "name": "2byu"}