{"loc": [5, -1, 5], "rotate": [-2.1884515161941076, 1.409229266725898, -1.9867142723517055], "SNR": 0.05, "name": "2byu"}