{"loc": [-5, 6, 3], "rotate": [-2.866794074494254, 0.5290585881334222, -1.0936337154249152], "SNR": 0.05, "name": "2byu"}