{"loc": [-1, -1, -5], "rotate": [2.670089638711677, 0.5105027046828486, -0.4357392471274838], "SNR": 0.05, "name": "2byu"}