{"loc": [0, 4, 0], "rotate": [2.1516356373228085, 1.997283656045276, 0.7174389826998891], "SNR": 0.05, "name": "2byu"}