{"loc": [-5, -4, 3], "rotate": [0.8765570213715159, 1.5700450484838901, -2.1079871254890614], "SNR": 0.05, "name": "2byu"}