{"loc": [7, -1, -2], "rotate": [-2.3165007185999587, 0.4449533696532564, -1.4519746814406154], "SNR": 0.05, "name": "2byu"}