{"loc": [0, -6, -2], "rotate": [2.16769221774409, 1.0603943422827156, 0.4653834536896317], "SNR": 0.05, "name": "2byu"}