{"loc": [-3, -4, 0], "rotate": [2.5610046558121935, 1.7032132556862787, 1.4143021034597174], "SNR": 0.05, "name": "2byu"}