{"loc": [0, 5, -7], "rotate": [2.9901479086212563, 0.7040106730354068, -0.8838224063361887], "SNR": 0.05, "name": "2byu"}