{"loc": [6, 5, -3], "rotate": [2.741485061934861, 0.8182728941961267, -0.22844016463680783], "SNR": 0.05, "name": "2byu"}