{"loc": [6, -6, -3], "rotate": [-2.230579709791543, 0.5369608996462653, -1.6903391175330285], "SNR": 0.05, "name": "2byu"}