{"loc": [2, -1, 0], "rotate": [2.0496211766545085, 1.468754349483265, 0.7516623012381389], "SNR": 0.05, "name": "2byu"}