{"loc": [1, -3, -2], "rotate": [-1.9908067382678551, 1.1175375366509916, -2.377403740985721], "SNR": 0.05, "name": "2byu"}