{"loc": [4, -2, 0], "rotate": [-2.4007604675405343, 0.4840570352787112, -1.6629746553978348], "SNR": 0.05, "name": "2byu"}