{"loc": [-6, 2, 0], "rotate": [-2.3913100597002535, 1.7588250129976213, -2.606017217702545], "SNR": 0.05, "name": "2byu"}