{"loc": [-6, 2, 0], "rotate": [3.0065768145614156, 0.45828878466268225, -0.8055648213754866], "SNR": 0.05, "name": "2byu"}