{"loc": [0, -1, -5], "rotate": [2.903456277995193, 0.5696474582609311, -0.42355688763290095], "SNR": 0.05, "name": "2byu"}