{"loc": [-4, -7, -2], "rotate": [-2.711206941709167, 0.6460143911215769, -1.2693694927474368], "SNR": 0.05, "name": "2byu"}