{"loc": [-4, 6, -1], "rotate": [-2.131700685712661, 0.6654938461880459, -1.6176144671353843], "SNR": 0.05, "name": "2byu"}