{"loc": [4, 6, -7], "rotate": [0.5589694936037709, 1.0030125962848055, -2.0332704298559188], "SNR": 0.05, "name": "2byu"}