{"loc": [-2, -2, 5], "rotate": [0.7716374482069754, 1.7157245735441997, -2.317196453383024], "SNR": 0.05, "name": "2byu"}