{"loc": [-1, 2, 1], "rotate": [2.6198059195665246, 2.409465790514979, 1.3645248344173146], "SNR": 0.05, "name": "2byu"}