{"loc": [-4, 5, -3], "rotate": [2.1529144996375322, 1.3753115007259884, 0.28930737415159147], "SNR": 0.05, "name": "2byu"}