{"loc": [0, 0, 0], "rotate": [-2.223699984082914, 2.33371967298663, -3.0501533674005046], "SNR": 0.05, "name": "2byu"}