{"loc": [1, -2, -1], "rotate": [2.888037371707619, 1.0547819791870916, -0.4842735591046596], "SNR": 0.05, "name": "2byu"}