{"loc": [5, -5, -3], "rotate": [2.4999351837877133, 1.244075068551658, 0.41554011132637236], "SNR": 0.05, "name": "2byu"}