{"loc": [0, -5, 6], "rotate": [0.3457590660474164, 1.8597838311891195, 2.831790018065631], "SNR": 0.05, "name": "2byu"}