{"loc": [-1, 1, 0], "rotate": [-2.7280612839743665, 0.7622588917363126, -1.2560929973242019], "SNR": 0.05, "name": "2byu"}