{"loc": [1, 0, -7], "rotate": [2.838817924409079, 2.3029277921122473, 1.938281520756333], "SNR": 0.05, "name": "2byu"}