{"loc": [7, 4, -4], "rotate": [-2.5326215155473535, 2.314868971658544, -2.8506645516961107], "SNR": 0.05, "name": "2byu"}