{"loc": [-7, 3, -4], "rotate": [-2.159890813199863, 1.1937358863896534, -2.4742412154523556], "SNR": 0.05, "name": "2byu"}