{"loc": [-7, -6, 3], "rotate": [2.8503159599464536, 0.9161413133806457, -0.3122767225327207], "SNR": 0.05, "name": "2byu"}