{"loc": [-3, 0, -6], "rotate": [2.4710264464594, 1.180525921204425, 0.7334395315518947], "SNR": 0.05, "name": "2byu"}