{"loc": [-6, 0, 7], "rotate": [2.6499278083652587, 0.7687675083724888, -0.11363962869915789], "SNR": 0.05, "name": "2byu"}