{"loc": [7, 1, 3], "rotate": [-2.0466602012564477, 0.8975709199681031, -2.0293901309053726], "SNR": 0.05, "name": "2byu"}