{"loc": [5, -4, 0], "rotate": [2.56406491455709, 0.5319348528541905, -0.0716436146989317], "SNR": 0.05, "name": "2byu"}