{"loc": [6, 6, 7], "rotate": [2.5317598070016496, 0.6564673186967419, -0.25048473405091715], "SNR": 0.05, "name": "2byu"}