{"loc": [0, 0, 3], "rotate": [-2.703260291541635, 0.3655610459232238, -1.2905245986085818], "SNR": 0.05, "name": "2byu"}