{"loc": [-5, -2, 5], "rotate": [1.952739602378273, 1.3427019349739366, 0.8333278905438735], "SNR": 0.05, "name": "2byu"}