{"loc": [6, 7, 7], "rotate": [-1.8980925284386403, 1.796064686190452, -2.557072174756954], "SNR": 0.05, "name": "2byu"}