{"loc": [-4, 1, -3], "rotate": [2.9956340996863813, 0.6352077367695398, -0.7375664111587197], "SNR": 0.05, "name": "2byu"}