{"loc": [-3, -7, 4], "rotate": [2.442525776447104, 1.4201788136447246, 0.026555313072129758], "SNR": 0.05, "name": "2byu"}