{"loc": [4, 3, -4], "rotate": [2.7482746836722174, 2.1379742885112014, 1.2368696173670983], "SNR": 0.05, "name": "2byu"}