{"loc": [-6, 0, -1], "rotate": [-2.7447804641512588, 1.063865938647603, -1.642070419380742], "SNR": 0.05, "name": "2byu"}