{"loc": [3, -4, -5], "rotate": [2.2341671712139126, 1.3394292801755554, 0.5138157167241232], "SNR": 0.05, "name": "2byu"}