{"loc": [0, 4, 7], "rotate": [2.3920494355680915, 1.4938769276052397, 0.3716438134050073], "SNR": 0.05, "name": "2byu"}