{"loc": [-7, 6, -3], "rotate": [-3.04784710216571, 0.5311882271678806, -0.918868140434582], "SNR": 0.05, "name": "2byu"}