{"loc": [-2, -2, 0], "rotate": [-2.3270991452569487, 0.9571471580514272, -1.3567044581243572], "SNR": 0.05, "name": "2byu"}