{"loc": [-3, -2, 5], "rotate": [-2.2580214851993703, 1.3538996799090117, -2.458436811693993], "SNR": 0.05, "name": "2byu"}