{"loc": [-1, 3, 3], "rotate": [-2.4021033752278926, 1.2373869911412705, -1.845153493936073], "SNR": 0.05, "name": "2byu"}