{"loc": [-5, -5, 1], "rotate": [-2.547888837483679, 2.2664841234913977, 3.0394269035524935], "SNR": 0.05, "name": "2byu"}