{"loc": [0, -6, -1], "rotate": [2.109218326120965, 1.67954187156016, 1.0015635279401707], "SNR": 0.05, "name": "2byu"}