{"loc": [6, -1, 1], "rotate": [1.88196540386539, 1.064437989998733, 0.6868580803609059], "SNR": 0.05, "name": "2byu"}