{"loc": [-6, -7, 7], "rotate": [2.1243154753737192, 1.4750837702479072, 0.5351301042389055], "SNR": 0.05, "name": "2byu"}