{"loc": [1, 2, 3], "rotate": [-2.579241109512214, 0.9761742317218267, -1.3413308890608497], "SNR": 0.05, "name": "2byu"}