{"loc": [6, -1, 4], "rotate": [2.215361983824329, 1.0634010954448594, 0.12014523900020226], "SNR": 0.05, "name": "2byu"}