{"loc": [2, 3, -3], "rotate": [-2.4849192235115756, 2.369037274806565, -2.8247995283013854], "SNR": 0.05, "name": "2byu"}