{"loc": [6, 5, -5], "rotate": [2.33871049768769, 1.4942058301209185, 0.6589542942539756], "SNR": 0.05, "name": "2byu"}