{"loc": [7, -4, -2], "rotate": [2.4051899923793885, 0.45811234389618216, -0.04912158532038684], "SNR": 0.05, "name": "2byu"}