{"loc": [2, 3, 1], "rotate": [2.531582763308949, 1.0175529308982925, 0.08152335522461467], "SNR": 0.05, "name": "2byu"}