{"loc": [2, 7, 0], "rotate": [-2.195506280250758, 0.831016303590069, -2.102686933869457], "SNR": 0.05, "name": "2byu"}