{"loc": [-7, -1, -5], "rotate": [2.230966438526501, 0.26546370274484976, 0.10461880203956601], "SNR": 0.05, "name": "2byu"}