{"loc": [-5, -6, 6], "rotate": [-2.752682764179556, 0.9802321125517157, -1.5471075155606644], "SNR": 0.05, "name": "2byu"}