{"loc": [5, 1, -1], "rotate": [-1.99933032911355, 1.143397975064505, -2.1650844655784947], "SNR": 0.05, "name": "2byu"}