{"loc": [-4, -2, -7], "rotate": [-2.437821508867466, 0.704216747101173, -1.8235099488056423], "SNR": 0.05, "name": "2byu"}