{"loc": [-3, -2, 3], "rotate": [2.4648639627139985, 2.5663242909441006, 1.704889024295899], "SNR": 0.05, "name": "2byu"}