{"loc": [-4, -2, 0], "rotate": [-2.321319332746735, 1.2131201161955159, -2.089941320015319], "SNR": 0.05, "name": "2byu"}