{"loc": [-6, -1, 0], "rotate": [1.8635139890833903, 1.2465656983323967, 0.8467591796222331], "SNR": 0.05, "name": "2byu"}