{"loc": [-3, 2, 6], "rotate": [-2.0373754282709764, 1.073220218750341, -2.195742606278928], "SNR": 0.05, "name": "2byu"}