{"loc": [-4, 7, 0], "rotate": [2.4495441720370867, 0.5321660652674575, -0.21634855413795562], "SNR": 0.05, "name": "2byu"}