{"loc": [7, -2, -4], "rotate": [-2.060022800036268, 0.4172657938920854, -1.7258818799202587], "SNR": 0.05, "name": "2byu"}