{"loc": [6, -5, 3], "rotate": [-2.943767097792141, 0.8243029411037822, -1.27828747461899], "SNR": 0.05, "name": "2byu"}