{"loc": [-1, 4, -2], "rotate": [2.1529966292782157, 0.6768388941358371, 0.37190404660117476], "SNR": 0.05, "name": "2byu"}