{"loc": [-5, 5, -5], "rotate": [2.363123183051068, 1.2803958308865813, 0.2066036840003854], "SNR": 0.05, "name": "2byu"}