{"loc": [-2, 3, -3], "rotate": [2.24244419184083, 2.1243362440402445, 1.3135398129408165], "SNR": 0.05, "name": "2byu"}