{"loc": [2, -3, 6], "rotate": [-3.0094579393543324, 0.28895243202355486, -0.972260043120455], "SNR": 0.05, "name": "2byu"}