{"loc": [-2, -7, 2], "rotate": [2.680670940430304, 1.6796895342165674, 0.8127848245956162], "SNR": 0.05, "name": "2byu"}