{"loc": [-3, -7, 7], "rotate": [-2.445407497220899, 0.916166755898627, -1.4464249169293244], "SNR": 0.05, "name": "2byu"}