{"loc": [6, -4, -3], "rotate": [-2.816523815738794, 0.7433764741586029, -1.4512692238893932], "SNR": 0.05, "name": "2byu"}