{"loc": [-3, 4, -1], "rotate": [2.3666665990177926, 0.4618380338567016, 0.17386087115857832], "SNR": 0.05, "name": "2byu"}