{"loc": [0, 2, 3], "rotate": [-2.681735650760448, 1.4657722923091816, -1.8321507321350743], "SNR": 0.05, "name": "2byu"}