{"loc": [3, -6, 7], "rotate": [-2.479975728167842, 1.2212993549591087, -1.3937387328276507], "SNR": 0.05, "name": "2byu"}