{"loc": [-7, -2, 1], "rotate": [-2.367236656441825, 0.8712330950198085, -1.7835225584984034], "SNR": 0.05, "name": "2byu"}