{"loc": [0, 0, -1], "rotate": [2.389946301970536, 1.1091438200377557, 0.4901868731323681], "SNR": 0.05, "name": "2byu"}