{"loc": [7, 2, -3], "rotate": [-2.209415498073715, 0.7139384198021704, -1.8709476890335535], "SNR": 0.05, "name": "2byu"}