{"loc": [-1, 2, 5], "rotate": [-2.6196204692483307, 2.4411784274134836, 3.105781495175074], "SNR": 0.05, "name": "2byu"}