{"loc": [-5, -6, 5], "rotate": [2.308865119909401, 0.8148260725646554, 0.17846912692129838], "SNR": 0.05, "name": "2byu"}