{"loc": [-4, 5, -4], "rotate": [-2.355926630879163, 0.5554031844219679, -1.523541316392825], "SNR": 0.05, "name": "2byu"}