{"loc": [7, 5, 0], "rotate": [2.332835333857907, 1.1539370956704345, 0.880486410429439], "SNR": 0.05, "name": "2byu"}