{"loc": [4, 0, 1], "rotate": [2.1926881635330466, 1.3826647694114815, 1.1379677181676937], "SNR": 0.05, "name": "2byu"}