{"loc": [0, 0, 1], "rotate": [3.084921150755705, 0.5798537995402906, -0.8607776106550369], "SNR": 0.05, "name": "2byu"}