{"loc": [1, -6, 3], "rotate": [2.5253192119015337, 1.093422942008381, 0.7286415762949784], "SNR": 0.05, "name": "2byu"}