{"loc": [-3, -1, -6], "rotate": [2.2616236639399485, 1.518707641299611, 0.28448444081788854], "SNR": 0.05, "name": "2byu"}