{"loc": [2, -6, 3], "rotate": [-2.9911458609600667, 0.9644652214337421, -1.3092575459459463], "SNR": 0.05, "name": "2byu"}