{"loc": [-7, -6, -3], "rotate": [2.4292321081957735, 2.2584726299247735, 1.5914141841195413], "SNR": 0.05, "name": "2byu"}