{"loc": [0, 2, 3], "rotate": [-2.0807931936361377, 0.7521938208615032, -2.3866511717862093], "SNR": 0.05, "name": "2byu"}