{"loc": [3, -6, -7], "rotate": [-2.2399786665409294, 1.089511753521947, -1.3965983500033066], "SNR": 0.05, "name": "2byu"}