{"loc": [-3, 4, -2], "rotate": [-1.9821046665955444, 1.7759724689875032, -2.4489431024410044], "SNR": 0.05, "name": "2byu"}