{"loc": [3, -3, -2], "rotate": [2.54760049762265, 0.9583071841326057, 0.18195294887446437], "SNR": 0.05, "name": "2byu"}