{"loc": [5, 0, -6], "rotate": [2.185798527225043, 1.8616387268219743, 0.8587817362425304], "SNR": 0.05, "name": "2byu"}