{"loc": [2, 5, -2], "rotate": [1.9623568121345518, 1.7316691584553145, 0.651942599871603], "SNR": 0.05, "name": "2byu"}