{"loc": [-7, -4, -2], "rotate": [-2.3965064865255656, 1.0297484388363414, -2.0809920998114095], "SNR": 0.05, "name": "2byu"}