{"loc": [-3, 3, 4], "rotate": [2.4487995476425315, 1.9912783041641187, 1.6129518283311217], "SNR": 0.05, "name": "2byu"}