{"loc": [0, 6, -7], "rotate": [-2.2170418923473014, 2.079472367004092, -2.627298020349447], "SNR": 0.05, "name": "2byu"}