{"loc": [-6, -3, -5], "rotate": [2.5209871936077035, 0.438307064915448, -0.2079325009850799], "SNR": 0.05, "name": "2byu"}