{"loc": [6, 0, -2], "rotate": [-2.141822112682718, 1.4208370914017003, -1.998044309843543], "SNR": 0.05, "name": "2byu"}