{"loc": [-6, 0, 1], "rotate": [-3.118489179096984, 0.8109617340083918, -0.8586484017792667], "SNR": 0.05, "name": "2byu"}