{"loc": [7, 7, -7], "rotate": [2.60505320032144, 1.2486639093999494, 0.6263993330633878], "SNR": 0.05, "name": "2byu"}