{"loc": [5, 3, 0], "rotate": [-2.9095591799119593, 0.8004021118062395, -1.332910846749499], "SNR": 0.05, "name": "2byu"}