{"loc": [-1, -2, 2], "rotate": [2.129369252658092, 1.355844375666006, 0.502485921945181], "SNR": 0.05, "name": "2byu"}