{"loc": [-7, 6, -1], "rotate": [3.0783267528703355, 0.718129784290211, -0.5649244017297919], "SNR": 0.05, "name": "2byu"}