{"loc": [-6, 3, 6], "rotate": [2.089027772696008, 1.477735015479302, 0.7569522401444674], "SNR": 0.05, "name": "2byu"}