{"loc": [-1, -3, -2], "rotate": [2.0505579603769752, 1.0034234872559729, 0.7466856876684891], "SNR": 0.05, "name": "2byu"}