{"loc": [-6, 3, 7], "rotate": [2.4596126583638758, 1.0018485557770722, 0.012195363697920163], "SNR": 0.05, "name": "2byu"}