{"loc": [-5, 2, 7], "rotate": [2.25038202849554, 2.107101651906862, 1.169082264372853], "SNR": 0.05, "name": "2byu"}