{"loc": [0, 1, -1], "rotate": [-2.8287415832036844, 0.4805898275787287, -1.0052547686920943], "SNR": 0.05, "name": "2byu"}