{"loc": [6, 5, 6], "rotate": [2.212014941927499, 1.164030924048248, 0.2800570100752554], "SNR": 0.05, "name": "2byu"}