{"loc": [6, 2, -7], "rotate": [2.354675010082866, 0.5281994605493011, -0.030651486731778137], "SNR": 0.05, "name": "2byu"}