{"loc": [5, 2, 0], "rotate": [-2.9515762868025357, 0.33404335495704085, -0.9589347005256145], "SNR": 0.05, "name": "2byu"}