{"loc": [5, 2, -7], "rotate": [-2.1140092323893946, 1.9212835754001423, -2.4243818818877974], "SNR": 0.05, "name": "2byu"}