{"loc": [-3, 6, 6], "rotate": [-3.1033694368242064, 0.5571148512713694, -0.19448653047529624], "SNR": 0.05, "name": "2byu"}