{"loc": [7, -2, 3], "rotate": [2.4370367383808915, 0.6912849038197265, -0.014408855347718717], "SNR": 0.05, "name": "2byu"}