{"loc": [-4, 6, 0], "rotate": [2.3884130230475322, 0.997904345741442, 0.17516012369120884], "SNR": 0.05, "name": "2byu"}