{"loc": [2, 0, 0], "rotate": [-1.0367479246661095, 2.082887448256281, 0.6910686265800499], "SNR": 0.05, "name": "2byu"}