{"loc": [-6, 1, 4], "rotate": [2.863885975553962, 2.43005748940288, 2.179204052841024], "SNR": 0.05, "name": "2byu"}