{"loc": [-2, 5, 7], "rotate": [-2.3855643823496457, 0.7100437718914995, -1.5771816554287161], "SNR": 0.05, "name": "2byu"}