{"loc": [6, 3, 0], "rotate": [2.301417617738457, 0.9180749481741256, 0.15454083144248307], "SNR": 0.05, "name": "2byu"}