{"loc": [5, -1, -2], "rotate": [2.133951040751536, 1.9160840729783668, 1.1721738841328884], "SNR": 0.05, "name": "2byu"}