{"loc": [-7, -1, -1], "rotate": [2.316834518750631, 1.507762972160644, 0.33496450253247534], "SNR": 0.05, "name": "2byu"}