{"loc": [2, 5, 5], "rotate": [2.3428167602068064, 0.9279099618625091, 0.48338359585180357], "SNR": 0.05, "name": "2byu"}