{"loc": [2, -3, -2], "rotate": [2.81585053560229, 0.6383670936767447, -0.18688548069783326], "SNR": 0.05, "name": "2byu"}