{"loc": [0, 1, 1], "rotate": [2.1783435262833337, 1.3307928765003554, 0.4426705677293863], "SNR": 0.05, "name": "2byu"}