{"loc": [0, -5, 2], "rotate": [-3.070430662096522, 0.7993799542555048, -0.9932678925502618], "SNR": 0.05, "name": "2byu"}