{"loc": [-4, 0, 0], "rotate": [2.4642792966198273, 0.7945205115668318, -0.46992520118153014], "SNR": 0.05, "name": "2byu"}