{"loc": [3, 0, -7], "rotate": [-2.2581432780448685, 1.6821906535676496, -1.8559485068374093], "SNR": 0.05, "name": "2byu"}