{"loc": [1, -7, 3], "rotate": [-2.2828846811679218, 1.0336136608832538, -1.8176945390275978], "SNR": 0.05, "name": "2byu"}