{"loc": [5, 1, -6], "rotate": [2.2679191080877352, 1.0865504938041437, 0.3902584055307043], "SNR": 0.05, "name": "2byu"}