{"loc": [7, -6, 1], "rotate": [-2.926059414380011, 0.5372869629776096, -1.1189597847314718], "SNR": 0.03, "name": "3gl1"}