{"loc": [5, 6, 5], "rotate": [2.3273310828662344, 1.0293780115822022, -0.06756014719017352], "SNR": 0.03, "name": "3gl1"}