{"loc": [4, 7, 3], "rotate": [2.6407076627405566, 0.654771600676923, -0.24190874254175254], "SNR": 0.03, "name": "3gl1"}