{"loc": [-2, 3, 4], "rotate": [-2.7134931891909417, 0.6839211253247603, -0.9802737670170341], "SNR": 0.03, "name": "3gl1"}