{"loc": [5, -2, -7], "rotate": [-2.1305290211102057, 1.705911541786151, -2.0639817662018873], "SNR": 0.03, "name": "3gl1"}