{"loc": [7, 6, 7], "rotate": [-2.389941346302226, 1.3676734701091915, -1.907696168146278], "SNR": 0.03, "name": "3gl1"}