{"loc": [2, 2, 6], "rotate": [-2.3674664445749136, 0.33214145547810997, -1.7519177425830241], "SNR": 0.03, "name": "3gl1"}