{"loc": [-7, 2, 7], "rotate": [2.360243658093018, 0.5548667300188906, 0.13490119781408713], "SNR": 0.03, "name": "3gl1"}