{"loc": [1, 7, -1], "rotate": [2.626118655476016, 1.1203785368945482, 0.34540701205851215], "SNR": 0.03, "name": "3gl1"}