{"loc": [4, 4, -1], "rotate": [-2.5405008528913933, 0.6864334310342921, -1.3743385558981525], "SNR": 0.03, "name": "3gl1"}