{"loc": [3, -7, 1], "rotate": [-3.1146086210476613, 0.3570788397885784, -0.9867018171521971], "SNR": 0.03, "name": "3gl1"}