{"loc": [-5, 4, 5], "rotate": [-1.914718549853235, 0.9726960668504914, -2.066558642965271], "SNR": 0.03, "name": "3gl1"}