{"loc": [-5, 1, -7], "rotate": [2.439377572303448, 1.5789585335263412, 1.3693211509997938], "SNR": 0.03, "name": "3gl1"}