{"loc": [6, 4, -4], "rotate": [2.0123021130483068, 1.1738743995622614, 0.5326220083573877], "SNR": 0.03, "name": "3gl1"}