{"loc": [0, 0, 2], "rotate": [2.099598872963681, 1.4926010008549395, 0.7875888548755529], "SNR": 0.03, "name": "3gl1"}