{"loc": [-5, 7, 0], "rotate": [-2.138934309035903, 1.2943248769420506, -1.780710826185822], "SNR": 0.03, "name": "3gl1"}