{"loc": [-1, 0, -4], "rotate": [2.39658340963639, 2.0368444903454375, 1.0239698056694082], "SNR": 0.03, "name": "3gl1"}