{"loc": [3, -3, 1], "rotate": [2.5870342160797275, 1.1241113251847201, 0.25710477552641925], "SNR": 0.03, "name": "3gl1"}