{"loc": [-2, 5, 3], "rotate": [3.014035197034202, 0.6335825900293884, -0.49743731375447375], "SNR": 0.03, "name": "3gl1"}