{"loc": [1, -5, 1], "rotate": [-3.0578431499432495, 0.5078051787143096, -1.1147055238519017], "SNR": 0.03, "name": "3gl1"}