{"loc": [0, 1, 0], "rotate": [-1.797961064214023, 0.7717116291563285, -1.6889736683741259], "SNR": 0.03, "name": "3gl1"}