{"loc": [3, 2, -6], "rotate": [2.1788742015589797, 1.330601635569037, 0.416751507828354], "SNR": 0.03, "name": "3gl1"}