{"loc": [4, -5, -3], "rotate": [-2.062211465474378, 1.1831503732781479, -1.9240844373149584], "SNR": 0.03, "name": "3gl1"}