{"loc": [0, 3, 3], "rotate": [-2.153023210187784, 1.1217571068373924, -2.024216606829612], "SNR": 0.03, "name": "3gl1"}