{"loc": [-5, 0, -6], "rotate": [-2.13865413599529, 1.3772307851403638, -2.0373610152900916], "SNR": 0.03, "name": "3gl1"}