{"loc": [-7, 1, -6], "rotate": [-2.4758543194939557, 1.6642028929115582, -3.082085524623312], "SNR": 0.03, "name": "3gl1"}