{"loc": [-5, 4, -1], "rotate": [2.2618323596264416, 1.485263231502446, 0.702899374845022], "SNR": 0.03, "name": "3gl1"}