{"loc": [-6, 6, 0], "rotate": [-2.584037082635021, 1.5059717990682226, -1.5075611686301564], "SNR": 0.03, "name": "3gl1"}