{"loc": [-2, -6, 5], "rotate": [2.379795187288732, 1.1893251671605012, 0.23609586726329224], "SNR": 0.03, "name": "3gl1"}