{"loc": [5, 0, 6], "rotate": [2.7454400493842166, 0.8434172364311325, -0.10598774991132844], "SNR": 0.03, "name": "3gl1"}