{"loc": [-5, 5, 1], "rotate": [2.7658484189413772, 0.620913806287609, -0.2146178399380015], "SNR": 0.03, "name": "3gl1"}