{"loc": [-3, 5, 0], "rotate": [-2.398727177219157, 1.5434246538004788, -2.5995538823891127], "SNR": 0.03, "name": "3gl1"}