{"loc": [7, -7, 7], "rotate": [-1.9441746806586322, 1.0309596467250104, -2.1795734634573907], "SNR": 0.03, "name": "3gl1"}