{"loc": [1, 0, -1], "rotate": [2.5102216123781305, 1.3063588494963394, 0.5679605759572534], "SNR": 0.03, "name": "3gl1"}