{"loc": [-3, -7, 1], "rotate": [2.0747003223692397, 1.3840224903793519, 0.29195352677241315], "SNR": 0.03, "name": "3gl1"}