{"loc": [3, 7, -1], "rotate": [2.2181587795542423, 1.5484833674781815, 0.8039894779064956], "SNR": 0.03, "name": "3gl1"}