{"loc": [-2, 2, -1], "rotate": [-2.495704039437586, 0.7795903223367994, -1.9800992944884819], "SNR": 0.03, "name": "3gl1"}