{"loc": [6, -3, 0], "rotate": [-2.7858508224219745, 0.6739510144580237, -1.0307088264559685], "SNR": 0.03, "name": "3gl1"}