{"loc": [0, 4, 0], "rotate": [2.949458505798755, 1.0820063783782536, -0.45608127988201685], "SNR": 0.03, "name": "3gl1"}