{"loc": [-7, 0, 6], "rotate": [2.1249098496056984, 0.9416166708353556, 0.16868344172786687], "SNR": 0.03, "name": "3gl1"}