{"loc": [4, 0, 0], "rotate": [-2.637353801254464, 0.7331811386201945, -1.659658979654185], "SNR": 0.03, "name": "3gl1"}