{"loc": [0, 3, -1], "rotate": [-2.569456100688515, 0.3360618024961752, -1.3972768229578227], "SNR": 0.03, "name": "3gl1"}