{"loc": [7, 1, 3], "rotate": [2.441880639652379, 1.4004721335694899, 0.2463798306279497], "SNR": 0.03, "name": "3gl1"}