{"loc": [-5, 5, -3], "rotate": [2.59044274481083, 2.74055237979723, 2.154612849365689], "SNR": 0.03, "name": "3gl1"}