{"loc": [1, 0, 0], "rotate": [2.0031315803601037, 1.677624782866184, 0.8263128435499669], "SNR": 0.03, "name": "3gl1"}