{"loc": [7, -1, -5], "rotate": [-2.8974641406337978, 0.93855410918846, -1.4236766615263636], "SNR": 0.03, "name": "3gl1"}