{"loc": [-6, 3, 5], "rotate": [2.4068756863476843, 1.0758128706542769, -0.15231404517962033], "SNR": 0.03, "name": "3gl1"}