{"loc": [0, 5, -5], "rotate": [1.9135323999592502, 1.3859533324999531, 0.7023954674139085], "SNR": 0.03, "name": "3gl1"}