{"loc": [-4, 6, 6], "rotate": [0.25490185259892756, 1.0966044345685806, -1.4155500674991983], "SNR": 0.03, "name": "3gl1"}