{"loc": [-2, -7, -3], "rotate": [2.146654460681724, 0.8526615216037844, 0.43089185887867437], "SNR": 0.03, "name": "3gl1"}