{"loc": [2, -6, -5], "rotate": [2.0451560753665903, 1.1742422906192491, 0.6218500751617525], "SNR": 0.03, "name": "3gl1"}