{"loc": [4, 0, 1], "rotate": [-2.3855076626283753, 1.1607678526278262, -1.7536086189351199], "SNR": 0.03, "name": "3gl1"}