{"loc": [0, 4, 7], "rotate": [2.1942488442822774, 1.6777648318108045, 0.8142044163438887], "SNR": 0.03, "name": "3gl1"}