{"loc": [-1, -2, 6], "rotate": [3.04585856986541, 0.3976350668097946, -0.6808612651729653], "SNR": 0.03, "name": "3gl1"}