{"loc": [2, -2, -2], "rotate": [2.924371566416959, 0.7908700911472817, -0.3556929433622182], "SNR": 0.03, "name": "3gl1"}