{"loc": [6, 3, -3], "rotate": [2.5859753544916257, 0.981826152282372, -0.0004522974682552395], "SNR": 0.03, "name": "3gl1"}