{"loc": [-3, 7, 1], "rotate": [2.948122104942953, 0.8399783854842152, 0.011490494453774083], "SNR": 0.03, "name": "3gl1"}