{"loc": [-4, 4, -5], "rotate": [-1.9349189358701842, 1.2423054947293346, -2.51276287624537], "SNR": 0.03, "name": "3gl1"}