{"loc": [0, -2, 1], "rotate": [2.3606229402136325, 1.0784367546245264, 0.4304161503206832], "SNR": 0.03, "name": "3gl1"}