{"loc": [0, -7, -3], "rotate": [-2.534434774451034, 0.8546753785074043, -1.5052622512870555], "SNR": 0.03, "name": "3gl1"}