{"loc": [-5, 0, -3], "rotate": [-2.6032969872352596, 0.4453501059461824, -1.2225354161633413], "SNR": 0.03, "name": "3gl1"}