{"loc": [-6, 5, 6], "rotate": [-1.9152193457668591, 1.4326209082053065, -1.67610640107732], "SNR": 0.03, "name": "3gl1"}