{"loc": [5, 5, 6], "rotate": [-3.010592283439258, 0.6171032111938269, -1.0896770699413945], "SNR": 0.03, "name": "3gl1"}