{"loc": [-2, -1, 7], "rotate": [2.22967695439445, 1.2186290611291652, 0.6637431560146954], "SNR": 0.03, "name": "3gl1"}