{"loc": [1, 5, -5], "rotate": [-2.0026345692442886, 1.3183512135699906, -2.4953108767466086], "SNR": 0.03, "name": "3gl1"}