{"loc": [-7, 3, 5], "rotate": [-2.892564914088363, 0.5859445707395388, -1.3090269653318218], "SNR": 0.03, "name": "3gl1"}