{"loc": [-2, -7, 0], "rotate": [-2.8763552302136515, 0.8097338485493708, -1.595660637485805], "SNR": 0.03, "name": "3gl1"}