{"loc": [0, 7, 5], "rotate": [-2.5932511031078476, 0.7345893724699084, -1.1382043497666219], "SNR": 0.03, "name": "3gl1"}