{"loc": [0, -6, -3], "rotate": [-2.720994042712018, 0.765706176470095, -1.4607869732443324], "SNR": 0.03, "name": "3gl1"}