{"loc": [6, 0, 4], "rotate": [2.2644958523361, 1.0683001701327277, 0.5395751195462635], "SNR": 0.03, "name": "3gl1"}