{"loc": [-6, -2, -7], "rotate": [2.6307250615258044, 0.7288374137071342, -0.12446000386787238], "SNR": 0.03, "name": "3gl1"}