{"loc": [1, -3, -5], "rotate": [2.0950860061164787, 1.036930540872371, 0.01278634057824371], "SNR": 0.03, "name": "3gl1"}