{"loc": [0, -2, -5], "rotate": [2.1179217613678842, 0.5764603830089788, 0.3028036739872181], "SNR": 0.03, "name": "3gl1"}