{"loc": [-1, 7, 0], "rotate": [2.2194667068920433, 0.675045709971282, 0.3509441577025562], "SNR": 0.03, "name": "3gl1"}