{"loc": [0, -7, 4], "rotate": [-2.544304919477421, 0.9806438165758143, -1.7718967024646426], "SNR": 0.03, "name": "3gl1"}