{"loc": [-2, -5, 2], "rotate": [2.380878926563097, 1.0552237124495312, 0.18138141557366], "SNR": 0.03, "name": "3gl1"}