{"loc": [1, 5, -4], "rotate": [2.3396824375968692, 1.3125621452192286, 0.5448567837078839], "SNR": 0.03, "name": "3gl1"}