{"loc": [2, 2, -6], "rotate": [2.8977656356363624, 0.7849666365148, -0.10336391641134614], "SNR": 0.03, "name": "3gl1"}