{"loc": [1, 1, 2], "rotate": [2.4956429973545986, 1.607666949827481, 1.365590752942438], "SNR": 0.03, "name": "3gl1"}