{"loc": [-5, -6, 4], "rotate": [2.8362278987678495, 1.3690066597708028, 0.08702525046422525], "SNR": 0.03, "name": "3gl1"}