{"loc": [-3, -5, 6], "rotate": [-2.849841431719499, 0.7123288026436785, -1.4348822432888582], "SNR": 0.03, "name": "3gl1"}