{"loc": [-6, -4, 2], "rotate": [-2.3701363361645393, 1.8745022954396606, -2.9163121813863886], "SNR": 0.03, "name": "3gl1"}