{"loc": [6, -7, 0], "rotate": [3.006374649988066, 0.42697985458190674, -0.37715336713967423], "SNR": 0.03, "name": "3gl1"}