{"loc": [3, 4, -4], "rotate": [2.127470368141772, 0.8598342078137424, 0.6522624486960928], "SNR": 0.03, "name": "3gl1"}