{"loc": [2, -1, 7], "rotate": [2.1777674365858757, 1.5506472620980107, 0.9419075294555374], "SNR": 0.03, "name": "3gl1"}