{"loc": [2, -1, 5], "rotate": [2.327046658531432, 0.9665630031627755, 0.23880546446527157], "SNR": 0.03, "name": "3gl1"}