{"loc": [3, -7, -2], "rotate": [2.6312477636422167, 1.211005507510425, -0.1326608539000892], "SNR": 0.03, "name": "3gl1"}