{"loc": [3, 5, 6], "rotate": [-2.3641349554719557, 1.4356073351957515, -2.550817038808691], "SNR": 0.03, "name": "3gl1"}