{"loc": [-2, -1, 1], "rotate": [2.272029410675638, 0.8992197311529178, 0.021137614478160868], "SNR": 0.03, "name": "3gl1"}