{"loc": [-2, -3, -4], "rotate": [2.3151964089280477, 1.3365889010585619, 1.1310657815639775], "SNR": 0.03, "name": "3gl1"}