{"loc": [0, -2, -5], "rotate": [-2.6420300094842855, 0.8433697672806563, -1.734865695247845], "SNR": 0.03, "name": "3gl1"}