{"loc": [-3, 1, -6], "rotate": [-1.84610713925965, 1.6656862032863633, -2.614607548969396], "SNR": 0.03, "name": "3gl1"}