{"loc": [5, -7, 4], "rotate": [2.530358432070226, 2.1794570824537525, 1.304439347643349], "SNR": 0.03, "name": "3gl1"}