{"loc": [-4, -4, 0], "rotate": [-2.3314025878845457, 0.9791655163536651, -1.6438524155360492], "SNR": 0.03, "name": "3gl1"}