{"loc": [1, 3, -3], "rotate": [-2.119487401389627, 1.3551397127276565, -2.2455250332117367], "SNR": 0.03, "name": "3gl1"}