{"loc": [-6, -1, -5], "rotate": [-2.2232124630348737, 0.9987494224428027, -1.6780328629593948], "SNR": 0.03, "name": "3gl1"}