{"loc": [-3, -4, 3], "rotate": [-2.341683787973965, 0.7584038273409184, -2.211627424292536], "SNR": 0.03, "name": "3gl1"}