{"loc": [-2, 0, 0], "rotate": [-2.3274917421606505, 1.4114531626832008, -2.2517291268174615], "SNR": 0.03, "name": "3gl1"}