{"loc": [1, -6, 4], "rotate": [-2.38902082844861, 1.0625323743512178, -1.6792195720097856], "SNR": 0.03, "name": "3gl1"}