{"loc": [3, 6, 5], "rotate": [2.975903403096816, 0.46522140982122057, -0.5889049703171151], "SNR": 0.03, "name": "3gl1"}