{"loc": [5, 6, 3], "rotate": [-2.428444290516609, 0.7178699145617935, -1.6743906304392375], "SNR": 0.03, "name": "3gl1"}