{"loc": [3, -7, -2], "rotate": [2.3003453236328113, 0.6731432044638419, 0.17612443953682771], "SNR": 0.03, "name": "3gl1"}