{"loc": [-7, 1, -4], "rotate": [2.1813962601417685, 1.566147778771682, 0.48379053961814605], "SNR": 0.03, "name": "3gl1"}