{"loc": [0, -2, 0], "rotate": [1.9936559675698924, 2.0327367875575306, 0.6028769904271889], "SNR": 0.03, "name": "3gl1"}