{"loc": [0, 0, 0], "rotate": [-3.061864461018909, 0.21790611157575332, -0.6420670038622264], "SNR": 0.03, "name": "3gl1"}