{"loc": [-5, -6, 1], "rotate": [-2.228904911133601, 0.797157131774079, -1.8160293144157502], "SNR": 0.03, "name": "3gl1"}