{"loc": [2, -7, 5], "rotate": [3.0964731005010804, 0.8204179600223848, -0.6794111936950031], "SNR": 0.03, "name": "3gl1"}