{"loc": [4, 7, 6], "rotate": [-1.971940393145724, 0.7126538509600618, -1.964797590395553], "SNR": 0.03, "name": "3gl1"}