{"loc": [-3, -3, 7], "rotate": [-2.300720235464778, 1.5087605177785188, -1.6881169560760025], "SNR": 0.03, "name": "3gl1"}