{"loc": [-1, 2, -3], "rotate": [-2.536080044301262, 0.9927854774077862, -1.9801454361149937], "SNR": 0.03, "name": "3gl1"}