{"loc": [7, -6, -3], "rotate": [2.6277505345378933, 0.9732411577031665, -0.05629591967045352], "SNR": 0.03, "name": "3gl1"}