{"loc": [-7, 0, -7], "rotate": [2.223038029120416, 1.011129819162931, -0.010086522940284042], "SNR": 0.03, "name": "3gl1"}