{"loc": [0, 6, 4], "rotate": [-2.143964597031546, 1.2575476560614964, -1.717015314221321], "SNR": 0.03, "name": "3gl1"}