{"loc": [-3, 4, 7], "rotate": [3.094928604050216, 0.7400303646043035, -0.8951352880732877], "SNR": 0.03, "name": "3gl1"}