{"loc": [1, 7, 5], "rotate": [2.844939788121055, 0.8416234005994719, -0.2521728493304717], "SNR": 0.03, "name": "3gl1"}