{"loc": [6, 6, 2], "rotate": [-2.3139533586535337, 1.622732612453978, -1.9344689448797503], "SNR": 0.03, "name": "3gl1"}