{"loc": [-3, 7, 5], "rotate": [1.9626076305088804, 0.6722590258777367, 0.5103184277956534], "SNR": 0.03, "name": "3gl1"}