{"loc": [7, 4, 2], "rotate": [-2.2935144614762795, 0.8598419095637897, -1.685026937992356], "SNR": 0.03, "name": "3gl1"}