{"loc": [7, -6, 2], "rotate": [-2.6839700252665595, 1.0164592992813997, -1.357307072063271], "SNR": 0.03, "name": "3gl1"}