{"loc": [4, 0, 5], "rotate": [2.376988332799859, 1.3020604300680367, 0.29482714371841656], "SNR": 0.03, "name": "3gl1"}