{"loc": [-2, -1, 6], "rotate": [-2.510060428873096, 1.7800060533300648, -2.599407362179711], "SNR": 0.03, "name": "3gl1"}