{"loc": [5, 0, 4], "rotate": [2.283369710100613, 1.5764065280404862, 0.857647683007566], "SNR": 0.03, "name": "3gl1"}