{"loc": [3, 0, 1], "rotate": [-2.989427146980144, 0.7048706496927447, -1.0659778696744984], "SNR": 0.03, "name": "3gl1"}