{"loc": [-1, 0, 0], "rotate": [1.965564775895735, 1.5656530117249552, 0.7747926669295386], "SNR": 0.03, "name": "3gl1"}