{"loc": [-1, 5, -2], "rotate": [2.4198114237405988, 2.1597406997558313, 1.4293246840760827], "SNR": 0.03, "name": "3gl1"}