{"loc": [-7, 0, 6], "rotate": [2.3919184558689714, 1.8029861816491592, 0.5031490976654956], "SNR": 0.03, "name": "3gl1"}