{"loc": [7, 0, 0], "rotate": [-2.366253665498335, 1.3529094935844799, -2.3406739023809005], "SNR": 0.03, "name": "3gl1"}