{"loc": [0, 4, -5], "rotate": [2.230441642433861, 0.8640417348572764, 0.27536682463177664], "SNR": 0.03, "name": "3gl1"}