{"loc": [5, 4, 5], "rotate": [2.1929691505761495, 1.05900561529677, 0.6333636608450919], "SNR": 0.03, "name": "3gl1"}