{"loc": [7, 5, 6], "rotate": [2.962807754492671, 2.5340857256858698, 2.130536435633985], "SNR": 0.03, "name": "3gl1"}