{"loc": [-4, 0, -3], "rotate": [-2.1838219221790114, 0.8372771794734684, -2.2279918394579834], "SNR": 0.03, "name": "3gl1"}