{"loc": [-1, -7, 4], "rotate": [2.05723104825832, 1.4593571217544867, 0.7003898613948044], "SNR": 0.03, "name": "3gl1"}