{"loc": [5, -5, 2], "rotate": [2.1378385085539953, 0.3224660382783471, 0.2785792462857544], "SNR": 0.03, "name": "3gl1"}