{"loc": [-3, -5, -2], "rotate": [-2.5900171498619393, 0.8840710321322188, -2.1054624672264546], "SNR": 0.03, "name": "3gl1"}