{"loc": [0, -3, 2], "rotate": [2.147925366908396, 1.8357604331989064, 0.7773352372485396], "SNR": 0.03, "name": "3gl1"}