{"loc": [-5, -2, -1], "rotate": [-2.5378366600870725, 1.233345503789914, -2.3343388513878853], "SNR": 0.03, "name": "3gl1"}