{"loc": [-1, 7, -6], "rotate": [-1.9903962887014588, 0.8882973303532355, -2.145487884940848], "SNR": 0.03, "name": "3gl1"}