{"loc": [0, 2, 6], "rotate": [2.447217037020532, 1.3882607186376472, 0.21856742590290995], "SNR": 0.03, "name": "3gl1"}