{"loc": [6, 1, -4], "rotate": [-2.3043766580303586, 0.7975284887786652, -1.6379728161551068], "SNR": 0.03, "name": "3gl1"}