{"loc": [-5, 1, 1], "rotate": [2.33638766579376, 1.561419488607129, 0.5974286046625963], "SNR": 0.03, "name": "3gl1"}