{"loc": [-2, -4, 1], "rotate": [-2.0188313027910723, 1.6425261028665525, -2.362138653579738], "SNR": 0.03, "name": "3gl1"}