{"loc": [-4, 5, 0], "rotate": [-2.4883298242800036, 0.7236279925426866, -1.9930073989039856], "SNR": 0.03, "name": "3gl1"}