{"loc": [3, 7, -1], "rotate": [2.0447726354163382, 0.76779526977401, 0.3867621550699557], "SNR": 0.03, "name": "3gl1"}