{"loc": [1, 1, 1], "rotate": [-2.5143471969793576, 0.2098992053428769, -1.436629948649033], "SNR": 0.03, "name": "3gl1"}