{"loc": [-3, 0, -4], "rotate": [1.863438559172249, 0.883029263830408, 0.3492563754635283], "SNR": 0.03, "name": "3gl1"}