{"loc": [-2, -2, 3], "rotate": [2.28934498130937, 1.2923617340980686, 0.05819604868950335], "SNR": 0.03, "name": "3gl1"}