{"loc": [2, -2, -6], "rotate": [-2.2332088778047163, 1.7117376350311329, -1.9917963440750037], "SNR": 0.03, "name": "3gl1"}