{"loc": [-3, -1, 5], "rotate": [1.8878527750123666, 1.949140933439771, 0.7491498141037726], "SNR": 0.03, "name": "3gl1"}