{"loc": [2, -5, -2], "rotate": [2.022490791643205, 1.7170971767923162, 0.7241910323613919], "SNR": 0.03, "name": "3gl1"}