{"loc": [2, 0, 1], "rotate": [2.237780188977043, 1.3029506419371781, 0.5023276141383347], "SNR": 0.03, "name": "3gl1"}