{"loc": [0, 6, -3], "rotate": [-2.8589153191668, 0.7137320253420484, -0.916245466124481], "SNR": 0.03, "name": "3gl1"}