{"loc": [3, 0, 7], "rotate": [-2.060086910451962, 1.0886676470584749, -2.1115282134632882], "SNR": 0.03, "name": "3gl1"}