{"loc": [4, 5, 0], "rotate": [-2.558997227103522, 0.5556547038707207, -1.5273658232491751], "SNR": 0.03, "name": "3gl1"}