{"loc": [-5, 1, 0], "rotate": [2.558049655849005, 2.5334356967092053, 1.412767752219903], "SNR": 0.03, "name": "3gl1"}