{"loc": [5, -6, -2], "rotate": [2.3807419549251896, 0.9052757451497886, 0.1982025732784564], "SNR": 0.03, "name": "3gl1"}