{"loc": [3, -5, 4], "rotate": [1.9142085448612798, 1.1909410120173618, 0.784809915690496], "SNR": 0.03, "name": "3gl1"}