{"loc": [-2, -6, 7], "rotate": [2.4741630306357267, 2.209970857533726, 1.3155872743263914], "SNR": 0.03, "name": "3gl1"}