{"loc": [-3, -7, 1], "rotate": [-2.618919061722814, 1.170896136662039, -2.359128065119718], "SNR": 0.03, "name": "3gl1"}