{"loc": [6, -5, 0], "rotate": [-2.2335514399788567, 0.7855666682026838, -1.5072309536632313], "SNR": 0.03, "name": "3gl1"}