{"loc": [0, -2, 4], "rotate": [2.354562681066822, 0.9268963932383567, -0.08146012746968415], "SNR": 0.03, "name": "3gl1"}