{"loc": [2, 0, 0], "rotate": [2.7686251163206013, 0.7864208815125026, -0.5645449231599383], "SNR": 0.03, "name": "3gl1"}