{"loc": [-2, -1, -5], "rotate": [2.6135180657291883, 0.9963724717188613, 0.31222302773995975], "SNR": 0.03, "name": "3gl1"}