{"loc": [0, -3, 3], "rotate": [-2.367011922505398, 0.5693936891432962, -1.4286844249211454], "SNR": 0.03, "name": "3gl1"}