{"loc": [-7, 4, 0], "rotate": [-2.744402724050072, 1.1166580348875979, -1.3687604674006704], "SNR": 0.03, "name": "3gl1"}