{"loc": [5, 7, -6], "rotate": [2.0374628063623654, 1.3099697317465198, 0.7593632011031672], "SNR": 0.03, "name": "3gl1"}