{"loc": [5, -6, -1], "rotate": [2.312070897229843, 1.8031768349535373, 0.785806465421429], "SNR": 0.03, "name": "3gl1"}