{"loc": [3, 1, 1], "rotate": [-2.354978566653777, 1.3163472157905745, -2.538940669782693], "SNR": 0.03, "name": "3gl1"}