{"loc": [-2, -1, 0], "rotate": [-2.5858020082755013, 1.1035850100588438, -2.0965260355406836], "SNR": 0.03, "name": "3gl1"}