{"loc": [3, -4, -7], "rotate": [2.363621805627927, 2.065438355123976, 1.3863708928179073], "SNR": 0.03, "name": "3gl1"}