{"loc": [-7, -5, 0], "rotate": [2.3167634266971127, 1.2191057452173604, 0.5087415726027307], "SNR": 0.03, "name": "3gl1"}