{"loc": [0, -2, 0], "rotate": [-1.2621696910034301, 1.0990796917191497, 0.8346866537804947], "SNR": 0.03, "name": "3gl1"}