{"loc": [-5, 3, 2], "rotate": [2.4806288057425996, 0.7164590293259757, -0.15958124375575175], "SNR": 0.03, "name": "3gl1"}