{"loc": [4, -4, 7], "rotate": [2.139493900243518, 1.4259524059743733, 0.563608696928702], "SNR": 0.03, "name": "3gl1"}