{"loc": [4, 4, 2], "rotate": [2.342801723628601, 0.9620339117043468, 0.2406528073023431], "SNR": 0.03, "name": "3gl1"}