{"loc": [4, -1, -3], "rotate": [2.3150587619974394, 1.7032440672546865, 0.44749950162094054], "SNR": 0.03, "name": "3gl1"}