{"loc": [-3, 6, -6], "rotate": [2.455651034507792, 0.5054161388937257, 0.025001437913532758], "SNR": 0.03, "name": "3gl1"}