{"loc": [0, 1, -4], "rotate": [-2.674596762617696, 0.652305016475714, -1.7100852692446806], "SNR": 0.03, "name": "3gl1"}