{"loc": [-1, 4, -6], "rotate": [2.113276887162415, 0.8997100422994181, 0.757620548734486], "SNR": 0.03, "name": "3gl1"}