{"loc": [-5, 0, 6], "rotate": [-2.3106350985156237, 0.8929928318259264, -1.6123784763761608], "SNR": 0.03, "name": "3gl1"}