{"loc": [7, 2, 0], "rotate": [-2.5294842241988773, 0.7828486087176036, -1.3849584658361742], "SNR": 0.03, "name": "3gl1"}