{"loc": [-7, -7, -7], "rotate": [-1.9957088963183263, 1.0978010618428837, -2.2627001501765105], "SNR": 0.03, "name": "3gl1"}