{"loc": [2, -4, 2], "rotate": [-3.138713828069913, 0.7881158916924872, -0.9329430945041342], "SNR": 0.03, "name": "3gl1"}