{"loc": [3, -5, 4], "rotate": [-2.5614593612705487, 2.1069472289433313, -2.6696763143705105], "SNR": 0.03, "name": "3gl1"}