{"loc": [-3, 0, -2], "rotate": [2.188376549672347, 2.136656287055285, 1.3442728375405018], "SNR": 0.03, "name": "3gl1"}