{"loc": [7, 0, -7], "rotate": [-2.6115384622613855, 0.8398319044025478, -1.61034901447011], "SNR": 0.03, "name": "3gl1"}