{"loc": [3, 7, -7], "rotate": [2.148458202212874, 1.3067380150902241, 0.6615815687986393], "SNR": 0.03, "name": "3gl1"}