{"loc": [3, -4, -5], "rotate": [2.6104613285843916, 0.820303169412454, 0.05989849439615703], "SNR": 0.03, "name": "3gl1"}