{"loc": [0, 2, 0], "rotate": [1.8078761513312014, 1.2661827640471264, 1.010472242316067], "SNR": 0.03, "name": "3gl1"}