{"loc": [-3, -2, 2], "rotate": [3.023992188457855, 0.6811717569350705, -0.44585294668550685], "SNR": 0.03, "name": "3gl1"}