{"loc": [-5, 5, 7], "rotate": [-2.1362933187684523, 0.22112319510741626, -1.9175519417687332], "SNR": 0.03, "name": "3gl1"}