{"loc": [0, -1, -1], "rotate": [2.251259710228777, 1.2350628958904801, 0.5248253366669328], "SNR": 0.03, "name": "3gl1"}