{"loc": [-5, -1, 2], "rotate": [-2.582772385127123, 1.0648534997748622, -1.3481370695746469], "SNR": 0.03, "name": "3gl1"}