{"loc": [5, -4, -6], "rotate": [2.948093649378689, 0.8419280400498472, -0.28968784631515565], "SNR": 0.03, "name": "3gl1"}