{"loc": [-5, -6, -7], "rotate": [2.513898639377938, 2.011309459521103, 1.4310131637083228], "SNR": 0.03, "name": "3gl1"}