{"loc": [1, -6, 6], "rotate": [-2.979008453123379, 0.38644647967538076, -0.9678915023487584], "SNR": 0.03, "name": "3gl1"}