{"loc": [0, -3, 0], "rotate": [-3.0403465743116356, 2.326613602101304, 2.139029815958868], "SNR": 0.03, "name": "3gl1"}