{"loc": [-4, 1, 1], "rotate": [2.4380395578848564, 1.4445154244244192, 0.6596211500921558], "SNR": 0.03, "name": "3gl1"}