{"loc": [-3, 4, 3], "rotate": [2.36089697775139, 1.5431962761266278, 0.43912998565513806], "SNR": 0.03, "name": "3gl1"}