{"loc": [0, 7, -5], "rotate": [2.519924741732653, 1.0028016291659385, 0.1730998405022226], "SNR": 0.03, "name": "3gl1"}