{"loc": [7, 4, 4], "rotate": [-2.1039052890848016, 1.4367618536769007, -2.1366519104052637], "SNR": 0.03, "name": "3gl1"}