{"loc": [1, -1, -2], "rotate": [2.1319742486831137, 1.3876750319228515, 0.40125710562054073], "SNR": 0.03, "name": "3gl1"}