{"loc": [-3, -4, 4], "rotate": [1.9254592659424092, 1.4929277743623017, 1.0518493995631464], "SNR": 0.03, "name": "3gl1"}