{"loc": [1, 6, 5], "rotate": [2.223262064226893, 0.7181803433114443, -0.3461299713831954], "SNR": 0.03, "name": "3gl1"}