{"loc": [6, 5, 5], "rotate": [-2.954482001127801, 0.731626203168259, -0.6273572478158886], "SNR": 0.03, "name": "3gl1"}