{"loc": [-1, 2, 0], "rotate": [-2.9260351350795495, 0.30210623893905725, -0.8980547702194017], "SNR": 0.03, "name": "3gl1"}