{"loc": [2, 3, 0], "rotate": [2.7924184600491917, 1.945707207418276, 1.471907268940042], "SNR": 0.03, "name": "3gl1"}