{"loc": [-1, -6, 0], "rotate": [-2.641588451648678, 0.986623903184675, -1.1467078973963156], "SNR": 0.03, "name": "3gl1"}