{"loc": [0, 4, 5], "rotate": [-1.9453892484430648, 1.0987072088906595, -2.110032318148716], "SNR": 0.03, "name": "3gl1"}