{"loc": [3, -1, 0], "rotate": [2.390882904619226, 1.950755727782539, 1.776618318884989], "SNR": 0.03, "name": "3gl1"}