{"loc": [-6, -6, 2], "rotate": [2.3104137757501886, 0.9673683552459675, 0.23605998107635784], "SNR": 0.03, "name": "3gl1"}