{"loc": [-2, 1, 6], "rotate": [-3.076411804569724, 0.6730729587768148, -0.717791141511834], "SNR": 0.03, "name": "3gl1"}