{"loc": [-2, -5, 3], "rotate": [-2.2606534100455984, 1.2600902789624704, -1.491372827039459], "SNR": 0.03, "name": "3gl1"}