{"loc": [3, 2, 2], "rotate": [-2.8334864718047896, 0.7592184053898234, -0.8570088145360478], "SNR": 0.03, "name": "3gl1"}