{"loc": [6, 7, 0], "rotate": [3.0329148567655633, 0.43543558541737803, -0.7784961626242366], "SNR": 0.03, "name": "3gl1"}