{"loc": [3, -2, -7], "rotate": [-1.9368466922354448, 1.1650321952649931, -2.360080651669835], "SNR": 0.03, "name": "3gl1"}