{"loc": [7, -7, -3], "rotate": [-2.122707549606878, 1.4255469756853572, -2.0961681062043254], "SNR": 0.03, "name": "3gl1"}