{"loc": [3, -2, -3], "rotate": [-2.4753595735061786, 1.2908553437461499, -1.4580810463205838], "SNR": 0.03, "name": "3gl1"}