{"loc": [7, -6, 7], "rotate": [-2.826393948835594, 0.8659970223753457, -1.2199644795448223], "SNR": 0.03, "name": "3gl1"}