{"loc": [6, -1, 3], "rotate": [2.076059998900048, 1.0446656633641298, 0.689411439294296], "SNR": 0.03, "name": "3gl1"}