{"loc": [-4, 3, -6], "rotate": [-2.343654490107551, 1.0251755268620928, -1.8595847221176212], "SNR": 0.03, "name": "3gl1"}