{"loc": [-6, 2, -3], "rotate": [2.2192849352668347, 1.289927095697301, 0.4696382935158188], "SNR": 0.03, "name": "3gl1"}