{"loc": [-4, 4, 2], "rotate": [2.370393517557622, 2.048205309211452, 1.0657921041559486], "SNR": 0.03, "name": "3gl1"}