{"loc": [3, -3, -1], "rotate": [1.9701066853540772, 1.1128422402800784, 0.808631106762279], "SNR": 0.03, "name": "3gl1"}