{"loc": [-2, -4, -1], "rotate": [-2.575376414346043, 0.22297912080130397, -1.3714072554257581], "SNR": 0.03, "name": "3gl1"}