{"loc": [-7, 0, -2], "rotate": [2.4362168290993735, 1.692606682781212, 0.6798183858345467], "SNR": 0.03, "name": "3gl1"}