{"loc": [-3, -6, 2], "rotate": [2.1658046719806037, 1.9132848149159127, 0.743620371892538], "SNR": 0.03, "name": "3gl1"}