{"loc": [0, 0, 1], "rotate": [2.668514988548726, 0.3906565599497805, 0.4262109653371263], "SNR": 0.03, "name": "3gl1"}