{"loc": [6, -4, -3], "rotate": [2.7999570193514125, 2.346051135941416, 1.8624880368014622], "SNR": 0.03, "name": "3gl1"}