{"loc": [-5, 4, 7], "rotate": [-2.6324658001308876, 0.45881958115550575, -1.293392420999308], "SNR": 0.03, "name": "3gl1"}