{"loc": [6, -4, 7], "rotate": [-2.0854729396656992, 1.4582114383637936, -2.1976822395945654], "SNR": 0.03, "name": "3gl1"}