{"loc": [7, -3, -3], "rotate": [-2.570116774424416, 0.5228708453808638, -1.7534579117477973], "SNR": 0.03, "name": "3gl1"}