{"loc": [0, -5, 0], "rotate": [1.986365751054113, 1.1982620625183338, 0.5415676583355716], "SNR": 0.03, "name": "3gl1"}