{"loc": [-4, 6, 0], "rotate": [2.4713933157276404, 1.6583217556346597, 0.5887689333993399], "SNR": 0.03, "name": "3gl1"}