{"loc": [-4, -2, -1], "rotate": [2.770672730794972, 0.7928054211803558, 0.07902733730814343], "SNR": 0.03, "name": "3gl1"}