{"loc": [-1, 3, -7], "rotate": [2.29104603791794, 0.9658703402370413, 0.33405903235280576], "SNR": 0.03, "name": "3gl1"}