{"loc": [-6, -3, 1], "rotate": [-2.8220252974730533, 2.582056596212197, 3.133663773536011], "SNR": 0.03, "name": "3gl1"}