{"loc": [-6, -3, 2], "rotate": [2.2805107747383526, 1.7129220210745812, 1.244262012252294], "SNR": 0.03, "name": "3gl1"}