{"loc": [0, -4, 6], "rotate": [-2.6971761492726865, 1.3929904908022048, -1.9262404068221621], "SNR": 0.03, "name": "3gl1"}