{"loc": [-5, -1, 7], "rotate": [-2.039643191880044, 0.8275143642679248, -2.269728477956195], "SNR": 0.03, "name": "3gl1"}