{"loc": [7, 2, -1], "rotate": [2.311810703660618, 0.7726621617756795, 0.3103716483129629], "SNR": 0.03, "name": "3gl1"}