{"loc": [0, 4, 3], "rotate": [2.098776498431605, 1.5650743199006463, 1.0568566149722471], "SNR": 0.03, "name": "3gl1"}