{"loc": [-4, 3, -5], "rotate": [-2.513326490099422, 0.5250996639733102, -1.0008410042996494], "SNR": 0.03, "name": "3gl1"}