{"loc": [0, 1, 7], "rotate": [2.401505193367785, 1.1314842424342537, 0.5690817817259127], "SNR": 0.03, "name": "3gl1"}