{"loc": [-2, 1, -2], "rotate": [1.8031732013354738, 1.036890487319028, 0.7490543546832784], "SNR": 0.03, "name": "3gl1"}