{"loc": [7, 1, 0], "rotate": [-2.707287396444316, 0.3428164560549943, -1.3686647052292875], "SNR": 0.03, "name": "3gl1"}