{"loc": [1, 4, 0], "rotate": [2.2561902296456067, 0.6009833450035926, 0.3930261571954854], "SNR": 0.03, "name": "3gl1"}