{"loc": [4, 1, 2], "rotate": [2.421930310236319, 1.7186166452267473, 1.2076086353245623], "SNR": 0.03, "name": "3gl1"}