{"loc": [3, 3, -4], "rotate": [2.2301967070242146, 1.455984703743631, 0.9102630241554813], "SNR": 0.03, "name": "3gl1"}