{"loc": [6, -7, 0], "rotate": [-2.524557798988739, 1.069317273697801, -1.804086821052353], "SNR": 0.03, "name": "3gl1"}