{"loc": [4, 6, 0], "rotate": [-2.8573072011378127, 0.5538619284511925, -1.1236699613575865], "SNR": 0.03, "name": "3gl1"}