{"loc": [1, 0, 5], "rotate": [-1.931996737644806, 1.4038782733131798, -2.0416246733652454], "SNR": 0.03, "name": "3gl1"}