{"loc": [0, 0, 6], "rotate": [2.9745056919945374, 0.7536795905471857, -0.1954873381673825], "SNR": 0.03, "name": "3gl1"}