{"loc": [2, 7, -1], "rotate": [-2.4959650008984, 0.8611719294943659, -1.780312981931788], "SNR": 0.03, "name": "3gl1"}