{"loc": [7, 1, -4], "rotate": [-2.576084969170843, 2.319009644166479, -2.7603257335758644], "SNR": 0.03, "name": "3gl1"}