{"loc": [-1, 1, 3], "rotate": [2.082095011797114, 1.195333225769709, 0.20477653507915916], "SNR": 0.03, "name": "3gl1"}