{"loc": [6, -2, 0], "rotate": [2.9486072165057626, 1.079628576811159, -0.5819724229584098], "SNR": 0.03, "name": "3gl1"}