{"loc": [-7, 2, -7], "rotate": [3.079907362013222, 0.5765545754123677, -0.2889952318584413], "SNR": 0.03, "name": "3gl1"}