{"loc": [1, -4, 6], "rotate": [2.8126612780479987, 0.7189815781679462, -0.29386649393104197], "SNR": 0.03, "name": "3gl1"}