{"loc": [6, 2, 6], "rotate": [1.9887892119173212, 1.521132500979369, 0.405099976402992], "SNR": 0.03, "name": "3gl1"}