{"loc": [-3, 2, -4], "rotate": [2.2198967872627104, 1.5206728815989998, 0.9606213548938694], "SNR": 0.03, "name": "3gl1"}