{"loc": [1, 7, 0], "rotate": [-2.9188511416798786, 1.9912987543547405, -3.0043625944050625], "SNR": 0.03, "name": "3gl1"}