{"loc": [-2, -5, 3], "rotate": [-3.1288773820946716, 0.8150396940993436, -1.0988953552526453], "SNR": 0.03, "name": "3gl1"}