{"loc": [-6, 1, -4], "rotate": [2.03646869124865, 1.8196560237695705, 0.9186542180528207], "SNR": 0.03, "name": "3gl1"}