{"loc": [-3, 3, 1], "rotate": [3.061666583981292, 0.7794093230797006, -0.5330744793774933], "SNR": 0.03, "name": "3gl1"}