{"loc": [7, 0, 6], "rotate": [1.9387178554987154, 0.815482555971458, 0.7302017296208029], "SNR": 0.03, "name": "3gl1"}