{"loc": [6, -4, -7], "rotate": [2.7170600544815042, 1.9275027860526415, 1.6257714858785417], "SNR": 0.03, "name": "3gl1"}