{"loc": [1, 1, 5], "rotate": [-2.4629487453011203, 0.9094169724561396, -1.3645845060801596], "SNR": 0.03, "name": "3gl1"}