{"loc": [7, 6, -4], "rotate": [2.4464157432426603, 1.5815812847128987, 0.4756045887775828], "SNR": 0.03, "name": "3gl1"}