{"loc": [-6, 0, 3], "rotate": [2.071323534692124, 1.3402339497914422, 0.43858983404149315], "SNR": 0.03, "name": "3gl1"}