{"loc": [-1, -5, -1], "rotate": [-2.800870984179571, 0.7241270850809126, -1.3260292765930681], "SNR": 0.03, "name": "3gl1"}