{"loc": [2, -7, 5], "rotate": [-2.2176551099271022, 1.010827217792625, -1.7367569445561124], "SNR": 0.05, "name": "1bxn"}