{"loc": [6, -4, -3], "rotate": [-3.091656194768224, 0.248527270437503, -0.6651671132500835], "SNR": 0.05, "name": "1bxn"}