{"loc": [3, -7, 6], "rotate": [-2.0695696675974657, 1.026861359226574, -2.410279537947443], "SNR": 0.05, "name": "1bxn"}