{"loc": [0, -5, -5], "rotate": [-3.061734804769262, 0.6434267722276752, -0.8731035226873581], "SNR": 0.05, "name": "1bxn"}