{"loc": [-4, -1, -1], "rotate": [2.8820868514110862, 0.8316137939197116, -0.6109491852614508], "SNR": 0.05, "name": "1bxn"}