{"loc": [-1, 1, 0], "rotate": [-2.469542269997093, 0.9192142131933786, -1.020569680261146], "SNR": 0.05, "name": "1bxn"}