{"loc": [2, -2, -7], "rotate": [-1.9034215509921095, 1.2170908552997042, -2.3966740280909695], "SNR": 0.05, "name": "1bxn"}