{"loc": [2, 1, 3], "rotate": [3.1160875865085034, 0.984646367330767, -0.6698955241450486], "SNR": 0.05, "name": "1bxn"}