{"loc": [1, 0, 0], "rotate": [1.8135267344361017, 1.4693358986600396, 0.8958375616350729], "SNR": 0.05, "name": "1bxn"}