{"loc": [-3, 2, 1], "rotate": [2.4331238846675576, 0.6740529623798632, 0.02912209067371782], "SNR": 0.05, "name": "1bxn"}