{"loc": [-7, -6, 3], "rotate": [2.493213331242643, 1.240437255681406, 0.08225409039514817], "SNR": 0.05, "name": "1bxn"}