{"loc": [2, -5, 4], "rotate": [2.23404130634943, 1.45961372966867, 0.09700872709109531], "SNR": 0.05, "name": "1bxn"}