{"loc": [1, -5, 0], "rotate": [2.4202156915987985, 1.6864790392887647, 0.3250237688097049], "SNR": 0.05, "name": "1bxn"}