{"loc": [5, -6, 1], "rotate": [1.926432726722201, 0.6315389673953841, 0.4525415761110049], "SNR": 0.05, "name": "1bxn"}