{"loc": [0, -6, -7], "rotate": [2.144069298099349, 0.8335498221376042, 0.48906678476081317], "SNR": 0.05, "name": "1bxn"}