{"loc": [-5, 1, 5], "rotate": [2.437643163199442, 1.770340127003856, 1.4175857447304474], "SNR": 0.05, "name": "1bxn"}