{"loc": [-3, -5, 6], "rotate": [-2.4551955879690572, 0.7817079499868737, -1.387588187898074], "SNR": 0.05, "name": "1bxn"}