{"loc": [6, 1, 6], "rotate": [2.280220132025702, 1.454665330326338, 0.46446255086991206], "SNR": 0.05, "name": "1bxn"}