{"loc": [-5, -5, 6], "rotate": [-2.1835510462778034, 0.6181485844271636, -1.6395001952824748], "SNR": 0.05, "name": "1bxn"}