{"loc": [6, 1, 6], "rotate": [2.462633469494186, 0.5732060055416192, -0.029743746629274218], "SNR": 0.05, "name": "1bxn"}