{"loc": [-7, -4, -5], "rotate": [-2.5988026582461012, 1.3056082235278927, -1.5213408395078136], "SNR": 0.05, "name": "1bxn"}