{"loc": [6, 3, -3], "rotate": [-1.9745547062573987, 1.1995200806942343, -2.014170188078842], "SNR": 0.05, "name": "1bxn"}