{"loc": [-6, 0, -1], "rotate": [-2.3850228718796003, 1.340869427392415, -2.342551458045123], "SNR": 0.05, "name": "1bxn"}