{"loc": [1, 4, 5], "rotate": [-1.9793419547522233, 1.5944870441947054, -2.4636023128658437], "SNR": 0.05, "name": "1bxn"}