{"loc": [-7, -7, 2], "rotate": [2.777137079549888, 1.6277684440320934, 0.9416455486496784], "SNR": 0.05, "name": "1bxn"}