{"loc": [2, 3, 5], "rotate": [2.4293922000948185, 1.557261550770337, 0.6731418404428543], "SNR": 0.05, "name": "1bxn"}