{"loc": [5, -4, 0], "rotate": [-2.8390609290751607, 0.6935238912544296, -1.2878595457503468], "SNR": 0.05, "name": "1bxn"}