{"loc": [-1, -7, 0], "rotate": [-2.987749477665154, 0.3972653992350993, -1.0993346163162272], "SNR": 0.05, "name": "1bxn"}