{"loc": [-7, -1, -4], "rotate": [-2.5442187140748063, 0.8185056257066283, -1.5633475175049187], "SNR": 0.05, "name": "1bxn"}