{"loc": [6, 4, -7], "rotate": [2.7383120532575447, 2.2303530200941606, 1.4711231741779893], "SNR": 0.05, "name": "1bxn"}