{"loc": [-5, 7, 0], "rotate": [2.336466703988917, 1.5400314175777048, 0.542353914544435], "SNR": 0.05, "name": "1bxn"}