{"loc": [0, -6, -6], "rotate": [2.3557787457832213, 0.9858968120904897, -0.14265260985893158], "SNR": 0.05, "name": "1bxn"}