{"loc": [6, -4, 5], "rotate": [-1.853405353549925, 1.7627653834756556, -2.477885743384092], "SNR": 0.05, "name": "1bxn"}