{"loc": [1, 2, 0], "rotate": [-2.0822557545900895, 1.337088499313541, -2.172781460228003], "SNR": 0.05, "name": "1bxn"}