{"loc": [0, 1, 2], "rotate": [-2.4168658556852427, 0.6734345129282244, -1.663740543155937], "SNR": 0.05, "name": "1bxn"}