{"loc": [7, 3, -7], "rotate": [-2.123507108481978, 1.4433248433481944, -2.427195386361804], "SNR": 0.05, "name": "1bxn"}