{"loc": [3, 5, -6], "rotate": [2.363057137724502, 0.9989386845114177, -0.044416596857007835], "SNR": 0.05, "name": "1bxn"}