{"loc": [3, 2, -1], "rotate": [1.2562036115370026, 1.99327310166968, -2.5752635476086994], "SNR": 0.05, "name": "1bxn"}