{"loc": [6, 1, -2], "rotate": [2.567990065256619, 0.7220171984292437, -0.6013338346178142], "SNR": 0.05, "name": "1bxn"}