{"loc": [5, 2, 4], "rotate": [1.917993962466421, 1.1927844301489963, 0.8533796977266256], "SNR": 0.05, "name": "1bxn"}