{"loc": [2, 0, 0], "rotate": [-1.8052930526836084, 0.7651597925333635, -1.9587773338746461], "SNR": 0.05, "name": "1bxn"}