{"loc": [0, 7, -6], "rotate": [-2.5980079149411566, 0.44228555528887636, -1.671730425653435], "SNR": 0.05, "name": "1bxn"}