{"loc": [-1, 4, -7], "rotate": [-2.7197068790048924, 0.9163420406765922, -1.3421995650912655], "SNR": 0.05, "name": "1bxn"}