{"loc": [4, -4, 0], "rotate": [-2.3426196632662717, 0.958844183509422, -1.6074057297876483], "SNR": 0.05, "name": "1bxn"}