{"loc": [-3, 3, 2], "rotate": [2.3150029158726113, 0.9328798299784421, 0.09695584740627973], "SNR": 0.05, "name": "1bxn"}