{"loc": [4, 0, -2], "rotate": [-2.4030332919632897, 0.8975504343112608, -1.749674434879799], "SNR": 0.05, "name": "1bxn"}