{"loc": [1, -2, -5], "rotate": [2.4348370551933147, 1.5244185409393323, 0.6316233827861522], "SNR": 0.05, "name": "1bxn"}