{"loc": [3, 0, -6], "rotate": [2.3788919415303025, 1.0863449039565172, 0.26188918423534313], "SNR": 0.05, "name": "1bxn"}