{"loc": [-2, 0, -5], "rotate": [-2.4958517295801186, 2.086568652514966, 2.9320260359650154], "SNR": 0.05, "name": "1bxn"}