{"loc": [-2, 0, 4], "rotate": [-2.3344344510595425, 0.8126116566040315, -1.45889584284534], "SNR": 0.05, "name": "1bxn"}