{"loc": [-5, -5, -2], "rotate": [-0.6901099696762351, 1.4690701573089755, 0.2991587937099867], "SNR": 0.05, "name": "1bxn"}