{"loc": [-4, -4, 4], "rotate": [2.6677126365936874, 0.8918427096925747, 0.4648342646374258], "SNR": 0.05, "name": "1bxn"}