{"loc": [1, -1, -3], "rotate": [-2.1671096648475277, 2.1129192370861043, -2.7942342844685455], "SNR": 0.05, "name": "1bxn"}