{"loc": [-6, 0, -2], "rotate": [-2.042460743328783, 0.8622690935936256, -2.0414455396920976], "SNR": 0.05, "name": "1bxn"}