{"loc": [5, 7, 1], "rotate": [2.3075600300800754, 1.0279626622041411, 0.39814038788476097], "SNR": 0.05, "name": "1bxn"}