{"loc": [-1, -3, 3], "rotate": [-2.912149588538806, 0.6755142281886931, -1.0743848118360901], "SNR": 0.05, "name": "1bxn"}