{"loc": [-6, 5, -3], "rotate": [-2.495486644981681, 0.8518738735512267, -1.6794362778560714], "SNR": 0.05, "name": "1bxn"}