{"loc": [-3, -4, 3], "rotate": [-2.153606103863497, 0.7080410341405452, -1.6459780056161466], "SNR": 0.05, "name": "1bxn"}