{"loc": [7, 1, 1], "rotate": [-2.5752948644675944, 0.9559209508491432, -2.1030851690732684], "SNR": 0.05, "name": "1bxn"}