{"loc": [5, 6, 4], "rotate": [-2.1553314324529236, 1.2358166272123654, -2.174870104068554], "SNR": 0.05, "name": "1bxn"}