{"loc": [-4, 5, 5], "rotate": [2.2654253317973208, 1.5133154132535795, 0.4938121339577634], "SNR": 0.05, "name": "1bxn"}