{"loc": [-2, -1, -4], "rotate": [2.5499805022748148, 0.4378981538570782, -0.455863362285559], "SNR": 0.05, "name": "1bxn"}