{"loc": [4, -2, -1], "rotate": [-2.261765057005482, 0.691030435776183, -1.5490283761435977], "SNR": 0.05, "name": "1bxn"}