{"loc": [-6, -6, 6], "rotate": [-2.9303657064199844, 0.6617239102823903, -1.2020845277660535], "SNR": 0.05, "name": "1bxn"}