{"loc": [1, 0, 7], "rotate": [1.934932177549559, 1.0356101539145497, 0.3350547432359134], "SNR": 0.05, "name": "1bxn"}