{"loc": [3, -5, 7], "rotate": [2.6427097802883854, 0.8814778601290193, -0.19353048008325022], "SNR": 0.05, "name": "1bxn"}