{"loc": [-2, -1, 0], "rotate": [2.9813490159940463, 0.46865165475295145, -0.519335440099443], "SNR": 0.05, "name": "1bxn"}