{"loc": [5, 7, -5], "rotate": [1.9020360557097393, 1.070414825892162, 0.7744548362618598], "SNR": 0.05, "name": "1bxn"}