{"loc": [7, 6, 4], "rotate": [2.265966126318465, 0.9338742687094592, 0.3780507540659649], "SNR": 0.05, "name": "1bxn"}