{"loc": [0, -2, 0], "rotate": [2.6387029932890775, 2.3102229928085523, 1.506576962729211], "SNR": 0.05, "name": "1bxn"}