{"loc": [-6, -5, -2], "rotate": [2.4185804686588495, 1.8070184313870064, 0.8153549599776487], "SNR": 0.05, "name": "1bxn"}