{"loc": [0, -1, -6], "rotate": [2.0799322200474686, 1.7597890225133366, 0.8707689159895492], "SNR": 0.05, "name": "1bxn"}