{"loc": [4, 0, 0], "rotate": [2.35196618784498, 1.4494039816405022, 0.9803983550602072], "SNR": 0.05, "name": "1bxn"}