{"loc": [7, 0, 7], "rotate": [-2.5465165652258523, 0.8296478361162651, -1.5671538508788667], "SNR": 0.05, "name": "1bxn"}