{"loc": [3, 4, 0], "rotate": [-2.65740142852133, 0.6789301741945521, -1.257869548805016], "SNR": 0.05, "name": "1bxn"}