{"loc": [5, 3, -1], "rotate": [2.737727365732955, 1.534286929150346, 0.7566508488313488], "SNR": 0.05, "name": "1bxn"}