{"loc": [-2, -3, -4], "rotate": [2.4522223861151584, 0.908981149502246, -0.1557379799622716], "SNR": 0.05, "name": "1bxn"}