{"loc": [5, -4, -2], "rotate": [2.9556034552081853, 0.9982104976850322, -0.2620403744328267], "SNR": 0.05, "name": "1bxn"}