{"loc": [0, -4, -7], "rotate": [2.056233454702301, 1.220873475404459, 0.9073109262380776], "SNR": 0.05, "name": "1bxn"}