{"loc": [-7, -5, -6], "rotate": [2.232511102431628, 1.7860846319800894, 0.9880728061865836], "SNR": 0.05, "name": "1bxn"}