{"loc": [-1, 0, -1], "rotate": [2.2934638982798274, 1.1056981649942754, 0.7427946364695274], "SNR": 0.05, "name": "1bxn"}