{"loc": [5, 0, 5], "rotate": [-2.9120427034401732, 0.6715624820924615, -0.853644420667842], "SNR": 0.05, "name": "1bxn"}