{"loc": [4, -2, 6], "rotate": [2.5384722257554593, 0.6077792827239642, -0.09036604326055442], "SNR": 0.05, "name": "1bxn"}