{"loc": [-3, 5, -1], "rotate": [2.2650483242263206, 1.2411048334961674, 0.5812451923226651], "SNR": 0.05, "name": "1bxn"}