{"loc": [-1, -6, 7], "rotate": [-2.4064595108729634, 1.4371469192748973, -2.1097396034012714], "SNR": 0.05, "name": "1bxn"}