{"loc": [6, 1, 3], "rotate": [2.9861761264290574, 0.670939551887977, -0.6838216729651536], "SNR": 0.05, "name": "1bxn"}