{"loc": [0, 6, 6], "rotate": [2.338971385355268, 1.1344780457236283, 0.3376950134777339], "SNR": 0.05, "name": "1bxn"}