{"loc": [-3, 2, 4], "rotate": [2.329199649442854, 0.5001940757235223, 0.2322415602586779], "SNR": 0.05, "name": "1bxn"}