{"loc": [-1, -1, 5], "rotate": [2.587468440948147, 1.3363116196952614, 0.5719077594409685], "SNR": 0.05, "name": "1bxn"}