{"loc": [3, -1, -6], "rotate": [-2.230953301374055, 1.4267404429643458, -1.854488691141541], "SNR": 0.05, "name": "1bxn"}