{"loc": [-7, -5, 0], "rotate": [2.346769353902234, 1.5760833364946856, 0.8093502023878562], "SNR": 0.05, "name": "1bxn"}