{"loc": [0, 2, -2], "rotate": [-2.205780798386132, 1.3577707538588488, -2.2999070601674965], "SNR": 0.05, "name": "1bxn"}