{"loc": [3, 4, 4], "rotate": [2.3136352010614716, 2.2057180956779683, 1.6061412858694915], "SNR": 0.05, "name": "1bxn"}