{"loc": [-4, 0, -7], "rotate": [2.394057853486694, 0.9583031777661638, 0.20097569632514803], "SNR": 0.05, "name": "1bxn"}