{"loc": [2, 7, 0], "rotate": [2.9782588370737755, 0.74655520069364, -0.11695337234714308], "SNR": 0.05, "name": "1bxn"}