{"loc": [7, -2, -2], "rotate": [2.226670638786066, 1.5991771949287763, 0.2940456236769738], "SNR": 0.05, "name": "1bxn"}