{"loc": [-7, -2, 5], "rotate": [2.562124864588611, 2.6753378707467874, 1.1733741063933392], "SNR": 0.05, "name": "1bxn"}