{"loc": [-5, 0, 2], "rotate": [2.6992251021558222, 0.7504597780556027, -0.31931354316763827], "SNR": 0.05, "name": "1bxn"}