{"loc": [-4, 6, -7], "rotate": [2.806966334646674, 0.7292907224108195, -0.1658385368642238], "SNR": 0.05, "name": "1bxn"}