{"loc": [7, -1, 6], "rotate": [-2.325845233049435, 1.365397242968989, -1.9005135804474107], "SNR": 0.05, "name": "1bxn"}