{"loc": [-7, 0, 0], "rotate": [3.124184967116705, 2.4311864402741734, 1.9751501512806657], "SNR": 0.05, "name": "1bxn"}