{"loc": [5, -6, -5], "rotate": [1.8969106112454095, 1.651741616464641, 0.574009706378108], "SNR": 0.05, "name": "1bxn"}