{"loc": [0, -2, 2], "rotate": [-2.311865293096622, 0.9736195496443167, -1.8509128607867948], "SNR": 0.05, "name": "1bxn"}