{"loc": [4, -5, 0], "rotate": [0.9369604723779668, 1.2996562065468793, -2.677241109625875], "SNR": 0.05, "name": "1bxn"}