{"loc": [-4, 1, 0], "rotate": [2.200534708218546, 1.3612408206561566, 1.0561180922495477], "SNR": 0.05, "name": "1bxn"}