{"loc": [-1, 2, -6], "rotate": [2.058978907374897, 1.5190071108730459, 0.7010291257029643], "SNR": 0.05, "name": "1bxn"}