{"loc": [1, -5, 5], "rotate": [2.496109027472691, 1.1110126163777791, 0.5008869351595215], "SNR": 0.05, "name": "1bxn"}