{"loc": [-6, 4, -1], "rotate": [0.6892198189882793, 2.4380258587361023, -2.903465173588866], "SNR": 0.05, "name": "1bxn"}