{"loc": [-1, -5, -7], "rotate": [-2.7233596089158767, 0.7740328548114414, -1.4959615989238437], "SNR": 0.05, "name": "1bxn"}