{"loc": [3, 1, -3], "rotate": [2.4955989176254403, 1.102549096471421, 0.22959658811700961], "SNR": 0.05, "name": "1bxn"}