{"loc": [7, 4, -4], "rotate": [2.3459830708360028, 1.024328678132611, 0.2774418781587227], "SNR": 0.05, "name": "1bxn"}