{"loc": [0, 5, -2], "rotate": [2.0658893011060506, 2.4342647618212916, 1.0555212614393295], "SNR": 0.05, "name": "1bxn"}