{"loc": [2, 3, 2], "rotate": [2.7502841467841104, 0.6886683536544446, -0.4316267685556186], "SNR": 0.05, "name": "1bxn"}