{"loc": [-7, 2, 4], "rotate": [2.1834196504660763, 1.2162781547018373, 0.2468585997580356], "SNR": 0.05, "name": "1bxn"}