{"loc": [1, -4, -1], "rotate": [2.2824035520387014, 1.0916888779726108, 0.22357411567054017], "SNR": 0.05, "name": "1bxn"}