{"loc": [7, 4, 1], "rotate": [-1.7290420743356052, 1.5793703350552575, -2.2646573619900967], "SNR": 0.05, "name": "1bxn"}