{"loc": [2, 4, -7], "rotate": [1.8670004930368813, 1.7630873029354037, 0.996859603032176], "SNR": 0.05, "name": "1bxn"}