{"loc": [0, -5, 3], "rotate": [2.253403866659721, 1.401075043743877, 0.07811239826592108], "SNR": 0.05, "name": "1bxn"}