{"loc": [7, 0, 3], "rotate": [2.390478293071641, 0.8463757849645127, 0.2876941602569193], "SNR": 0.05, "name": "1bxn"}