{"loc": [1, -3, 2], "rotate": [2.024387624325394, 1.1745260780594597, 0.6392132221834781], "SNR": 0.05, "name": "1bxn"}