{"loc": [-6, -2, 1], "rotate": [-2.197860886476654, 1.044880910220091, -2.21175752329593], "SNR": 0.05, "name": "1bxn"}