{"loc": [-7, 3, -4], "rotate": [-2.606071280981486, 0.6510327990900929, -1.27922648279122], "SNR": 0.05, "name": "1bxn"}