{"loc": [5, 7, -3], "rotate": [1.9096869009357258, 2.6608936247635255, 1.174049049214526], "SNR": 0.05, "name": "1bxn"}