{"loc": [7, 2, 7], "rotate": [-1.9402014958063043, 1.641075559643598, -2.4259293059269593], "SNR": 0.05, "name": "1bxn"}