{"loc": [4, -7, -2], "rotate": [1.8251775146211713, 0.4073638456474745, 0.6185804737105333], "SNR": 0.05, "name": "1bxn"}