{"loc": [1, 5, 2], "rotate": [-2.866022305238484, 0.4974783578372636, -0.791202296528892], "SNR": 0.05, "name": "1bxn"}