{"loc": [1, 6, 0], "rotate": [2.40730231840757, 0.8079795622008251, -0.06391084069437945], "SNR": 0.05, "name": "1bxn"}