{"loc": [0, 3, -5], "rotate": [2.4622949280656385, 0.3908387287334119, -0.18705808401979757], "SNR": 0.05, "name": "1bxn"}