{"loc": [3, -7, 2], "rotate": [2.376636339169155, 1.8715556574371797, 1.3351052439582878], "SNR": 0.05, "name": "1bxn"}