{"loc": [3, 7, 6], "rotate": [-2.226000227183998, 1.2938099059697632, -1.9333013963166619], "SNR": 0.05, "name": "1bxn"}