{"loc": [-3, 0, 3], "rotate": [1.999525544710654, 1.5542345830385986, 0.9167605331722601], "SNR": 0.05, "name": "1bxn"}