{"loc": [0, 5, 0], "rotate": [2.5101121355946985, 2.528586769806995, 1.4119305734680219], "SNR": 0.05, "name": "1bxn"}