{"loc": [3, 2, -7], "rotate": [2.440851867874407, 1.9178446491650984, 1.3778752683168907], "SNR": 0.05, "name": "1bxn"}