{"loc": [-1, 7, 0], "rotate": [-2.8267491261323414, 0.5594198747960853, -1.416792574813581], "SNR": 0.05, "name": "1bxn"}