{"loc": [1, 7, -7], "rotate": [2.749117578360224, 0.7925706802466878, 0.016058875896778926], "SNR": 0.05, "name": "1bxn"}