{"loc": [2, 7, -5], "rotate": [3.00306809220109, 0.9117232964544757, -0.4994129887595974], "SNR": 0.05, "name": "1bxn"}