{"loc": [0, -5, 5], "rotate": [2.2162680377068944, 1.4717083863438423, 0.9335048255202809], "SNR": 0.05, "name": "1bxn"}