{"loc": [-3, 0, 0], "rotate": [2.6804202524223784, 0.8317267158023425, 0.0065877180842108495], "SNR": 0.05, "name": "1bxn"}