{"loc": [-6, 1, 4], "rotate": [2.1825834333977614, 1.3025139377975052, 0.2895207956548177], "SNR": 0.05, "name": "1bxn"}