{"loc": [-6, 0, -1], "rotate": [2.4329464200774336, 1.1036051140254606, 0.16757331955144078], "SNR": 0.05, "name": "1bxn"}