{"loc": [4, -3, 6], "rotate": [-3.119941924469568, 0.882744402857584, -0.6396806710519587], "SNR": 0.05, "name": "1bxn"}