{"loc": [2, 0, 4], "rotate": [2.2402294089429056, 0.7985641643806212, 0.28025813782280595], "SNR": 0.05, "name": "1bxn"}