{"loc": [0, -1, -4], "rotate": [2.0038433865039615, 1.8300122172693052, 1.0775289778495205], "SNR": 0.05, "name": "1bxn"}