{"loc": [-4, -1, -6], "rotate": [-2.7465929769589787, 0.9134254754592407, -1.4624346097206753], "SNR": 0.05, "name": "1bxn"}