{"loc": [5, 4, 6], "rotate": [3.0859801451955335, 0.44388137015097373, -0.8667082081354603], "SNR": 0.05, "name": "1bxn"}