{"loc": [-4, 1, -7], "rotate": [-2.6388926632542558, 0.7897008239358434, -1.38379043821963], "SNR": 0.05, "name": "1bxn"}