{"loc": [-2, 2, -1], "rotate": [2.8776316828122015, 0.6561057537825621, 0.0536084485212341], "SNR": 0.05, "name": "1bxn"}