{"loc": [-7, -5, 4], "rotate": [-2.965445284744506, 0.8014794744467945, -1.2151851046307889], "SNR": 0.05, "name": "1bxn"}