{"loc": [3, 0, -3], "rotate": [2.488865164541447, 1.3942575949058509, 0.9111588675639067], "SNR": 0.05, "name": "1bxn"}