{"loc": [1, -3, 2], "rotate": [1.9091163604747183, 1.2853432807362877, 0.6263599310315604], "SNR": 0.05, "name": "1bxn"}