{"loc": [-5, 7, 7], "rotate": [1.926078049448872, 1.2588992984901892, 1.2995055277853313], "SNR": 0.05, "name": "1bxn"}