{"loc": [2, 6, 6], "rotate": [-2.6309773372992926, 0.7811186359053456, -1.6918097406250059], "SNR": 0.05, "name": "1bxn"}