{"loc": [1, -3, -7], "rotate": [2.0019249002979906, 1.2312693341983898, 0.4318068386665123], "SNR": 0.05, "name": "1bxn"}