{"loc": [7, -4, 3], "rotate": [2.622348962596703, 1.1967082450165143, -0.06581033564169415], "SNR": 0.05, "name": "1bxn"}