{"loc": [-3, -4, 2], "rotate": [2.0693145341741563, 1.6828460654258952, 1.061550207661489], "SNR": 0.05, "name": "1bxn"}