{"loc": [3, 3, -1], "rotate": [-2.2455260632015985, 0.7587665118558388, -1.8377604967558685], "SNR": 0.05, "name": "1bxn"}