{"loc": [5, -3, 7], "rotate": [-2.3118596886049954, 0.7567791586185156, -1.615873542265645], "SNR": 0.05, "name": "1bxn"}