{"loc": [-7, 1, 6], "rotate": [2.8744654434197923, 2.2576437191715093, 2.3286472388943715], "SNR": 0.05, "name": "1bxn"}