{"loc": [5, -1, 0], "rotate": [-2.41067975491861, 1.0233459679277772, -1.9473801629213112], "SNR": 0.05, "name": "1bxn"}