{"loc": [7, 4, -7], "rotate": [-2.790045837807254, 0.8367918176437491, -0.8793753514759111], "SNR": 0.05, "name": "1bxn"}