{"loc": [2, 0, 0], "rotate": [2.766402288486621, 0.991686852991699, 0.18706478024288226], "SNR": 0.05, "name": "1bxn"}