{"loc": [4, 2, 1], "rotate": [3.1010124795424416, 0.7625829639347207, -0.7812560132038884], "SNR": 0.05, "name": "1bxn"}