{"loc": [0, 2, 0], "rotate": [2.179120721274632, 1.628681282429097, 0.8869801516029585], "SNR": 0.05, "name": "1bxn"}