{"loc": [-2, -2, -4], "rotate": [2.118149731343733, 1.1243955257859415, 0.43037962373289723], "SNR": 0.05, "name": "1bxn"}