{"loc": [6, -6, -3], "rotate": [2.1531918682595403, 1.4394021203815426, 0.721481003138449], "SNR": 0.05, "name": "1bxn"}