{"loc": [-7, -4, -7], "rotate": [3.1011061701687117, 0.7801039050016828, -0.4016811332815585], "SNR": 0.05, "name": "1bxn"}