{"loc": [7, 6, 6], "rotate": [-2.3611277572707174, 0.5506044342617906, -1.5785876922130815], "SNR": 0.05, "name": "1bxn"}