{"loc": [3, -3, 2], "rotate": [-1.9087799205494163, 0.9839038908083848, -2.431215482318019], "SNR": 0.05, "name": "1bxn"}