{"loc": [4, -2, -3], "rotate": [2.271170841473461, 1.5559752679777956, 0.4993969806690353], "SNR": 0.05, "name": "1bxn"}