{"loc": [2, 0, -3], "rotate": [-1.7210040433228238, 0.6902843371185772, -2.3406707411013845], "SNR": 0.05, "name": "1bxn"}