{"loc": [-2, -1, -4], "rotate": [-2.998866337738551, 1.117451038915343, -1.117379645943111], "SNR": 0.05, "name": "1bxn"}