{"loc": [3, -1, -6], "rotate": [-2.0485300296146236, 0.6283147310849426, -1.7710153651538487], "SNR": 0.05, "name": "1bxn"}