{"loc": [2, 7, 5], "rotate": [1.9485319636081606, 1.7788622257646654, 0.8936088629564352], "SNR": 0.05, "name": "1bxn"}