{"loc": [0, 7, 0], "rotate": [2.2413057724643517, 1.2644327847692782, 0.5652879702509003], "SNR": 0.05, "name": "1bxn"}