{"loc": [4, 3, 6], "rotate": [-2.0718363849564625, 1.5757149408272948, -2.578060453499444], "SNR": 0.05, "name": "1bxn"}