{"loc": [-1, 3, -1], "rotate": [2.17194462638009, 1.9038898863077658, 0.5732699058914141], "SNR": 0.05, "name": "1bxn"}