{"loc": [-5, -1, 6], "rotate": [2.1928199330747318, 1.4286361518255195, 0.5847287871685576], "SNR": 0.05, "name": "1bxn"}