{"loc": [-4, -4, -5], "rotate": [2.6870630890110205, 2.2679680681217285, 1.5872995463117423], "SNR": 0.05, "name": "1bxn"}