{"loc": [-7, -2, 1], "rotate": [2.1373743276137263, 1.2709994488887482, 0.20001653016996837], "SNR": 0.05, "name": "1bxn"}