{"loc": [0, -7, -6], "rotate": [-2.5303096570849637, 0.7889963327363358, -1.677918829743374], "SNR": 0.05, "name": "1bxn"}