{"loc": [-1, 4, -2], "rotate": [2.287940354106181, 0.8621690229816112, 0.827361488631468], "SNR": 0.05, "name": "1bxn"}