{"loc": [-1, -6, -2], "rotate": [-2.95458970024403, 0.558776880509317, -1.1163296410793915], "SNR": 0.05, "name": "1bxn"}