{"loc": [2, -7, 0], "rotate": [-2.208465559021766, 1.1969695955884638, -1.9919580038724458], "SNR": 0.05, "name": "1bxn"}