{"loc": [-3, -6, -2], "rotate": [-2.822705082897878, 1.000942883742309, -1.184301151306667], "SNR": 0.05, "name": "1bxn"}