{"loc": [-7, 6, 1], "rotate": [-2.5089951424568673, 0.916436529479731, -1.667410746116899], "SNR": 0.05, "name": "1bxn"}