{"loc": [-7, 0, -4], "rotate": [2.283084334538114, 0.886152957512835, 0.5376115909370908], "SNR": 0.05, "name": "1bxn"}