{"loc": [0, 6, 6], "rotate": [2.1294515720731413, 1.2146893580514853, 0.3460745413638095], "SNR": 0.05, "name": "1bxn"}