{"loc": [2, -4, 0], "rotate": [-2.7286519933278015, 1.1084405394529409, -1.5604044783801985], "SNR": 0.05, "name": "1bxn"}