{"loc": [7, -6, -3], "rotate": [2.403835571835472, 1.7433137976069557, 0.84812161901376], "SNR": 0.05, "name": "1bxn"}