{"loc": [-6, -4, 0], "rotate": [-2.4502093190660927, 0.8231412774640253, -1.687275746597563], "SNR": 0.05, "name": "1bxn"}