{"loc": [6, 4, 0], "rotate": [2.527380638842618, 1.5055824925347974, 0.034535590479915224], "SNR": 0.05, "name": "1bxn"}