{"loc": [-4, -7, 2], "rotate": [2.217416003797689, 1.0894689659406103, 0.389558666715404], "SNR": 0.05, "name": "1bxn"}