{"loc": [2, -2, -5], "rotate": [-2.4586845118973586, 1.0835271592536118, -1.4961307412374594], "SNR": 0.05, "name": "1bxn"}