{"loc": [-2, 6, 5], "rotate": [2.2421188226772673, 1.1458773938604152, 0.8472238143361064], "SNR": 0.05, "name": "1bxn"}