{"loc": [3, -1, 4], "rotate": [-2.215312553187638, 1.3102093399558077, -2.0863270016235576], "SNR": 0.05, "name": "1bxn"}