{"loc": [1, 7, 0], "rotate": [-3.1150137969693263, 2.5877295380815597, 2.522401872014314], "SNR": 0.05, "name": "1bxn"}