{"loc": [3, 4, -6], "rotate": [2.4670827408291975, 2.1156918848959387, 2.0010955703455475], "SNR": 0.05, "name": "1bxn"}