{"loc": [-5, 6, -2], "rotate": [-2.4034234746311807, 0.7720987663903554, -2.020403203859648], "SNR": 0.05, "name": "1bxn"}