{"loc": [-4, -3, 6], "rotate": [-2.3322565027012283, 0.726531920987065, -1.6675454531969933], "SNR": 0.05, "name": "1bxn"}