{"loc": [1, -3, 2], "rotate": [2.901403239375006, 0.6332189760482508, -1.0864627884396776], "SNR": 0.05, "name": "1bxn"}