{"loc": [-4, -7, -3], "rotate": [2.8851890471363673, 1.3211187122366421, -0.004400741791450305], "SNR": 0.05, "name": "1bxn"}