{"loc": [-2, -5, 6], "rotate": [1.973768943108736, 1.6573191522450956, 0.7426370171988997], "SNR": 0.05, "name": "1bxn"}