{"loc": [-5, -4, -2], "rotate": [2.850912378963124, 2.2176396469867656, 1.6900736998878303], "SNR": 0.05, "name": "1bxn"}