{"loc": [-2, 0, 0], "rotate": [-2.978735326877569, 0.678448425367421, -0.41487180827190423], "SNR": 0.05, "name": "1bxn"}