{"loc": [0, -3, -2], "rotate": [2.7162875042153867, 0.790302651435898, -0.0435741359173739], "SNR": 0.05, "name": "1bxn"}