{"loc": [-1, 0, -6], "rotate": [-2.2103466692165608, 1.4834972760917333, -2.3438960190013507], "SNR": 0.05, "name": "1bxn"}