{"loc": [-4, -1, -5], "rotate": [2.562792821643754, 0.2755209543778273, -0.00939350352857433], "SNR": 0.05, "name": "1bxn"}