{"loc": [0, 0, 4], "rotate": [-2.441460096487737, 1.0666048879559784, -1.6412166575869225], "SNR": 0.05, "name": "1bxn"}