{"loc": [3, -7, 1], "rotate": [2.5718234404515146, 0.6702551481740274, 0.13361245682672684], "SNR": 0.05, "name": "1bxn"}