{"loc": [6, 4, 4], "rotate": [2.1201302935771373, 1.4484423416459493, 0.32810961004039924], "SNR": 0.05, "name": "1bxn"}