{"loc": [3, -1, -4], "rotate": [2.1892425695150326, 1.1411842572619366, 0.42094897437097906], "SNR": 0.05, "name": "1bxn"}