{"loc": [-4, 5, 3], "rotate": [2.509746155549495, 1.2021403986140047, 0.31303133404518335], "SNR": 0.05, "name": "1bxn"}