{"loc": [-6, 0, 2], "rotate": [2.0102512998809194, 1.011128386281791, 0.5213051949990024], "SNR": 0.05, "name": "1bxn"}