{"loc": [6, -1, 3], "rotate": [-2.004472864742379, 0.96638474821215, -1.7051498994363055], "SNR": 0.05, "name": "1bxn"}