{"loc": [2, -5, 0], "rotate": [2.281534693330824, 1.2345666627274796, 1.0228029015783013], "SNR": 0.05, "name": "1bxn"}