{"loc": [-6, -5, 7], "rotate": [1.1224334837202503, 1.384947385372553, -2.189586990850077], "SNR": 0.05, "name": "1bxn"}