{"loc": [-1, 7, -4], "rotate": [-2.749029521465062, 1.0415937179398225, -1.02369745213334], "SNR": 0.05, "name": "1bxn"}