{"loc": [4, 4, 4], "rotate": [1.8845192356728229, 1.21506084698037, 1.2184366506882598], "SNR": 0.05, "name": "1bxn"}