{"loc": [7, 6, 3], "rotate": [-2.49217970589037, 0.4765695378415341, -1.2362403291607542], "SNR": 0.05, "name": "1bxn"}