{"loc": [7, 0, -3], "rotate": [-2.060413818341728, 1.3756945998965824, -2.2077630309145015], "SNR": 0.05, "name": "1bxn"}