{"loc": [3, 1, -7], "rotate": [-3.110751216760739, 0.42203972032408327, -0.538025713757956], "SNR": 0.05, "name": "1bxn"}