{"loc": [2, 0, 1], "rotate": [2.983647328247497, 0.5956398862629008, -0.7258319621090681], "SNR": 0.05, "name": "1bxn"}