{"loc": [-5, 7, -1], "rotate": [2.0657942216732934, 0.9494755430825386, 0.6298596144626772], "SNR": 0.05, "name": "1bxn"}