{"loc": [-3, -3, 3], "rotate": [-2.999849376336782, 0.8421888000505174, -0.9449910208435096], "SNR": 0.05, "name": "1bxn"}