{"loc": [-5, -1, 2], "rotate": [2.67732890691194, 1.6914056585938715, 1.3383255184309628], "SNR": 0.05, "name": "1bxn"}