{"loc": [7, 5, -3], "rotate": [2.1778514291230175, 1.3295187102911994, 0.7722649829300509], "SNR": 0.05, "name": "1bxn"}