{"loc": [7, 5, -1], "rotate": [2.3024534534660046, 1.5262765168075427, 0.7725357405482782], "SNR": 0.05, "name": "1bxn"}