{"loc": [0, 2, 0], "rotate": [2.4290846279985714, 0.8814518585168306, -0.2169778291928939], "SNR": 0.05, "name": "1bxn"}