{"loc": [1, 3, -1], "rotate": [3.100979294231351, 0.7464126640120662, -0.4553770946750252], "SNR": 0.05, "name": "1bxn"}