{"loc": [-5, -5, 0], "rotate": [3.0137710061623246, 0.7485313300955553, -0.6807161796661538], "SNR": 0.05, "name": "1bxn"}