{"loc": [1, 5, 2], "rotate": [2.11511170434567, 1.6840518035043481, 0.9669586218063444], "SNR": 0.05, "name": "1bxn"}