{"loc": [7, -1, -1], "rotate": [2.0878366243049884, 1.8481972792649812, 0.6954920029161832], "SNR": 0.05, "name": "1bxn"}