{"loc": [-2, 5, 4], "rotate": [2.3337962472536438, 1.9691549518366673, 0.6788180443710154], "SNR": 0.05, "name": "1bxn"}