{"loc": [-2, 1, 3], "rotate": [-2.508380523492398, 0.7537112813229441, -1.7666213938660298], "SNR": 0.05, "name": "1bxn"}