{"loc": [-4, -5, 6], "rotate": [2.511104947763501, 0.9889504865127833, 0.037179279435839804], "SNR": 0.05, "name": "1bxn"}