{"loc": [-4, 3, 1], "rotate": [-3.129224560454224, 1.047645632191637, -0.8693111256600624], "SNR": 0.05, "name": "1bxn"}