{"loc": [-3, 4, -3], "rotate": [2.357955311374419, 1.6686905038760365, 0.5434765411066049], "SNR": 0.05, "name": "1bxn"}