{"loc": [-5, 1, -1], "rotate": [-2.1349699227821075, 2.0494348579508324, -2.550785667709756], "SNR": 0.05, "name": "1bxn"}