{"loc": [2, -7, 4], "rotate": [-2.448043878693894, 1.5349985300815063, -2.1123646380534393], "SNR": 0.05, "name": "1bxn"}