{"loc": [7, 7, 6], "rotate": [2.60763574495346, 0.8999949981380169, -0.12180076254331955], "SNR": 0.05, "name": "1bxn"}