{"loc": [-2, -7, 2], "rotate": [-2.915635238219319, 0.34863922359312205, -0.8577232597294707], "SNR": 0.05, "name": "1bxn"}