{"loc": [0, 5, 5], "rotate": [2.733851389858822, 0.7015397834687956, 0.07207890999204795], "SNR": 0.05, "name": "1bxn"}