{"loc": [-1, 0, 1], "rotate": [2.4057353112505937, 0.5879821089066177, -0.3431222310173122], "SNR": 0.05, "name": "1bxn"}