{"loc": [7, -5, 0], "rotate": [0.9796023339020095, 1.0094253247378928, -2.384121579030482], "SNR": 0.05, "name": "1bxn"}