{"loc": [-7, 1, 0], "rotate": [-2.2180681821840267, 1.2091424513002464, -2.0670369269738043], "SNR": 0.05, "name": "1bxn"}