{"loc": [7, 4, 0], "rotate": [-2.5274126810453312, 1.3806455300524036, -1.8548093528181702], "SNR": 0.05, "name": "1bxn"}