{"loc": [-3, 6, 0], "rotate": [2.264774447355647, 1.5991728071962992, 0.7247413074659413], "SNR": 0.05, "name": "1bxn"}