{"loc": [-4, -1, -4], "rotate": [-2.4778800564660304, 1.199853714197556, -1.683852682254061], "SNR": 0.05, "name": "1bxn"}