{"loc": [-5, -3, -5], "rotate": [2.4373037142356657, 1.0014207134422608, 0.1197560521882524], "SNR": 0.05, "name": "1bxn"}