{"loc": [4, -2, -5], "rotate": [2.310726972931317, 0.9343637122910533, 0.270185479819273], "SNR": 0.05, "name": "1bxn"}