{"loc": [4, 0, 7], "rotate": [-2.9444641418430297, 0.5232744518848211, -0.9586120142803243], "SNR": 0.05, "name": "1bxn"}