{"loc": [6, 1, -2], "rotate": [-2.846665490260216, 0.8013403313076082, -1.117629330697547], "SNR": 0.05, "name": "1bxn"}