{"loc": [-6, 4, 0], "rotate": [-2.959370699379058, 0.7815260671708691, -1.086053989682765], "SNR": 0.05, "name": "1bxn"}