{"loc": [-4, 6, 7], "rotate": [2.3044731161074243, 0.9851491227680851, 0.5250600395585041], "SNR": 0.05, "name": "1bxn"}