{"loc": [0, -2, 1], "rotate": [-2.400291358062719, 1.0098112627489284, -1.7640217083298535], "SNR": 0.05, "name": "1bxn"}