{"loc": [-7, 3, -4], "rotate": [-3.0495537104484325, 0.7132444495156323, -1.0507660390507152], "SNR": 0.05, "name": "1bxn"}