{"loc": [0, 7, -6], "rotate": [2.841804071772221, 2.6257473468200057, 1.9305349979754203], "SNR": 0.05, "name": "1bxn"}