{"loc": [-5, -7, -6], "rotate": [-2.29974758690085, 0.6696926032164009, -1.3660842188896594], "SNR": 0.05, "name": "1bxn"}