{"loc": [7, 4, 7], "rotate": [2.526636661660317, 1.3158826155260086, -0.08139124585620763], "SNR": 0.05, "name": "1bxn"}