{"loc": [-2, 5, 0], "rotate": [-2.2786877050780263, 0.8772853344068395, -1.8294836212262977], "SNR": 0.05, "name": "1bxn"}