{"loc": [-4, -5, 7], "rotate": [2.20503871013076, 1.1726201107703775, 0.5347248693640902], "SNR": 0.05, "name": "1bxn"}