{"loc": [2, -6, 1], "rotate": [2.1337651281143146, 1.224108831952083, 1.0053383296362826], "SNR": 0.05, "name": "1bxn"}