{"loc": [-5, -2, 2], "rotate": [2.4334452935429987, 2.0381835911311734, 1.2647547201302665], "SNR": 0.05, "name": "1bxn"}