{"loc": [5, 0, 4], "rotate": [2.0909876605761117, 1.8928881774680901, 0.7433453016065389], "SNR": 0.05, "name": "1bxn"}