{"loc": [3, 4, -7], "rotate": [-2.2649209217174904, 0.9541886130306865, -1.4485560532493915], "SNR": 0.05, "name": "1bxn"}