{"loc": [4, 5, 2], "rotate": [2.1502221391096255, 1.6126539107445175, 0.42225564584430647], "SNR": 0.05, "name": "1bxn"}