{"loc": [7, 5, -4], "rotate": [-2.8073294754133054, 0.9617905369384822, -1.2239801670108788], "SNR": 0.05, "name": "1bxn"}