{"loc": [4, -3, 4], "rotate": [2.258294013052308, 0.6195673009405007, -0.05117358422217264], "SNR": 0.05, "name": "1bxn"}