{"loc": [4, -3, -4], "rotate": [2.2636084491398085, 1.294922255038864, 0.21754539437855694], "SNR": 0.05, "name": "1bxn"}