{"loc": [0, -5, 4], "rotate": [-3.0144843031883735, 0.9055652806365574, -0.9229506508205652], "SNR": 0.05, "name": "1bxn"}