{"loc": [-7, -7, -2], "rotate": [2.3873624517211067, 1.5419468937162977, 1.124998507097323], "SNR": 0.05, "name": "1bxn"}