{"loc": [4, 5, 1], "rotate": [-2.2641788004298933, 1.3283826298466344, -2.020641696699334], "SNR": 0.05, "name": "1bxn"}