{"loc": [-4, -1, 7], "rotate": [-2.509128827107374, 1.4654862936730855, -1.7581554358119964], "SNR": 0.05, "name": "1bxn"}