{"loc": [-2, -5, -5], "rotate": [-2.303706875493814, 1.4208268754792133, -1.8659094915695205], "SNR": 0.05, "name": "1bxn"}