{"loc": [-1, -2, -4], "rotate": [2.065987823960291, 0.8323966087744455, 0.6547582153565046], "SNR": 0.05, "name": "1bxn"}