{"loc": [2, 0, -5], "rotate": [2.1518153350597635, 0.8497772151198654, 0.5815036716217424], "SNR": 0.05, "name": "1bxn"}