{"loc": [-1, 5, 5], "rotate": [2.860121264439722, 0.5703431411573532, -0.7255662931490016], "SNR": 0.05, "name": "1bxn"}