{"loc": [4, -2, 0], "rotate": [-2.1537728100760765, 1.0526678395780389, -2.2749716834882974], "SNR": 0.05, "name": "1bxn"}