{"loc": [0, 6, 3], "rotate": [-2.448142088001449, 0.8888707063785912, -1.2855759326302], "SNR": 0.05, "name": "1bxn"}