{"loc": [5, 4, -6], "rotate": [-2.2363266031036138, 0.7418893109109203, -1.5507746223516379], "SNR": 0.05, "name": "1bxn"}