{"loc": [-2, 0, 6], "rotate": [-3.0690436766087283, 0.9651449945777446, -0.4915980222420955], "SNR": 0.05, "name": "1bxn"}