{"loc": [1, -4, 6], "rotate": [1.9902620984084798, 0.4188203472606248, 0.19290543052113573], "SNR": 0.05, "name": "1bxn"}