{"loc": [4, -3, 3], "rotate": [-2.204427448137255, 1.0108511001617349, -2.154501033819251], "SNR": 0.05, "name": "1bxn"}