{"loc": [0, 1, 6], "rotate": [-2.5658103573494064, 0.8972062843922175, -1.8188830169726398], "SNR": 0.05, "name": "1bxn"}