{"loc": [0, -2, -3], "rotate": [-2.1394648354271846, 1.1397341128083764, -2.1374601832326876], "SNR": 0.05, "name": "1bxn"}