{"loc": [6, 0, -1], "rotate": [-3.0851108093064803, 1.046334177569569, -1.1021224213299252], "SNR": 0.05, "name": "1bxn"}