{"loc": [-1, -6, -2], "rotate": [3.089030233416745, 0.8039119390881568, -1.3045771117309382], "SNR": 0.05, "name": "1bxn"}