{"loc": [1, -2, -7], "rotate": [-2.076287918921767, 1.425739246070325, -2.257514081883158], "SNR": 0.05, "name": "1bxn"}