{"loc": [0, -4, -3], "rotate": [2.1966130717416776, 1.836982747719616, 0.6891052598365504], "SNR": 0.05, "name": "1bxn"}