{"loc": [5, -2, 1], "rotate": [1.9445246839907284, 0.5490858917720189, 0.5282632248689187], "SNR": 0.05, "name": "1bxn"}