{"loc": [-1, 0, -7], "rotate": [1.9577217451089886, 1.5748513445957226, 1.2672680373478329], "SNR": 0.05, "name": "1bxn"}