{"loc": [-4, 5, 6], "rotate": [1.9946816583136733, 0.6906948478090843, 0.42287216201809946], "SNR": 0.05, "name": "1bxn"}