{"loc": [3, -4, -5], "rotate": [-1.936392281670535, 1.4252080075874851, -2.4421781985320625], "SNR": 0.05, "name": "1bxn"}