{"loc": [1, 3, 0], "rotate": [-3.0201942417219603, 0.5113185931111272, -1.5338781957430083], "SNR": 0.05, "name": "1bxn"}