{"loc": [3, 3, -3], "rotate": [2.4852372956905664, 0.4836852568031045, 0.34166506719782225], "SNR": 0.05, "name": "1bxn"}