{"loc": [7, 0, 3], "rotate": [-2.1149929032636288, 1.158283908025987, -2.415756787107612], "SNR": 0.05, "name": "1bxn"}