{"loc": [3, -3, 6], "rotate": [-2.4594105118072243, 1.175828459468615, -1.8485616296756986], "SNR": 0.05, "name": "1bxn"}