{"loc": [2, 2, 2], "rotate": [2.089845015632866, 2.3350589727579427, 1.121696257679576], "SNR": 0.05, "name": "1bxn"}