{"loc": [2, -7, 5], "rotate": [-2.886177370985374, 0.7799277170404512, -1.244987716547534], "SNR": 0.05, "name": "1bxn"}