{"loc": [7, -7, 7], "rotate": [1.980605633791949, 1.2111159907444218, 0.5642005102197847], "SNR": 0.05, "name": "1bxn"}