{"loc": [4, -3, -4], "rotate": [2.076227418603684, 1.2654612665259688, 0.7667764718761418], "SNR": 0.05, "name": "1bxn"}