{"loc": [5, -5, 4], "rotate": [-2.5111461548903486, 0.6145907842342704, -1.7553719672756478], "SNR": 0.05, "name": "1bxn"}