{"loc": [4, -5, 7], "rotate": [-2.4456862911110386, 1.1396402757031894, -1.3556581434126558], "SNR": 0.05, "name": "1bxn"}