{"loc": [-5, -2, -6], "rotate": [1.9466557202391144, 1.8444160070450988, 0.5290597292590142], "SNR": 0.05, "name": "1bxn"}