{"loc": [0, 7, 5], "rotate": [-2.0573874567088626, 0.38340473840574113, -1.7584541126536612], "SNR": 0.05, "name": "1bxn"}