{"loc": [5, 0, 2], "rotate": [-2.105214489106121, 1.9087692668309841, -2.589228092473776], "SNR": 0.05, "name": "1bxn"}