{"loc": [-2, 7, -6], "rotate": [2.16570008294408, 1.4470042701787038, 1.1207841853273282], "SNR": 0.05, "name": "1bxn"}