{"loc": [-7, 4, 7], "rotate": [-2.579576507359015, 2.0288892678838053, -2.755284393364476], "SNR": 0.05, "name": "1bxn"}