{"loc": [-3, -4, -2], "rotate": [2.8095345284244, 0.8619096673980073, -0.29791854868032863], "SNR": 0.05, "name": "1bxn"}