{"loc": [-3, -4, -4], "rotate": [-2.3737869696392955, 1.768190822938152, -2.1886931615859875], "SNR": 0.05, "name": "1bxn"}