{"loc": [1, 1, 2], "rotate": [-1.0750436627758353, 1.5636316157239638, 0.6770488186256377], "SNR": 0.05, "name": "1bxn"}