{"loc": [-5, -4, -7], "rotate": [2.4804600582595575, 1.6858254474557286, 0.8309435091624474], "SNR": 0.05, "name": "1bxn"}