{"loc": [-6, 2, -3], "rotate": [-1.9108305223095257, 1.2951908010223505, -1.71244508445015], "SNR": 0.05, "name": "1bxn"}