{"loc": [-2, 6, -3], "rotate": [2.1078123453236786, 1.515105638547527, 0.8078035552560705], "SNR": 0.05, "name": "1bxn"}