{"loc": [1, 7, 2], "rotate": [2.0465299409084365, 1.3087523950719941, 0.2561891816163002], "SNR": 0.05, "name": "1bxn"}