{"loc": [7, -4, 3], "rotate": [-2.9034360184383523, 0.7531919531823243, -1.7025337078708893], "SNR": 0.05, "name": "1bxn"}