{"loc": [-2, 0, -6], "rotate": [-2.5962170325285387, 0.9302245866858846, -1.501632360606471], "SNR": 0.05, "name": "1bxn"}