{"loc": [0, 1, 3], "rotate": [2.3794201125823955, 0.722407890890105, -0.13737844902562735], "SNR": 0.05, "name": "1bxn"}