{"loc": [-5, -4, 7], "rotate": [2.4774981576304973, 1.104798937493104, 0.38473743674881405], "SNR": 0.05, "name": "1bxn"}