{"loc": [-4, -3, -1], "rotate": [2.960423184351121, 0.4566404020322988, -0.4349880655049896], "SNR": 0.05, "name": "1bxn"}