{"loc": [4, 3, 3], "rotate": [-2.6443499478910533, 1.0213037367529985, -1.553211915342997], "SNR": 0.05, "name": "1bxn"}