{"loc": [5, 1, 2], "rotate": [-2.4106024836823687, 0.8873495662934988, -1.7125041196087303], "SNR": 0.05, "name": "1bxn"}