{"loc": [3, 0, -4], "rotate": [-1.791169223352259, 1.2279524462142237, -2.672437798582287], "SNR": 0.05, "name": "1bxn"}