{"loc": [-6, 4, 4], "rotate": [1.9493289727211967, 1.061002644320177, 0.7043020146820336], "SNR": 0.05, "name": "1bxn"}