{"loc": [3, -6, -2], "rotate": [-2.511509578471803, 1.102439204194745, -1.6355889041524438], "SNR": 0.05, "name": "1bxn"}