{"loc": [-7, 0, 7], "rotate": [-2.8129988766634533, 0.3129051117300427, -1.216126673105726], "SNR": 0.05, "name": "1bxn"}