{"loc": [-6, -3, 6], "rotate": [2.7790696090927396, 0.731877528139482, 0.10928820121914924], "SNR": 0.05, "name": "1bxn"}