{"loc": [-6, -7, -6], "rotate": [2.8441186389613393, 0.7246574092227923, -0.22290002832394898], "SNR": 0.05, "name": "1bxn"}