{"loc": [7, 6, 4], "rotate": [-2.5422794753356923, 1.91786237479191, -2.2976843814802526], "SNR": 0.05, "name": "1bxn"}