{"loc": [0, 4, -7], "rotate": [1.8338433333929929, 1.300658055116203, 0.5687387309524033], "SNR": 0.05, "name": "1bxn"}