{"loc": [0, 5, -3], "rotate": [2.0296834704143336, 0.8937195918099785, 0.6749277347017051], "SNR": 0.05, "name": "1bxn"}