{"loc": [4, -7, -4], "rotate": [1.9414461568298136, 1.2655837938489962, 0.149112778367449], "SNR": 0.05, "name": "1bxn"}