{"loc": [-4, 5, 1], "rotate": [2.364853318583764, 1.203157312542079, 0.6701222193696189], "SNR": 0.05, "name": "1bxn"}