{"loc": [5, -2, -6], "rotate": [-3.000313199047463, 0.6056889536561585, -1.1321711233575416], "SNR": 0.05, "name": "1bxn"}