{"loc": [-3, 7, -3], "rotate": [2.6087590372207647, 0.9617219299707324, -0.17673699732914755], "SNR": 0.05, "name": "1bxn"}