{"loc": [7, 1, 3], "rotate": [-2.3929314840882063, 0.9914162486576811, -1.8035977033488872], "SNR": 0.05, "name": "1bxn"}