{"loc": [0, -2, 7], "rotate": [2.2368898154148966, 1.4668199275288325, 0.8435517517092197], "SNR": 0.05, "name": "1bxn"}