{"loc": [-5, -7, -3], "rotate": [1.9176360234949563, 0.887341173669212, 0.0003173027744105343], "SNR": 0.05, "name": "1bxn"}