{"loc": [-4, 0, -7], "rotate": [2.7379539545423195, 2.4850844601603614, 1.3342041664265558], "SNR": 0.05, "name": "1bxn"}