{"loc": [7, 6, -5], "rotate": [2.5248673449917782, 1.156025857489043, 0.6196465559780024], "SNR": 0.05, "name": "1bxn"}