{"loc": [6, 0, 0], "rotate": [3.0378645061595053, 0.6911487146070194, -1.0186543158680066], "SNR": 0.05, "name": "1bxn"}