{"loc": [0, -5, 0], "rotate": [2.131389238697593, 1.4837363560699308, 0.8585690363278864], "SNR": 0.05, "name": "1bxn"}