{"loc": [7, -4, -4], "rotate": [2.0533710506055565, 1.2599841690565627, 0.9294749250707184], "SNR": 0.05, "name": "1bxn"}