{"loc": [5, 3, -7], "rotate": [2.120756724164166, 0.5935267471233722, 0.2917431300163916], "SNR": 0.05, "name": "1bxn"}