{"loc": [-2, 0, -7], "rotate": [2.588461965227762, 2.566142798728751, 2.0277111805449617], "SNR": 0.05, "name": "1bxn"}