{"loc": [6, -1, 2], "rotate": [2.509414929170604, 1.1001360002372187, 0.6599977461762849], "SNR": 0.05, "name": "1bxn"}