{"loc": [6, 0, -5], "rotate": [2.7859257212663597, 0.7289543434377481, 0.19196404873425038], "SNR": 0.05, "name": "1bxn"}