{"loc": [6, 3, 7], "rotate": [-2.361047983246177, 1.1983644921113226, -1.7065774189603027], "SNR": 0.05, "name": "1bxn"}