{"loc": [-4, 5, 4], "rotate": [-2.8208643856885565, 0.826280762592135, -0.9789997011795996], "SNR": 0.05, "name": "1bxn"}