{"loc": [-2, -7, -7], "rotate": [-2.50717035576943, 0.8918420233046358, -1.773354414915892], "SNR": 0.05, "name": "1bxn"}