{"loc": [4, 0, -7], "rotate": [-2.3506956174083764, 0.8887098055354686, -2.0089075290953686], "SNR": 0.05, "name": "1bxn"}