{"loc": [7, 7, -6], "rotate": [-2.0453082499691484, 0.6614893062870858, -1.837938448151481], "SNR": 0.05, "name": "1bxn"}