{"loc": [-7, -6, 2], "rotate": [2.151212986156331, 1.8396892715891677, 1.1152586961782802], "SNR": 0.05, "name": "1bxn"}