{"loc": [7, -4, 7], "rotate": [-2.1091741637842776, 1.2611403698915615, -2.372174814780069], "SNR": 0.05, "name": "1bxn"}