{"loc": [3, -3, 5], "rotate": [2.027805273936723, 1.6963745059211957, 0.3782129954869569], "SNR": 0.05, "name": "1bxn"}