{"loc": [5, -7, -7], "rotate": [2.7957194544749773, 0.7559281831637902, -0.2983633511705858], "SNR": 0.05, "name": "1bxn"}