{"loc": [3, -6, 0], "rotate": [-2.513877120114082, 0.8524237450611322, -1.4379447352019816], "SNR": 0.05, "name": "1bxn"}