{"loc": [6, 5, 2], "rotate": [2.1221203518726988, 1.1742654027789812, 0.8250205659521853], "SNR": 0.05, "name": "1bxn"}