{"loc": [-6, 7, 3], "rotate": [2.352584955381457, 1.4794292085034955, 0.5573008837870885], "SNR": 0.05, "name": "1bxn"}