{"loc": [-5, 3, 0], "rotate": [2.444224938796004, 0.6477998354049664, 0.0027525413374121527], "SNR": 0.05, "name": "1bxn"}