{"loc": [-6, 0, 5], "rotate": [-2.8464697033916315, 2.665590184019081, 2.713394760126248], "SNR": 0.05, "name": "1bxn"}