{"loc": [7, -7, 0], "rotate": [-2.316702552623291, 1.077618844169757, -2.1057335104803516], "SNR": 0.05, "name": "1bxn"}