{"loc": [3, 0, -3], "rotate": [-0.2164581559808134, 0.8771602236937244, -0.028771383254453615], "SNR": 0.05, "name": "1bxn"}