{"loc": [5, 7, 5], "rotate": [2.1920777510036986, 1.9060922066087003, 0.729217713188802], "SNR": 0.05, "name": "1bxn"}