{"loc": [-7, 7, 6], "rotate": [-2.4451628504238196, 0.7306526353803965, -1.3401965411535781], "SNR": 0.05, "name": "1bxn"}