{"loc": [-3, -1, -7], "rotate": [-1.9422415498137613, 1.4868435182238358, -2.5053202610583623], "SNR": 0.05, "name": "1bxn"}