{"loc": [-3, 4, -4], "rotate": [2.216682901915753, 2.031923755798373, 0.8698682308571493], "SNR": 0.05, "name": "1bxn"}