{"loc": [6, 4, 7], "rotate": [2.3885449790881697, 0.5727184341234179, 0.07971388698821609], "SNR": 0.05, "name": "1bxn"}