{"loc": [-2, 2, 3], "rotate": [2.235490341868022, 2.186342433260887, 1.0274877707166064], "SNR": 0.05, "name": "1bxn"}