{"loc": [-5, 0, 0], "rotate": [2.3795921154564548, 1.5176522762201952, 0.852254351382143], "SNR": 0.05, "name": "1bxn"}