{"loc": [-7, -6, -1], "rotate": [-2.551490299412678, 0.7657766278181714, -1.4064673835527504], "SNR": 0.05, "name": "1bxn"}