{"loc": [5, 7, -4], "rotate": [-2.08486343322497, 1.2502786760294866, -2.2077459260236045], "SNR": 0.05, "name": "1bxn"}