{"loc": [4, -5, 7], "rotate": [2.2571303901553597, 1.2897018239235472, 0.4034219538866077], "SNR": 0.05, "name": "1bxn"}