{"loc": [-1, 0, -7], "rotate": [2.4804847483942325, 2.0936583728543785, 1.1441181019950861], "SNR": 0.05, "name": "1bxn"}