{"loc": [-7, -3, -6], "rotate": [2.421381715064404, 1.0472744683716515, 0.03756084364079941], "SNR": 0.05, "name": "1bxn"}