{"loc": [-4, 5, 0], "rotate": [2.16615115743232, 1.152405803177817, 0.4907508381098692], "SNR": 0.05, "name": "1bxn"}