{"loc": [-4, 0, 0], "rotate": [2.454860304842372, 2.000599351779655, 1.135867190731558], "SNR": 0.05, "name": "1bxn"}