{"loc": [-2, 3, 7], "rotate": [-2.6285424525505396, 1.3914105068049687, -1.9054779386251774], "SNR": 0.05, "name": "1bxn"}