{"loc": [-5, 0, 2], "rotate": [-2.708478555500216, 0.8314949255001364, -1.2372007926240192], "SNR": 0.05, "name": "1bxn"}