{"loc": [-3, -6, -6], "rotate": [0.32911607986343094, 0.5344634075361508, -0.9908887116695421], "SNR": 0.05, "name": "1bxn"}