{"loc": [0, -7, 5], "rotate": [-2.5698131803788407, 0.8083593283466425, -1.5689634445801985], "SNR": 0.05, "name": "1bxn"}