{"loc": [-2, 0, 5], "rotate": [2.440411249818448, 1.326846301249121, 0.31116760129679905], "SNR": 0.05, "name": "1bxn"}