{"loc": [-6, -7, -1], "rotate": [2.6156708122800203, 1.097923219612427, 0.43176796125417427], "SNR": 0.05, "name": "1bxn"}