{"loc": [3, 3, 3], "rotate": [2.1021185019194024, 1.6458819517257097, 0.9030719641616528], "SNR": 0.05, "name": "1bxn"}