{"loc": [6, 5, -6], "rotate": [1.7527687679414072, 0.6791815729241347, 0.9199412940850125], "SNR": 0.05, "name": "1bxn"}