{"loc": [1, -2, -4], "rotate": [-2.533541584241282, 2.1402801103465743, -3.114079726925882], "SNR": 0.05, "name": "1bxn"}