{"loc": [4, 0, 4], "rotate": [2.691706598518472, 0.4030669531777429, -0.27619848926868024], "SNR": 0.05, "name": "1bxn"}