{"loc": [7, 6, -7], "rotate": [2.9922806536579882, 0.7211687524579562, -0.9063892677472968], "SNR": 0.05, "name": "1bxn"}