{"loc": [7, -7, -2], "rotate": [2.420959977087826, 1.6226812877688945, 1.0598770937750022], "SNR": 0.05, "name": "1bxn"}