{"loc": [-6, 0, -2], "rotate": [2.203330137356417, 1.4152818855572202, 0.7313190697433549], "SNR": 0.05, "name": "1bxn"}