{"loc": [3, 1, 4], "rotate": [2.369140057989261, 0.4597888425614737, 0.21738847060503125], "SNR": 0.05, "name": "1bxn"}