{"loc": [-6, -3, 2], "rotate": [-2.115406800796792, 1.4984200178990934, -2.332257989319537], "SNR": 0.05, "name": "1bxn"}