{"loc": [6, 6, 4], "rotate": [-2.2356091337682673, 0.42620781000923946, -1.9265264760518683], "SNR": 0.05, "name": "1bxn"}