{"loc": [-6, -5, -7], "rotate": [-2.9231482962949955, 0.6805814766180222, -0.6657370685841767], "SNR": 0.05, "name": "1bxn"}