{"loc": [-5, -7, 5], "rotate": [-2.702955239222906, 0.2806202321981927, -1.3016972096300548], "SNR": 0.05, "name": "1bxn"}