{"loc": [3, 0, 3], "rotate": [2.265136214256048, 1.0538495341249872, 0.16224466023328052], "SNR": 0.05, "name": "1bxn"}