{"loc": [-1, 0, 7], "rotate": [2.1185713213474355, 1.0752848335345384, 0.07831737096860199], "SNR": 0.05, "name": "1bxn"}