{"loc": [2, 6, 4], "rotate": [-2.62643878774924, 0.8063568385524058, -1.4330849879296874], "SNR": 0.05, "name": "1bxn"}