{"loc": [-7, -7, -1], "rotate": [-2.4034364485033555, 2.2219208097657175, -3.0275458623631226], "SNR": 0.05, "name": "1bxn"}