{"loc": [0, -6, -3], "rotate": [-2.4694283077489416, 0.8186402941824078, -1.8206521462146714], "SNR": 0.05, "name": "1bxn"}