{"loc": [-5, 1, 2], "rotate": [2.2761775342535078, 1.2171417124153239, 0.27009288401668446], "SNR": 0.05, "name": "1bxn"}