{"loc": [2, 0, -3], "rotate": [2.463214776929522, 0.7225263527186399, -0.08327495880521638], "SNR": 0.05, "name": "1bxn"}