{"loc": [2, 1, 3], "rotate": [2.7582409502888847, 0.5088960840685913, -0.5817434944664142], "SNR": 0.05, "name": "1bxn"}