{"loc": [0, 6, -1], "rotate": [2.1194913261575623, 1.0394595280111842, 0.4834852632773405], "SNR": 0.05, "name": "1bxn"}