{"loc": [6, -5, 1], "rotate": [2.332367596874711, 1.5952114590081121, 0.29214141529804943], "SNR": 0.05, "name": "1bxn"}