{"loc": [-1, -5, 5], "rotate": [2.46977776640763, 0.7127254753482085, 0.13505619377212447], "SNR": 0.05, "name": "1bxn"}