{"loc": [-4, -6, -1], "rotate": [2.9174972412746625, 2.653794588502669, 2.0462638068583563], "SNR": 0.05, "name": "1bxn"}