{"loc": [3, 1, -7], "rotate": [2.309699330999861, 1.1870275262313152, 0.1484557637483363], "SNR": 0.05, "name": "1bxn"}