{"loc": [-4, -1, -4], "rotate": [-2.9846380481100816, 0.7764702110335546, -1.3371727772074757], "SNR": 0.05, "name": "1bxn"}