{"loc": [0, 1, -6], "rotate": [-2.4328771585422024, 0.3947572411179275, -1.4201302655986792], "SNR": 0.05, "name": "1bxn"}