{"loc": [3, 1, 0], "rotate": [1.9766193494446207, 1.866262671145035, 1.0135294979792429], "SNR": 0.05, "name": "1bxn"}