{"loc": [2, -5, 3], "rotate": [-2.6414745676405254, 0.4904095561719864, -1.569235280367731], "SNR": 0.05, "name": "1bxn"}