{"loc": [-5, 5, -1], "rotate": [-2.1074972499640485, 0.7663309861242598, -2.365191851682723], "SNR": 0.05, "name": "1bxn"}