{"loc": [-2, -5, -5], "rotate": [-1.9997598891198758, 1.0610795110780071, -2.710968935768882], "SNR": 0.05, "name": "1bxn"}