{"loc": [-4, 1, -3], "rotate": [3.0802586500622855, 0.5615498422414766, -0.7725060251320905], "SNR": 0.05, "name": "1bxn"}