{"loc": [4, 2, 6], "rotate": [2.6772426318893197, 1.0923843449184962, -0.1827009460302233], "SNR": 0.05, "name": "1bxn"}