{"loc": [0, -5, 5], "rotate": [2.3561126462478166, 0.7613725326669656, -0.025381724443039832], "SNR": 0.05, "name": "1bxn"}