{"loc": [1, -7, -6], "rotate": [2.2727382006742016, 0.8616398902672463, 0.6698263311854147], "SNR": 0.05, "name": "1bxn"}