{"loc": [0, -1, 1], "rotate": [2.302081556328892, 1.6667303996809149, 0.9736882764006293], "SNR": 0.05, "name": "1bxn"}