{"loc": [4, 0, 2], "rotate": [-1.9966079005602242, 1.266394699125733, -2.478015510040427], "SNR": 0.05, "name": "1bxn"}