{"loc": [7, -5, 5], "rotate": [2.152225061085178, 1.50864070838268, 0.3649217217413987], "SNR": 0.05, "name": "1bxn"}