{"loc": [0, -6, -4], "rotate": [-1.9308947475788802, 1.5920815624745974, -2.0548887050498927], "SNR": 0.05, "name": "1bxn"}