{"loc": [3, -7, 2], "rotate": [-0.23099606364155248, 0.5493504002998676, -0.535474566501795], "SNR": 0.05, "name": "1bxn"}