{"loc": [0, 4, -5], "rotate": [-2.4432557488348348, 0.6828988915972151, -1.3160700503795681], "SNR": 0.05, "name": "1bxn"}