{"loc": [7, -1, 1], "rotate": [2.385552050885884, 1.5042101902179128, 0.4759869417522948], "SNR": 0.05, "name": "1bxn"}