{"loc": [-3, -3, 7], "rotate": [-2.4597511326049584, 1.1274485044980662, -1.9903982462425656], "SNR": 0.05, "name": "1bxn"}