{"loc": [-4, 4, -5], "rotate": [3.027886958154211, 2.600883025674159, 1.969778063915127], "SNR": 0.05, "name": "1bxn"}