{"loc": [3, 6, 4], "rotate": [2.5019590042087607, 1.4168778230947208, 1.0334259417435447], "SNR": 0.05, "name": "1bxn"}