{"loc": [-6, 2, 5], "rotate": [-2.0276643387666344, 1.5969694219179877, -2.3563849016899314], "SNR": 0.05, "name": "1bxn"}