{"loc": [5, 1, 6], "rotate": [2.4231461194423045, 1.101970357773492, 0.6219557224295263], "SNR": 0.05, "name": "1bxn"}