{"loc": [0, 0, -2], "rotate": [2.031682235461663, 1.6818182022992791, 0.7607403355530972], "SNR": 0.05, "name": "1bxn"}