{"loc": [-7, 6, -7], "rotate": [-2.5440973313087145, 0.983618949907098, -1.8231752247347246], "SNR": 0.05, "name": "1bxn"}