{"loc": [-7, -1, -4], "rotate": [2.3969457979668176, 1.0820324204711331, 0.6501566942459586], "SNR": 0.05, "name": "1bxn"}