{"loc": [-3, -1, 5], "rotate": [2.103695584191441, 0.6779213145501126, 0.5774418505871531], "SNR": 0.05, "name": "1bxn"}