{"loc": [0, 5, -6], "rotate": [3.1165288338709467, 0.5073797450286085, -0.7228089168966043], "SNR": 0.05, "name": "1bxn"}