{"loc": [6, -6, -5], "rotate": [3.0260268036108626, 0.2529577762851472, -0.6669685774868763], "SNR": 0.05, "name": "1bxn"}