{"loc": [5, 3, -6], "rotate": [2.28631517125853, 1.782672206293041, 0.8475605512035611], "SNR": 0.05, "name": "1bxn"}