{"loc": [2, -6, -2], "rotate": [2.32755096931272, 0.9772185130896053, 0.632924568732418], "SNR": 0.05, "name": "1bxn"}