{"loc": [2, 6, -5], "rotate": [2.4929775429263743, 0.8954386039062808, -0.3386986282438393], "SNR": 0.05, "name": "1bxn"}