{"loc": [4, 6, 7], "rotate": [-2.8083777153962277, 2.7682823579080593, 2.6730454597704156], "SNR": 0.05, "name": "1bxn"}