{"loc": [7, 2, -3], "rotate": [2.916197934445008, 0.9233939900413725, -0.22025134707282484], "SNR": 0.05, "name": "1bxn"}