{"loc": [7, 7, -6], "rotate": [2.0544635526834636, 1.569842123921178, 0.8836329030269027], "SNR": 0.05, "name": "1bxn"}