{"loc": [4, -6, -6], "rotate": [2.3930084492839403, 0.8712999614700704, -0.3036933049317623], "SNR": 0.05, "name": "1bxn"}