{"loc": [-2, 1, -2], "rotate": [-2.982393046913055, 0.9232287718094058, -0.8111464108490382], "SNR": 0.05, "name": "1bxn"}