{"loc": [2, 3, 0], "rotate": [1.9697607562100983, 0.9061111847089854, -0.061196537585121225], "SNR": 0.05, "name": "1bxn"}