{"loc": [-5, 3, -5], "rotate": [-2.9477539441168576, 0.8191619928395577, -0.7161605467740896], "SNR": 0.05, "name": "1bxn"}