{"loc": [2, -1, 3], "rotate": [-2.1079919654931487, 1.628982595583959, -2.1611013768226948], "SNR": 0.05, "name": "1bxn"}