{"loc": [1, -6, -6], "rotate": [2.2893418329442228, 1.0774140294444559, 0.5495610704132602], "SNR": 0.05, "name": "1bxn"}