{"loc": [2, -2, 0], "rotate": [-2.909594737538356, 0.7804174230545134, -0.8695757713959769], "SNR": 0.05, "name": "1bxn"}