{"loc": [-5, -2, 3], "rotate": [2.2260887975231367, 0.5602601843555669, 0.2716862085737802], "SNR": 0.05, "name": "1bxn"}