{"loc": [-5, 0, -1], "rotate": [-2.7914664189151868, 0.7869762914114485, -1.3784863324443772], "SNR": 0.05, "name": "1bxn"}