{"loc": [0, -5, -7], "rotate": [-2.1913059496994243, 1.3224802018921096, -2.6462803907606585], "SNR": 0.05, "name": "1bxn"}