{"loc": [5, -6, -3], "rotate": [2.4073255537232985, 1.616699638792791, 0.8770391745990256], "SNR": 0.05, "name": "1bxn"}