{"loc": [-4, -1, 4], "rotate": [2.1790831926254026, 1.4879226630375342, 0.645978099775881], "SNR": 0.05, "name": "1bxn"}