{"loc": [-5, 3, 7], "rotate": [2.1725031464862044, 1.302068837766977, 0.763163271320376], "SNR": 0.05, "name": "1bxn"}