{"loc": [-3, 1, 0], "rotate": [2.837541382358064, 0.948755837576867, -0.3960367565728791], "SNR": 0.05, "name": "1bxn"}