{"loc": [-6, -7, 7], "rotate": [2.237308736598952, 0.9959881810963269, 0.3198298432014499], "SNR": 0.05, "name": "1bxn"}