{"loc": [-2, -2, 2], "rotate": [2.620592767639835, 0.6396508352070215, -0.1326390530065528], "SNR": 0.05, "name": "1bxn"}