{"loc": [-2, -3, -3], "rotate": [2.334506499014645, 1.0837039579480352, 0.1736642364700735], "SNR": 0.05, "name": "1bxn"}