{"loc": [0, 1, 1], "rotate": [2.7643549578299917, 1.015287506929716, -0.2802416299884158], "SNR": 0.05, "name": "1bxn"}