{"loc": [-7, -7, 6], "rotate": [-3.1009530385814497, 0.6244717655960121, -0.4078024807919766], "SNR": 0.05, "name": "1bxn"}