{"loc": [-5, -3, -7], "rotate": [-2.813406964220771, 1.0436930019988038, -1.1960551365464616], "SNR": 0.05, "name": "1bxn"}