{"loc": [-3, 2, -5], "rotate": [2.66816903976331, 0.6926755343261002, -0.028912765808536554], "SNR": 0.05, "name": "1bxn"}