{"loc": [-1, 6, -2], "rotate": [1.8932327964804336, 0.45216195478054905, 0.6701912048912951], "SNR": 0.05, "name": "1bxn"}