{"loc": [3, -4, -7], "rotate": [-2.47388116253518, 0.8044238329973532, -1.7021135736296804], "SNR": 0.05, "name": "1bxn"}