{"loc": [-6, 1, -1], "rotate": [2.898710030486615, 0.5481930692249971, -0.19027570822996698], "SNR": 500000, "name": "4d4r"}