{"loc": [-5, -5, 7], "rotate": [-2.1038983949179917, 1.1237983431410539, -1.9405306767734447], "SNR": 500000, "name": "4d4r"}