{"loc": [-1, 6, -7], "rotate": [-2.9705871070543006, 0.832981190369072, -1.3118808151275045], "SNR": 500000, "name": "4d4r"}