{"loc": [4, 7, -1], "rotate": [2.224828611726294, 1.5043219042938907, 0.6439054072565569], "SNR": 500000, "name": "4d4r"}