{"loc": [4, 3, -7], "rotate": [3.0083405251478985, 2.2552012922435325, 2.2577760076472506], "SNR": 500000, "name": "4d4r"}