{"loc": [0, -5, -3], "rotate": [2.343148952828159, 0.9197316752207458, 0.028889856479077526], "SNR": 500000, "name": "4d4r"}