{"loc": [6, 3, 1], "rotate": [2.642888287774669, 1.8764931671442997, 1.5553759685172928], "SNR": 500000, "name": "4d4r"}