{"loc": [4, 4, -2], "rotate": [-2.773243432852258, 1.072239350543365, -1.2692874571610309], "SNR": 500000, "name": "4d4r"}