{"loc": [5, 3, -7], "rotate": [-1.8579723135469897, 2.053613895227255, -2.544313309222458], "SNR": 500000, "name": "4d4r"}