{"loc": [0, -1, 2], "rotate": [2.51457982640695, 0.7674180926493709, -0.10034830625505728], "SNR": 500000, "name": "4d4r"}