{"loc": [6, -7, -6], "rotate": [-2.354289884511584, 1.1508847749908564, -2.044467438446485], "SNR": 500000, "name": "4d4r"}