{"loc": [0, -5, -6], "rotate": [2.414378204966254, 1.1072619417610265, 0.00038795794863457207], "SNR": 500000, "name": "4d4r"}