{"loc": [3, -2, -6], "rotate": [2.1613247513044866, 1.171616691788721, 0.45981745566561805], "SNR": 500000, "name": "4d4r"}