{"loc": [-1, 3, 3], "rotate": [1.9824048629897748, 1.5025156043132475, 0.809245199102522], "SNR": 500000, "name": "4d4r"}