{"loc": [4, -1, -6], "rotate": [2.4671312277981765, 0.7566177898801972, -0.043812204147862494], "SNR": 500000, "name": "4d4r"}