{"loc": [-4, 6, 6], "rotate": [2.1163926676438662, 1.359111100000881, 0.8607194422825183], "SNR": 500000, "name": "4d4r"}