{"loc": [0, -6, 5], "rotate": [-1.9406536355793176, 0.09922865293611957, -1.7481469357961688], "SNR": 500000, "name": "4d4r"}