{"loc": [2, -1, 5], "rotate": [2.5602867918374184, 2.3979232167715945, 1.0687171543109901], "SNR": 500000, "name": "4d4r"}