{"loc": [6, -3, -2], "rotate": [2.8233255057399336, 0.6333018220361416, -1.0509749391885452], "SNR": 500000, "name": "4d4r"}