{"loc": [7, 4, -4], "rotate": [3.087671725810716, 0.8498048110745936, -0.5408487128734331], "SNR": 500000, "name": "4d4r"}