{"loc": [-7, 1, -4], "rotate": [2.104475045440723, 1.0948733635915842, 0.4060380090331137], "SNR": 500000, "name": "4d4r"}