{"loc": [0, 6, 0], "rotate": [2.353705556261627, 1.0459687361926064, 0.36944268725617974], "SNR": 500000, "name": "4d4r"}