{"loc": [-1, 7, -5], "rotate": [-3.0511282704258, 0.7753179508191673, -0.6166935845220879], "SNR": 500000, "name": "4d4r"}