{"loc": [3, -3, -6], "rotate": [-2.7313611675880103, 0.4863901838179302, -1.3527433950557144], "SNR": 500000, "name": "4d4r"}