{"loc": [0, 4, 0], "rotate": [2.2382697399345317, 1.7585735072159383, 0.5985482766544218], "SNR": 500000, "name": "4d4r"}