{"loc": [1, 2, -5], "rotate": [-3.027860740995836, 0.45184281406977317, -0.7693366261789523], "SNR": 500000, "name": "4d4r"}