{"loc": [-6, 1, 5], "rotate": [2.824284692942568, 0.6021343424351331, -0.7068059905745195], "SNR": 500000, "name": "4d4r"}