{"loc": [0, -6, -5], "rotate": [2.3148150289802008, 0.9881159496516686, 0.1952213983879878], "SNR": 500000, "name": "4d4r"}