{"loc": [0, 3, -2], "rotate": [2.3108117251077593, 1.960464921963412, 1.4462473463978915], "SNR": 500000, "name": "4d4r"}