{"loc": [5, 2, 0], "rotate": [2.3810628765190938, 1.430032415525334, 1.0815470331719361], "SNR": 500000, "name": "4d4r"}