{"loc": [-2, 0, -1], "rotate": [-1.914413879451807, 1.1902118515831799, -1.8091361726288713], "SNR": 500000, "name": "4d4r"}