{"loc": [0, 5, -7], "rotate": [2.0846540059660708, 1.7538845351774384, 0.8024698000526812], "SNR": 500000, "name": "4d4r"}