{"loc": [0, -7, 0], "rotate": [1.996720933953341, 0.8971973430401466, 0.3997037236009402], "SNR": 500000, "name": "4d4r"}