{"loc": [-2, -2, 7], "rotate": [2.6907430556922693, 0.6207770626725388, -0.5040915970832837], "SNR": 500000, "name": "4d4r"}