{"loc": [6, 5, 1], "rotate": [2.490346548637962, 1.0111119395841899, 0.12544655465742413], "SNR": 500000, "name": "4d4r"}