{"loc": [7, 1, -6], "rotate": [2.027419712311543, 1.5211885502199944, 0.7567626040225358], "SNR": 500000, "name": "4d4r"}