{"loc": [5, 2, -5], "rotate": [2.244447664665557, 2.2912817721700414, 1.5706835571055147], "SNR": 500000, "name": "4d4r"}