{"loc": [2, 0, 4], "rotate": [-3.0593121560261727, 0.8675968258054204, -0.9162936039519495], "SNR": 500000, "name": "4d4r"}