{"loc": [7, 5, -5], "rotate": [3.0678487940904193, 0.8431457787417982, -0.2803515148495282], "SNR": 500000, "name": "4d4r"}