{"loc": [-6, -2, -6], "rotate": [-2.1503850482107767, 1.1837753496377195, -2.0185317850241553], "SNR": 500000, "name": "4d4r"}