{"loc": [4, -7, 5], "rotate": [-2.9209219954140346, 1.3237972126249984, -1.5307005704682426], "SNR": 500000, "name": "4d4r"}