{"loc": [-3, -6, 6], "rotate": [-2.335531208422544, 1.735953889144108, -2.82182195537253], "SNR": 500000, "name": "4d4r"}