{"loc": [-4, -2, 0], "rotate": [2.408261668890571, 1.0369946615811212, 0.10862316736503004], "SNR": 500000, "name": "4d4r"}