{"loc": [-4, -6, -2], "rotate": [-2.616020879098878, 0.7479431282701293, -1.608616099704426], "SNR": 500000, "name": "4d4r"}