{"loc": [-1, 1, 5], "rotate": [-2.8676212960724414, 0.62402009216415, -1.085709060476898], "SNR": 500000, "name": "4d4r"}