{"loc": [5, 1, -6], "rotate": [2.4044332049801094, 0.8751146826737556, 0.292856358584951], "SNR": 500000, "name": "4d4r"}