{"loc": [-7, 6, 3], "rotate": [-3.024663673016415, 0.7988011692633631, -0.952722487232618], "SNR": 500000, "name": "4d4r"}