{"loc": [1, 0, 2], "rotate": [-2.7324404112537035, 1.4059493460873058, -1.6828842628403997], "SNR": 500000, "name": "4d4r"}