{"loc": [2, 2, -6], "rotate": [-2.5567269051572805, 1.0497628126506573, -1.4479786738905793], "SNR": 500000, "name": "4d4r"}