{"loc": [-3, 0, -2], "rotate": [-2.122524705931099, 1.548211966893832, -2.8135785642176794], "SNR": 500000, "name": "4d4r"}