{"loc": [-2, 0, -7], "rotate": [2.3936938305389575, 1.0836214431884799, 0.3687820629852055], "SNR": 500000, "name": "4d4r"}