{"loc": [6, 0, 4], "rotate": [-2.1315738147633225, 1.407495111094012, -2.1096142626228906], "SNR": 500000, "name": "4d4r"}