{"loc": [4, -1, 3], "rotate": [-2.6686240846174116, 1.101831570728796, -1.2558302616819488], "SNR": 500000, "name": "4d4r"}