{"loc": [6, 2, -2], "rotate": [-1.8538020725944448, 1.4537536790139776, -2.6234834838048773], "SNR": 500000, "name": "4d4r"}