{"loc": [3, 5, 6], "rotate": [-2.1213773750045193, 1.749638008041507, -2.5880034561824976], "SNR": 500000, "name": "4d4r"}