{"loc": [6, -5, -3], "rotate": [2.250591904530695, 1.5537683837993204, 0.17465486863476745], "SNR": 500000, "name": "4d4r"}