{"loc": [2, -4, 0], "rotate": [-0.7178798577258179, 1.5514773232701886, 0.297742321865139], "SNR": 500000, "name": "4d4r"}