{"loc": [2, 5, 6], "rotate": [2.062436903063083, 1.9358421854340067, 0.4969829420230441], "SNR": 500000, "name": "4d4r"}