{"loc": [5, 7, -1], "rotate": [2.788125848909446, 0.6088132762958658, -0.13211706077580054], "SNR": 500000, "name": "4d4r"}