{"loc": [-5, -3, 7], "rotate": [-2.263130758347995, 1.4389633901487517, -2.2929058818369183], "SNR": 500000, "name": "4d4r"}