{"loc": [-4, -1, 2], "rotate": [-1.939812565192991, 1.457009604042704, -2.500718050850959], "SNR": 500000, "name": "4d4r"}