{"loc": [1, -3, -3], "rotate": [2.6604201788212887, 1.0437518896156948, -0.3867190419569853], "SNR": 500000, "name": "4d4r"}