{"loc": [-1, 2, -2], "rotate": [-2.5067569896817687, 1.0922222043569183, -1.7246024040777113], "SNR": 500000, "name": "4d4r"}