{"loc": [6, 0, 2], "rotate": [3.124118160679992, 0.8289055350764921, -0.8444883798148035], "SNR": 500000, "name": "4d4r"}