{"loc": [2, -1, -4], "rotate": [1.9528062141931513, 0.9791392408799879, 0.4286413821895792], "SNR": 500000, "name": "4d4r"}