{"loc": [-4, -6, -1], "rotate": [2.231270914718197, 1.3633891301640038, 0.45898341528556097], "SNR": 500000, "name": "4d4r"}