{"loc": [-2, 7, -3], "rotate": [2.342881477059865, 1.5599749222123322, 0.1350080433785564], "SNR": 500000, "name": "4d4r"}