{"loc": [2, -3, 7], "rotate": [-2.0773389420377995, 1.546532954558377, -2.2580783120714925], "SNR": 500000, "name": "4d4r"}