{"loc": [-6, -1, -5], "rotate": [2.6876187503645332, 2.5358192418669185, 1.744869915047453], "SNR": 500000, "name": "4d4r"}