{"loc": [6, 6, -3], "rotate": [-1.8071413288007652, 1.3425126391057198, -1.678971975868748], "SNR": 500000, "name": "4d4r"}