{"loc": [5, 0, -3], "rotate": [2.3682275873177274, 0.9315070546422695, 0.3652296460527312], "SNR": 500000, "name": "4d4r"}