{"loc": [0, -3, 0], "rotate": [-3.1299279444867394, 0.9503340315171953, -0.5987608494297725], "SNR": 500000, "name": "4d4r"}