{"loc": [-2, 7, -4], "rotate": [-2.3325081003842074, 0.4583964180430551, -1.5825674125491063], "SNR": 500000, "name": "4d4r"}