{"loc": [-5, -6, -1], "rotate": [2.087740204005827, 1.4557733803371835, 0.6979454001758041], "SNR": 500000, "name": "4d4r"}