{"loc": [-1, 5, 5], "rotate": [2.8209445357177545, 2.0405854335802114, 1.4889058570666867], "SNR": 500000, "name": "4d4r"}