{"loc": [-7, -1, 4], "rotate": [-2.389499930128061, 1.0807141756607819, -1.972527377703016], "SNR": 500000, "name": "4d4r"}