{"loc": [5, 5, 1], "rotate": [-1.985002164601577, 1.179349591885898, -1.5165616856325892], "SNR": 500000, "name": "4d4r"}