{"loc": [-1, 6, 0], "rotate": [1.9189178817112198, 1.1266936609182727, 0.7941215483815087], "SNR": 500000, "name": "4d4r"}