{"loc": [-4, 0, 1], "rotate": [2.0166284207090217, 1.628223913977347, 0.738421439821043], "SNR": 500000, "name": "4d4r"}