{"loc": [-7, -7, 4], "rotate": [-2.2954557100484725, 2.289826560035211, -2.845851660680539], "SNR": 500000, "name": "4d4r"}