{"loc": [-2, -6, -1], "rotate": [-2.028263622663627, 0.9904603813715929, -2.2341772486500626], "SNR": 500000, "name": "4d4r"}