{"loc": [-1, -7, 7], "rotate": [3.0570964407915895, 0.41779629776095245, -0.6578690912190871], "SNR": 500000, "name": "4d4r"}