{"loc": [3, 3, 0], "rotate": [2.0400040647160287, 0.687999263150632, 0.6888462298905175], "SNR": 500000, "name": "4d4r"}