{"loc": [0, 1, -1], "rotate": [2.2046470954412607, 1.8322451288324269, 0.8695449111015009], "SNR": 500000, "name": "4d4r"}