{"loc": [-6, 5, -3], "rotate": [-2.885415143972823, 0.8297117870278738, -1.246556849133402], "SNR": 500000, "name": "4d4r"}