{"loc": [-4, 7, -1], "rotate": [2.9886510054520166, 0.757660490437348, -0.4611987937428533], "SNR": 500000, "name": "4d4r"}