{"loc": [-3, -6, 5], "rotate": [2.958227604088971, 0.7866756339270399, -0.326840336372056], "SNR": 500000, "name": "4d4r"}