{"loc": [-1, 0, -5], "rotate": [2.6746841824871215, 0.23097671308916523, -0.5401574762111028], "SNR": 500000, "name": "4d4r"}