{"loc": [7, 0, -6], "rotate": [1.981710331748273, 0.9093621102673457, 0.790915412790212], "SNR": 500000, "name": "4d4r"}