{"loc": [0, -6, -7], "rotate": [-2.135721028493201, 1.4075644510515415, -2.083488735491312], "SNR": 500000, "name": "4d4r"}