{"loc": [3, 4, 5], "rotate": [1.9375943172068453, 1.586484963315739, 1.3555539886264525], "SNR": 500000, "name": "4d4r"}