{"loc": [2, 1, -1], "rotate": [2.395376573851957, 2.073934412141161, 1.2538943017535908], "SNR": 500000, "name": "4d4r"}