{"loc": [-6, -1, 0], "rotate": [-2.9429906438659397, 0.7531399212246328, -1.4179152229547676], "SNR": 500000, "name": "4d4r"}