{"loc": [4, 0, -7], "rotate": [-2.9319140562592656, 0.7688712913500793, -0.6676765653669215], "SNR": 500000, "name": "4d4r"}