{"loc": [6, -5, -4], "rotate": [2.249664210393272, 0.508357262926813, -0.36355914312948934], "SNR": 500000, "name": "4d4r"}