{"loc": [4, 0, -5], "rotate": [-2.087482750784396, 2.1770913622141075, -2.3282369277906962], "SNR": 500000, "name": "4d4r"}