{"loc": [2, 5, -7], "rotate": [2.8271951143492977, 0.9457441955957349, -0.5742088099333059], "SNR": 500000, "name": "4d4r"}