{"loc": [7, 0, -1], "rotate": [1.942920859726415, 0.8605043873916175, 0.5430111777268162], "SNR": 500000, "name": "4d4r"}