{"loc": [-1, 2, -2], "rotate": [1.892572922049187, 0.38687206837987415, 0.7034269853471866], "SNR": 500000, "name": "4d4r"}