{"loc": [-7, 1, 4], "rotate": [-2.30377553894423, 1.3087734240368964, -1.608796851739905], "SNR": 500000, "name": "4d4r"}