{"loc": [6, 7, 3], "rotate": [-2.2672441331539233, 1.9461615623226942, -2.6709850746242183], "SNR": 500000, "name": "4d4r"}