{"loc": [7, -7, -7], "rotate": [-2.2011777747567303, 0.9324970319584107, -2.001871803732922], "SNR": 500000, "name": "4d4r"}