{"loc": [4, 3, 0], "rotate": [-2.2871549888030063, 0.7349428693985709, -1.900439545118323], "SNR": 500000, "name": "4d4r"}