{"loc": [0, 7, -6], "rotate": [-2.92475811251369, 0.6335578427258308, -1.39628961277994], "SNR": 500000, "name": "4d4r"}