{"loc": [6, -4, -3], "rotate": [-2.8907281687423265, 0.8275277338543191, -1.2569370039415861], "SNR": 500000, "name": "4d4r"}