{"loc": [-1, -7, -1], "rotate": [-2.169489718824292, 1.4782547602163616, -2.4491877278053367], "SNR": 500000, "name": "4d4r"}