{"loc": [5, 2, 5], "rotate": [2.157420405923404, 1.6654024785830939, 0.6807864838843117], "SNR": 500000, "name": "4d4r"}