{"loc": [3, -7, -2], "rotate": [-2.826595335598821, 2.599609280927151, 2.9174937410519677], "SNR": 500000, "name": "4d4r"}