{"loc": [4, 3, -7], "rotate": [2.0501332882685395, 1.0123116055120547, 0.5335233192419605], "SNR": 500000, "name": "4d4r"}