{"loc": [3, 6, 1], "rotate": [-2.818684990501262, 0.5642207609338736, -1.3412664348397227], "SNR": 500000, "name": "4d4r"}