{"loc": [-5, 3, 7], "rotate": [-2.4577525141265975, 1.0015430929072398, -1.5394052342198001], "SNR": 500000, "name": "4d4r"}