{"loc": [-3, 6, 6], "rotate": [-2.338634520251799, 0.7934711475687753, -1.788318493042651], "SNR": 500000, "name": "4d4r"}