{"loc": [2, 2, 0], "rotate": [-2.742925197021208, 2.624857753954088, 2.565494066914892], "SNR": 500000, "name": "4d4r"}