{"loc": [-3, 6, -2], "rotate": [-1.9186336665762123, 1.4177103635311687, -2.196198595801927], "SNR": 500000, "name": "4d4r"}