{"loc": [3, 3, 7], "rotate": [2.4693352042786705, 1.1631519622885051, 0.4100415035169174], "SNR": 500000, "name": "4d4r"}