{"loc": [-7, 3, -2], "rotate": [2.2327089563144216, 1.3532525096206336, 1.1483013807362585], "SNR": 500000, "name": "4d4r"}