{"loc": [0, -5, -3], "rotate": [2.189760987845003, 1.9916108682705609, 0.7008803804635536], "SNR": 500000, "name": "4d4r"}