{"loc": [-3, -6, 6], "rotate": [2.545833862415269, 1.0337257301166873, -0.053721069222839625], "SNR": 500000, "name": "4d4r"}