{"loc": [-5, 1, 0], "rotate": [2.044356925365083, 1.5321783494173697, 0.18702116471114275], "SNR": 500000, "name": "4d4r"}