{"loc": [-6, 0, 5], "rotate": [-2.2229799642835837, 1.089591643060997, -1.761959682357703], "SNR": 500000, "name": "4d4r"}