{"loc": [3, -4, 2], "rotate": [2.3409554832360113, 1.7455616587155285, 1.3581906222665139], "SNR": 500000, "name": "4d4r"}