{"loc": [-7, -7, 0], "rotate": [-2.47314345546227, 0.7587330544658808, -1.7171353262907691], "SNR": 500000, "name": "4d4r"}