{"loc": [2, 1, -1], "rotate": [-2.35080656432551, 1.3256615976063837, -2.2734355208598678], "SNR": 500000, "name": "4d4r"}