{"loc": [6, 5, 1], "rotate": [2.155410979901853, 1.656263716784523, 1.3817591484910694], "SNR": 500000, "name": "4d4r"}