{"loc": [-4, 6, -3], "rotate": [-2.4660052205692207, 0.8329919765784565, -1.5916617397164121], "SNR": 500000, "name": "4d4r"}