{"loc": [2, -4, 0], "rotate": [1.9258030126481993, 0.5594012955440515, 0.7493652595384892], "SNR": 500000, "name": "4d4r"}