{"loc": [-6, -2, 6], "rotate": [2.3173614261841604, 2.1741032795077007, 1.5349924808697317], "SNR": 500000, "name": "4d4r"}