{"loc": [-3, 7, 0], "rotate": [2.6947839218531637, 0.6617117422511062, -0.2432142848833286], "SNR": 500000, "name": "4d4r"}