{"loc": [6, 6, 7], "rotate": [-0.04790355442240301, 0.8225094109833109, -1.3459007637150637], "SNR": 500000, "name": "4d4r"}