{"loc": [-2, -6, -4], "rotate": [-2.3433867377222906, 0.6651282351842457, -1.483397873242901], "SNR": 500000, "name": "4d4r"}