{"loc": [2, -3, -5], "rotate": [-2.8596100777639686, 0.5009176679331837, -0.9767627694335349], "SNR": 500000, "name": "4d4r"}