{"loc": [-1, -4, -4], "rotate": [1.7512519459693858, 1.9065270340850868, 0.5401661197086151], "SNR": 500000, "name": "4d4r"}