{"loc": [-4, -7, -4], "rotate": [-3.006936959933658, 0.6592437355376525, -1.1372250612012929], "SNR": 500000, "name": "4d4r"}