{"loc": [-7, 6, -2], "rotate": [2.3792319769068775, 0.43466258183358264, 0.3539718587458992], "SNR": 500000, "name": "4d4r"}