{"loc": [-1, 0, 7], "rotate": [-3.006385622814867, 0.592465075032325, -0.7919381469031987], "SNR": 500000, "name": "4d4r"}