{"loc": [7, -5, 2], "rotate": [2.076245196186698, 1.3341541567898894, 0.41184996818487823], "SNR": 500000, "name": "4d4r"}