{"loc": [-6, 1, 6], "rotate": [2.5373759143983303, 1.7364093271845773, 1.0556288615564386], "SNR": 500000, "name": "4d4r"}