{"loc": [2, 2, -7], "rotate": [2.7627693439086425, 0.9461858695776749, 0.14126196385194364], "SNR": 500000, "name": "4d4r"}