{"loc": [4, -7, 0], "rotate": [2.81043004509235, 0.48749743305903304, -0.2738454695608292], "SNR": 500000, "name": "4d4r"}