{"loc": [-4, 6, 0], "rotate": [2.94676695808355, 0.8464707455698895, -0.9391760942252074], "SNR": 500000, "name": "4d4r"}