{"loc": [4, -3, -1], "rotate": [2.1021838722589434, 1.3404302343862673, 0.46183963901079367], "SNR": 500000, "name": "4d4r"}