{"loc": [-5, -6, -1], "rotate": [2.2800562105350206, 0.5319600555034797, 0.14913150320399574], "SNR": 500000, "name": "4d4r"}