{"loc": [-2, 2, -7], "rotate": [2.388424852049551, 1.9682227119130427, 0.939595783431341], "SNR": 500000, "name": "4d4r"}