{"loc": [4, 7, 0], "rotate": [-2.28661856882315, 1.365682258331388, -1.900515501189325], "SNR": 500000, "name": "4d4r"}