{"loc": [-7, 4, -6], "rotate": [2.3895937722396137, 1.2391635387072728, 0.23409594774672085], "SNR": 500000, "name": "4d4r"}