{"loc": [-7, 7, -4], "rotate": [2.68119062270923, 2.1296894302460116, 1.1835952193870019], "SNR": 500000, "name": "4d4r"}