{"loc": [-5, 5, -2], "rotate": [2.131652022006413, 1.1468641542132492, 0.3573454181918934], "SNR": 500000, "name": "4d4r"}