{"loc": [0, -1, 6], "rotate": [2.194184109248608, 2.381711733719007, 0.9180853490060186], "SNR": 500000, "name": "4d4r"}