{"loc": [-7, -2, -1], "rotate": [-2.6385437445391067, 0.6508712573199571, -1.3411325389034654], "SNR": 500000, "name": "4d4r"}