{"loc": [1, -4, -5], "rotate": [2.4601425628848252, 1.5110391661643627, 0.9764345076015152], "SNR": 500000, "name": "4d4r"}