{"loc": [-1, 5, 1], "rotate": [-3.0224861122960434, 0.746463779202206, -0.8543055680002466], "SNR": 500000, "name": "4d4r"}