{"loc": [-4, -2, -5], "rotate": [2.8727573921494756, 0.5503108028872817, -0.6765581910957227], "SNR": 500000, "name": "4d4r"}