{"loc": [0, -1, 0], "rotate": [2.7203063090166903, 0.7236154133260395, -0.08273643877183412], "SNR": 500000, "name": "4d4r"}