{"loc": [0, 7, -6], "rotate": [2.6560357640242787, 1.2237357008012997, 0.1084315502648371], "SNR": 500000, "name": "4d4r"}