{"loc": [-7, 1, 4], "rotate": [2.2623411341489117, 1.0344531375043462, 0.009423793698865009], "SNR": 500000, "name": "4d4r"}