{"loc": [7, -5, 2], "rotate": [-2.4447472737416347, 0.8959098163171856, -1.7172560737561158], "SNR": 500000, "name": "4d4r"}