{"loc": [2, 2, -2], "rotate": [-2.567874803674387, 1.5215186287724605, -2.2055747045246186], "SNR": 500000, "name": "4d4r"}