{"loc": [-7, 4, 4], "rotate": [-2.273835457111175, 2.0364595135542816, -2.95952104059198], "SNR": 500000, "name": "4d4r"}