{"loc": [-7, 1, -1], "rotate": [2.037053220780153, 0.446813998042117, 0.2049255893414898], "SNR": 500000, "name": "4d4r"}