{"loc": [0, 3, 1], "rotate": [2.190264225732959, 1.908484575136328, 1.0160002987474743], "SNR": 500000, "name": "4d4r"}