{"loc": [2, 0, 0], "rotate": [2.144136461377473, 1.0642729103590003, 0.6976223437870475], "SNR": 500000, "name": "4d4r"}