{"loc": [0, -7, -6], "rotate": [2.486438637525868, 0.5435775888457076, -0.23862396755987333], "SNR": 500000, "name": "4d4r"}