{"loc": [1, -6, 7], "rotate": [2.790194512491759, 1.5204209102082709, 0.38770619155182245], "SNR": 500000, "name": "4d4r"}