{"loc": [6, 1, 1], "rotate": [-2.2110024900297596, 1.3198857896107157, -2.219613585056267], "SNR": 500000, "name": "4d4r"}