{"loc": [6, -6, -2], "rotate": [-1.7813208164857646, 2.0836042019454317, -2.4379311625932734], "SNR": 500000, "name": "4d4r"}