{"loc": [0, 0, -5], "rotate": [2.488835721641641, 1.6776685200893606, 0.8965296400712314], "SNR": 500000, "name": "4d4r"}