{"loc": [-5, -4, -1], "rotate": [2.4109971027214767, 1.6189514484987748, 0.937348567027947], "SNR": 500000, "name": "4d4r"}