{"loc": [-5, -5, -4], "rotate": [2.1073927718732333, 0.843754147308129, 0.04153107408569835], "SNR": 500000, "name": "4d4r"}