{"loc": [-4, 0, 5], "rotate": [2.336955846846356, 1.9754197159039746, 0.9118021116463851], "SNR": 500000, "name": "4d4r"}