{"loc": [-1, 3, -4], "rotate": [-2.904448957711851, 0.675847032164314, -1.3209895709738966], "SNR": 500000, "name": "4d4r"}