{"loc": [-6, 0, 5], "rotate": [-2.9083335035145983, 0.807916440507744, -0.8655595086403539], "SNR": 500000, "name": "4d4r"}