{"loc": [4, 0, -6], "rotate": [-2.945183841277354, 0.5978764607328614, -0.9668528305533733], "SNR": 500000, "name": "4d4r"}