{"loc": [0, 2, 4], "rotate": [-2.5286273512427653, 1.3205322070941725, -1.7979914725867325], "SNR": 500000, "name": "4d4r"}