{"loc": [-4, 0, -3], "rotate": [2.7598079958753914, 2.5224316218583622, 1.7702095634309496], "SNR": 500000, "name": "4d4r"}