{"loc": [-1, 3, -1], "rotate": [1.8811336483863983, 1.0736452821654918, 0.7952492392474356], "SNR": 500000, "name": "4d4r"}