{"loc": [3, 0, -4], "rotate": [-2.36136664450107, 2.3379046172198605, -2.8863932711008853], "SNR": 500000, "name": "4d4r"}