{"loc": [1, -5, 4], "rotate": [2.6985695278101804, 1.0549801625470634, -0.3411013060401273], "SNR": 500000, "name": "4d4r"}