{"loc": [-6, 6, 0], "rotate": [-2.5927965126879426, 2.041857580836612, 2.817412500996611], "SNR": 500000, "name": "4d4r"}