{"loc": [-6, -7, -7], "rotate": [-2.6697908372750865, 1.014789657158989, -1.7522593532195918], "SNR": 500000, "name": "4d4r"}