{"loc": [6, 4, -4], "rotate": [2.745244366378255, 0.6913349795722237, -0.3594413432469486], "SNR": 500000, "name": "4d4r"}