{"loc": [-2, -3, 2], "rotate": [2.8829117832453104, 1.3178922174669168, -0.4819622377259027], "SNR": 500000, "name": "4d4r"}