{"loc": [4, 4, 2], "rotate": [2.3337581942272196, 0.8844873674430327, 0.4638661689151241], "SNR": 500000, "name": "4d4r"}