{"loc": [-6, -7, 7], "rotate": [2.1526395386751602, 1.207574768138025, 0.5608505847708569], "SNR": 500000, "name": "4d4r"}