{"loc": [4, -3, 4], "rotate": [2.470820296838487, 2.1881132593497976, 0.9492515005321495], "SNR": 500000, "name": "4d4r"}