{"loc": [0, -1, -5], "rotate": [-2.524731929341372, 0.4492556694857373, -1.7110403298311905], "SNR": 500000, "name": "4d4r"}