{"loc": [6, 0, 7], "rotate": [1.872104109401308, 1.170405329153861, 0.8161817298233078], "SNR": 500000, "name": "4d4r"}