{"loc": [0, -4, -6], "rotate": [1.9760579948566774, 1.0912936442015488, 0.32818017789416765], "SNR": 500000, "name": "4d4r"}