{"loc": [5, 7, 0], "rotate": [-2.3611388272538543, 0.6238645019586271, -2.188838319748307], "SNR": 500000, "name": "4d4r"}