{"loc": [-3, 6, 7], "rotate": [-2.5218815183135326, 1.5809941876569726, -2.524749070453642], "SNR": 500000, "name": "4d4r"}