{"loc": [2, -7, -2], "rotate": [-2.461765839424599, 1.0932836450906145, -2.131080880744124], "SNR": 500000, "name": "4d4r"}