{"loc": [-1, -5, -3], "rotate": [-2.2330316236630585, 1.4001973592234411, -1.7936670636518879], "SNR": 500000, "name": "4d4r"}