{"loc": [-5, 1, -4], "rotate": [-2.912623196683309, 0.8262159887035104, -1.0870885552396454], "SNR": 500000, "name": "4d4r"}