{"loc": [-2, -4, 1], "rotate": [-2.3293482327860806, 1.5936821730792372, -2.426511830353511], "SNR": 500000, "name": "4d4r"}