{"loc": [-3, -4, 0], "rotate": [2.1123322209606425, 1.3635713802400868, 0.7015527077927688], "SNR": 500000, "name": "4d4r"}