{"loc": [-2, 3, -1], "rotate": [2.217934809479184, 1.5400733121223211, 0.5912370796453287], "SNR": 500000, "name": "4d4r"}