{"loc": [4, -7, -4], "rotate": [2.432450088461605, 0.6774400094427119, -0.10253443788684959], "SNR": 500000, "name": "4d4r"}