{"loc": [6, 2, -5], "rotate": [2.0949880837586567, 1.526608092033482, 0.020269092469076818], "SNR": 500000, "name": "4d4r"}