{"loc": [-1, 4, -5], "rotate": [-2.611730612174085, 0.7418485690820261, -1.393984710244605], "SNR": 500000, "name": "4d4r"}