{"loc": [2, 4, 1], "rotate": [2.55963788902304, 0.6625973903959654, 0.13168061773003625], "SNR": 500000, "name": "4d4r"}