{"loc": [0, -1, 0], "rotate": [-2.2460062486963355, 1.276529295266537, -2.0260551617479283], "SNR": 500000, "name": "4d4r"}