{"loc": [2, 2, -2], "rotate": [3.0088800463927083, 0.6032521228850122, -0.2141704049480656], "SNR": 500000, "name": "4d4r"}