{"loc": [2, 5, 0], "rotate": [2.7025269878926736, 1.2461284527318557, -0.2739385585183148], "SNR": 0.03, "name": "2byu"}