{"loc": [-1, 5, -1], "rotate": [2.9961751837874204, 0.8211758783535028, -0.4245022931404376], "SNR": 0.03, "name": "2byu"}