{"loc": [-4, 6, -6], "rotate": [-2.2365276758518, 0.9771231989694257, -1.9107951210666463], "SNR": 0.03, "name": "2byu"}