{"loc": [5, 0, 2], "rotate": [-2.1296309834821447, 1.5616329218808966, -1.8540075221209802], "SNR": 0.03, "name": "2byu"}