{"loc": [-1, -5, 0], "rotate": [1.8099405787884937, 1.8181727661474845, 0.7456557132019631], "SNR": 0.03, "name": "2byu"}