{"loc": [0, -6, 2], "rotate": [-2.685708336404178, 1.2113723441717397, -1.8370676373979113], "SNR": 0.03, "name": "2byu"}