{"loc": [4, 2, 4], "rotate": [-2.80054096972914, 0.5861015621575837, -1.0999843908380953], "SNR": 0.03, "name": "2byu"}