{"loc": [1, 2, -2], "rotate": [-2.140763824854821, 1.7975322233516466, -2.509568707741624], "SNR": 0.03, "name": "2byu"}