{"loc": [0, -1, -6], "rotate": [2.432472608658204, 0.9546382386879786, 0.44459450421137603], "SNR": 0.03, "name": "2byu"}