{"loc": [-2, 0, 0], "rotate": [-2.4409284203199872, 0.9840171446951383, -1.6807705941295144], "SNR": 0.03, "name": "2byu"}