{"loc": [-3, 5, 0], "rotate": [2.6073554735588123, 0.6593801158673518, -0.07081485519197188], "SNR": 0.03, "name": "2byu"}