{"loc": [-4, 2, -2], "rotate": [-2.028301769155007, 0.9156594406393616, -2.0543394564574062], "SNR": 0.03, "name": "2byu"}