{"loc": [-4, -3, 7], "rotate": [2.3900458506027116, 1.7167187377718551, 0.9748143168781309], "SNR": 0.03, "name": "2byu"}