{"loc": [-1, 2, -2], "rotate": [2.655176081058665, 0.7778378293769801, -0.390097165807018], "SNR": 0.03, "name": "2byu"}