{"loc": [-7, 2, 3], "rotate": [2.290326797057545, 0.9427615327086648, 0.6871079647186823], "SNR": 0.03, "name": "2byu"}