{"loc": [0, -3, 3], "rotate": [-2.1072409583696086, 0.9111137236834855, -2.3718167530213976], "SNR": 0.03, "name": "2byu"}