{"loc": [6, 0, -6], "rotate": [2.3141653781238882, 1.215256077932145, 0.1850101220845002], "SNR": 0.03, "name": "2byu"}