{"loc": [2, 3, 1], "rotate": [2.342729309320164, 1.3604334909837974, 0.1418760979590581], "SNR": 0.03, "name": "2byu"}