{"loc": [-1, 0, 1], "rotate": [-1.9594736641265813, 1.4825454809206429, -2.0250505622096426], "SNR": 0.03, "name": "2byu"}