{"loc": [-2, 0, 5], "rotate": [-2.252404988428421, 1.8493374077771878, -2.6960441956735], "SNR": 0.03, "name": "2byu"}