{"loc": [3, 0, -4], "rotate": [-2.4550116915270515, 0.9215591215742064, -1.8238822598179898], "SNR": 0.03, "name": "2byu"}