{"loc": [-4, 5, -2], "rotate": [2.4873280861009235, 0.6048119647523936, 0.057502353290672596], "SNR": 0.03, "name": "2byu"}