{"loc": [-3, 4, -4], "rotate": [1.7538258973605014, 2.3426034634963977, 0.9939232552759375], "SNR": 0.03, "name": "2byu"}