{"loc": [3, -5, 1], "rotate": [1.7625703606826675, 1.4253461348398695, 0.7035057593968159], "SNR": 0.03, "name": "2byu"}