{"loc": [0, -1, 5], "rotate": [-1.7395543347482196, 2.189187213385277, -2.4660372387159617], "SNR": 0.03, "name": "2byu"}