{"loc": [-5, -4, -3], "rotate": [-3.115934894750664, 0.7246757687957032, -0.7858149294709712], "SNR": 0.03, "name": "2byu"}