{"loc": [-7, -4, 0], "rotate": [-2.5595531529063575, 0.9969352144563896, -1.6783765384079816], "SNR": 0.03, "name": "2byu"}