{"loc": [2, -6, 0], "rotate": [2.1558751396164615, 2.0027236293637847, 0.7067549220600388], "SNR": 0.03, "name": "2byu"}