{"loc": [7, 5, 0], "rotate": [2.9768573519566934, 0.5449276489763043, -0.5970138469778017], "SNR": 0.03, "name": "2byu"}