{"loc": [-1, -5, 2], "rotate": [2.2700316126011395, 1.5478714435892955, 0.1542449532868147], "SNR": 0.03, "name": "2byu"}