{"loc": [2, 4, -3], "rotate": [2.0008327421443663, 0.975309762554221, 0.6059645865558281], "SNR": 0.03, "name": "2byu"}