{"loc": [1, -4, -5], "rotate": [2.691723468199964, 1.7771375142097001, 0.8025569508198495], "SNR": 0.03, "name": "2byu"}