{"loc": [-1, 5, 0], "rotate": [-2.5100611933857455, 1.0292747371539408, -1.5412467631502111], "SNR": 0.03, "name": "2byu"}