{"loc": [0, 3, 4], "rotate": [-3.131751339022888, 0.9954630205267452, -0.971354477462938], "SNR": 0.03, "name": "2byu"}