{"loc": [-4, -2, 4], "rotate": [-2.3632292708442635, 1.2063657171170743, -2.011336914313244], "SNR": 0.03, "name": "2byu"}