{"loc": [0, 3, -5], "rotate": [2.4578317800269565, 0.4854191701564957, -0.05791790556607973], "SNR": 0.03, "name": "2byu"}