{"loc": [5, 0, -5], "rotate": [0.9662425111043236, 1.4415366215777146, -2.0775122559323522], "SNR": 0.03, "name": "2byu"}