{"loc": [1, 7, 3], "rotate": [2.220555658065582, 1.2057668837213897, 0.4504077622623483], "SNR": 0.03, "name": "2byu"}