{"loc": [-3, 4, 2], "rotate": [2.172174285323778, 1.7637536316651767, 1.189161503113161], "SNR": 0.03, "name": "2byu"}