{"loc": [0, -3, -1], "rotate": [2.4674335973717136, 2.1940443043028774, 1.3618107171150804], "SNR": 0.03, "name": "2byu"}