{"loc": [-1, -7, -2], "rotate": [-2.518516657877815, 0.8976384486783692, -1.6666380812235064], "SNR": 0.03, "name": "2byu"}