{"loc": [-5, -1, -5], "rotate": [2.6058106244642256, 0.784704523994561, 0.2858039890457707], "SNR": 0.03, "name": "2byu"}