{"loc": [-1, 3, 1], "rotate": [-2.2643421629918916, 1.7652844725407948, -2.2529320614621065], "SNR": 0.03, "name": "2byu"}