{"loc": [-2, -5, 3], "rotate": [3.095727420615281, 0.2421224765847043, -0.622340179024505], "SNR": 0.03, "name": "2byu"}