{"loc": [-4, -6, 3], "rotate": [1.7628228199088234, 1.7721285453774396, 0.8170704629950533], "SNR": 0.03, "name": "2byu"}