{"loc": [-6, 2, -7], "rotate": [2.4670875900841636, 1.5642872746307208, 0.320899824051022], "SNR": 0.03, "name": "2byu"}