{"loc": [-5, 6, 6], "rotate": [2.4390126598246322, 0.3117918771113501, -0.10809406711906482], "SNR": 0.03, "name": "2byu"}