{"loc": [-2, -5, -3], "rotate": [-2.4211455858399016, 0.8672193168204745, -2.020440718695938], "SNR": 0.03, "name": "2byu"}