{"loc": [-7, -6, 7], "rotate": [-2.456217734403778, 0.7305299474492002, -1.7674595983523318], "SNR": 0.03, "name": "2byu"}