{"loc": [6, 5, -4], "rotate": [-2.374570554394423, 0.8885397019110701, -1.7947565422200467], "SNR": 0.03, "name": "2byu"}