{"loc": [6, 5, 5], "rotate": [1.8754931809693827, 0.9420259825092693, 0.1409588943408566], "SNR": 0.03, "name": "2byu"}