{"loc": [0, 6, 2], "rotate": [-2.2861067514975204, 1.2059727599527679, -2.200141462450625], "SNR": 0.03, "name": "2byu"}