{"loc": [-5, 2, 4], "rotate": [1.9353866604188776, 0.6636845264750705, 0.33069947602237204], "SNR": 0.03, "name": "2byu"}