{"loc": [5, -4, 4], "rotate": [-2.917963805432182, 0.9821871929024648, -1.0459854667853539], "SNR": 0.03, "name": "2byu"}