{"loc": [4, 2, 0], "rotate": [2.2705223805736474, 1.72399917383727, 1.0012164902281928], "SNR": 0.03, "name": "2byu"}