{"loc": [0, -7, 0], "rotate": [-2.583268172561859, 1.1112184588742737, -1.3644770923085237], "SNR": 0.03, "name": "2byu"}