{"loc": [-7, 3, 7], "rotate": [-2.723847435006567, 0.7022706178658954, -0.7168789776151806], "SNR": 0.03, "name": "2byu"}