{"loc": [-3, 6, 3], "rotate": [-3.070357971850806, 0.7166851360028575, -1.3796647071317734], "SNR": 0.03, "name": "2byu"}