{"loc": [-4, -4, 1], "rotate": [2.355200604780232, 0.9581362186116438, 0.7485258880274611], "SNR": 0.03, "name": "2byu"}