{"loc": [-4, -2, 0], "rotate": [2.2593330784448047, 1.4451397226454137, 0.9184229650589061], "SNR": 0.03, "name": "2byu"}