{"loc": [4, 7, -5], "rotate": [-2.687224554734709, 0.2891161537720416, -1.2838001700156492], "SNR": 0.03, "name": "2byu"}