{"loc": [5, 6, 5], "rotate": [-1.8170240434701985, 1.7650294259833748, -2.1622421681837727], "SNR": 0.03, "name": "2byu"}