{"loc": [-2, 3, 0], "rotate": [2.864837060646463, 0.7509370433955412, -0.7352939232365887], "SNR": 0.03, "name": "2byu"}