{"loc": [-1, -1, -5], "rotate": [-2.2095875208145115, 0.9797195692746332, -1.5518572313336698], "SNR": 0.03, "name": "2byu"}