{"loc": [-2, -6, 7], "rotate": [1.992477263436906, 0.37208557921288155, 0.3376066615969833], "SNR": 0.03, "name": "2byu"}