{"loc": [-7, -3, -1], "rotate": [-2.5233995814619536, 0.8614703078289806, -1.487472889815285], "SNR": 0.03, "name": "2byu"}