{"loc": [2, -6, 5], "rotate": [-2.9586133225357534, 0.7016985046003336, -0.870523085738987], "SNR": 0.03, "name": "2byu"}