{"loc": [-1, 7, -4], "rotate": [-2.099421119706787, 0.9778423798802862, -1.8861235397698417], "SNR": 0.03, "name": "2byu"}