{"loc": [-4, 6, 1], "rotate": [2.375324653198031, 1.3946019821814046, 1.2060594119200965], "SNR": 0.03, "name": "2byu"}