{"loc": [-3, -4, 7], "rotate": [2.1372620508771543, 0.49808598749382804, 0.18108449570749224], "SNR": 0.03, "name": "2byu"}