{"loc": [6, -3, -5], "rotate": [2.159966620442271, 1.4008483415143813, 0.6753093704414016], "SNR": 0.03, "name": "2byu"}