{"loc": [2, 4, -5], "rotate": [2.0954434931020525, 1.122996912516324, 0.38422925161184346], "SNR": 0.03, "name": "2byu"}