{"loc": [0, 4, -5], "rotate": [3.1045242279413814, 0.8183399578723494, -1.1651328192183186], "SNR": 0.03, "name": "2byu"}