{"loc": [0, -6, 0], "rotate": [-2.8395939700905197, 0.4424102248632022, -1.3644594012055389], "SNR": 0.03, "name": "2byu"}