{"loc": [4, -5, 6], "rotate": [2.0699485053752498, 1.5604900304496967, 0.6962540680337419], "SNR": 0.03, "name": "2byu"}