{"loc": [2, -7, 0], "rotate": [-2.4778697192331482, 0.7763477809867757, -1.3602055906886386], "SNR": 0.03, "name": "2byu"}