{"loc": [-6, -3, -7], "rotate": [1.988537617820085, 1.51326704695669, 0.9239158460918397], "SNR": 0.03, "name": "2byu"}