{"loc": [1, -1, 0], "rotate": [-2.2594808980691607, 0.9327007280260842, -1.869602341489863], "SNR": 0.03, "name": "2byu"}