{"loc": [-4, 1, -4], "rotate": [-2.1270796885051517, 2.233196099917981, -2.5195650517584642], "SNR": 0.03, "name": "2byu"}