{"loc": [-4, 3, -3], "rotate": [2.443146176209922, 0.768774782532121, 0.272638780008686], "SNR": 0.03, "name": "2byu"}