{"loc": [1, -3, 4], "rotate": [-2.39803567106346, 1.1258016145045133, -1.6734082269813007], "SNR": 0.03, "name": "2byu"}