{"loc": [-6, -6, 0], "rotate": [-2.2754206712038845, 0.6060633676897288, -1.954819192418822], "SNR": 0.03, "name": "2byu"}