{"loc": [2, 7, -4], "rotate": [2.189470960582789, 0.7565178575832845, 0.48402226248922037], "SNR": 0.03, "name": "2byu"}