{"loc": [5, 1, 6], "rotate": [2.4404388803878554, 0.8665916874496832, 0.7020939121644695], "SNR": 0.03, "name": "2byu"}