{"loc": [-1, 2, 6], "rotate": [2.5375849795815544, 0.9377264976188115, 0.36693196920153864], "SNR": 0.03, "name": "2byu"}