{"loc": [-7, 4, -7], "rotate": [2.472696655760964, 0.5047323380323717, 0.39338697377775156], "SNR": 0.03, "name": "2byu"}