{"loc": [7, -1, 4], "rotate": [-3.1343367849682093, 2.567642128889765, 2.281407026906176], "SNR": 0.03, "name": "2byu"}