{"loc": [0, 5, 0], "rotate": [2.47924720989277, 1.078703099001718, 0.3586179245990918], "SNR": 0.03, "name": "2byu"}