{"loc": [7, -4, -6], "rotate": [2.541159757577716, 0.4391867191731329, -0.201407845145752], "SNR": 0.03, "name": "2byu"}