{"loc": [-7, 7, -6], "rotate": [2.8037603794202854, 1.6548341037573864, 1.3743950987590885], "SNR": 0.03, "name": "2byu"}