{"loc": [-4, 5, -7], "rotate": [0.11270482089197423, 2.3923373797238874, 2.3086164961022377], "SNR": 0.03, "name": "2byu"}