{"loc": [-6, 4, -5], "rotate": [-2.8514501303504565, 0.9536515098064026, -1.1176061039730143], "SNR": 0.03, "name": "2byu"}