{"loc": [-4, -1, -2], "rotate": [2.5265454771655853, 1.3126292524240757, -0.13276982166829027], "SNR": 0.03, "name": "2byu"}