{"loc": [-5, -5, 0], "rotate": [-2.1374705749299827, 0.9502335900614007, -1.6539118484202018], "SNR": 0.03, "name": "2byu"}