{"loc": [6, -5, -1], "rotate": [2.2874737987396383, 1.290971985073457, 1.0610541170343106], "SNR": 0.03, "name": "2byu"}