{"loc": [2, 4, 4], "rotate": [-2.5329064224746567, 0.9251248450543766, -1.4452509673045149], "SNR": 0.03, "name": "2byu"}