{"loc": [2, 5, 3], "rotate": [2.258005558163446, 1.1622803600881106, 0.6240237381335344], "SNR": 0.03, "name": "2byu"}