{"loc": [-1, 7, 5], "rotate": [2.143173142760859, 1.5713752221187796, 0.6824925149899308], "SNR": 0.03, "name": "2byu"}