{"loc": [-4, -1, -4], "rotate": [-2.3581257944778087, 1.108243239523718, -1.421559774894865], "SNR": 0.03, "name": "2byu"}