{"loc": [7, 3, 0], "rotate": [2.498109557776392, 2.2042868947460925, 1.4926272475800875], "SNR": 0.03, "name": "2byu"}