{"loc": [-6, 4, 0], "rotate": [-2.0424442530551463, 1.4983238053816004, -2.462824081079801], "SNR": 0.03, "name": "2byu"}