{"loc": [-2, -7, 6], "rotate": [1.9425910401900446, 0.9451552779673199, 0.5561584415822355], "SNR": 0.03, "name": "2byu"}