{"loc": [6, 6, -1], "rotate": [-1.9711411398093197, 0.7299461033181328, -1.5942601886236645], "SNR": 0.03, "name": "2byu"}