{"loc": [-3, 5, -7], "rotate": [2.160708875918921, 2.3125534169330346, 0.874708722251832], "SNR": 0.03, "name": "2byu"}