{"loc": [6, -7, 0], "rotate": [-2.419588831678144, 1.1386420108536164, -1.5221182978179397], "SNR": 0.03, "name": "2byu"}