{"loc": [5, -6, -2], "rotate": [-2.445288128855443, 0.6498233123846964, -1.147359635394706], "SNR": 0.03, "name": "2byu"}