{"loc": [2, 0, -2], "rotate": [-2.430275476356528, 0.9431146595418819, -1.5756955665085193], "SNR": 0.03, "name": "2byu"}