{"loc": [-5, 4, -2], "rotate": [-2.310920416929026, 1.086453543106236, -1.8089264370509541], "SNR": 0.03, "name": "2byu"}