{"loc": [-1, 7, 2], "rotate": [2.654585682531499, 2.688387985482336, 1.779221336504685], "SNR": 0.03, "name": "2byu"}