{"loc": [1, -7, 2], "rotate": [-2.1874758133678385, 0.8342158617665202, -1.7942048330381297], "SNR": 0.03, "name": "2byu"}