{"loc": [6, 3, -1], "rotate": [3.0880638525520676, 0.7505363056111221, -0.7906714822778136], "SNR": 0.03, "name": "2byu"}