{"loc": [4, 2, -2], "rotate": [2.727024174050144, 1.6644349032443553, 0.4388679857472347], "SNR": 0.03, "name": "2byu"}