{"loc": [0, 4, -4], "rotate": [-2.1633242726374013, 1.1084405856785053, -1.9281290809658205], "SNR": 0.03, "name": "2byu"}