{"loc": [-2, 6, 3], "rotate": [2.407037691880135, 2.6862755692339273, 1.4771787835969474], "SNR": 0.03, "name": "2byu"}