{"loc": [0, 0, 0], "rotate": [2.410746975645782, 1.4006659999040494, 0.29647852757619936], "SNR": 0.03, "name": "2byu"}