{"loc": [-3, 2, -1], "rotate": [2.932234131043599, 0.6390905175537724, -0.6270906857754007], "SNR": 0.03, "name": "2byu"}