{"loc": [3, 6, 4], "rotate": [1.8437506650133664, 1.5283599995051942, 1.110338970917011], "SNR": 0.03, "name": "2byu"}