{"loc": [-3, 0, -6], "rotate": [2.3318307718451052, 1.5409226238604936, 1.0360739776472545], "SNR": 0.03, "name": "2byu"}