{"loc": [-5, 7, 0], "rotate": [-2.2186696917533455, 2.069875346963077, -2.791984148889878], "SNR": 0.03, "name": "2byu"}