{"loc": [-6, 4, 4], "rotate": [-2.38741905231258, 0.9423583278374069, -1.7182578506041464], "SNR": 0.03, "name": "2byu"}