{"loc": [4, -6, 1], "rotate": [-2.0195372942702017, 1.017362786026181, -1.9290835321231723], "SNR": 0.03, "name": "2byu"}