{"loc": [7, 0, 5], "rotate": [2.7577447472376377, 0.5618513327259999, -0.5424709374189649], "SNR": 0.03, "name": "2byu"}