{"loc": [-6, 0, 0], "rotate": [2.4411062776981534, 0.9350969402400138, 0.3905299885348689], "SNR": 0.03, "name": "2byu"}