{"loc": [5, 4, -4], "rotate": [-2.6931679215208537, 1.0714911185981681, -1.472879209122682], "SNR": 0.03, "name": "2byu"}