{"loc": [1, 0, -3], "rotate": [2.268370470843252, 1.8160532802985059, 0.543053405102163], "SNR": 0.03, "name": "2byu"}