{"loc": [2, -4, 0], "rotate": [-2.4713401596713056, 0.9459199818100534, -1.9475010555803371], "SNR": 0.03, "name": "2byu"}