{"loc": [3, 3, -6], "rotate": [2.3540236465601114, 1.9822905368335895, 1.2970688435175328], "SNR": 0.03, "name": "2byu"}