{"loc": [-1, -4, -1], "rotate": [2.191045747973824, 0.9166329790938325, 0.4675632271690322], "SNR": 0.03, "name": "2byu"}