{"loc": [-1, 1, -6], "rotate": [-2.176005119693594, 1.5604670521878614, -2.6126107349199503], "SNR": 0.03, "name": "2byu"}