{"loc": [-3, -4, -2], "rotate": [2.5244287559924756, 0.9385138294612406, 0.2793002338779766], "SNR": 0.03, "name": "2byu"}