{"loc": [1, 7, -7], "rotate": [2.45361328254925, 1.491886350061958, 0.4190527635218982], "SNR": 0.03, "name": "2byu"}