{"loc": [1, 0, -5], "rotate": [2.7361643373568345, 0.8412447220957283, -0.20897306265538113], "SNR": 0.03, "name": "2byu"}