{"loc": [-3, 3, 7], "rotate": [1.8609855577730439, 1.4110348774030927, 1.0879654471936089], "SNR": 0.03, "name": "2byu"}