{"loc": [-2, 0, 0], "rotate": [2.1417492148099515, 1.095325760735531, 0.057186058818919284], "SNR": 0.03, "name": "2byu"}