{"loc": [6, -3, -2], "rotate": [2.616301794943167, 0.8140090873488008, -0.2068878035161882], "SNR": 0.03, "name": "2byu"}