{"loc": [-7, 1, -2], "rotate": [-2.217201586202619, 0.5071401094143106, -1.7845826104400901], "SNR": 0.03, "name": "2byu"}