{"loc": [6, 7, 0], "rotate": [2.292954080064326, 0.9519813950913424, 0.13830807160003844], "SNR": 0.03, "name": "2byu"}