{"loc": [5, -7, 0], "rotate": [1.8462609763887194, 2.709370670887011, 1.2294862782739706], "SNR": 0.03, "name": "2byu"}