{"loc": [-6, 7, -7], "rotate": [2.5888569321680133, 0.7762621269937622, 0.0459874770980875], "SNR": 0.03, "name": "2byu"}