{"loc": [7, 6, -5], "rotate": [-2.302806726734018, 1.0389873151979052, -1.9534194742970181], "SNR": 0.03, "name": "2byu"}