{"loc": [0, -4, 0], "rotate": [2.4991346526674407, 1.7938788828223255, 0.9245901323090202], "SNR": 0.03, "name": "2byu"}