{"loc": [-2, 7, 0], "rotate": [-2.470699338902424, 1.8421721675797453, 3.069353491289059], "SNR": 0.03, "name": "2byu"}