{"loc": [3, 3, 4], "rotate": [2.0400200284412837, 1.0203461381648824, -0.05738558207659284], "SNR": 0.03, "name": "2byu"}