{"loc": [0, -7, -4], "rotate": [2.513153897053606, 1.2784053178815027, 0.20978904551293462], "SNR": 0.03, "name": "2byu"}