{"loc": [-4, 3, 0], "rotate": [1.929476517967232, 1.3284753627503525, 0.79560983720985], "SNR": 0.03, "name": "2byu"}