{"loc": [5, -7, -7], "rotate": [-2.390066747532465, 0.43630755538510185, -1.6628770785388625], "SNR": 0.03, "name": "2byu"}