{"loc": [-7, 4, 4], "rotate": [0.7807365238000299, 0.9221429958784212, -1.6762234515945216], "SNR": 0.03, "name": "2byu"}