{"loc": [-7, 6, -1], "rotate": [-2.3878144199763955, 1.078549520458907, -1.980388675654418], "SNR": 0.03, "name": "2byu"}