{"loc": [0, 2, 4], "rotate": [-2.7302904212809507, 0.8401824468621438, -1.081471892680338], "SNR": 0.03, "name": "2byu"}