{"loc": [0, -1, -7], "rotate": [2.286556752490642, 1.5117349074006219, 1.0485158379107227], "SNR": 0.03, "name": "2byu"}