{"loc": [-1, 0, -2], "rotate": [-2.8422482006733913, 2.040326235217069, 2.8982904485072867], "SNR": 0.03, "name": "2byu"}