{"loc": [0, -5, -3], "rotate": [2.3526532435367904, 0.6838730281228876, 0.35039001057585456], "SNR": 0.03, "name": "2byu"}