{"loc": [-6, -1, 0], "rotate": [2.915445111756475, 0.9172245238493543, -0.48712487584543235], "SNR": 0.03, "name": "2byu"}