{"loc": [-3, -1, 0], "rotate": [2.0708494225645224, 1.4055395603982812, 0.46277097696072844], "SNR": 0.03, "name": "2byu"}