{"loc": [-7, -4, 7], "rotate": [-2.053752177551289, 1.0025629983414774, -2.204049078100308], "SNR": 0.03, "name": "2byu"}