{"loc": [2, 5, -7], "rotate": [2.7767330847293614, 0.8670955480247022, -0.16143203342790755], "SNR": 0.03, "name": "2byu"}