{"loc": [-4, -4, 1], "rotate": [2.361296092037724, 1.5504840397299533, 1.1297525442813316], "SNR": 0.03, "name": "2byu"}