{"loc": [1, -7, 7], "rotate": [-2.632148028422925, 1.1421012476479375, -1.791972423871445], "SNR": 0.03, "name": "2byu"}