{"loc": [-5, -4, 0], "rotate": [2.688771555545034, 0.7076657490411769, -0.08395146014215303], "SNR": 0.03, "name": "2byu"}