{"loc": [5, 3, 3], "rotate": [-2.079067977155751, 1.5285644584576792, -2.2312714963594016], "SNR": 0.03, "name": "2byu"}