{"loc": [4, 0, 7], "rotate": [2.3384439035122067, 1.172370135373189, 0.8514902073197879], "SNR": 0.03, "name": "2byu"}