{"loc": [7, -1, -4], "rotate": [2.4702077354303547, 0.717474384924393, -0.23465537606146994], "SNR": 0.03, "name": "2byu"}