{"loc": [1, -7, 0], "rotate": [2.3051882456614594, 1.0649625718125357, 0.3301198463934655], "SNR": 0.03, "name": "2byu"}