{"loc": [1, 2, -4], "rotate": [-3.102010731288022, 0.8620063695090571, -0.7883864227159914], "SNR": 0.03, "name": "2byu"}