{"loc": [-7, -2, -3], "rotate": [2.136011778044018, 1.4277810519636143, 0.8201113536444733], "SNR": 0.03, "name": "2byu"}