{"loc": [-3, -5, 4], "rotate": [2.511855243742635, 2.627221622534033, 1.435120706038213], "SNR": 0.03, "name": "2byu"}