{"loc": [-7, 1, -1], "rotate": [2.747988146164975, 1.536289992511185, 0.3689384500964799], "SNR": 0.03, "name": "2byu"}