{"loc": [2, -2, -6], "rotate": [2.796551975977059, 1.1068622813539541, -0.23188275432192196], "SNR": 0.03, "name": "2byu"}