{"loc": [7, -1, 1], "rotate": [-2.6009346181819573, 0.8883649592634962, -1.3797167521479554], "SNR": 0.03, "name": "2byu"}