{"loc": [0, -6, 1], "rotate": [2.735718380757985, 0.6679393467032879, -0.33406731675095147], "SNR": 0.03, "name": "2byu"}