{"loc": [-1, -5, -4], "rotate": [2.704884982256113, 1.6013294277767722, 0.39703672706069565], "SNR": 0.03, "name": "2byu"}