{"loc": [-5, 0, 2], "rotate": [-2.194924371040102, 1.7336799142278643, -2.8352349636469993], "SNR": 0.03, "name": "2byu"}