{"loc": [1, -6, 0], "rotate": [-2.7418347471387494, 1.0248719641038804, -1.4846836142401145], "SNR": 0.03, "name": "2byu"}