{"loc": [3, -4, -6], "rotate": [-2.1905372708600237, 2.092878210942108, -2.21113115863466], "SNR": 0.03, "name": "2byu"}