{"loc": [1, 6, -7], "rotate": [-2.632240009059808, 0.6906245001788345, -1.128686099187179], "SNR": 0.03, "name": "2byu"}