{"loc": [3, 4, 7], "rotate": [-2.5386014762106046, 2.241173366180256, -3.063365821083979], "SNR": 0.03, "name": "2byu"}