{"loc": [-5, -5, -4], "rotate": [2.3707016504833884, 1.7367846179953759, 1.192855308909381], "SNR": 0.03, "name": "2byu"}