{"loc": [-2, -2, -4], "rotate": [-2.4003654998676183, 0.7516371393277904, -1.624556828635315], "SNR": 0.03, "name": "2byu"}