{"loc": [0, 3, -2], "rotate": [2.892270709117531, 0.5749234911937606, -0.7306841429099609], "SNR": 0.03, "name": "2byu"}