{"loc": [7, -2, -6], "rotate": [2.1388574630620054, 1.7491006147987578, 0.8440344656871023], "SNR": 0.03, "name": "2byu"}