{"loc": [-6, 0, -6], "rotate": [-3.0523415512459953, 0.9352175146235536, -0.9730544009249659], "SNR": 0.03, "name": "2byu"}