{"loc": [5, 0, 4], "rotate": [-2.199866258100796, 1.185410546635217, -2.182695873405786], "SNR": 0.03, "name": "2byu"}