{"loc": [3, -6, -7], "rotate": [1.9760958678643104, 0.6814138165518241, 0.4588416154084693], "SNR": 0.03, "name": "2byu"}