{"loc": [-2, 1, -7], "rotate": [-2.8056830023776844, 0.7117589313636382, -0.9879900072806375], "SNR": 0.03, "name": "2byu"}