{"loc": [7, -4, 5], "rotate": [2.146672914903981, 0.9946493279223518, 0.4372551381365665], "SNR": 0.03, "name": "2byu"}