{"loc": [2, 7, -3], "rotate": [-2.759132998364503, 0.6835301090327457, -1.347878469909404], "SNR": 0.03, "name": "2byu"}