{"loc": [-7, -1, 0], "rotate": [2.1395587542045127, 1.242930958625121, 0.7602691228111161], "SNR": 0.03, "name": "2byu"}