{"loc": [-6, 0, 0], "rotate": [2.2530147776345237, 1.070913351943021, 0.7895254539179767], "SNR": 0.03, "name": "2byu"}