{"loc": [7, -2, 6], "rotate": [-2.3485792072896117, 1.2024298157787592, -1.9110739322959187], "SNR": 0.03, "name": "2byu"}