{"loc": [0, 2, -7], "rotate": [2.4790752502854043, 1.0417554445278536, 0.030124907099946408], "SNR": 0.03, "name": "2byu"}