{"loc": [5, -7, 2], "rotate": [1.756101548151665, 1.3384767002914932, 1.3146124304484672], "SNR": 0.03, "name": "2byu"}