{"loc": [3, -3, 4], "rotate": [1.967042833408976, 1.18713113371894, 0.8107085511219774], "SNR": 0.03, "name": "2byu"}