{"loc": [2, -4, 4], "rotate": [-2.0549358948569116, 0.8562441556203823, -1.9863416467795443], "SNR": 0.03, "name": "2byu"}