{"loc": [1, 1, 7], "rotate": [-2.3111145297807645, 1.5037132566711262, -2.202446262209774], "SNR": 0.03, "name": "2byu"}