{"loc": [0, 1, 2], "rotate": [-2.1312205516002725, 1.4077599936796696, -2.144808084941428], "SNR": 0.03, "name": "2byu"}