{"loc": [-4, 2, 1], "rotate": [2.5377607842232988, 1.0174294231860828, -0.11800668228743617], "SNR": 0.03, "name": "2byu"}