{"loc": [0, 4, -7], "rotate": [2.3132910895006207, 1.2222685311446744, 0.549713682638423], "SNR": 0.03, "name": "2byu"}