{"loc": [1, -2, 2], "rotate": [2.581886964353345, 2.3982078560108846, 1.4538478861988537], "SNR": 0.03, "name": "2byu"}