{"loc": [-7, 6, -6], "rotate": [-2.651835424728119, 2.359078474805239, 2.8430211120884277], "SNR": 0.03, "name": "2byu"}