{"loc": [4, 0, -1], "rotate": [2.2762338084810905, 1.1088760849333295, 0.6374546779257361], "SNR": 0.03, "name": "2byu"}