{"loc": [-3, -5, -6], "rotate": [-2.2723535766687286, 0.6480355982356367, -1.8230869866330914], "SNR": 0.03, "name": "2byu"}