{"loc": [0, 7, 7], "rotate": [2.2552718980242124, 1.322000751563105, 0.5954775270463717], "SNR": 0.03, "name": "2byu"}