{"loc": [6, 0, -1], "rotate": [-2.7976722922711996, 0.6464342683715261, -1.1322037855010807], "SNR": 0.03, "name": "2byu"}