{"loc": [-3, 6, 1], "rotate": [-2.6804235137479027, 0.8996306631256731, -1.6360656015226356], "SNR": 0.03, "name": "2byu"}