{"loc": [-1, 7, 5], "rotate": [-2.0231963488657736, 1.4275651055384961, -2.355596848251992], "SNR": 0.03, "name": "2byu"}