{"loc": [5, -3, -7], "rotate": [2.463368240153032, 1.2340464117276966, 0.382784975125384], "SNR": 0.03, "name": "2byu"}