{"loc": [0, 2, 5], "rotate": [2.1460152328956505, 1.731488088875006, 1.1658848922327043], "SNR": 0.03, "name": "2byu"}