{"loc": [-2, 2, 5], "rotate": [2.740497526801308, 0.9360775559057894, 0.07634888405912026], "SNR": 0.03, "name": "2byu"}