{"loc": [-5, -3, 4], "rotate": [2.020735560219493, 2.3711369871506056, 1.0122087549096377], "SNR": 0.03, "name": "2byu"}