{"loc": [0, 7, 0], "rotate": [1.958549624113522, 1.8596275018707338, 0.7737889123559434], "SNR": 0.03, "name": "2byu"}