{"loc": [0, -3, 5], "rotate": [1.9927486247053052, 1.4370211768679833, 0.7720213216069077], "SNR": 0.03, "name": "2byu"}