{"loc": [2, -4, -3], "rotate": [-2.2373538017803027, 1.4292582238367169, -2.813427581077494], "SNR": 0.03, "name": "2byu"}