{"loc": [-1, -5, -6], "rotate": [2.0970015513942553, 1.7644274241159361, 0.703865489955958], "SNR": 0.03, "name": "2byu"}