{"loc": [-2, 7, 7], "rotate": [2.3021458446109775, 1.4338609995348253, 0.8656421998398126], "SNR": 0.03, "name": "2byu"}