{"loc": [1, 2, 6], "rotate": [2.202304789550604, 1.878947743163653, 0.8297416956327157], "SNR": 0.03, "name": "2byu"}