{"loc": [-2, -5, 0], "rotate": [-2.252655265523134, 1.409697087410664, -1.978087986580389], "SNR": 0.03, "name": "2byu"}