{"loc": [-4, 1, 1], "rotate": [-2.1267764879337845, 0.9274996672925003, -2.0833302397100497], "SNR": 0.03, "name": "2byu"}