{"loc": [0, 0, 3], "rotate": [2.3877393598272905, 0.8522973849511136, 0.030988797936117113], "SNR": 0.03, "name": "2byu"}