{"loc": [7, 3, 1], "rotate": [2.625176460280463, 1.2156603283045868, 0.018105348248867618], "SNR": 0.03, "name": "2byu"}