{"loc": [-2, -7, -1], "rotate": [-2.857735828711531, 2.3393246037057134, 2.78751752518445], "SNR": 0.03, "name": "2byu"}