{"loc": [0, -1, -2], "rotate": [-2.8910354422411673, 0.6671635334796346, -0.711942922266649], "SNR": 0.03, "name": "2byu"}