{"loc": [3, -6, 6], "rotate": [2.7086446938763142, 0.8085647952781004, 0.08672286835621833], "SNR": 0.03, "name": "2byu"}