{"loc": [-4, 2, 1], "rotate": [2.368840389675442, 2.0733932739547924, 1.030336924465451], "SNR": 0.03, "name": "2byu"}