{"loc": [0, -2, -1], "rotate": [2.292457295516804, 0.5728450480474822, 0.022260148684894492], "SNR": 0.03, "name": "2byu"}