{"loc": [1, 5, 0], "rotate": [2.3403789342774, 2.353957216106133, 1.2681930045453236], "SNR": 0.03, "name": "2byu"}