{"loc": [1, 0, 6], "rotate": [-2.608603113868841, 1.111413314280953, -1.605826082166893], "SNR": 0.03, "name": "2byu"}