{"loc": [6, -2, -4], "rotate": [-1.9287687444733512, 1.2133841546617665, -2.3876241837439616], "SNR": 0.03, "name": "2byu"}