{"loc": [0, 5, 4], "rotate": [1.8855910158182474, 1.8466553420153171, 0.6513097355000966], "SNR": 0.03, "name": "2byu"}