{"loc": [6, 5, -6], "rotate": [2.3939084152885517, 1.2624783691437393, 0.8841121453347116], "SNR": 0.03, "name": "2byu"}