{"loc": [0, 6, 1], "rotate": [-2.440070933196453, 0.9676505384657526, -1.8131389257496395], "SNR": 0.03, "name": "2byu"}