{"loc": [-5, 0, 3], "rotate": [-2.2129109293304157, 0.6359470046648563, -1.5979561071231485], "SNR": 0.03, "name": "2byu"}