{"loc": [0, -6, 4], "rotate": [-2.3931232251672965, 1.2256912560247273, -2.3155078888738174], "SNR": 0.03, "name": "2byu"}