{"loc": [-4, 5, 0], "rotate": [-2.255700965277074, 1.3097699605550304, -1.861829703938801], "SNR": 0.03, "name": "2byu"}