{"loc": [-7, 0, -1], "rotate": [-2.9256787551179393, 0.6946600091575506, -0.5162899663762477], "SNR": 0.03, "name": "2byu"}