{"loc": [7, -6, 7], "rotate": [-2.812855367957811, 0.6960439176027649, -1.1312909819546972], "SNR": 0.03, "name": "2byu"}