{"loc": [-6, -4, 5], "rotate": [2.552142993082651, 0.5018724334644692, -0.47322608632828], "SNR": 0.03, "name": "2byu"}