{"loc": [1, 7, -1], "rotate": [-2.6008034433322194, 2.2708758780984515, -3.0251137350231088], "SNR": 0.03, "name": "2byu"}