{"loc": [-7, 5, 1], "rotate": [2.8660189977714987, 0.4753151169509638, -0.37591880981047443], "SNR": 0.03, "name": "2byu"}