{"loc": [-2, 7, -5], "rotate": [-3.0845042986919555, 1.12100886660488, -1.006729215192713], "SNR": 0.03, "name": "2byu"}