{"loc": [-3, 1, 0], "rotate": [2.194210213952855, 1.06816405365157, 0.719534332232778], "SNR": 0.03, "name": "2byu"}