{"loc": [-1, -1, -5], "rotate": [-2.211433510950826, 1.44978023505111, -1.7236874404376081], "SNR": 0.03, "name": "2byu"}