{"loc": [2, -5, -7], "rotate": [-2.3475452891276043, 0.9153288460346415, -1.3996249737603945], "SNR": 0.03, "name": "2byu"}