{"loc": [-4, 2, -7], "rotate": [2.650182841776621, 2.0845986508219676, 1.530577593989673], "SNR": 0.03, "name": "2byu"}