{"loc": [-1, 2, -5], "rotate": [2.269542103831641, 1.8861780659803071, 0.9150233661523473], "SNR": 0.03, "name": "2byu"}