{"loc": [2, 1, -4], "rotate": [2.3763419530309617, 1.2732442329112144, 0.8150263787382601], "SNR": 0.03, "name": "2byu"}