{"loc": [6, 0, 3], "rotate": [2.288650550161121, 1.4575764672482971, 1.0187392790936105], "SNR": 0.03, "name": "2byu"}