{"loc": [-3, 1, -4], "rotate": [1.980499666749601, 2.6842021843659514, 1.0386013159686351], "SNR": 0.03, "name": "2byu"}