{"loc": [3, -7, -2], "rotate": [2.3942056088156907, 1.234471352165634, 0.824926017171244], "SNR": 0.03, "name": "2byu"}