{"loc": [-4, 2, -4], "rotate": [2.6317226377115066, 2.1183292212850735, 1.868219452069731], "SNR": 0.03, "name": "2byu"}