{"loc": [-7, 0, 0], "rotate": [-2.536793605792494, 1.141460695644726, -1.449209304884779], "SNR": 0.03, "name": "2byu"}