{"loc": [1, 3, -1], "rotate": [2.4239660377406564, 2.465152690590708, 1.3943761210187333], "SNR": 0.03, "name": "2byu"}