{"loc": [5, -1, -3], "rotate": [2.397704018939898, 1.172223891993279, 0.1820124963660563], "SNR": 0.03, "name": "2byu"}