{"loc": [-5, 4, 7], "rotate": [2.8005512357205733, 0.5953925417470217, -0.3851172147157472], "SNR": 0.03, "name": "2byu"}