{"loc": [-3, 1, 6], "rotate": [2.5266576503550873, 0.8921462600887747, 0.3197388427089315], "SNR": 0.03, "name": "2byu"}