{"loc": [-3, 0, 6], "rotate": [2.4546594336474756, 0.727425512082785, 0.052716757543634], "SNR": 0.03, "name": "2byu"}