{"loc": [-4, -2, -1], "rotate": [-2.393714384606164, 1.0225171570791578, -1.8786076224216832], "SNR": 0.03, "name": "2byu"}