{"loc": [0, 0, -1], "rotate": [3.1177680960862313, 0.4315566744928149, -0.905065917252208], "SNR": 0.03, "name": "2byu"}