{"loc": [1, -4, 1], "rotate": [2.381994198156195, 0.5952274484832368, 0.09520026833882661], "SNR": 0.03, "name": "2byu"}