{"loc": [-2, 2, -6], "rotate": [-2.1470221026519996, 1.171126204108112, -1.578576829926277], "SNR": 0.03, "name": "2byu"}