{"loc": [-7, 6, 3], "rotate": [-2.0699146721181823, 1.897322968549855, -2.78780038205756], "SNR": 0.03, "name": "2byu"}