{"loc": [-3, 6, 3], "rotate": [-2.4111553925282503, 1.116428811315031, -2.0597674777177377], "SNR": 0.03, "name": "2byu"}