{"loc": [7, 0, 7], "rotate": [2.604908655223004, 1.5580848821827777, 1.0213688507661913], "SNR": 0.03, "name": "2byu"}