{"loc": [0, 3, 6], "rotate": [-2.226698188245684, 2.265995988511481, -2.8834742093710792], "SNR": 0.03, "name": "2byu"}