{"loc": [7, 0, 0], "rotate": [-2.791606173489827, 1.2402102626211782, -1.5550782987272271], "SNR": 0.03, "name": "2byu"}