{"loc": [1, -7, -1], "rotate": [2.3732440641798997, 0.9583505319683946, -0.03784582861729846], "SNR": 0.03, "name": "2byu"}