{"loc": [-4, -1, 0], "rotate": [-2.0951827020860287, 0.8811742772566065, -2.0593929596080693], "SNR": 0.03, "name": "2byu"}