{"loc": [1, 6, 3], "rotate": [-2.9368396854815964, 1.0608756207616736, -1.2106281657607822], "SNR": 0.03, "name": "2byu"}