{"loc": [-6, 0, 1], "rotate": [-2.943144798244601, 0.7778175864346096, -1.1066198858638403], "SNR": 0.03, "name": "2byu"}