{"loc": [5, -1, -6], "rotate": [2.4448420715849566, 0.7736497177087724, -0.010463602358878617], "SNR": 0.03, "name": "2byu"}