{"loc": [4, 0, 1], "rotate": [-2.5149837048499806, 1.4967197529685405, -2.001692135098824], "SNR": 0.03, "name": "2byu"}