{"loc": [-5, 0, -5], "rotate": [-2.4778848703128906, 0.828553878602721, -1.209308482459002], "SNR": 0.03, "name": "2byu"}