{"loc": [-5, 0, -7], "rotate": [2.615330423777101, 0.7564515500994878, 0.1121069395967818], "SNR": 0.03, "name": "2byu"}