{"loc": [2, 3, -2], "rotate": [-2.1461765888768505, 1.0383688082293692, -1.993206043459482], "SNR": 0.03, "name": "2byu"}