{"loc": [0, 7, 6], "rotate": [2.3514148923064906, 0.45831427399996455, 0.42000783288903715], "SNR": 0.03, "name": "2byu"}