{"loc": [-3, -6, -3], "rotate": [-2.103814372048675, 1.0528407096480494, -1.5841275470857645], "SNR": 0.03, "name": "2byu"}