{"loc": [0, -1, 3], "rotate": [2.4017706711333195, 2.0334264084856906, 1.1528252455789039], "SNR": 0.03, "name": "2byu"}