{"loc": [-3, 0, 7], "rotate": [2.956682693565892, 0.5393836755678844, -0.5667494623591772], "SNR": 0.03, "name": "2byu"}