{"loc": [0, 1, -1], "rotate": [-2.948901367589427, 0.6753360615995146, -1.324740184513489], "SNR": 0.03, "name": "2byu"}