{"loc": [7, 0, -2], "rotate": [-2.3850655895796447, 1.4917222504192476, -2.0039587358708344], "SNR": 0.03, "name": "2byu"}