{"loc": [7, 0, 5], "rotate": [-2.5223241325829577, 2.1801958091786986, 2.7595736106641464], "SNR": 0.03, "name": "2byu"}