{"loc": [3, -4, 1], "rotate": [-2.7513360708133865, 2.5758138950374483, 2.763398249166847], "SNR": 0.03, "name": "2byu"}