{"loc": [-5, -1, 4], "rotate": [2.7436775769366206, 2.167063645407683, 1.8217530777134947], "SNR": 0.03, "name": "2byu"}