{"loc": [-3, 3, 5], "rotate": [-2.1540103033536147, 0.661962854289836, -1.6375757312246924], "SNR": 0.03, "name": "2byu"}