{"loc": [4, -6, -4], "rotate": [1.962047201030406, 0.990536003430857, 0.6748981492720101], "SNR": 0.03, "name": "2byu"}