{"loc": [3, 0, 5], "rotate": [2.0615054669689092, 1.9360353718862706, 0.637271307415893], "SNR": 0.03, "name": "2byu"}