{"loc": [-7, -3, -7], "rotate": [2.4964335078405706, 0.7309374570781749, -0.06124805460053245], "SNR": 0.03, "name": "2byu"}