{"loc": [2, -6, 4], "rotate": [2.4718727421934545, 2.099745463215651, 1.4730697990630084], "SNR": 0.03, "name": "2byu"}