{"loc": [6, -3, -1], "rotate": [2.8710831677002866, 0.10763875181550779, -0.6635948969044292], "SNR": 0.03, "name": "2byu"}