{"loc": [3, 0, 4], "rotate": [-3.014169734870967, 0.7564066976744488, -1.235564223049494], "SNR": 0.03, "name": "2byu"}