{"loc": [-4, 6, 1], "rotate": [2.172161650831518, 1.5318571111158417, 0.940985090570288], "SNR": 0.03, "name": "2byu"}