{"loc": [0, 7, 2], "rotate": [2.2459270955372106, 1.481815571822117, 1.125871181905566], "SNR": 0.03, "name": "2byu"}