{"loc": [6, 3, -3], "rotate": [2.0716231796150515, 1.1452818083354128, 0.735441469613124], "SNR": 0.03, "name": "2byu"}