{"loc": [2, -4, -3], "rotate": [2.2969944863685776, 1.57755781431473, 0.4512020667295087], "SNR": 0.03, "name": "2byu"}