{"loc": [0, -6, 3], "rotate": [-2.2317454677747226, 1.1391575470516084, -2.057937816460566], "SNR": 0.03, "name": "2byu"}