{"loc": [-1, 4, 7], "rotate": [-2.5413069245453315, 0.3140252896919159, -1.4123476063893257], "SNR": 0.03, "name": "2byu"}