{"loc": [5, -1, 7], "rotate": [-2.0491784022390727, 1.0874120326225267, -1.9601817319934998], "SNR": 0.03, "name": "2byu"}