{"loc": [-4, 0, 5], "rotate": [-2.60807679843698, 1.252281361915491, -1.6393199724013552], "SNR": 0.03, "name": "2byu"}