{"loc": [2, -6, -3], "rotate": [2.758919824009673, 1.584255426672898, 1.101344520503223], "SNR": 0.03, "name": "2byu"}