{"loc": [4, 3, -5], "rotate": [-2.159267834513228, 2.3455892929439552, -2.8496139744967426], "SNR": 0.03, "name": "2byu"}