{"loc": [-3, 0, -5], "rotate": [-2.2741999052097395, 0.9992738009939042, -1.8929366050624732], "SNR": 0.03, "name": "2byu"}