{"loc": [-4, 6, 0], "rotate": [-3.011160229802395, 0.7148988711140024, -0.8275709495028797], "SNR": 0.03, "name": "2byu"}