{"loc": [-4, -7, 1], "rotate": [2.059479953388287, 0.980875997296848, 0.6664898696076316], "SNR": 0.03, "name": "2byu"}