{"loc": [-2, 5, 5], "rotate": [2.181164953379826, 1.3746343358851512, 0.8210812092328029], "SNR": 0.03, "name": "2byu"}