{"loc": [0, -4, -7], "rotate": [-2.1090983559916396, 1.510148731837338, -2.1342463592362577], "SNR": 0.03, "name": "2byu"}