{"loc": [0, -5, -4], "rotate": [2.5912041423845302, 1.0308348045534423, -0.1784435698520144], "SNR": 0.03, "name": "2byu"}