{"loc": [0, -7, 5], "rotate": [2.8209943794278014, 0.6011667964434068, -0.12328366116439746], "SNR": 0.03, "name": "2byu"}