{"loc": [1, -6, 6], "rotate": [2.769620690956612, 0.14772969802347866, -0.44930052228519635], "SNR": 0.03, "name": "2byu"}