{"loc": [-4, 5, 6], "rotate": [-2.2346047294051807, 1.0891712440730268, -2.120104049454639], "SNR": 0.03, "name": "2byu"}