{"loc": [4, 0, 3], "rotate": [2.1488604039556205, 1.7547339879553148, 0.9413752925060538], "SNR": 0.03, "name": "2byu"}