{"loc": [5, -3, -3], "rotate": [2.115853586660837, 0.6917138238194994, 0.38491206113039816], "SNR": 0.03, "name": "2byu"}