{"loc": [5, 7, 3], "rotate": [2.905815108139887, 0.5732642353741958, -0.761373994753522], "SNR": 0.03, "name": "2byu"}