{"loc": [0, -3, 1], "rotate": [1.9553872913649701, 0.9958739824041303, 0.5208238161728135], "SNR": 0.03, "name": "2byu"}