{"loc": [4, 3, -3], "rotate": [2.4947814658860765, 1.9255968738844307, 0.9094074367294072], "SNR": 0.03, "name": "2byu"}