{"loc": [-3, 6, 6], "rotate": [2.8366102360004715, 1.0857713974793957, -0.6149569002942434], "SNR": 0.03, "name": "2byu"}