{"loc": [-3, 0, 1], "rotate": [3.132306457215606, 0.6061389128824657, -0.6379164567852327], "SNR": 0.03, "name": "2byu"}