{"loc": [0, 0, -7], "rotate": [-2.5759034646237438, 0.7774988456711917, -1.6243647991872185], "SNR": 0.03, "name": "2byu"}