{"loc": [2, 5, 1], "rotate": [-1.9382992084400228, 2.302901109826268, -2.8359051560801976], "SNR": 0.03, "name": "2byu"}