{"loc": [3, 7, -3], "rotate": [2.700453933876233, 2.2534191008672373, 2.061730051511063], "SNR": 0.03, "name": "2byu"}