{"loc": [0, 7, -3], "rotate": [-3.114604950183058, 0.8738318771650253, -1.167051241782143], "SNR": 0.03, "name": "2byu"}