{"loc": [0, -5, -1], "rotate": [-3.1042275329161115, 0.7064703357347641, -1.035337007068146], "SNR": 0.03, "name": "2byu"}