{"loc": [1, -7, 2], "rotate": [-1.933760079262601, 0.8409049898254118, -2.045226813540625], "SNR": 0.03, "name": "2byu"}