{"loc": [-3, -4, 1], "rotate": [2.2154539098845443, 1.466966772981523, 0.8103828284149588], "SNR": 0.03, "name": "2byu"}