{"loc": [5, -3, -7], "rotate": [-2.2231804211501967, 1.3439232174554996, -1.861965905522551], "SNR": 0.03, "name": "2byu"}