{"loc": [6, 2, -2], "rotate": [-2.6554849463789565, 0.8945573275452517, -1.3269760432907056], "SNR": 0.03, "name": "2byu"}