{"loc": [7, 6, -6], "rotate": [2.754350272473334, 0.9469153866271869, 0.33177276139081424], "SNR": 0.03, "name": "2byu"}