{"loc": [4, 0, 2], "rotate": [2.6312010751565826, 2.270120006755935, 1.4157602112813643], "SNR": 0.03, "name": "2byu"}