{"loc": [7, -3, -2], "rotate": [2.2518237496425266, 1.7962785483885182, 0.8649394130751578], "SNR": 0.03, "name": "2byu"}