{"loc": [-7, -1, 2], "rotate": [-2.311587469987604, 1.9095981810326992, -2.7996361242649743], "SNR": 0.03, "name": "2byu"}