{"loc": [-3, 4, 3], "rotate": [2.4656287985437575, 0.8096866392749468, 0.24073826155112535], "SNR": 0.03, "name": "2byu"}