{"loc": [-3, -4, 0], "rotate": [-2.650075858548713, 0.9751310955588403, -1.6475960754998058], "SNR": 0.03, "name": "2byu"}