{"loc": [3, -3, 2], "rotate": [2.3853857641225176, 2.0705787354685614, 1.4644315174453462], "SNR": 0.03, "name": "2byu"}