{"loc": [4, 0, 0], "rotate": [2.282782968446802, 1.1892409381590068, 0.07612526552436741], "SNR": 0.03, "name": "2byu"}