{"loc": [-7, 1, 4], "rotate": [2.411747088959141, 1.0870164063224657, 0.4097656348297107], "SNR": 0.03, "name": "2byu"}