{"loc": [-5, 4, 7], "rotate": [2.17952111519111, 1.7216725059540923, 1.2024304509342332], "SNR": 0.03, "name": "2byu"}