{"loc": [6, -3, -7], "rotate": [2.15211663908208, 1.518484092566089, 0.23988456993352383], "SNR": 0.03, "name": "2byu"}