{"loc": [3, -2, -4], "rotate": [2.426399347232683, 1.9475707411048315, 1.531483291299556], "SNR": 0.03, "name": "2byu"}