{"loc": [4, -4, 5], "rotate": [-1.8798139964249676, 1.0308598622205378, -2.2093395424691105], "SNR": 0.03, "name": "2byu"}