{"loc": [7, -2, -2], "rotate": [2.2191512353531984, 0.953522016174521, 0.2312210337638605], "SNR": 0.03, "name": "2byu"}