{"loc": [-5, -7, -6], "rotate": [3.0961307225655648, 0.7897654835109126, -0.697244301781144], "SNR": 0.03, "name": "2byu"}