{"loc": [7, -4, -3], "rotate": [-2.4077943534077617, 1.119760657301654, -1.965089352726284], "SNR": 0.03, "name": "2byu"}