{"loc": [-7, -7, 0], "rotate": [3.113644615906363, 0.6584438316526006, -0.7148462455182669], "SNR": 0.03, "name": "2byu"}