{"loc": [0, -2, -1], "rotate": [-1.968263261963244, 0.2578971514761415, -1.8304491384994912], "SNR": 0.03, "name": "2byu"}