{"loc": [-4, -2, 6], "rotate": [-1.8388294705417725, 0.8420443061739676, -2.629033353970061], "SNR": 0.03, "name": "2byu"}