{"loc": [2, 5, 0], "rotate": [-2.3846061342680227, 0.8878789253386185, -1.947229021846745], "SNR": 0.03, "name": "2byu"}