{"loc": [-7, 6, 0], "rotate": [2.6244912584916222, 0.9302006228018124, -0.10044846413596005], "SNR": 0.03, "name": "2byu"}