{"loc": [3, 6, 5], "rotate": [-2.7149089749827016, 0.8178361396554862, -1.5268883231927577], "SNR": 0.03, "name": "2byu"}