{"loc": [-6, -7, 4], "rotate": [2.4537426291172304, 1.3762972736384778, 0.2965259241777361], "SNR": 0.03, "name": "2byu"}