{"loc": [0, -4, 5], "rotate": [2.6790691111122107, 2.1632325290059113, 1.7734409847782255], "SNR": 0.03, "name": "2byu"}