{"loc": [-5, 3, 0], "rotate": [2.3466066412106636, 1.2783483830714788, 0.05672351067857641], "SNR": 0.03, "name": "2byu"}