{"loc": [7, 7, -7], "rotate": [-2.3607542657791343, 0.7970449536827148, -1.4902774384423323], "SNR": 0.03, "name": "2byu"}