{"loc": [6, -4, 0], "rotate": [2.659615457235115, 2.3528535396346917, 1.1661261534800895], "SNR": 0.03, "name": "2byu"}