{"loc": [-1, 1, 3], "rotate": [-2.529111255520678, 0.8427626910974285, -1.4025959540046578], "SNR": 0.03, "name": "2byu"}