{"loc": [7, -7, 0], "rotate": [-2.6043783129806113, 0.7388745105783753, -1.716518763683696], "SNR": 0.03, "name": "2byu"}