{"loc": [-2, -7, 1], "rotate": [2.1194796264923195, 1.7946452718602974, 0.36009964111674414], "SNR": 0.03, "name": "2byu"}