{"loc": [4, -1, 5], "rotate": [-2.0548012428579483, 0.9012988303563445, -1.9161917872402159], "SNR": 0.03, "name": "2byu"}