{"loc": [6, 1, 2], "rotate": [1.954582277941048, 1.93188757686595, 0.8728152424205552], "SNR": 0.03, "name": "2byu"}