{"loc": [-6, -6, -4], "rotate": [2.343363531105697, 0.9847620467043897, 0.25440962123483496], "SNR": 0.03, "name": "2byu"}