{"loc": [3, -1, 6], "rotate": [2.180753054828363, 0.8202225538618932, 0.26454545921156525], "SNR": 0.03, "name": "2byu"}