{"loc": [-5, -7, 2], "rotate": [3.000080675773526, 0.9319311981475573, -0.31563927693237215], "SNR": 0.03, "name": "2byu"}