{"loc": [5, 0, -7], "rotate": [-2.0450043973354983, 0.9794259782488667, -2.2825054257072415], "SNR": 0.03, "name": "2byu"}