{"loc": [2, -2, 5], "rotate": [-2.7504833806362927, 0.7172605174613602, -1.0519503182776155], "SNR": 0.03, "name": "2byu"}