{"loc": [2, -7, -6], "rotate": [2.2129611279689096, 1.0961766217918125, 0.47586309973115326], "SNR": 0.03, "name": "2byu"}