{"loc": [-3, 0, -6], "rotate": [2.8843733837990166, 0.6214947010039824, -0.3457940366615914], "SNR": 0.03, "name": "2byu"}