{"loc": [-6, -1, 7], "rotate": [2.0928274493762453, 0.647501060249426, 0.6058686529234775], "SNR": 0.03, "name": "2byu"}