{"loc": [-6, 0, -3], "rotate": [2.922752260764954, 2.3337166174399706, 2.0339234518280245], "SNR": 0.03, "name": "2byu"}