{"loc": [4, -2, 4], "rotate": [-2.6165119594083897, 0.8302824517525856, -1.301226988953403], "SNR": 0.03, "name": "2byu"}