{"loc": [7, 7, -5], "rotate": [2.103958899247778, 1.390160028724168, 0.6761296089936162], "SNR": 0.03, "name": "2byu"}