{"loc": [-7, -6, 4], "rotate": [2.452845383514114, 1.066057560821286, 0.4872559001371491], "SNR": 0.03, "name": "2byu"}