{"loc": [0, -3, -7], "rotate": [-1.9906350593688749, 0.9432079644828147, -2.2709660984679716], "SNR": 0.03, "name": "2byu"}