{"loc": [6, -1, 0], "rotate": [-2.790445481630818, 0.951393328120354, -1.210491281597379], "SNR": 0.03, "name": "2byu"}