{"loc": [0, -2, -6], "rotate": [2.9291676379056955, 0.9082344821507145, -0.5956956245816498], "SNR": 0.03, "name": "2byu"}