{"loc": [0, 1, 5], "rotate": [2.4559922234366525, 1.0823442489774426, 0.1991601760353365], "SNR": 0.03, "name": "2byu"}