{"loc": [6, -5, 1], "rotate": [-2.961564580182168, 0.7101632606155008, -1.1882944626547067], "SNR": 0.03, "name": "2byu"}