{"loc": [-7, 0, 6], "rotate": [-2.3023278262696327, 1.518497441116719, -2.5569526404557505], "SNR": 0.03, "name": "2byu"}