{"loc": [0, -5, 2], "rotate": [2.3076835946559897, 1.518122162797068, 0.6989621867049247], "SNR": 0.03, "name": "2byu"}