{"loc": [-3, 2, 1], "rotate": [2.283803953922379, 1.3132533214304196, 0.944364781340472], "SNR": 0.03, "name": "2byu"}