{"loc": [0, 0, -3], "rotate": [-2.1510417286089707, 2.390425740195358, -2.6900416336672923], "SNR": 0.03, "name": "2byu"}