{"loc": [4, -3, 5], "rotate": [-2.6619530755724576, 0.6560227609771503, -1.3704952908313979], "SNR": 0.03, "name": "2byu"}