{"loc": [-2, 6, -4], "rotate": [1.8687240295690606, 1.3984678189435427, 0.8019591522006191], "SNR": 0.03, "name": "2byu"}