{"loc": [4, -7, 0], "rotate": [2.3262343647037063, 0.8555538019457095, -0.03942429337497269], "SNR": 0.03, "name": "2byu"}