{"loc": [3, 0, 0], "rotate": [-2.8359023542663024, 0.6118557214181504, -1.1466051515926028], "SNR": 0.03, "name": "2byu"}