{"loc": [-3, 6, -2], "rotate": [-2.2328733109474346, 1.3229415624071492, -1.834712043831614], "SNR": 0.03, "name": "2byu"}