{"loc": [-5, 4, 0], "rotate": [2.495510612730695, 0.8483979642724836, 0.6701873572156171], "SNR": 0.03, "name": "2byu"}