{"loc": [7, 4, -2], "rotate": [1.8211393505542302, 1.4428338571076122, 0.4602482180763827], "SNR": 0.03, "name": "2byu"}