{"loc": [3, -2, -6], "rotate": [3.0895383060485875, 2.974028746293065, 1.8579066998041511], "SNR": 0.03, "name": "2byu"}