{"loc": [-6, 1, 5], "rotate": [-2.4075869295929198, 1.473361234789774, -1.9697080478569287], "SNR": 0.03, "name": "2byu"}