{"loc": [4, 5, -6], "rotate": [2.2043774712012034, 1.072688705560361, 0.8358223789688864], "SNR": 0.03, "name": "2byu"}