{"loc": [-1, 4, -5], "rotate": [2.252966800844067, 1.1060531570251027, 0.5424244784680777], "SNR": 0.03, "name": "2byu"}