{"loc": [4, -7, -5], "rotate": [1.974054362340044, 1.6225803579937967, 0.9499105281378954], "SNR": 0.03, "name": "2byu"}