{"loc": [-2, -5, 0], "rotate": [-1.828555516625474, 0.8119855955536, -2.0655726955468783], "SNR": 0.03, "name": "2byu"}