{"loc": [-1, 6, 6], "rotate": [1.8012840962697034, 0.569144989535406, 0.9874677705043133], "SNR": 0.03, "name": "2byu"}