{"loc": [4, -1, -7], "rotate": [-2.287733844909782, 1.3457993013236473, -1.643391621207182], "SNR": 0.03, "name": "2byu"}