{"loc": [0, 7, 4], "rotate": [2.639684412601087, 0.6022196701794637, -0.2816464099070524], "SNR": 0.03, "name": "2byu"}