{"loc": [-3, 0, -6], "rotate": [2.3382949805860807, 0.9198569093751705, 0.2146952332556867], "SNR": 0.03, "name": "2byu"}