{"loc": [0, 7, 1], "rotate": [-2.253319221875835, 0.9843036416536354, -2.010972521022102], "SNR": 0.03, "name": "2byu"}