{"loc": [2, -4, 7], "rotate": [-2.464262452558157, 1.506014826621468, -1.8143971784713677], "SNR": 0.03, "name": "2byu"}