{"loc": [-5, -3, -4], "rotate": [2.168817962665206, 1.560737390520517, 0.8499417249097465], "SNR": 0.03, "name": "2byu"}