{"loc": [3, -6, 6], "rotate": [2.8788753047926767, 0.5432655019067326, -0.6869726210845838], "SNR": 0.03, "name": "2byu"}