{"loc": [2, 0, -3], "rotate": [2.2372897129753198, 1.221734120164719, 0.043883910978462504], "SNR": 0.03, "name": "2byu"}