{"loc": [0, 3, 1], "rotate": [-3.1094470258490166, 2.316825939160271, 2.4030084927501467], "SNR": 0.03, "name": "2byu"}