{"loc": [-4, 4, -3], "rotate": [-2.0961685821021354, 0.4523601415079328, -1.8909059282525345], "SNR": 0.03, "name": "2byu"}