{"loc": [-3, 3, -2], "rotate": [2.1794091611721984, 1.6827126669343464, 0.5778922286050181], "SNR": 0.03, "name": "2byu"}