{"loc": [1, 5, -7], "rotate": [-2.4642290960828666, 2.2849688201583707, 3.0973998582959976], "SNR": 0.03, "name": "2byu"}