{"loc": [5, 1, -1], "rotate": [-2.744861953046109, 2.239849849681422, 2.8689655002121293], "SNR": 0.03, "name": "2byu"}