{"loc": [4, 5, -2], "rotate": [1.9328607467580332, 1.6965194060092048, 1.0083166581858083], "SNR": 0.03, "name": "2byu"}