{"loc": [1, 2, -4], "rotate": [-3.029181466712036, 0.4184244887256722, -0.6501452803913884], "SNR": 0.03, "name": "2byu"}