{"loc": [-3, -1, 3], "rotate": [-2.9161357028675163, 0.8092959194885638, -1.5525152773448594], "SNR": 0.03, "name": "2byu"}