{"loc": [0, 4, 7], "rotate": [2.9455840929534363, 0.9484992774531257, -0.7717214472950644], "SNR": 0.03, "name": "2byu"}