{"loc": [-3, 0, -3], "rotate": [2.3940718868375894, 1.4340982132582443, 0.9871985371919886], "SNR": 0.03, "name": "2byu"}