{"loc": [7, -5, -6], "rotate": [2.790045456912576, 0.7238067756175346, -0.21702883764468484], "SNR": 0.03, "name": "2byu"}