{"loc": [7, 4, -4], "rotate": [-2.8843285192154426, 0.8151158143685228, -1.051991138540103], "SNR": 0.03, "name": "2byu"}