{"loc": [2, 0, 3], "rotate": [2.435949552173134, 1.950061015360705, 1.1088889819127623], "SNR": 0.03, "name": "2byu"}