{"loc": [-6, 0, -4], "rotate": [2.006520488818763, 2.023083418948091, 1.1381793530043915], "SNR": 0.03, "name": "2byu"}