{"loc": [-2, -7, -5], "rotate": [2.3082735898321753, 1.1806175953247877, 0.6400760847969412], "SNR": 0.03, "name": "2byu"}