{"loc": [4, 7, 0], "rotate": [-2.9684141164256346, 0.981002715626558, -1.0965415973386259], "SNR": 0.03, "name": "2byu"}