{"loc": [0, 5, -3], "rotate": [2.2990831613598752, 1.0326401605578583, 0.5348000283857824], "SNR": 0.03, "name": "2byu"}