{"loc": [-6, 2, 0], "rotate": [2.184531942528249, 1.0409617089615322, 0.5406920868417331], "SNR": 0.03, "name": "2byu"}