{"loc": [-2, 3, -3], "rotate": [2.500165887983341, 0.6360060997814868, -0.36050702296061893], "SNR": 0.03, "name": "2byu"}