{"loc": [-1, -6, 2], "rotate": [2.4098837954817705, 1.137601944228397, 0.24997349684313172], "SNR": 0.03, "name": "2byu"}