{"loc": [7, -3, -3], "rotate": [2.0431476293520667, 1.4527510679215017, 0.7683412912393471], "SNR": 0.03, "name": "2byu"}