{"loc": [0, 7, -6], "rotate": [-2.2319300386478984, 1.2991818809393076, -2.2755841736677858], "SNR": 0.03, "name": "2byu"}