{"loc": [6, 7, -5], "rotate": [-1.0338036312697347, 1.2798873258771597, 0.2891219841776374], "SNR": 0.03, "name": "2byu"}