{"loc": [-5, 3, -2], "rotate": [-2.333146949754291, 1.24361079536543, -2.0648075034717057], "SNR": 0.03, "name": "2byu"}