{"loc": [-2, 5, -1], "rotate": [-2.666193748545941, 0.1331436040696488, -1.4400329615657466], "SNR": 0.03, "name": "2byu"}