{"loc": [-4, -1, -2], "rotate": [2.9864783691552033, 0.8337778570452863, -0.35353394498951113], "SNR": 0.03, "name": "2byu"}