{"loc": [-7, 1, 2], "rotate": [-2.5867900357256075, 0.9721063205448139, -1.695183938949669], "SNR": 0.03, "name": "2byu"}