{"loc": [-7, 0, -7], "rotate": [-2.9406905093990563, 0.5860592540561551, -1.0863096777718217], "SNR": 0.03, "name": "2byu"}