{"loc": [-6, -6, -2], "rotate": [-2.2613293354215775, 0.9032895008893587, -2.0164486767359096], "SNR": 0.03, "name": "2byu"}