{"loc": [-6, -7, -4], "rotate": [2.7515374187707295, 0.47197168383456545, -0.46359271317301154], "SNR": 0.03, "name": "2byu"}