{"loc": [-4, 1, 7], "rotate": [2.8902687655424266, 1.0759180379361777, -0.3089696479441005], "SNR": 0.03, "name": "2byu"}