{"loc": [-5, 6, -6], "rotate": [-2.1719032591324496, 1.4620535446750833, -2.199373000451288], "SNR": 0.03, "name": "2byu"}