{"loc": [-4, 7, 2], "rotate": [-3.130515768245474, 0.9641361005340141, -0.9765298835467638], "SNR": 0.03, "name": "2byu"}