{"loc": [5, 1, 0], "rotate": [1.931862198273356, 2.5205250574169433, 1.3041121954416617], "SNR": 0.03, "name": "2byu"}