{"loc": [2, 0, 5], "rotate": [2.8260786883633435, 0.7803926226956088, -0.07472898385734998], "SNR": 0.03, "name": "2byu"}