{"loc": [-4, -7, -6], "rotate": [-2.3568939994230305, 1.8027905274926583, -2.7468285819274367], "SNR": 0.03, "name": "2byu"}