{"loc": [-2, 6, 0], "rotate": [3.0627092407663477, 0.7375625806171663, -0.557461662798234], "SNR": 0.03, "name": "2byu"}