{"loc": [6, -4, 0], "rotate": [2.5729563084891955, 0.9117032062895891, 0.37770939640496043], "SNR": 0.03, "name": "2byu"}