{"loc": [-3, 0, -3], "rotate": [2.391960511024593, 0.9603218335560763, 0.4410596038647001], "SNR": 0.03, "name": "2byu"}