{"loc": [2, 1, 3], "rotate": [2.2147800302973475, 0.5137448820720851, 0.052100664670719984], "SNR": 0.03, "name": "2byu"}