{"loc": [-2, 4, -7], "rotate": [2.830648061671949, 2.08667168699274, 1.7021327455914246], "SNR": 0.03, "name": "2byu"}