{"loc": [5, -3, 2], "rotate": [2.213525761534313, 1.5175510272137993, 1.0935620222191251], "SNR": 0.03, "name": "2byu"}