{"loc": [-4, 1, 2], "rotate": [1.9770016130949257, 1.1271370968293082, 0.0019363176404274336], "SNR": 0.03, "name": "2byu"}