{"loc": [3, 3, -4], "rotate": [-2.355699724747654, 0.9990333972008455, -1.4963598400065663], "SNR": 0.03, "name": "2byu"}