{"loc": [0, 4, 6], "rotate": [2.380047063841411, 0.9867851885509736, 0.5895723387156052], "SNR": 0.03, "name": "2byu"}