{"loc": [-4, -6, -5], "rotate": [2.00894310204333, 0.7273057396897686, 0.6825500719176258], "SNR": 0.03, "name": "2byu"}