{"loc": [-6, 0, 4], "rotate": [2.1667363536153132, 0.7671264723083177, 0.6177716373554697], "SNR": 0.03, "name": "2byu"}