{"loc": [5, 4, -2], "rotate": [2.315164529707295, 1.7146651051300117, 0.7659882336295336], "SNR": 0.03, "name": "2byu"}