{"loc": [7, 2, 5], "rotate": [-2.1327134392623677, 1.5687143295398314, -2.3438747327719027], "SNR": 0.03, "name": "2byu"}