{"loc": [-5, 5, -2], "rotate": [1.875502463967328, 1.3725118702456391, 0.5074942057448121], "SNR": 0.03, "name": "2byu"}