{"loc": [-6, -3, 1], "rotate": [-2.320031595290662, 0.853370018675273, -1.5904174203810295], "SNR": 0.03, "name": "2byu"}