{"loc": [4, -4, -7], "rotate": [-2.4741870297844826, 1.4143096799535417, -1.568084478539028], "SNR": 0.03, "name": "2byu"}