{"loc": [-3, 7, -7], "rotate": [3.052219610468678, 0.14434870137044994, -1.0188349227197948], "SNR": 0.03, "name": "2byu"}